Age,Gender,Annual_Income_USD,City_Type,Daily_Commute_km,Number_of_Cars_Owned,Current_Car_Type,Charging_Stations_Near_Home,Charging_Stations_Near_Work,Home_Charging_Possible,Environmental_Concern_Level,Subsidy_Available,Range_Anxiety_Level,Will_Buy_EV
56,Male,44906.0,Rural,18.1,1,Truck,1,0,Yes,4.0,Yes,Low,No
36,Male,88754.0,Rural,5.0,1,SUV,2,3,Yes,1.0,Yes,Low,No
42,Male,155958.0,Urban,32.2,2,Sedan,14,3,No,2.0,Yes,Medium,Yes
31,Male,37059.0,Rural,89.9,1,Sedan,2,1,Yes,4.0,No,Low,No
48,Female,48552.0,Rural,71.0,1,Sedan,2,0,Yes,3.0,Yes,Low,No
36,Male,65370.0,Urban,75.7,2,SUV,6,8,Yes,5.0,Yes,Low,No
34,Female,128669.0,Rural,85.4,1,Hatchback,2,2,Yes,5.0,Yes,Low,Yes
38,Male,93811.0,Urban,12.0,3,Hatchback,14,10,No,2.0,Yes,Low,No
65,Female,104837.0,Urban,40.6,2,Truck,13,3,No,3.0,Yes,Low,Yes
29,Female,87121.0,Suburban,42.9,2,SUV,5,2,Yes,5.0,No,Low,No
65,Other,88554.0,Urban,45.0,2,Hatchback,8,8,Yes,3.0,No,Low,No
53,Male,109461.0,Suburban,49.5,2,Sedan,5,6,Yes,1.0,No,Low,No
25,Male,83760.0,Urban,44.7,3,SUV,12,9,No,2.0,Yes,Low,Yes
30,Female,60341.0,Urban,30.6,2,Hatchback,7,4,No,5.0,Yes,Low,No
37,Male,85800.0,Suburban,35.4,2,Truck,0,2,No,2.0,No,Medium,No
54,Male,106008.0,Rural,22.9,1,Sedan,1,1,Yes,5.0,Yes,Low,No
65,Female,98346.0,Rural,26.9,2,SUV,1,3,Yes,5.0,No,Low,No
44,Male,120226.0,Urban,49.1,3,Hatchback,2,19,No,4.0,Yes,Medium,No
33,Male,75736.0,Suburban,52.1,2,Truck,2,8,Yes,1.0,Yes,Low,No
54,Female,54729.0,Suburban,67.6,1,SUV,1,9,Yes,1.0,Yes,Low,No
59,Male,56001.0,Urban,85.2,2,SUV,9,16,No,5.0,Yes,Low,Yes
69,Female,56342.0,Urban,95.0,2,Sedan,9,19,Yes,1.0,Yes,Low,No
33,Female,79934.0,Suburban,40.0,2,Hatchback,7,5,Yes,3.0,Yes,Low,No
44,Female,108205.0,Urban,81.3,1,Sedan,13,19,Yes,2.0,No,Low,No
35,Female,112801.0,Urban,21.8,1,Sedan,8,3,No,1.0,Yes,Low,No
37,Male,115169.0,Suburban,27.0,1,SUV,5,1,No,3.0,Yes,Medium,No
56,Male,77164.0,Suburban,18.3,2,Sedan,4,6,Yes,1.0,Yes,Low,No
68,Male,59698.0,Suburban,56.0,1,Sedan,0,3,Yes,4.0,No,Low,No
48,Male,151911.0,Urban,22.4,1,SUV,9,16,Yes,1.0,Yes,Low,No
25,Female,102879.0,Urban,50.7,3,Sedan,2,8,Yes,1.0,No,Low,No
66,Male,59703.0,Urban,42.3,2,Hatchback,4,4,Yes,1.0,Yes,Low,No
34,Male,87624.0,Urban,16.7,2,Sedan,8,12,No,3.0,Yes,Low,Yes
33,Male,90104.0,Rural,58.5,2,SUV,0,0,Yes,5.0,No,Low,No
61,Male,116015.0,Urban,5.0,2,SUV,2,10,No,3.0,Yes,Low,No
44,Female,128080.0,Suburban,21.7,2,Sedan,7,4,Yes,2.0,No,Low,No
60,Male,86877.0,Urban,33.1,4,SUV,6,12,No,4.0,No,Medium,No
53,Female,105536.0,Urban,37.1,2,Hatchback,10,12,Yes,5.0,No,Low,No
32,Male,83198.0,Suburban,45.1,1,SUV,6,9,Yes,2.0,No,Low,No
35,Female,137112.0,Urban,22.0,2,SUV,7,18,No,2.0,No,Low,No
64,Male,36128.0,Urban,64.7,1,Hatchback,12,14,Yes,3.0,Yes,Low,No
63,Male,88159.0,Urban,8.3,2,Hatchback,10,11,No,2.0,Yes,Low,Yes
34,Male,74022.0,Suburban,11.9,2,Hatchback,5,4,Yes,3.0,No,Low,No
43,Male,86147.0,Rural,5.0,2,Hatchback,1,0,Yes,5.0,No,Low,No
32,Male,42679.0,Urban,19.4,1,SUV,9,8,No,1.0,Yes,Low,No
64,Male,45307.0,Suburban,60.5,2,SUV,7,2,No,1.0,Yes,Medium,No
40,Male,88503.0,Urban,5.0,1,SUV,11,8,No,2.0,Yes,Low,No
69,Male,45787.0,Urban,45.8,2,Sedan,7,9,No,3.0,No,Medium,No
25,Male,30000.0,Suburban,59.2,1,SUV,0,1,Yes,5.0,Yes,Low,No
67,Male,54878.0,Urban,38.9,2,Sedan,9,9,Yes,3.0,Yes,Low,No
37,Male,51068.0,Suburban,42.1,2,SUV,6,6,Yes,3.0,No,Low,No
42,Male,124042.0,Suburban,46.7,2,Hatchback,2,3,Yes,5.0,Yes,Low,Yes
36,Male,54580.0,Suburban,60.5,1,SUV,2,9,Yes,4.0,No,Low,No
40,Male,39063.0,Urban,5.0,2,Sedan,14,7,Yes,3.0,Yes,Low,No
58,Male,68155.0,Suburban,24.4,2,Sedan,1,4,No,2.0,Yes,Medium,No
54,Female,30000.0,Urban,35.3,2,Sedan,2,8,Yes,3.0,No,Low,No
49,Female,47733.0,Urban,50.1,1,Truck,2,6,Yes,2.0,Yes,Low,No
61,Female,56454.0,Urban,78.9,1,Hatchback,9,18,No,1.0,Yes,Low,No
44,Other,118688.0,Urban,81.1,1,Sedan,13,9,Yes,2.0,Yes,Low,No
60,Male,84287.0,Rural,32.9,2,Hatchback,0,0,Yes,5.0,Yes,Low,Yes
55,Female,101814.0,Urban,5.0,2,Sedan,8,8,No,2.0,Yes,Medium,No
35,Male,116042.0,Suburban,58.9,1,SUV,2,6,Yes,2.0,No,Low,No
64,Female,63647.0,Urban,40.6,1,Sedan,14,9,No,1.0,No,Low,No
45,Male,92502.0,Urban,49.3,1,Sedan,13,19,No,5.0,Yes,Low,No
52,Male,99320.0,Suburban,36.6,2,SUV,3,9,No,1.0,No,Low,No
33,Male,34931.0,Urban,51.8,1,Hatchback,2,13,No,3.0,Yes,Medium,No
47,Male,41847.0,Urban,49.4,3,Hatchback,7,9,Yes,5.0,Yes,Low,No
51,Female,91292.0,Urban,71.4,2,Sedan,6,5,No,1.0,Yes,Low,No
48,Male,63912.0,Urban,29.2,1,Hatchback,5,16,No,2.0,Yes,Low,No
62,Female,46223.0,Suburban,44.3,2,Sedan,3,7,Yes,3.0,No,Low,No
47,Female,102868.0,Suburban,52.2,1,Sedan,7,2,Yes,4.0,Yes,Low,Yes
34,Female,84287.0,Suburban,69.6,2,SUV,4,2,Yes,3.0,Yes,Low,Yes
27,Female,77759.0,Rural,13.0,2,Hatchback,1,1,Yes,5.0,Yes,Low,Yes
43,Female,137568.0,Rural,15.2,1,Sedan,0,1,Yes,2.0,No,Low,No
53,Female,68713.0,Urban,50.9,2,Sedan,10,11,Yes,4.0,Yes,Low,Yes
36,Female,97685.0,Urban,26.4,1,Sedan,6,4,Yes,3.0,No,Low,No
35,Female,52349.0,Suburban,74.5,1,Hatchback,6,5,No,4.0,No,Medium,No
55,Male,90350.0,Suburban,64.2,2,SUV,0,5,No,4.0,Yes,High,No
60,Male,71949.0,Suburban,25.1,1,SUV,5,4,Yes,1.0,No,Low,No
53,Male,143044.0,Urban,27.3,2,Sedan,5,13,Yes,4.0,Yes,Low,Yes
28,Male,75226.0,Suburban,69.5,2,SUV,7,6,No,4.0,Yes,Medium,No
44,Male,30000.0,Urban,36.2,1,SUV,13,16,Yes,3.0,Yes,Low,No
45,Female,81991.0,Urban,19.5,2,SUV,3,9,No,3.0,No,Medium,No
39,Male,30000.0,Urban,31.0,1,SUV,13,15,No,3.0,Yes,Medium,No
30,Female,30000.0,Urban,26.4,3,SUV,9,8,Yes,1.0,No,Low,No
30,Female,88411.0,Rural,41.5,3,Sedan,0,3,Yes,4.0,Yes,Low,No
31,Female,82374.0,Urban,81.2,2,Sedan,8,14,No,3.0,No,Low,No
49,Male,135989.0,Suburban,5.0,2,Truck,3,2,No,3.0,Yes,Low,Yes
64,Male,80731.0,Urban,72.7,1,SUV,9,10,Yes,1.0,No,Low,No
62,Female,30000.0,Suburban,43.9,2,Sedan,5,9,Yes,3.0,Yes,Low,No
32,Male,119804.0,Suburban,80.9,2,Hatchback,6,7,Yes,4.0,Yes,Low,Yes
62,Female,147235.0,Urban,43.2,1,Sedan,11,16,Yes,1.0,Yes,Low,No
29,Male,95129.0,Suburban,5.0,2,Hatchback,1,9,Yes,1.0,Yes,Low,No
48,Female,161488.0,Urban,33.4,3,Sedan,13,14,No,2.0,No,Low,No
60,Male,72262.0,Urban,40.9,2,SUV,8,11,No,1.0,Yes,Medium,No
40,Female,68909.0,Urban,44.3,2,Sedan,11,4,No,4.0,Yes,Low,Yes
59,Male,73458.0,Suburban,28.2,1,Hatchback,3,5,Yes,2.0,Yes,Low,No
28,Male,96810.0,Urban,40.6,2,Sedan,5,12,Yes,1.0,No,Low,No
43,Male,109349.0,Suburban,5.0,2,Hatchback,5,1,Yes,3.0,Yes,Low,No
38,Female,98035.0,Urban,78.0,2,Sedan,7,5,No,1.0,No,Medium,No
28,Male,57048.0,Suburban,42.6,2,Sedan,0,5,Yes,2.0,Yes,Low,No
62,Male,73961.0,Rural,44.2,1,Sedan,0,3,Yes,1.0,Yes,Low,No
54,Male,66570.0,Suburban,50.6,1,SUV,7,6,Yes,1.0,Yes,Low,No
47,Female,78293.0,Urban,39.3,1,Truck,10,8,No,4.0,Yes,High,No
46,Male,114842.0,Urban,30.0,1,SUV,2,3,No,4.0,No,Low,Yes
46,Male,172772.0,Suburban,50.4,2,SUV,6,9,Yes,3.0,Yes,Low,Yes
42,Male,92251.0,Urban,61.1,1,Sedan,9,16,No,5.0,Yes,Low,Yes
48,Female,70475.0,Rural,60.9,1,SUV,1,2,No,1.0,Yes,Medium,No
68,Male,75946.0,Rural,31.6,2,SUV,1,0,Yes,4.0,No,Low,No
55,Male,134063.0,Urban,48.5,2,Sedan,4,12,Yes,5.0,Yes,Low,Yes
61,Male,100474.0,Suburban,67.2,1,Sedan,6,5,Yes,4.0,Yes,Low,Yes
32,Female,30000.0,Rural,5.0,2,Sedan,1,0,Yes,3.0,Yes,Low,Yes
45,Female,90029.0,Suburban,53.5,2,Sedan,4,5,Yes,2.0,No,Low,No
52,Female,100447.0,Suburban,86.0,1,Sedan,1,1,Yes,3.0,No,Low,No
36,Female,59901.0,Urban,102.8,3,Sedan,2,18,No,3.0,Yes,Medium,No
30,Female,32083.0,Urban,19.4,1,SUV,13,19,No,4.0,Yes,Low,No
47,Female,132386.0,Urban,39.4,2,SUV,4,4,No,2.0,No,Medium,No
50,Male,68380.0,Rural,5.0,1,Hatchback,0,2,Yes,4.0,Yes,Low,No
43,Male,64417.0,Urban,5.4,1,Sedan,6,14,No,5.0,No,Low,No
38,Male,45138.0,Suburban,55.3,1,SUV,4,8,Yes,1.0,No,Low,No
63,Female,30033.0,Urban,6.5,4,SUV,4,12,No,2.0,No,Low,No
28,Female,80601.0,Suburban,62.5,1,Sedan,7,5,No,4.0,No,Medium,No
39,Male,72949.0,Urban,17.4,2,SUV,13,4,Yes,4.0,Yes,Low,Yes
48,Male,93316.0,Urban,34.5,1,Sedan,14,9,No,2.0,No,Low,No
38,Male,30000.0,Rural,20.1,2,Truck,0,0,Yes,1.0,Yes,Low,No
49,Female,89539.0,Suburban,32.1,2,Sedan,2,5,No,3.0,Yes,Low,No
45,Female,95247.0,Urban,44.0,2,Sedan,3,11,No,3.0,Yes,Medium,No
25,Male,122872.0,Urban,72.1,1,SUV,13,17,Yes,5.0,No,Low,No
54,Other,71212.0,Urban,54.3,2,Truck,10,12,No,5.0,Yes,Low,No
36,Female,84287.0,Suburban,55.1,2,Sedan,1,9,Yes,2.0,No,Low,No
65,Female,174000.0,Suburban,45.6,1,Sedan,2,3,No,3.0,No,Low,No
52,Female,104538.0,Suburban,21.2,1,Truck,1,5,Yes,5.0,Yes,Low,Yes
58,Female,67575.0,Urban,29.7,2,Sedan,3,13,No,3.0,Yes,Low,No
49,Female,40878.0,Rural,5.0,1,Hatchback,2,0,Yes,3.0,Yes,Low,No
61,Female,65775.0,Rural,26.9,2,Sedan,0,3,Yes,5.0,Yes,Low,Yes
63,Male,53486.0,Suburban,5.0,2,Sedan,6,4,Yes,3.0,No,Low,No
34,Male,133659.0,Urban,19.0,1,SUV,10,18,No,3.0,Yes,Low,No
28,Male,72182.0,Suburban,21.7,1,Sedan,4,5,Yes,1.0,Yes,Low,No
68,Male,105134.0,Rural,12.7,2,Sedan,2,2,Yes,2.0,No,Low,No
26,Female,57160.0,Urban,94.0,2,Truck,14,5,No,3.0,Yes,Low,No
40,Male,124982.0,Urban,65.3,1,Hatchback,9,11,No,5.0,Yes,Low,Yes
29,Male,90353.0,Urban,42.8,1,Sedan,6,4,No,3.0,No,Medium,No
29,Male,145914.0,Urban,32.7,1,Sedan,6,6,Yes,1.0,No,Low,No
61,Male,84287.0,Suburban,35.2,2,Sedan,7,5,Yes,1.0,No,Low,No
43,Female,30244.0,Urban,59.4,1,Sedan,11,14,Yes,2.0,Yes,Low,No
39,Male,73940.0,Suburban,59.1,2,Sedan,7,8,Yes,1.0,Yes,Low,No
53,Male,117729.0,Urban,71.7,4,SUV,13,13,Yes,5.0,No,Low,No
42,Male,30000.0,Urban,64.5,3,Sedan,2,10,No,4.0,Yes,High,No
48,Female,77008.0,Suburban,81.3,1,Hatchback,2,7,Yes,5.0,Yes,Low,Yes
41,Male,84906.0,Urban,15.1,3,Truck,8,7,Yes,4.0,No,Low,No
31,Male,44080.0,Rural,45.9,1,SUV,0,2,Yes,4.0,No,Low,No
32,Male,72754.0,Suburban,57.4,1,Sedan,2,4,Yes,4.0,No,Low,No
45,Male,110321.0,Urban,8.4,1,Sedan,13,18,No,4.0,Yes,Low,Yes
35,Male,75822.0,Urban,73.4,2,Sedan,3,4,No,2.0,Yes,Low,No
67,Female,126746.0,Rural,23.0,2,SUV,1,1,Yes,3.0,Yes,Low,Yes
57,Male,54139.0,Urban,45.7,3,SUV,5,13,No,2.0,No,Medium,No
68,Male,84287.0,Suburban,44.5,2,Hatchback,4,7,Yes,4.0,Yes,Low,Yes
64,Male,79224.0,Suburban,38.6,2,Sedan,4,9,Yes,5.0,Yes,Low,No
48,Female,35750.0,Suburban,31.7,2,Sedan,1,9,No,5.0,Yes,High,No
47,Female,70350.0,Rural,5.0,1,Sedan,2,0,Yes,3.0,Yes,Low,No
46,Male,124058.0,Suburban,41.6,1,SUV,5,6,Yes,2.0,Yes,Low,No
51,Female,62144.0,Urban,5.0,1,Sedan,5,14,No,1.0,No,Low,No
37,Male,63825.0,Suburban,40.45,4,Sedan,4,2,Yes,5.0,Yes,Low,Yes
27,Female,95207.0,Suburban,42.7,3,Sedan,4,2,Yes,4.0,No,Low,No
65,Female,30000.0,Urban,39.3,2,Sedan,7,16,Yes,4.0,Yes,Low,No
42,Female,123312.0,Urban,45.7,1,Hatchback,2,3,Yes,5.0,No,Low,No
26,Male,65556.0,Suburban,14.0,1,SUV,3,9,Yes,5.0,No,Low,No
50,Female,78252.0,Rural,44.7,1,Sedan,2,3,Yes,5.0,Yes,Low,Yes
27,Male,30000.0,Suburban,37.6,1,SUV,2,2,Yes,5.0,Yes,Low,No
41,Female,97763.0,Urban,67.3,2,Sedan,13,17,No,4.0,Yes,Low,No
27,Male,96295.0,Urban,12.1,2,Sedan,3,18,Yes,2.0,No,Low,No
49,Male,144762.0,Urban,27.5,1,Truck,2,6,Yes,3.0,No,Low,No
40,Female,114869.0,Rural,63.3,1,SUV,0,2,Yes,1.0,Yes,Low,Yes
54,Female,30000.0,Rural,27.3,3,Hatchback,1,2,Yes,3.0,No,Low,No
31,Female,98373.0,Rural,32.7,1,Hatchback,2,3,Yes,3.0,Yes,Low,Yes
53,Male,92473.0,Suburban,29.8,1,Truck,6,3,No,1.0,Yes,Medium,No
67,Male,116886.0,Suburban,69.1,2,SUV,4,6,Yes,2.0,No,Low,No
47,Female,133640.0,Suburban,85.0,2,Sedan,7,1,Yes,1.0,Yes,Medium,No
45,Male,47885.0,Urban,57.9,3,SUV,6,13,Yes,4.0,Yes,Low,Yes
50,Female,35150.0,Rural,25.0,1,SUV,1,3,Yes,1.0,No,Low,No
58,Female,92385.0,Suburban,70.1,3,Truck,0,5,Yes,5.0,Yes,Low,Yes
32,Female,86258.0,Urban,55.1,2,Sedan,12,10,No,3.0,No,Medium,No
33,Male,94589.0,Urban,17.3,1,Sedan,4,12,Yes,1.0,No,Low,No
41,Female,112037.0,Suburban,7.0,2,Hatchback,6,3,Yes,4.0,Yes,Low,Yes
54,Male,98396.0,Suburban,17.3,3,SUV,5,6,Yes,3.0,Yes,Low,Yes
25,Male,51207.0,Suburban,40.8,1,Sedan,1,9,Yes,5.0,Yes,Low,Yes
69,Female,108462.0,Urban,76.3,4,Sedan,8,3,No,2.0,Yes,Medium,No
65,Male,40588.0,Urban,45.4,1,SUV,13,8,No,4.0,Yes,Medium,No
64,Male,72483.0,Rural,46.4,2,Sedan,0,2,Yes,2.0,Yes,Low,No
41,Male,58052.0,Rural,55.5,3,SUV,1,1,Yes,4.0,No,Low,No
63,Female,36242.0,Urban,46.4,2,SUV,3,15,Yes,3.0,Yes,Low,No
64,Other,92760.0,Suburban,28.9,1,Sedan,1,9,Yes,2.0,No,Low,No
64,Female,30000.0,Suburban,53.4,1,Sedan,5,2,Yes,2.0,No,Low,No
60,Male,76110.0,Rural,45.4,2,Truck,1,1,Yes,4.0,No,Low,No
50,Female,59336.0,Rural,22.7,1,Sedan,2,2,Yes,3.0,Yes,Low,No
56,Male,72047.0,Urban,75.0,2,Sedan,10,4,No,2.0,No,Medium,No
36,Female,123501.0,Urban,33.7,2,Hatchback,9,15,No,1.0,No,Low,No
33,Male,44583.0,Suburban,45.0,3,Sedan,3,6,Yes,2.0,Yes,Low,Yes
36,Male,73155.0,Suburban,39.6,1,Sedan,7,1,Yes,5.0,Yes,Low,No
37,Male,40754.0,Urban,5.0,1,Sedan,6,8,Yes,1.0,Yes,Low,No
40,Female,122777.0,Urban,72.6,1,SUV,5,10,Yes,4.0,No,Low,No
47,Male,120429.0,Urban,19.6,1,SUV,2,3,Yes,4.0,No,Low,No
62,Female,126487.0,Suburban,26.7,1,SUV,2,5,Yes,2.0,No,Low,No
27,Male,137573.0,Suburban,85.4,2,SUV,7,1,Yes,4.0,No,Low,No
63,Male,140561.0,Urban,57.5,2,Sedan,8,19,No,3.0,Yes,Low,Yes
67,Male,112536.0,Suburban,24.6,2,Sedan,4,3,No,5.0,Yes,Low,Yes
26,Female,119807.0,Suburban,48.4,2,Sedan,5,3,Yes,3.0,Yes,Low,No
59,Female,52740.0,Suburban,10.2,2,Sedan,7,5,Yes,2.0,No,Low,No
62,Male,66471.0,Urban,73.9,2,SUV,12,7,No,5.0,No,Medium,No
60,Female,134700.0,Urban,37.2,2,Sedan,12,18,No,2.0,Yes,Low,Yes
67,Male,131660.0,Rural,94.6,1,Sedan,0,2,Yes,3.0,No,Low,Yes
62,Female,99628.0,Suburban,40.3,2,Sedan,6,4,Yes,5.0,Yes,Low,Yes
69,Male,57622.0,Urban,50.7,1,SUV,12,3,No,1.0,No,Medium,No
69,Female,102455.0,Suburban,37.9,1,SUV,1,6,Yes,2.0,Yes,Low,No
56,Female,95334.0,Urban,5.0,1,Truck,11,17,Yes,5.0,Yes,Low,Yes
40,Male,174000.0,Suburban,40.7,2,Hatchback,0,9,Yes,2.0,No,Low,No
46,Male,30000.0,Urban,53.2,2,Hatchback,4,8,Yes,4.0,No,Low,No
28,Male,96964.0,Urban,52.7,1,Hatchback,14,15,No,2.0,Yes,Low,No
34,Male,59286.0,Urban,5.0,1,Hatchback,5,6,No,4.0,No,Medium,No
54,Female,87726.0,Urban,42.9,2,Sedan,9,4,Yes,5.0,No,Low,Yes
55,Female,30000.0,Suburban,19.8,2,Hatchback,0,9,Yes,5.0,Yes,Low,Yes
60,Male,96891.0,Suburban,14.4,4,Truck,1,6,Yes,5.0,Yes,Low,No
65,Female,87712.0,Urban,5.0,2,Truck,12,17,Yes,2.0,Yes,Low,No
49,Female,79769.0,Urban,30.3,2,Sedan,12,18,Yes,3.0,Yes,Low,No
55,Male,95679.0,Urban,5.0,1,Truck,7,3,Yes,2.0,No,Low,No
64,Female,134501.0,Urban,48.9,1,Sedan,13,19,Yes,4.0,No,Low,No
47,Female,91775.0,Rural,32.1,1,Hatchback,2,3,Yes,2.0,Yes,Low,No
42,Male,107212.0,Suburban,72.4,2,SUV,5,3,No,3.0,No,Medium,No
29,Male,73985.0,Urban,32.3,1,SUV,10,12,No,4.0,Yes,Low,Yes
42,Male,66977.0,Urban,5.0,1,Hatchback,2,10,No,4.0,Yes,Low,No
43,Other,155798.0,Urban,48.2,3,SUV,8,13,No,2.0,Yes,Low,No
44,Female,93100.0,Rural,82.9,1,Sedan,0,3,Yes,2.0,Yes,Low,No
43,Female,133234.0,Urban,5.0,2,SUV,13,8,Yes,3.0,No,Low,No
32,Female,94902.0,Urban,50.4,1,Sedan,12,13,No,3.0,No,Medium,No
28,Male,39901.0,Suburban,78.8,2,Truck,1,4,Yes,3.0,No,Low,No
59,Female,55542.0,Suburban,13.1,1,Hatchback,5,9,Yes,2.0,Yes,Low,No
37,Female,61690.0,Urban,60.3,2,SUV,2,12,No,2.0,Yes,Medium,No
55,Male,77274.0,Urban,41.2,2,Sedan,8,16,No,4.0,No,Medium,No
45,Female,115755.0,Urban,33.1,1,SUV,11,17,Yes,5.0,Yes,Low,Yes
30,Male,83367.0,Urban,65.1,3,Sedan,5,3,No,2.0,Yes,Medium,No
34,Female,109775.0,Urban,39.6,1,SUV,9,18,No,3.0,No,Low,No
59,Male,164179.0,Urban,65.1,2,SUV,4,11,No,2.0,Yes,Medium,No
30,Female,57624.0,Urban,66.5,1,SUV,13,12,No,2.0,Yes,Medium,No
50,Male,105601.0,Suburban,56.8,4,Sedan,5,5,Yes,5.0,Yes,Low,Yes
39,Female,104074.0,Urban,34.0,2,SUV,5,17,Yes,1.0,No,Low,No
53,Male,75723.0,Urban,16.5,2,Hatchback,11,16,No,5.0,Yes,Low,Yes
35,Male,30000.0,Urban,43.7,2,Sedan,14,16,Yes,5.0,Yes,Low,No
36,Male,121824.0,Urban,55.3,2,Truck,8,13,No,1.0,No,Medium,No
58,Female,30000.0,Suburban,99.0,1,SUV,1,3,Yes,4.0,Yes,Low,No
34,Male,69465.0,Urban,6.0,1,Hatchback,10,10,No,4.0,Yes,Low,Yes
68,Female,64020.0,Urban,53.3,1,Sedan,14,15,Yes,3.0,Yes,Low,No
45,Male,66434.0,Urban,96.0,3,Hatchback,2,3,No,1.0,No,Medium,No
43,Male,102231.0,Suburban,75.5,2,Sedan,2,5,Yes,3.0,No,Medium,No
55,Male,89729.0,Rural,18.4,2,Sedan,0,3,Yes,2.0,Yes,Low,No
28,Male,30000.0,Urban,67.0,2,Truck,8,9,No,4.0,No,Medium,No
54,Female,30000.0,Urban,25.2,3,Sedan,6,16,No,4.0,No,Low,No
52,Female,84758.0,Urban,28.3,1,SUV,6,18,No,4.0,Yes,Low,No
42,Female,53122.0,Suburban,18.9,1,Sedan,3,2,Yes,5.0,No,Low,No
32,Female,88201.0,Suburban,61.8,3,SUV,7,3,Yes,5.0,Yes,Low,Yes
50,Female,112540.0,Rural,69.1,2,SUV,1,1,Yes,4.0,No,Low,No
55,Female,47030.0,Urban,25.0,1,Truck,2,3,Yes,3.0,Yes,Low,Yes
63,Female,128429.0,Urban,85.4,1,Sedan,8,19,No,1.0,No,Low,No
46,Female,80353.0,Urban,51.5,1,Sedan,14,4,Yes,3.0,Yes,Low,No
54,Male,30000.0,Suburban,5.0,1,Sedan,6,1,Yes,1.0,No,Low,No
31,Female,40256.0,Urban,76.1,1,Hatchback,13,9,Yes,3.0,No,Low,No
31,Female,87678.0,Urban,42.2,3,SUV,6,6,No,2.0,Yes,Low,No
36,Female,76258.0,Suburban,5.0,2,Sedan,7,7,No,4.0,Yes,Low,No
58,Male,63571.0,Urban,66.0,2,Sedan,13,14,Yes,3.0,No,Low,No
69,Male,102883.0,Suburban,92.1,3,SUV,5,8,Yes,5.0,Yes,Low,Yes
59,Male,73232.0,Suburban,33.0,1,SUV,3,1,Yes,1.0,Yes,Low,No
64,Male,67598.0,Urban,35.2,1,Sedan,14,19,No,1.0,No,Low,No
57,Male,64221.0,Urban,41.5,3,Sedan,7,3,No,4.0,Yes,Low,No
48,Male,71090.0,Suburban,25.8,3,Sedan,2,5,Yes,4.0,Yes,Low,Yes
39,Female,103376.0,Urban,53.8,3,SUV,2,8,Yes,3.0,No,Low,No
46,Female,68476.0,Suburban,67.3,4,Truck,1,9,Yes,2.0,No,Low,No
51,Female,71934.0,Urban,28.2,2,Hatchback,7,9,No,1.0,Yes,Low,No
39,Male,93141.0,Urban,92.1,2,Sedan,12,4,No,2.0,Yes,Medium,No
45,Male,101793.0,Rural,82.1,2,SUV,1,0,Yes,1.0,Yes,Low,No
26,Female,72223.0,Rural,40.0,1,SUV,2,1,Yes,1.0,No,Low,No
31,Male,109262.0,Urban,28.6,1,SUV,9,19,No,1.0,No,Low,No
50,Female,64358.0,Urban,96.6,1,Truck,14,19,Yes,1.0,Yes,Low,No
57,Female,90805.0,Suburban,34.3,4,Sedan,7,6,Yes,1.0,No,Low,No
57,Male,115831.0,Suburban,31.6,1,Hatchback,6,4,Yes,2.0,No,Low,No
56,Female,56521.0,Urban,31.4,2,SUV,10,7,No,3.0,Yes,Low,No
66,Female,108802.0,Suburban,82.6,1,Sedan,0,4,Yes,3.0,Yes,Low,No
67,Female,30000.0,Urban,5.0,2,Sedan,5,4,Yes,2.0,No,Low,No
40,Male,59962.0,Urban,9.1,2,SUV,13,4,Yes,2.0,No,Low,No
48,Female,124829.0,Urban,62.7,2,Sedan,2,12,No,5.0,No,Medium,No
47,Female,109149.0,Suburban,58.1,1,SUV,2,5,Yes,5.0,Yes,Low,Yes
55,Male,62006.0,Urban,22.0,2,Truck,3,15,No,1.0,No,Low,No
64,Male,81449.0,Urban,20.4,2,Sedan,8,9,Yes,2.0,Yes,Low,No
32,Female,32275.0,Rural,31.8,1,Hatchback,2,0,Yes,2.0,Yes,Low,No
49,Male,90350.0,Suburban,54.1,2,SUV,5,1,Yes,4.0,No,Low,No
66,Female,100048.0,Suburban,5.0,2,SUV,4,8,Yes,4.0,Yes,Low,Yes
61,Female,81108.0,Suburban,38.0,1,Sedan,6,9,Yes,4.0,No,Low,No
56,Female,77121.0,Urban,80.3,2,Sedan,9,9,Yes,5.0,Yes,Low,Yes
41,Female,30000.0,Suburban,43.1,1,Sedan,0,7,Yes,4.0,No,Low,No
48,Male,107191.0,Urban,17.9,1,SUV,6,12,No,2.0,Yes,Low,No
47,Male,40478.0,Urban,96.7,1,Sedan,4,19,Yes,3.0,No,Low,No
57,Female,86732.0,Urban,57.2,2,SUV,5,6,No,1.0,Yes,Low,No
28,Male,51317.0,Urban,34.2,2,Hatchback,7,6,No,5.0,Yes,Low,No
37,Female,93603.0,Urban,29.8,1,Hatchback,6,15,Yes,4.0,Yes,Low,No
32,Male,82783.0,Urban,51.3,3,Sedan,6,4,No,2.0,Yes,Medium,No
34,Male,44909.0,Rural,36.4,1,Truck,2,3,Yes,4.0,Yes,Low,No
48,Female,152819.0,Suburban,24.6,1,SUV,0,1,Yes,4.0,Yes,Low,No
56,Female,73288.0,Suburban,5.5,1,Truck,6,6,Yes,3.0,No,Low,No
64,Female,90003.0,Suburban,52.9,1,SUV,2,4,Yes,3.0,Yes,Low,Yes
64,Male,51726.0,Rural,28.0,1,SUV,0,0,Yes,2.0,Yes,Low,No
25,Female,119401.0,Suburban,17.2,2,Sedan,3,1,Yes,3.0,Yes,Low,No
49,Male,131482.0,Suburban,32.3,1,SUV,3,5,Yes,1.0,Yes,Medium,No
37,Male,102679.0,Suburban,60.9,2,Sedan,0,4,Yes,2.0,Yes,Low,No
54,Female,134191.0,Urban,44.3,3,Hatchback,8,12,Yes,4.0,Yes,Low,Yes
44,Female,89671.0,Rural,30.4,1,Sedan,1,3,Yes,5.0,No,Low,No
56,Male,83359.0,Suburban,49.0,2,Sedan,6,8,Yes,1.0,No,Low,No
29,Male,55613.0,Rural,59.2,3,Sedan,0,2,Yes,4.0,Yes,Low,No
30,Female,96869.0,Suburban,46.1,1,SUV,7,4,No,1.0,No,Medium,No
32,Female,107495.0,Urban,78.0,1,Sedan,4,8,No,5.0,Yes,Medium,Yes
65,Male,72600.0,Suburban,23.6,1,Hatchback,2,3,No,1.0,Yes,Low,No
34,Male,117588.0,Urban,49.1,1,SUV,8,18,No,4.0,No,Low,Yes
47,Male,122743.0,Urban,11.0,1,Hatchback,6,3,No,2.0,Yes,Medium,No
39,Female,109272.0,Suburban,43.4,2,Sedan,2,6,Yes,3.0,Yes,Low,No
58,Female,93217.0,Suburban,72.3,1,SUV,4,1,Yes,2.0,No,Low,No
63,Male,106779.0,Suburban,62.7,2,SUV,3,7,Yes,3.0,No,Low,No
50,Female,51202.0,Rural,42.3,1,Sedan,2,0,Yes,2.0,Yes,Low,No
65,Male,96161.0,Urban,10.6,2,Sedan,2,10,Yes,1.0,No,Low,No
42,Male,104489.0,Suburban,38.6,2,Truck,5,5,Yes,1.0,Yes,Low,No
69,Male,67689.0,Urban,14.6,1,Sedan,7,12,Yes,3.0,Yes,Low,No
57,Female,78720.0,Urban,55.1,1,Sedan,7,15,No,2.0,No,Medium,No
44,Female,64373.0,Suburban,8.5,1,SUV,0,5,Yes,5.0,Yes,Low,Yes
58,Male,54241.0,Urban,18.1,2,SUV,11,15,No,1.0,Yes,Low,No
64,Male,76940.0,Urban,42.5,3,Sedan,13,10,No,5.0,Yes,Low,No
65,Female,84906.0,Urban,80.3,3,Sedan,6,10,Yes,4.0,Yes,Low,No
52,Female,84287.0,Rural,54.3,2,SUV,2,2,Yes,4.0,Yes,Low,Yes
38,Female,69340.0,Urban,49.5,3,SUV,6,7,Yes,1.0,Yes,Low,No
31,Male,73253.0,Urban,13.5,2,SUV,12,3,No,4.0,No,Medium,No
40,Female,84287.0,Suburban,92.6,2,SUV,6,4,Yes,3.0,Yes,Low,No
53,Female,38341.0,Rural,30.4,2,Hatchback,2,3,Yes,1.0,No,Low,No
43,Female,113143.0,Suburban,44.7,1,Sedan,6,5,No,5.0,No,Medium,No
55,Male,101747.0,Urban,30.5,1,SUV,7,8,No,2.0,No,Low,No
26,Female,77719.0,Suburban,46.4,3,SUV,6,2,No,2.0,Yes,Medium,No
65,Male,50809.0,Urban,22.7,2,Sedan,5,17,Yes,4.0,Yes,Low,No
69,Female,97474.0,Rural,32.0,2,Sedan,1,1,Yes,2.0,Yes,Low,No
43,Male,125860.0,Rural,66.3,1,Sedan,2,0,Yes,4.0,No,Low,No
59,Male,109156.0,Urban,5.0,1,SUV,5,13,No,4.0,No,Low,No
30,Female,31488.0,Suburban,5.0,1,Truck,3,2,Yes,5.0,Yes,Low,No
44,Female,86934.0,Suburban,66.2,1,Hatchback,1,7,Yes,3.0,Yes,Low,No
52,Female,89212.0,Rural,70.6,2,Truck,2,1,Yes,1.0,No,Low,No
51,Male,142842.0,Urban,21.7,1,Truck,3,16,No,3.0,No,Low,No
45,Male,64584.0,Urban,78.3,1,Hatchback,14,13,Yes,3.0,No,Low,No
48,Male,41327.0,Rural,44.8,1,Sedan,2,3,Yes,3.0,Yes,Low,No
45,Female,92887.0,Suburban,10.1,2,Sedan,0,6,No,1.0,Yes,Medium,No
42,Female,54116.0,Suburban,76.1,2,SUV,3,7,No,4.0,Yes,High,No
25,Female,81190.0,Urban,65.6,3,SUV,11,7,Yes,3.0,Yes,Low,Yes
69,Male,106333.0,Rural,31.3,1,SUV,0,3,Yes,2.0,No,Low,No
29,Male,87595.0,Suburban,65.5,2,Truck,6,8,Yes,5.0,Yes,Low,No
35,Female,47771.0,Urban,82.9,3,Truck,7,19,No,4.0,No,Low,No
43,Male,103485.0,Suburban,46.5,3,Sedan,7,5,Yes,4.0,Yes,Low,Yes
62,Male,42562.0,Urban,47.1,2,Sedan,7,3,Yes,3.0,No,Low,No
54,Female,71462.0,Rural,42.7,2,SUV,1,1,No,1.0,Yes,Medium,No
34,Male,70443.0,Rural,5.0,2,SUV,2,0,Yes,5.0,Yes,Low,Yes
30,Male,129606.0,Suburban,82.3,3,Sedan,0,2,Yes,4.0,Yes,Low,No
62,Female,124368.0,Urban,28.6,2,Sedan,11,13,Yes,2.0,Yes,Low,No
60,Male,174000.0,Suburban,44.3,2,Sedan,3,9,No,3.0,Yes,Medium,Yes
40,Female,67081.0,Urban,10.4,2,Sedan,11,17,Yes,3.0,No,Low,No
65,Female,82508.0,Suburban,65.8,3,SUV,7,4,No,1.0,No,Low,No
67,Female,95721.0,Suburban,5.0,2,SUV,4,3,Yes,4.0,No,Low,No
32,Male,113725.0,Urban,24.2,3,Sedan,3,5,Yes,4.0,No,Low,No
62,Other,53431.0,Urban,18.2,1,Sedan,12,19,No,5.0,No,Low,No
32,Male,108881.0,Urban,5.0,2,SUV,11,3,No,3.0,Yes,Low,Yes
52,Male,126405.0,Urban,34.4,2,SUV,8,6,No,1.0,Yes,Low,No
58,Female,127346.0,Urban,60.6,3,Sedan,7,5,Yes,5.0,Yes,Low,Yes
61,Other,93027.0,Rural,46.9,1,Hatchback,0,1,Yes,5.0,No,Low,No
68,Female,30689.0,Urban,15.6,1,SUV,6,9,No,5.0,Yes,Low,No
52,Male,67830.0,Urban,62.3,2,Sedan,7,10,No,1.0,No,Medium,No
27,Female,122988.0,Urban,33.4,1,Sedan,5,12,No,2.0,Yes,Medium,No
28,Male,45249.0,Suburban,81.3,2,SUV,7,1,Yes,2.0,Yes,Low,No
31,Male,63410.0,Urban,24.8,2,SUV,13,10,No,1.0,Yes,Low,No
66,Male,80295.0,Suburban,13.0,3,SUV,7,9,Yes,4.0,Yes,Low,No
28,Female,83548.0,Suburban,22.2,2,SUV,4,3,Yes,2.0,Yes,Low,No
33,Male,85499.0,Rural,26.7,2,SUV,2,2,Yes,4.0,Yes,Low,Yes
49,Male,74057.0,Urban,41.5,2,Sedan,13,7,Yes,3.0,Yes,Low,No
28,Male,73743.0,Urban,106.0,1,SUV,8,17,No,4.0,No,Low,No
36,Male,95539.0,Urban,18.0,1,Hatchback,6,4,Yes,4.0,Yes,Low,No
30,Male,30000.0,Suburban,42.9,1,SUV,7,1,Yes,3.0,No,Low,No
69,Male,30000.0,Suburban,17.6,2,Hatchback,7,9,Yes,3.0,Yes,Low,No
53,Male,84287.0,Suburban,34.1,2,SUV,1,9,Yes,3.0,No,Low,No
45,Other,94487.0,Urban,68.5,1,SUV,13,7,Yes,5.0,Yes,Low,Yes
66,Female,62930.0,Suburban,41.4,1,Sedan,1,2,Yes,4.0,No,Low,No
40,Male,65608.0,Urban,43.8,1,Sedan,11,6,No,1.0,Yes,Medium,No
34,Male,64387.0,Suburban,48.1,2,Sedan,6,6,Yes,4.0,Yes,Low,No
30,Female,64417.0,Urban,37.2,2,SUV,12,10,No,2.0,No,Low,No
58,Female,55166.0,Urban,30.7,2,Sedan,7,18,No,3.0,Yes,Low,No
52,Male,30000.0,Urban,13.7,2,Hatchback,5,3,Yes,1.0,Yes,Low,No
63,Male,98379.0,Suburban,68.2,2,SUV,3,9,Yes,3.0,Yes,Low,No
40,Male,136288.0,Rural,20.2,1,Hatchback,0,3,No,4.0,No,Medium,No
67,Female,82735.0,Rural,49.9,3,Sedan,1,0,Yes,3.0,Yes,Low,Yes
33,Female,65003.0,Urban,97.0,1,Hatchback,11,9,No,3.0,Yes,Medium,No
28,Male,92864.0,Urban,5.0,2,Sedan,3,7,No,2.0,No,Medium,No
49,Female,167638.0,Rural,26.8,3,SUV,0,0,Yes,5.0,Yes,Low,Yes
33,Male,92902.0,Suburban,35.5,3,SUV,4,3,Yes,4.0,No,Low,No
66,Female,79300.0,Suburban,5.0,2,Hatchback,3,4,Yes,1.0,No,Low,No
49,Female,83083.0,Urban,20.0,2,Sedan,11,17,Yes,2.0,No,Low,No
54,Female,101125.0,Urban,91.4,4,SUV,8,19,No,5.0,Yes,Low,Yes
53,Female,125126.0,Urban,52.8,1,Hatchback,12,8,No,3.0,No,Low,No
56,Male,102351.0,Urban,80.3,1,Hatchback,7,19,No,3.0,No,Medium,No
68,Female,108147.0,Urban,5.0,1,Truck,7,8,Yes,4.0,Yes,Low,Yes
30,Female,96272.0,Urban,106.0,1,SUV,11,13,No,2.0,Yes,Medium,No
67,Male,30000.0,Suburban,68.8,2,Sedan,5,2,Yes,3.0,No,Low,No
27,Other,62809.0,Rural,24.9,2,Sedan,1,0,Yes,2.0,Yes,Low,No
43,Female,133315.0,Suburban,5.0,2,Sedan,7,1,No,1.0,No,Low,No
27,Male,107505.0,Urban,57.3,1,SUV,11,8,No,1.0,Yes,Medium,No
49,Male,108778.0,Suburban,35.0,2,Sedan,7,5,No,5.0,Yes,Low,Yes
39,Female,40242.0,Urban,5.0,1,SUV,5,17,No,2.0,Yes,Low,No
39,Female,90753.0,Suburban,15.4,2,Hatchback,4,3,Yes,5.0,Yes,Low,Yes
39,Female,127868.0,Suburban,45.8,4,SUV,1,1,Yes,2.0,Yes,Low,No
52,Female,84640.0,Urban,57.0,4,SUV,4,10,Yes,4.0,Yes,Low,Yes
29,Male,110770.0,Suburban,51.2,3,Sedan,6,7,Yes,2.0,Yes,Low,No
46,Male,155088.0,Urban,106.0,2,Sedan,13,10,Yes,1.0,No,Low,No
63,Male,44546.0,Suburban,21.3,1,Sedan,7,7,Yes,2.0,Yes,Low,No
67,Female,97126.0,Suburban,31.5,3,SUV,0,2,Yes,1.0,Yes,Medium,No
55,Female,128079.0,Suburban,75.1,1,Hatchback,4,8,Yes,4.0,No,Low,No
49,Male,101467.0,Urban,61.3,1,SUV,6,16,Yes,5.0,Yes,Low,Yes
40,Female,68762.0,Suburban,66.2,2,SUV,2,1,Yes,2.0,Yes,Low,No
26,Female,150385.0,Suburban,25.9,3,Sedan,2,9,Yes,4.0,Yes,Low,Yes
54,Male,91313.0,Urban,38.9,3,Hatchback,3,4,No,2.0,Yes,Medium,No
62,Female,76871.0,Suburban,60.3,2,Hatchback,1,9,Yes,4.0,Yes,Low,Yes
48,Other,114834.0,Rural,66.5,2,SUV,0,2,Yes,2.0,Yes,Low,Yes
27,Other,57821.0,Rural,5.7,2,Sedan,0,1,Yes,2.0,No,Low,No
41,Female,125496.0,Suburban,49.4,1,Sedan,0,7,Yes,5.0,Yes,Low,Yes
50,Female,41017.0,Rural,14.0,2,Truck,0,3,Yes,1.0,Yes,Low,No
60,Male,79179.0,Suburban,69.2,2,Truck,0,7,No,3.0,Yes,Medium,No
55,Female,86075.0,Suburban,36.8,2,SUV,1,4,Yes,2.0,No,Low,No
66,Male,169446.0,Urban,48.6,1,Sedan,8,15,Yes,2.0,Yes,Low,Yes
33,Male,56394.0,Urban,36.6,1,Sedan,12,17,No,5.0,Yes,Low,Yes
51,Female,135186.0,Suburban,17.3,3,Hatchback,2,6,Yes,4.0,No,Low,No
48,Male,50425.0,Rural,67.5,1,Hatchback,1,3,Yes,3.0,No,Low,No
26,Male,135917.0,Suburban,52.3,1,Sedan,2,1,Yes,3.0,No,Low,Yes
50,Male,100223.0,Rural,36.4,1,Hatchback,1,1,Yes,4.0,Yes,Low,Yes
31,Female,30000.0,Suburban,5.0,1,SUV,7,9,Yes,5.0,No,Low,No
58,Female,91889.0,Urban,21.1,4,Sedan,5,9,Yes,3.0,Yes,Low,Yes
53,Female,58080.0,Suburban,44.7,1,Sedan,0,3,Yes,5.0,No,Low,No
41,Female,98376.0,Suburban,53.8,3,Sedan,6,9,Yes,2.0,Yes,Low,No
56,Male,90812.0,Suburban,58.2,1,Sedan,6,5,Yes,4.0,Yes,Low,Yes
66,Male,138487.0,Urban,43.8,2,Sedan,14,14,Yes,5.0,No,Low,Yes
36,Female,57321.0,Urban,33.1,2,Hatchback,2,11,No,4.0,Yes,Medium,No
47,Female,39229.0,Urban,13.4,2,SUV,8,11,No,3.0,Yes,Low,No
40,Male,174000.0,Rural,14.7,2,SUV,2,1,Yes,4.0,Yes,Low,Yes
56,Male,89915.0,Rural,75.3,1,SUV,0,0,Yes,2.0,Yes,Medium,No
52,Male,53170.0,Urban,14.2,3,Truck,6,12,Yes,4.0,Yes,Low,Yes
44,Male,49610.0,Urban,35.4,2,Hatchback,14,8,Yes,5.0,Yes,Low,No
30,Female,156760.0,Suburban,30.2,3,SUV,2,2,Yes,1.0,Yes,Low,Yes
26,Female,146892.0,Urban,12.8,2,Hatchback,6,8,Yes,2.0,Yes,Low,No
38,Female,107100.0,Suburban,41.9,2,SUV,0,3,Yes,1.0,Yes,Low,No
48,Female,73646.0,Urban,47.7,1,Truck,11,7,Yes,5.0,No,Low,No
53,Male,103307.0,Urban,5.0,1,Hatchback,2,12,Yes,4.0,No,Low,No
31,Male,59321.0,Urban,55.1,2,Sedan,10,9,No,2.0,Yes,Medium,No
30,Male,81652.0,Urban,23.7,4,Sedan,9,13,No,3.0,Yes,Low,Yes
28,Female,84758.0,Suburban,20.8,1,Sedan,7,6,Yes,4.0,No,Low,No
66,Male,128015.0,Suburban,41.75,2,Sedan,6,2,Yes,3.0,No,Low,No
37,Male,133382.0,Suburban,21.9,2,Sedan,2,5,Yes,1.0,Yes,Low,No
51,Female,94308.0,Suburban,22.3,1,SUV,7,4,Yes,5.0,No,Low,No
57,Female,65470.0,Rural,65.5,1,SUV,0,1,No,4.0,No,Medium,No
48,Female,71968.0,Urban,22.2,2,Sedan,14,12,Yes,3.0,Yes,Low,No
35,Female,117876.0,Urban,49.7,1,Truck,14,15,No,3.0,Yes,Low,No
60,Male,38694.0,Suburban,5.0,2,Hatchback,1,8,Yes,4.0,No,Low,No
65,Female,62606.0,Urban,52.4,1,Truck,13,7,No,3.0,No,Low,No
58,Male,59870.0,Suburban,85.9,2,Hatchback,3,1,Yes,5.0,No,Low,No
25,Male,63831.0,Suburban,38.8,2,Sedan,5,6,Yes,4.0,Yes,Low,No
56,Female,146677.0,Urban,5.0,1,SUV,7,4,Yes,3.0,No,Low,No
28,Male,102187.0,Urban,15.5,2,Sedan,5,15,Yes,1.0,Yes,Low,No
49,Male,102183.0,Urban,5.0,1,Sedan,9,5,No,3.0,No,Low,No
63,Male,30000.0,Suburban,7.3,4,SUV,3,1,No,5.0,Yes,Medium,No
54,Male,84190.0,Urban,106.0,1,Hatchback,4,5,No,4.0,Yes,High,No
56,Female,115953.0,Suburban,49.7,2,Sedan,1,4,Yes,1.0,Yes,Low,No
49,Male,142270.0,Rural,5.0,2,SUV,2,1,Yes,5.0,No,Low,No
34,Other,84043.0,Urban,80.3,1,Sedan,2,5,Yes,1.0,No,Low,No
56,Female,68204.0,Urban,60.6,4,SUV,14,6,No,5.0,No,Medium,No
38,Other,71095.0,Urban,15.3,2,Sedan,9,16,Yes,2.0,No,Low,No
60,Male,95079.0,Rural,57.0,2,Sedan,0,1,Yes,5.0,No,Low,No
69,Female,98334.0,Rural,34.4,3,SUV,0,0,Yes,4.0,No,Low,No
27,Female,49648.0,Urban,46.5,1,Sedan,8,15,No,2.0,Yes,Low,No
42,Male,55125.0,Suburban,106.0,2,SUV,1,6,Yes,4.0,Yes,Low,Yes
47,Female,151786.0,Urban,74.0,3,SUV,9,7,No,1.0,No,Medium,No
55,Female,113948.0,Suburban,51.2,3,Hatchback,5,6,Yes,2.0,Yes,Low,No
61,Female,73569.0,Urban,50.0,4,Sedan,9,3,Yes,2.0,No,Low,No
47,Female,86877.0,Urban,28.9,4,Sedan,9,19,No,5.0,Yes,Low,No
58,Male,117937.0,Urban,57.5,2,Sedan,7,14,Yes,3.0,No,Low,No
65,Female,95235.0,Rural,81.0,1,SUV,1,3,Yes,4.0,No,Low,No
63,Other,86800.0,Rural,60.3,3,SUV,1,2,Yes,4.0,Yes,Low,No
53,Male,65619.0,Urban,44.9,2,Hatchback,4,18,No,3.0,No,Low,No
29,Female,70595.0,Urban,29.5,2,Sedan,6,8,No,3.0,No,Low,No
69,Female,57932.0,Urban,5.0,3,SUV,7,11,Yes,2.0,No,Low,No
62,Male,93680.0,Suburban,51.4,2,Sedan,2,3,Yes,1.0,No,Low,No
25,Female,57359.0,Rural,24.8,2,Sedan,0,1,Yes,5.0,Yes,Low,Yes
37,Male,54300.0,Urban,50.2,3,Sedan,13,18,Yes,1.0,No,Low,No
51,Female,123112.0,Urban,32.5,4,Truck,10,5,No,3.0,Yes,Low,Yes
27,Male,71981.0,Suburban,5.0,1,Truck,4,6,Yes,3.0,No,Low,No
32,Male,71132.0,Urban,72.2,1,Sedan,12,14,No,3.0,Yes,Low,Yes
62,Female,99336.0,Urban,48.6,1,Sedan,6,7,No,3.0,Yes,Low,No
69,Female,93572.0,Urban,41.6,1,Sedan,14,6,Yes,1.0,Yes,Low,No
37,Male,78096.0,Urban,68.6,1,Sedan,10,12,Yes,3.0,Yes,Low,Yes
59,Male,81774.0,Urban,39.6,2,SUV,5,13,Yes,5.0,No,Low,No
28,Female,53133.0,Urban,60.8,3,Sedan,14,19,No,4.0,Yes,Low,No
57,Male,151628.0,Suburban,26.5,2,Hatchback,4,5,Yes,2.0,Yes,Low,No
52,Male,46895.0,Suburban,36.6,4,SUV,1,8,Yes,1.0,Yes,Low,No
68,Male,79039.0,Urban,43.9,4,Hatchback,8,3,No,5.0,Yes,Medium,No
32,Male,95149.0,Suburban,40.3,1,Sedan,1,7,Yes,3.0,No,Low,No
67,Male,65120.0,Urban,22.1,2,Sedan,7,16,Yes,4.0,Yes,Low,Yes
27,Female,98914.0,Urban,12.9,2,Sedan,6,5,No,5.0,Yes,Low,Yes
34,Female,30000.0,Suburban,36.3,1,SUV,6,3,Yes,5.0,No,Low,No
30,Male,67762.0,Urban,41.0,1,SUV,6,5,No,2.0,No,Medium,No
51,Female,121345.0,Rural,18.5,2,Hatchback,2,3,Yes,4.0,Yes,Low,Yes
27,Female,42324.0,Urban,69.2,2,SUV,8,6,Yes,5.0,Yes,Low,No
47,Male,38274.0,Suburban,74.6,1,Sedan,3,6,Yes,1.0,Yes,Low,No
52,Female,174000.0,Urban,25.4,2,SUV,5,11,No,3.0,Yes,Low,Yes
39,Other,155701.0,Urban,31.7,3,SUV,11,6,No,5.0,No,Low,No
35,Male,154904.0,Suburban,37.8,2,Sedan,2,8,No,2.0,No,High,No
28,Male,42782.0,Urban,41.1,3,Sedan,8,15,Yes,5.0,Yes,Low,No
55,Male,56202.0,Urban,36.8,2,Truck,14,19,Yes,4.0,Yes,Low,Yes
61,Male,64511.0,Urban,28.4,1,Sedan,3,12,Yes,2.0,Yes,Low,No
66,Female,102245.0,Urban,26.1,3,Sedan,8,6,No,4.0,Yes,Low,Yes
43,Female,143397.0,Suburban,70.2,4,Hatchback,2,5,Yes,4.0,No,Low,No
62,Male,56892.0,Urban,5.0,4,Hatchback,8,4,Yes,3.0,No,Low,No
43,Male,134325.0,Suburban,72.1,1,SUV,4,2,Yes,2.0,No,Low,No
27,Female,67341.0,Suburban,59.9,2,SUV,7,8,Yes,5.0,Yes,Low,No
58,Female,97151.0,Urban,63.9,1,Sedan,5,12,Yes,3.0,Yes,Low,No
45,Female,143922.0,Suburban,43.9,2,Sedan,3,1,No,2.0,Yes,Medium,No
34,Male,46346.0,Suburban,6.4,2,Sedan,3,1,Yes,2.0,No,Low,No
48,Male,108200.0,Suburban,20.1,3,Sedan,1,2,Yes,3.0,No,Low,No
65,Other,83713.0,Urban,24.4,4,Sedan,7,14,Yes,1.0,No,Low,No
38,Other,149408.0,Urban,68.4,3,Sedan,2,11,No,3.0,Yes,Medium,Yes
63,Female,85079.0,Suburban,25.5,1,SUV,0,3,Yes,3.0,No,Low,No
56,Female,174000.0,Urban,61.7,2,Hatchback,7,4,No,5.0,Yes,Medium,Yes
41,Female,133358.0,Urban,11.6,2,Hatchback,6,12,No,2.0,Yes,Low,Yes
63,Male,61541.0,Suburban,24.6,1,Hatchback,2,2,No,2.0,No,Medium,No
48,Male,120437.0,Suburban,73.6,3,SUV,0,6,Yes,1.0,Yes,Low,No
33,Male,174000.0,Rural,27.9,2,Hatchback,1,0,No,2.0,No,Medium,No
39,Male,99325.0,Urban,35.9,1,SUV,5,14,No,4.0,No,Low,No
44,Male,113129.0,Urban,67.8,3,SUV,14,17,No,3.0,Yes,Medium,No
51,Female,82460.0,Suburban,29.2,2,SUV,2,1,Yes,2.0,Yes,Low,Yes
66,Other,75363.0,Urban,73.6,1,Sedan,8,3,Yes,3.0,Yes,Low,No
45,Female,78255.0,Urban,25.9,1,SUV,3,17,Yes,2.0,No,Low,No
39,Female,85051.0,Urban,35.3,2,SUV,4,12,No,1.0,Yes,Medium,No
67,Male,93544.0,Suburban,11.9,1,Sedan,7,7,No,4.0,No,Low,No
69,Female,99757.0,Urban,28.2,3,Hatchback,6,10,Yes,4.0,Yes,Low,No
31,Female,88412.0,Suburban,5.0,1,Hatchback,2,4,No,4.0,No,Medium,No
54,Other,125419.0,Urban,35.9,1,SUV,3,4,No,4.0,Yes,Medium,No
67,Male,41126.0,Suburban,67.0,2,SUV,3,6,Yes,5.0,No,Low,No
47,Male,62211.0,Urban,85.3,3,SUV,13,10,No,1.0,Yes,Medium,No
28,Male,72805.0,Urban,30.0,2,Sedan,10,4,No,2.0,No,Low,No
33,Male,88108.0,Suburban,44.4,3,SUV,2,6,No,1.0,Yes,Medium,No
62,Female,80871.0,Suburban,47.8,3,Sedan,5,4,Yes,2.0,Yes,Low,No
31,Female,126891.0,Rural,28.5,1,SUV,1,3,Yes,5.0,No,Low,No
64,Male,117475.0,Urban,81.7,3,Sedan,13,12,No,3.0,Yes,Medium,No
30,Female,75582.0,Urban,37.5,2,SUV,13,14,Yes,1.0,Yes,Low,No
65,Male,90597.0,Rural,46.7,2,SUV,0,3,Yes,5.0,Yes,Low,Yes
49,Female,30000.0,Urban,37.0,2,Truck,3,17,No,3.0,No,Low,No
37,Male,53192.0,Urban,58.5,1,Sedan,2,5,No,5.0,Yes,Low,No
31,Female,147199.0,Urban,40.1,3,SUV,12,7,Yes,2.0,Yes,Low,Yes
30,Female,106431.0,Suburban,63.9,1,SUV,2,4,Yes,5.0,No,Low,No
43,Male,86877.0,Urban,48.4,4,Hatchback,5,18,No,4.0,Yes,Low,No
33,Male,78897.0,Urban,5.0,1,SUV,4,6,Yes,1.0,No,Low,No
68,Male,85462.0,Suburban,5.8,1,SUV,3,1,Yes,3.0,No,Low,No
53,Male,30000.0,Rural,46.3,2,Sedan,1,2,Yes,1.0,No,Low,No
46,Female,84758.0,Urban,38.8,1,SUV,9,14,Yes,4.0,Yes,Low,Yes
67,Male,99247.0,Urban,47.0,4,Sedan,7,16,Yes,1.0,Yes,Low,No
69,Female,82465.0,Urban,38.3,1,Hatchback,3,16,Yes,5.0,No,Low,No
64,Male,93922.0,Suburban,52.7,4,SUV,4,4,No,2.0,No,Medium,No
63,Male,52886.0,Urban,61.9,1,SUV,12,3,No,1.0,No,Medium,No
66,Male,43248.0,Suburban,38.5,2,Hatchback,6,2,Yes,1.0,No,Low,No
59,Male,72637.0,Urban,23.8,2,Hatchback,7,6,Yes,5.0,Yes,Low,Yes
41,Male,61515.0,Urban,34.4,2,Truck,10,19,No,2.0,Yes,Low,No
54,Female,174000.0,Suburban,50.7,1,SUV,4,6,Yes,4.0,No,Low,No
41,Male,86436.0,Suburban,84.1,2,SUV,0,5,No,4.0,No,Medium,No
62,Female,96968.0,Urban,50.5,3,Sedan,5,17,No,4.0,Yes,Low,Yes
64,Male,39412.0,Rural,23.2,1,Hatchback,1,3,Yes,1.0,No,Low,No
66,Male,30000.0,Rural,64.9,1,Truck,0,0,No,4.0,Yes,Medium,No
65,Male,112357.0,Urban,69.1,1,Hatchback,2,15,Yes,2.0,Yes,Low,Yes
33,Other,89376.0,Urban,74.4,3,Truck,7,19,No,2.0,No,Low,No
33,Female,84906.0,Urban,37.4,3,Sedan,13,5,No,1.0,No,Low,No
47,Male,107490.0,Rural,16.2,2,Sedan,0,0,Yes,2.0,Yes,Low,No
67,Male,36350.0,Suburban,32.3,2,Sedan,0,5,Yes,2.0,Yes,Low,No
63,Male,49270.0,Urban,44.9,2,Hatchback,2,11,Yes,1.0,Yes,Low,No
63,Male,104732.0,Suburban,46.2,4,Sedan,7,5,Yes,2.0,No,Low,No
41,Other,94763.0,Suburban,55.0,2,Sedan,0,4,Yes,5.0,Yes,Low,No
42,Male,30000.0,Rural,57.7,2,Sedan,0,1,Yes,5.0,No,Low,No
47,Male,73842.0,Urban,15.9,2,SUV,3,9,No,1.0,Yes,Low,No
40,Female,78274.0,Suburban,34.7,2,SUV,5,1,Yes,1.0,No,Low,No
43,Male,91603.0,Rural,75.1,2,Sedan,2,2,Yes,2.0,Yes,Low,No
62,Female,67941.0,Urban,74.0,1,SUV,9,4,No,2.0,Yes,Low,No
27,Other,30000.0,Urban,40.9,2,Sedan,12,19,No,1.0,No,Medium,No
27,Female,35856.0,Urban,14.3,2,SUV,2,12,No,2.0,Yes,Low,No
56,Other,84427.0,Suburban,37.1,3,Sedan,5,3,Yes,3.0,Yes,Low,Yes
39,Female,155116.0,Urban,16.1,1,Sedan,11,13,Yes,5.0,Yes,Low,Yes
31,Male,111132.0,Rural,32.1,4,Sedan,1,1,Yes,5.0,Yes,Low,Yes
65,Male,99853.0,Urban,46.3,2,Sedan,3,19,Yes,1.0,Yes,Low,No
30,Male,83207.0,Suburban,31.9,1,Truck,3,5,Yes,3.0,No,Low,No
59,Male,73361.0,Urban,39.0,1,SUV,5,16,No,4.0,No,Low,No
56,Male,94575.0,Urban,28.8,1,SUV,14,16,Yes,1.0,Yes,Low,No
29,Female,53786.0,Urban,67.1,3,Hatchback,13,7,Yes,1.0,Yes,Low,No
31,Female,53217.0,Suburban,39.0,1,Sedan,7,3,Yes,3.0,Yes,Low,No
45,Male,66983.0,Urban,46.0,2,Hatchback,12,19,Yes,4.0,No,Low,No
43,Male,64973.0,Suburban,48.9,1,Sedan,4,6,No,2.0,No,High,No
27,Female,30000.0,Suburban,44.0,1,Sedan,0,4,Yes,5.0,Yes,Low,Yes
48,Female,132670.0,Urban,14.1,2,SUV,2,17,Yes,3.0,Yes,Low,No
48,Female,65525.0,Urban,70.6,1,Sedan,8,11,No,1.0,No,Medium,No
62,Female,118904.0,Suburban,54.0,1,SUV,0,1,Yes,4.0,Yes,Low,No
25,Female,45187.0,Urban,29.5,1,Truck,2,9,No,3.0,No,Low,No
31,Male,95812.0,Urban,35.6,2,Sedan,9,14,No,1.0,Yes,Medium,No
64,Female,86449.0,Suburban,41.6,1,Sedan,5,5,Yes,5.0,Yes,Low,No
54,Male,68043.0,Suburban,80.2,1,SUV,1,2,No,5.0,No,High,No
58,Male,105787.0,Suburban,37.4,2,Hatchback,1,7,Yes,2.0,No,Low,No
43,Female,55197.0,Rural,43.0,3,Sedan,0,0,Yes,5.0,Yes,Low,No
25,Female,40848.0,Suburban,64.9,2,SUV,5,6,No,5.0,Yes,High,No
26,Male,37821.0,Rural,60.3,1,Hatchback,1,3,Yes,4.0,Yes,Low,No
35,Male,30000.0,Rural,53.7,3,SUV,1,0,Yes,3.0,No,Low,No
47,Male,30000.0,Suburban,33.9,1,Sedan,5,6,Yes,5.0,No,Low,No
27,Female,30000.0,Urban,78.6,1,Sedan,11,5,No,1.0,No,Medium,No
63,Female,84287.0,Rural,17.4,2,SUV,1,0,Yes,2.0,Yes,Low,No
37,Female,84287.0,Urban,13.6,2,Truck,7,6,No,5.0,Yes,Low,Yes
58,Male,117413.0,Suburban,42.6,1,Sedan,6,6,Yes,3.0,Yes,Low,Yes
40,Male,85332.0,Urban,45.7,1,SUV,4,16,No,2.0,No,Low,No
67,Male,171971.0,Urban,22.8,1,Sedan,10,14,Yes,4.0,Yes,Low,Yes
32,Male,38174.0,Urban,38.0,2,Hatchback,13,5,No,3.0,Yes,Low,No
26,Female,80200.0,Suburban,49.1,2,SUV,4,7,Yes,3.0,Yes,Low,No
29,Female,45123.0,Suburban,69.4,1,Sedan,3,7,Yes,5.0,Yes,Low,Yes
67,Male,54268.0,Rural,80.5,3,SUV,2,0,No,2.0,No,High,No
64,Female,56805.0,Suburban,43.7,2,Truck,6,8,No,4.0,Yes,Low,Yes
26,Female,127423.0,Urban,5.0,1,Hatchback,7,4,No,4.0,No,Low,No
30,Female,63441.0,Urban,24.9,3,Truck,11,9,Yes,5.0,No,Low,No
28,Male,30000.0,Urban,33.4,1,Sedan,6,14,Yes,5.0,Yes,Low,Yes
53,Male,63254.0,Suburban,38.0,1,Sedan,5,3,No,2.0,No,Medium,No
27,Female,88670.0,Urban,48.0,3,Sedan,11,11,Yes,4.0,Yes,Low,Yes
52,Female,79786.0,Suburban,46.6,1,Sedan,5,9,No,3.0,Yes,Low,No
39,Male,154059.0,Suburban,52.2,2,Sedan,6,4,Yes,5.0,Yes,Low,Yes
37,Female,47920.0,Urban,69.6,4,Sedan,9,6,No,5.0,No,Medium,No
29,Female,85667.0,Suburban,5.0,2,Hatchback,5,8,No,1.0,No,Medium,No
48,Female,105077.0,Urban,91.6,2,Sedan,2,8,Yes,3.0,Yes,Low,No
38,Female,112422.0,Suburban,34.3,2,SUV,5,4,Yes,1.0,Yes,Low,No
43,Female,85292.0,Urban,17.4,3,Hatchback,5,17,No,4.0,Yes,Low,Yes
61,Male,95892.0,Urban,68.1,2,Sedan,7,6,Yes,1.0,No,Low,No
29,Male,50395.0,Urban,55.6,2,SUV,14,5,No,1.0,No,Low,No
50,Female,52265.0,Suburban,41.7,1,Sedan,7,6,Yes,3.0,No,Low,No
47,Male,155970.0,Suburban,47.8,1,Truck,5,8,Yes,4.0,No,Low,No
65,Male,63828.0,Urban,106.0,1,SUV,7,19,No,2.0,No,Low,No
32,Male,84657.0,Suburban,7.9,1,SUV,7,9,No,2.0,Yes,Low,No
67,Other,107147.0,Urban,16.1,1,Hatchback,8,19,No,1.0,No,Low,No
27,Female,91553.0,Urban,35.4,3,Sedan,10,19,No,1.0,Yes,Low,No
44,Male,95160.0,Suburban,49.0,2,Sedan,2,4,Yes,3.0,Yes,Low,Yes
44,Female,84233.0,Suburban,37.2,2,SUV,0,9,Yes,4.0,Yes,Low,No
29,Female,147596.0,Urban,84.4,2,Sedan,4,5,No,1.0,No,Medium,No
68,Female,44040.0,Rural,34.5,2,Sedan,1,2,Yes,1.0,Yes,Low,No
50,Male,87558.0,Urban,85.3,1,SUV,11,8,No,5.0,Yes,High,No
41,Male,85132.0,Urban,47.5,2,SUV,8,19,No,1.0,No,Medium,No
26,Female,41767.0,Suburban,7.0,1,Truck,6,9,Yes,4.0,No,Low,No
27,Female,68691.0,Suburban,43.6,2,Truck,3,4,Yes,3.0,Yes,Low,No
34,Male,84287.0,Suburban,74.0,2,SUV,0,7,Yes,3.0,Yes,Low,Yes
62,Male,102259.0,Suburban,61.0,2,SUV,5,8,No,5.0,Yes,Medium,Yes
26,Female,98140.0,Suburban,41.5,2,SUV,1,2,Yes,4.0,No,Low,No
49,Other,111342.0,Suburban,19.6,2,Hatchback,4,5,Yes,3.0,No,Low,No
45,Male,96593.0,Urban,92.3,1,SUV,2,3,No,2.0,No,High,No
42,Male,96355.0,Urban,46.6,2,Truck,6,9,Yes,2.0,Yes,Low,No
46,Female,121660.0,Urban,10.4,2,SUV,12,10,Yes,1.0,Yes,Low,No
58,Female,30000.0,Urban,13.6,2,SUV,10,16,Yes,3.0,No,Low,No
66,Male,98803.0,Urban,73.2,3,Sedan,12,6,Yes,3.0,Yes,Low,No
69,Male,30000.0,Urban,34.5,1,Sedan,8,11,No,3.0,Yes,Low,No
61,Male,107621.0,Urban,53.3,2,Sedan,12,14,Yes,2.0,Yes,Low,No
63,Female,59758.0,Urban,44.3,1,Sedan,8,4,No,5.0,No,Low,No
54,Female,98225.0,Suburban,25.1,3,SUV,2,5,Yes,2.0,Yes,Low,No
57,Male,41632.0,Suburban,26.0,1,Sedan,3,2,Yes,5.0,No,Low,No
30,Male,133907.0,Suburban,13.8,1,SUV,7,4,Yes,5.0,No,Low,No
37,Other,71174.0,Rural,73.3,1,Truck,2,3,Yes,3.0,Yes,Low,No
44,Female,92577.0,Urban,40.9,2,Sedan,7,3,No,3.0,No,Medium,No
58,Male,87683.0,Suburban,6.6,3,Sedan,4,8,Yes,2.0,Yes,Low,No
37,Male,53081.0,Urban,71.6,1,Sedan,8,18,Yes,4.0,Yes,Low,No
66,Female,111748.0,Urban,16.2,3,Sedan,4,19,No,2.0,Yes,Low,No
46,Male,33757.0,Urban,51.7,4,SUV,3,5,Yes,3.0,Yes,Low,No
45,Male,58781.0,Rural,5.0,1,Sedan,0,0,Yes,4.0,No,Low,No
38,Male,96322.0,Urban,12.1,2,Sedan,8,15,No,5.0,Yes,Low,Yes
60,Female,69202.0,Suburban,25.1,1,Sedan,6,3,Yes,4.0,No,Low,No
29,Male,30000.0,Urban,45.8,2,SUV,12,19,Yes,5.0,No,Low,No
44,Female,78012.0,Urban,34.5,2,Sedan,3,19,Yes,2.0,Yes,Low,No
66,Female,49450.0,Suburban,16.3,1,Sedan,5,2,Yes,2.0,No,Low,No
64,Male,174000.0,Urban,69.3,3,SUV,11,8,No,4.0,No,Medium,No
36,Female,30000.0,Suburban,62.8,2,Sedan,1,5,Yes,1.0,Yes,Medium,No
64,Male,106439.0,Suburban,33.4,3,Sedan,2,7,Yes,3.0,No,Low,No
53,Other,70908.0,Urban,36.4,1,Sedan,3,5,No,1.0,No,Medium,No
59,Male,60218.0,Suburban,53.9,1,Sedan,6,4,Yes,4.0,Yes,Low,No
62,Male,146538.0,Urban,20.7,2,Sedan,13,9,No,1.0,No,Low,No
36,Female,144676.0,Urban,50.7,3,SUV,6,8,Yes,3.0,No,Low,No
36,Male,96599.0,Suburban,38.349999999999994,3,Truck,1,7,No,5.0,Yes,Medium,No
44,Male,147480.0,Suburban,33.9,1,SUV,6,7,No,3.0,Yes,Low,Yes
50,Female,61924.0,Urban,15.5,1,Truck,4,14,No,5.0,Yes,Low,Yes
57,Female,130118.0,Urban,98.8,2,Sedan,9,18,Yes,2.0,No,Low,No
65,Female,32236.0,Rural,5.0,2,SUV,0,2,No,1.0,Yes,Medium,No
62,Female,93259.0,Urban,50.9,1,Sedan,14,10,No,3.0,No,Low,No
52,Male,69148.0,Suburban,9.4,1,Hatchback,0,9,Yes,5.0,Yes,Low,Yes
55,Male,107814.0,Suburban,55.0,1,Truck,5,5,Yes,5.0,Yes,Low,Yes
53,Male,107293.0,Rural,39.5,1,Hatchback,2,1,Yes,2.0,No,Low,No
47,Female,111390.0,Rural,48.3,2,SUV,0,1,Yes,3.0,Yes,Low,Yes
35,Male,98239.0,Urban,38.3,2,Truck,7,18,No,1.0,Yes,Low,No
42,Female,101226.0,Rural,84.6,2,SUV,0,1,Yes,2.0,Yes,Low,No
30,Female,105817.0,Suburban,80.6,1,Truck,1,8,Yes,4.0,Yes,Low,Yes
46,Male,81562.0,Urban,21.3,1,Sedan,9,19,Yes,3.0,Yes,Low,No
29,Male,78941.0,Urban,48.9,2,Sedan,11,16,No,1.0,Yes,Low,No
30,Male,30000.0,Suburban,49.7,2,Sedan,3,7,Yes,1.0,Yes,Low,No
54,Male,84748.0,Urban,5.0,1,Sedan,10,16,Yes,4.0,Yes,Low,Yes
66,Female,101888.0,Urban,50.5,2,Hatchback,6,9,No,1.0,No,Medium,No
63,Female,68868.0,Suburban,20.2,1,Sedan,4,9,Yes,2.0,Yes,Low,No
47,Male,81105.0,Urban,62.2,2,Sedan,4,7,No,1.0,No,Medium,No
35,Female,79043.0,Suburban,9.5,1,Sedan,6,4,Yes,1.0,Yes,Low,No
26,Male,67819.0,Suburban,37.5,1,Sedan,4,4,Yes,5.0,No,Low,No
38,Female,79890.0,Suburban,18.6,1,SUV,2,9,Yes,5.0,Yes,Low,Yes
33,Male,40892.0,Rural,44.4,1,Truck,1,3,No,5.0,Yes,Medium,No
51,Female,69054.0,Urban,19.5,2,Truck,13,7,Yes,1.0,Yes,Low,No
41,Male,103884.0,Urban,34.8,2,Sedan,14,8,Yes,5.0,Yes,Low,Yes
25,Female,89609.0,Suburban,56.1,2,Sedan,3,8,Yes,5.0,Yes,Low,Yes
42,Female,106085.0,Rural,33.4,3,SUV,2,2,Yes,2.0,Yes,Low,No
45,Female,91687.0,Rural,22.2,1,SUV,2,0,Yes,1.0,Yes,Low,No
27,Female,148268.0,Suburban,28.9,1,SUV,6,1,Yes,5.0,Yes,Low,Yes
45,Female,71973.0,Urban,66.2,1,Truck,2,6,No,1.0,Yes,Medium,No
63,Male,113137.0,Urban,42.7,2,SUV,13,7,Yes,5.0,Yes,Low,Yes
55,Male,73597.0,Urban,32.8,2,Sedan,14,4,No,3.0,No,Medium,No
51,Female,41173.0,Rural,23.2,2,SUV,0,3,Yes,5.0,Yes,Low,Yes
49,Female,34942.0,Suburban,42.4,2,Truck,0,9,Yes,5.0,Yes,Low,Yes
46,Male,93586.0,Suburban,5.0,2,Sedan,2,6,Yes,5.0,Yes,Low,Yes
63,Female,58519.0,Urban,47.7,1,Hatchback,12,19,Yes,2.0,No,Low,No
35,Male,98754.0,Rural,30.1,2,Sedan,1,0,Yes,5.0,No,Low,No
57,Male,146435.0,Rural,37.5,1,Truck,1,0,Yes,4.0,No,Low,Yes
44,Male,30000.0,Suburban,51.8,1,Truck,0,4,No,3.0,No,Medium,No
38,Other,82436.0,Suburban,52.1,2,Truck,3,1,Yes,4.0,Yes,Medium,Yes
30,Female,72135.0,Rural,69.5,1,SUV,2,1,No,1.0,No,Medium,No
31,Male,32979.0,Urban,14.5,1,Sedan,9,9,No,1.0,No,Low,No
52,Male,71332.0,Suburban,25.3,2,SUV,2,7,Yes,2.0,No,Low,No
53,Male,64103.0,Urban,58.3,3,Sedan,7,5,No,1.0,No,Medium,No
31,Male,50896.0,Urban,52.0,2,SUV,4,16,No,4.0,No,Low,No
66,Female,88310.0,Urban,15.4,1,Hatchback,14,18,Yes,4.0,Yes,Low,No
58,Female,56734.0,Suburban,67.6,1,Sedan,3,8,Yes,2.0,Yes,Low,No
32,Female,30000.0,Suburban,19.9,1,Hatchback,5,5,Yes,5.0,No,Low,No
48,Female,77067.0,Urban,33.9,3,Sedan,7,16,Yes,4.0,Yes,Low,Yes
51,Male,49346.0,Urban,33.2,3,Hatchback,11,19,Yes,4.0,Yes,Low,No
39,Male,97033.0,Suburban,40.6,2,SUV,2,5,Yes,5.0,No,Low,No
46,Male,30000.0,Urban,75.5,4,Truck,3,6,No,1.0,No,Medium,No
64,Female,89051.0,Suburban,42.5,1,Hatchback,3,5,Yes,1.0,No,Low,No
40,Female,74862.0,Urban,51.8,3,Hatchback,8,19,Yes,5.0,No,Low,No
25,Male,81951.0,Urban,47.4,2,SUV,11,19,Yes,1.0,Yes,Low,No
66,Male,30000.0,Urban,55.3,2,Sedan,7,3,No,1.0,Yes,Medium,No
27,Female,106111.0,Suburban,34.5,3,SUV,7,9,Yes,3.0,No,Low,No
47,Male,72991.0,Rural,22.7,2,Sedan,2,1,Yes,5.0,Yes,Low,Yes
44,Female,140560.0,Urban,31.3,1,Truck,6,18,Yes,2.0,Yes,Low,Yes
64,Male,74541.0,Suburban,34.7,3,SUV,1,8,No,5.0,No,Low,No
38,Female,133134.0,Rural,39.3,2,Sedan,1,3,Yes,5.0,No,Low,No
30,Other,67070.0,Suburban,32.2,2,SUV,6,3,Yes,1.0,Yes,Low,No
69,Other,160772.0,Urban,29.1,2,SUV,9,12,Yes,4.0,No,Low,No
40,Male,30000.0,Urban,54.4,2,SUV,11,14,Yes,3.0,Yes,Low,No
36,Male,125088.0,Suburban,48.3,2,SUV,3,5,No,4.0,Yes,Medium,No
31,Male,30000.0,Suburban,24.4,3,SUV,1,2,Yes,3.0,No,Low,No
61,Male,103664.0,Urban,64.2,2,SUV,8,12,No,1.0,No,Low,No
37,Female,126744.0,Urban,52.6,1,Sedan,4,4,Yes,1.0,No,Low,No
38,Male,46543.0,Urban,12.3,1,SUV,2,16,No,4.0,Yes,Low,No
54,Male,95212.0,Suburban,96.8,2,Sedan,5,3,Yes,5.0,No,Low,No
46,Female,115317.0,Urban,70.3,1,SUV,10,15,Yes,5.0,Yes,Low,Yes
68,Male,131577.0,Suburban,5.0,2,Hatchback,7,3,Yes,2.0,Yes,Low,Yes
53,Male,91988.0,Urban,103.9,2,Sedan,4,5,No,4.0,No,High,No
45,Male,100545.0,Urban,16.3,2,Sedan,14,5,Yes,1.0,No,Low,No
31,Female,62670.0,Suburban,18.3,3,Sedan,3,9,Yes,3.0,No,Low,No
39,Male,96538.0,Suburban,83.7,1,SUV,3,6,No,3.0,Yes,Medium,No
44,Male,121749.0,Rural,58.5,1,SUV,2,3,Yes,4.0,Yes,Low,Yes
40,Female,53838.0,Suburban,28.7,3,SUV,3,7,Yes,3.0,No,Low,No
68,Male,98242.0,Urban,72.7,2,SUV,5,13,Yes,3.0,Yes,Low,No
58,Female,66291.0,Urban,58.3,2,Sedan,8,12,No,3.0,Yes,Low,No
58,Male,113851.0,Urban,41.2,1,Sedan,9,19,Yes,4.0,Yes,Low,Yes
36,Female,100067.0,Urban,66.3,2,SUV,14,10,No,3.0,No,Low,No
65,Male,100317.0,Urban,79.6,1,Sedan,8,19,No,2.0,Yes,Low,No
69,Male,128072.0,Urban,63.1,1,SUV,10,12,Yes,2.0,Yes,Low,No
68,Female,107925.0,Urban,75.3,2,SUV,10,10,No,1.0,Yes,Medium,No
54,Female,92749.0,Suburban,41.1,2,Sedan,3,5,Yes,5.0,Yes,Low,Yes
28,Female,53551.0,Urban,9.3,2,Truck,2,14,Yes,1.0,Yes,Low,No
64,Male,50395.0,Urban,10.5,1,Sedan,6,17,No,2.0,Yes,Low,No
38,Male,87836.0,Urban,36.1,1,Sedan,7,8,No,4.0,No,Low,No
63,Male,94641.0,Suburban,69.5,2,SUV,7,1,Yes,3.0,No,Medium,No
28,Male,96517.0,Urban,76.0,3,Truck,14,6,Yes,5.0,No,Low,Yes
57,Male,137541.0,Suburban,21.1,2,SUV,1,6,Yes,2.0,Yes,Low,Yes
33,Male,66839.0,Rural,19.9,2,SUV,1,0,Yes,1.0,Yes,Low,No
34,Male,107798.0,Suburban,46.6,1,Hatchback,3,5,Yes,2.0,No,Low,No
38,Female,139785.0,Urban,68.9,3,Sedan,9,14,Yes,3.0,No,Low,No
40,Male,86903.0,Rural,24.9,2,Sedan,0,1,Yes,4.0,Yes,Low,No
30,Male,100878.0,Urban,42.9,1,SUV,2,6,Yes,4.0,Yes,Low,Yes
58,Female,40640.0,Suburban,20.1,1,SUV,5,7,Yes,3.0,Yes,Low,No
54,Male,64626.0,Suburban,42.9,2,Hatchback,4,5,Yes,4.0,Yes,Low,No
40,Female,52251.0,Urban,59.0,2,Sedan,3,19,No,1.0,No,Medium,No
50,Other,75904.0,Urban,35.7,3,SUV,4,12,Yes,1.0,Yes,Low,No
61,Male,94236.0,Urban,13.8,2,SUV,2,6,Yes,5.0,Yes,Low,Yes
68,Male,96803.0,Rural,55.6,2,SUV,1,2,Yes,1.0,Yes,Low,No
55,Female,100678.0,Rural,36.8,1,Sedan,1,0,Yes,4.0,No,Low,No
29,Female,97630.0,Rural,46.8,1,Sedan,1,2,Yes,4.0,Yes,Low,Yes
69,Female,119322.0,Urban,54.4,2,Truck,6,18,No,5.0,No,Low,No
30,Male,93729.0,Suburban,30.1,1,Sedan,0,4,Yes,5.0,Yes,Low,Yes
66,Female,86844.0,Rural,35.3,1,Sedan,2,2,Yes,2.0,Yes,Low,No
66,Male,119835.0,Urban,28.6,2,SUV,2,14,Yes,3.0,No,Low,No
39,Male,67778.0,Suburban,19.2,2,Truck,0,6,No,2.0,Yes,Medium,No
28,Male,75888.0,Rural,35.9,3,Sedan,2,3,Yes,4.0,Yes,Low,Yes
25,Female,72768.0,Urban,36.0,4,Truck,2,6,No,4.0,No,Low,No
48,Female,71121.0,Rural,36.2,2,Sedan,0,1,No,3.0,Yes,Medium,No
41,Male,106993.0,Urban,76.1,3,SUV,8,18,Yes,5.0,No,Low,No
67,Male,76946.0,Suburban,62.2,1,Truck,2,4,Yes,3.0,No,Low,No
45,Male,150089.0,Urban,37.5,1,Sedan,9,6,Yes,3.0,No,Low,No
49,Female,96727.0,Urban,63.1,2,Sedan,7,18,No,3.0,Yes,Medium,No
65,Male,46893.0,Urban,61.5,2,SUV,6,15,No,1.0,No,Medium,No
50,Female,58259.0,Suburban,48.3,1,Sedan,1,6,Yes,4.0,Yes,Low,No
65,Male,111593.0,Urban,25.3,3,Sedan,12,18,Yes,4.0,Yes,Low,Yes
35,Male,166757.0,Urban,45.7,3,Sedan,13,15,No,2.0,Yes,Low,Yes
39,Female,79750.0,Urban,43.7,2,Hatchback,5,4,Yes,1.0,No,Low,No
58,Female,103079.0,Rural,41.6,2,Sedan,0,2,Yes,3.0,Yes,Low,No
26,Male,143438.0,Urban,35.7,4,Hatchback,9,6,No,4.0,Yes,Medium,No
33,Female,101725.0,Urban,27.0,2,Sedan,12,5,Yes,2.0,No,Low,No
39,Male,55532.0,Urban,55.1,1,SUV,6,15,No,1.0,Yes,Medium,No
62,Female,90674.0,Suburban,47.8,1,SUV,0,9,No,5.0,Yes,Medium,No
53,Female,109211.0,Suburban,30.8,1,Hatchback,0,3,No,4.0,No,Low,No
41,Male,91728.0,Suburban,17.1,2,SUV,3,8,Yes,1.0,Yes,Low,No
42,Male,107418.0,Suburban,20.9,1,Sedan,5,3,Yes,3.0,No,Low,No
52,Male,121075.0,Urban,44.1,1,Sedan,8,5,Yes,5.0,Yes,Low,Yes
58,Male,33144.0,Rural,18.4,2,Sedan,2,2,No,5.0,No,Medium,No
39,Male,76495.0,Suburban,50.2,2,Hatchback,2,1,Yes,2.0,Yes,Low,No
46,Female,120518.0,Suburban,5.0,2,Sedan,0,1,No,3.0,Yes,Medium,No
50,Female,92642.0,Urban,25.6,1,Hatchback,14,17,Yes,3.0,No,Low,No
57,Male,145403.0,Urban,31.5,1,Sedan,2,17,No,2.0,No,Low,No
61,Male,140587.0,Urban,13.4,2,Sedan,9,9,Yes,2.0,Yes,Low,No
25,Male,103229.0,Suburban,106.0,1,Sedan,2,1,Yes,3.0,No,Low,No
45,Female,58652.0,Suburban,77.6,2,Sedan,7,8,Yes,3.0,Yes,Low,No
31,Female,165093.0,Urban,63.6,1,SUV,3,14,No,1.0,No,Low,No
37,Female,95106.0,Urban,16.9,2,Hatchback,10,17,No,5.0,Yes,Low,No
56,Male,105071.0,Urban,47.4,3,Hatchback,13,16,No,2.0,No,Low,No
68,Male,79234.0,Suburban,5.0,2,SUV,4,7,Yes,2.0,Yes,Low,Yes
55,Male,75891.0,Suburban,35.7,2,Sedan,1,3,Yes,2.0,No,Low,No
65,Male,86844.0,Suburban,66.9,2,Sedan,1,7,Yes,3.0,No,Low,No
29,Female,68341.0,Suburban,41.2,1,SUV,3,2,No,3.0,Yes,Medium,No
49,Male,151110.0,Urban,56.4,2,Truck,8,17,No,2.0,Yes,Low,No
61,Female,30000.0,Urban,56.8,1,SUV,11,3,Yes,3.0,No,Low,No
34,Male,30000.0,Urban,5.0,2,SUV,5,7,Yes,1.0,Yes,Low,No
40,Male,72570.0,Suburban,14.8,2,Truck,0,3,No,1.0,Yes,Low,No
35,Female,30000.0,Urban,5.0,2,Sedan,12,17,Yes,4.0,No,Low,No
55,Male,41365.0,Rural,23.3,2,SUV,0,1,Yes,5.0,Yes,Low,No
31,Female,94660.0,Urban,55.1,2,Sedan,10,11,No,3.0,Yes,Medium,No
67,Male,70893.0,Rural,49.5,1,SUV,2,0,Yes,2.0,No,Low,No
51,Female,101720.0,Urban,46.8,2,Sedan,7,18,No,1.0,Yes,Low,No
58,Male,47216.0,Rural,42.0,3,Sedan,2,1,Yes,2.0,No,Low,No
25,Female,79595.0,Urban,43.9,2,Sedan,7,17,Yes,5.0,Yes,Low,Yes
47,Male,108244.0,Suburban,26.2,2,Sedan,1,5,Yes,1.0,Yes,Low,No
54,Male,62705.0,Rural,58.3,1,Sedan,0,1,Yes,1.0,Yes,Low,No
56,Male,51741.0,Urban,24.3,2,Truck,6,4,Yes,1.0,Yes,Low,No
47,Male,128293.0,Urban,63.2,1,Sedan,14,12,No,4.0,No,Low,No
51,Female,104990.0,Urban,33.0,1,Hatchback,4,7,No,5.0,No,Medium,No
28,Female,95621.0,Urban,5.3,2,Sedan,7,9,No,3.0,No,Low,No
34,Male,132496.0,Urban,5.0,2,Truck,4,18,No,2.0,No,Low,No
54,Female,96613.0,Rural,20.0,2,Truck,1,2,Yes,1.0,Yes,Low,No
67,Male,121025.0,Urban,42.5,1,SUV,14,7,No,5.0,Yes,Low,Yes
26,Male,101603.0,Suburban,65.9,2,Sedan,3,7,Yes,2.0,No,Low,No
40,Male,66408.0,Urban,32.3,1,Truck,7,7,Yes,2.0,Yes,Low,No
68,Female,46929.0,Rural,36.9,1,Sedan,0,2,Yes,5.0,Yes,Low,No
63,Female,99359.0,Rural,14.0,4,Hatchback,2,2,Yes,1.0,Yes,Low,No
26,Male,107315.0,Urban,59.3,4,SUV,4,11,No,4.0,No,Low,No
35,Female,48028.0,Suburban,18.8,3,Hatchback,0,1,Yes,2.0,Yes,Low,No
47,Male,30000.0,Suburban,44.9,2,SUV,2,4,Yes,4.0,Yes,Low,No
59,Female,78418.0,Suburban,45.8,1,SUV,0,5,Yes,2.0,Yes,Low,No
36,Male,86831.0,Urban,21.9,2,Hatchback,5,17,No,5.0,Yes,Low,Yes
57,Female,85513.0,Urban,43.9,2,SUV,12,11,Yes,1.0,Yes,Low,No
28,Male,66646.0,Suburban,32.4,2,SUV,0,8,Yes,5.0,Yes,Low,No
68,Male,96854.0,Urban,59.7,3,Truck,12,11,No,2.0,Yes,Medium,No
56,Male,121778.0,Suburban,52.4,1,Truck,1,1,No,3.0,No,Medium,No
55,Male,85475.0,Urban,24.3,3,Sedan,3,13,No,3.0,No,Low,No
64,Female,72649.0,Urban,61.1,2,Sedan,11,19,Yes,4.0,No,Low,No
41,Female,51280.0,Suburban,21.3,2,Sedan,4,7,Yes,1.0,No,Low,No
41,Female,85913.0,Suburban,61.2,1,Sedan,7,8,Yes,5.0,No,Low,No
55,Male,61100.0,Suburban,95.9,1,SUV,3,1,Yes,3.0,Yes,Low,No
50,Female,120602.0,Suburban,106.0,3,SUV,3,2,Yes,5.0,No,Medium,No
67,Female,89340.0,Suburban,38.95,2,SUV,5,6,Yes,2.0,No,Low,No
35,Male,92040.0,Urban,61.9,1,Sedan,14,14,Yes,5.0,No,Low,No
47,Female,110708.0,Suburban,11.4,1,SUV,3,3,Yes,3.0,Yes,Low,Yes
58,Male,72683.0,Urban,39.3,4,SUV,8,15,Yes,2.0,Yes,Low,Yes
63,Other,154551.0,Suburban,51.9,2,Sedan,2,9,No,3.0,Yes,Low,Yes
49,Male,135170.0,Suburban,38.9,1,Sedan,4,6,Yes,5.0,Yes,Low,Yes
55,Male,96915.0,Urban,18.4,1,SUV,7,11,Yes,4.0,No,Low,No
68,Female,128801.0,Rural,35.4,1,SUV,0,0,Yes,5.0,Yes,Low,Yes
39,Female,84164.0,Suburban,39.2,1,SUV,2,2,No,5.0,Yes,Medium,No
64,Male,110595.0,Rural,30.3,1,Sedan,0,0,Yes,2.0,No,Low,No
32,Male,69719.0,Rural,71.4,1,SUV,2,2,Yes,3.0,Yes,Low,Yes
44,Female,147129.0,Suburban,71.8,2,SUV,1,8,Yes,1.0,Yes,Low,No
36,Male,42205.0,Suburban,40.9,2,Sedan,6,7,Yes,5.0,Yes,Low,Yes
42,Female,102769.0,Urban,32.4,2,Sedan,10,5,Yes,5.0,Yes,Low,Yes
32,Female,104625.0,Rural,37.8,2,Hatchback,1,1,Yes,4.0,No,Low,No
48,Female,84906.0,Urban,38.6,3,Sedan,3,8,No,1.0,Yes,Medium,No
64,Male,69957.0,Suburban,21.1,2,SUV,7,7,Yes,4.0,No,Low,No
54,Female,134362.0,Suburban,106.0,2,SUV,5,4,Yes,3.0,Yes,Low,Yes
37,Female,120423.0,Urban,70.3,1,SUV,12,15,Yes,3.0,No,Low,No
53,Male,84609.0,Rural,80.3,2,Hatchback,1,1,Yes,3.0,Yes,Low,No
45,Male,57898.0,Urban,5.0,2,Hatchback,7,15,Yes,5.0,Yes,Low,Yes
65,Female,91032.0,Urban,40.4,2,Sedan,13,16,No,2.0,Yes,Low,No
47,Female,174000.0,Urban,79.5,1,Sedan,10,8,No,1.0,No,Medium,No
31,Male,42833.0,Suburban,77.7,2,Truck,7,5,Yes,1.0,Yes,Low,No
35,Male,129664.0,Suburban,14.1,2,SUV,5,9,Yes,2.0,Yes,Low,Yes
69,Male,94936.0,Urban,41.2,1,Hatchback,8,4,Yes,3.0,No,Low,No
40,Male,116472.0,Urban,5.0,4,SUV,10,13,Yes,2.0,No,Low,No
56,Female,80209.0,Urban,9.3,2,Sedan,9,13,No,3.0,No,Low,No
48,Male,62412.0,Rural,30.3,1,SUV,2,1,Yes,1.0,No,Low,No
41,Female,49809.0,Suburban,34.8,3,SUV,1,5,Yes,2.0,No,Low,No
56,Female,59534.0,Urban,60.7,4,SUV,12,5,Yes,3.0,No,Low,No
51,Female,88742.0,Urban,74.3,2,Sedan,3,10,Yes,1.0,No,Low,No
51,Male,84529.0,Suburban,36.7,1,Sedan,0,7,Yes,2.0,Yes,Low,No
40,Male,62210.0,Urban,43.8,2,Sedan,11,11,No,2.0,Yes,Low,No
55,Female,65737.0,Suburban,19.4,2,SUV,2,4,Yes,2.0,Yes,Low,No
67,Male,62724.0,Urban,31.5,2,SUV,14,14,No,3.0,Yes,Low,No
26,Male,69825.0,Suburban,60.4,3,Sedan,2,3,No,5.0,Yes,Low,Yes
46,Male,32282.0,Urban,67.2,1,SUV,10,8,No,3.0,Yes,Low,No
59,Female,85720.0,Urban,44.7,1,Hatchback,6,15,Yes,5.0,No,Low,No
51,Female,43864.0,Urban,28.4,3,SUV,4,9,No,2.0,No,Medium,No
42,Female,80675.0,Urban,85.9,2,Sedan,11,19,No,2.0,Yes,Low,No
67,Female,118144.0,Urban,41.3,1,SUV,11,7,Yes,1.0,Yes,Low,No
40,Female,84906.0,Rural,76.7,3,SUV,2,3,Yes,1.0,Yes,Medium,No
54,Male,119293.0,Urban,42.9,3,Hatchback,11,4,No,1.0,Yes,Low,No
55,Male,60892.0,Urban,55.9,2,Sedan,11,6,No,4.0,Yes,Medium,No
53,Other,73327.0,Suburban,62.3,3,Hatchback,6,4,No,4.0,Yes,Medium,No
59,Male,94651.0,Rural,52.3,2,Hatchback,1,1,Yes,1.0,Yes,Low,No
34,Female,101036.0,Urban,58.7,2,Hatchback,7,13,Yes,1.0,Yes,Low,No
67,Male,44146.0,Urban,34.0,3,Sedan,12,19,Yes,5.0,No,Low,No
38,Male,94814.0,Urban,65.4,2,Truck,12,19,No,1.0,Yes,Low,No
52,Male,103598.0,Urban,5.0,1,Sedan,2,4,No,2.0,Yes,Low,Yes
37,Male,94223.0,Urban,43.1,1,Sedan,9,17,Yes,3.0,Yes,Low,Yes
25,Male,121810.0,Urban,29.3,2,Hatchback,14,8,No,4.0,No,Low,No
46,Female,80577.0,Urban,45.8,2,SUV,4,11,No,1.0,Yes,Low,No
29,Male,99724.0,Urban,82.7,1,SUV,2,17,Yes,4.0,No,Low,No
59,Female,130373.0,Urban,45.3,1,SUV,6,7,No,2.0,Yes,Medium,No
48,Female,68898.0,Suburban,66.3,1,Hatchback,2,5,Yes,5.0,Yes,Low,Yes
39,Male,168012.0,Suburban,89.9,1,Truck,0,5,Yes,2.0,No,Low,No
53,Male,73928.0,Suburban,31.7,2,Hatchback,7,2,Yes,3.0,No,Low,No
50,Male,106227.0,Suburban,44.4,2,Sedan,3,9,Yes,5.0,Yes,Low,Yes
43,Male,101008.0,Urban,68.4,1,SUV,13,5,Yes,5.0,No,Low,Yes
41,Male,81165.0,Suburban,5.0,1,Sedan,0,8,Yes,2.0,Yes,Low,Yes
50,Female,113263.0,Rural,35.1,3,SUV,0,2,Yes,4.0,Yes,Low,Yes
40,Male,78590.0,Rural,79.8,2,SUV,2,1,Yes,2.0,Yes,Low,No
46,Female,40751.0,Suburban,29.0,1,Hatchback,2,2,Yes,2.0,No,Low,No
63,Female,100176.0,Urban,79.5,3,SUV,13,10,No,4.0,Yes,Medium,No
26,Female,129682.0,Suburban,29.6,2,Sedan,2,6,Yes,3.0,No,Low,Yes
49,Female,73881.0,Suburban,48.2,3,SUV,2,6,No,5.0,Yes,High,No
64,Male,108094.0,Urban,6.2,2,Sedan,13,6,Yes,4.0,Yes,Low,Yes
48,Male,31810.0,Urban,27.1,4,Sedan,3,8,No,3.0,Yes,Medium,No
39,Female,59191.0,Rural,31.6,2,Sedan,2,3,Yes,1.0,No,Low,No
39,Female,129544.0,Urban,42.2,4,Sedan,5,7,No,1.0,Yes,Medium,No
64,Female,97645.0,Rural,46.6,1,Sedan,0,0,Yes,2.0,Yes,Low,No
29,Female,96573.0,Suburban,5.0,2,Truck,4,9,Yes,3.0,No,Low,No
58,Female,30056.0,Rural,61.5,2,SUV,2,2,No,3.0,Yes,Medium,No
32,Female,119397.0,Urban,80.8,1,Sedan,7,4,Yes,1.0,No,Low,No
66,Male,30000.0,Urban,78.6,2,Sedan,13,8,No,2.0,No,Medium,No
27,Female,84906.0,Rural,14.1,3,Hatchback,2,1,Yes,4.0,Yes,Low,Yes
27,Female,34544.0,Suburban,83.5,1,Hatchback,7,1,No,2.0,Yes,Medium,No
40,Male,79198.0,Urban,33.0,1,SUV,14,5,No,2.0,Yes,Low,No
41,Male,80833.0,Suburban,47.4,2,SUV,3,6,Yes,5.0,No,Low,No
36,Female,92808.0,Rural,37.8,2,Sedan,1,2,Yes,5.0,No,Low,No
46,Male,70041.0,Suburban,38.7,2,SUV,1,4,Yes,3.0,Yes,Low,Yes
42,Male,129028.0,Suburban,10.4,2,Truck,2,6,Yes,1.0,Yes,Low,Yes
33,Male,100941.0,Rural,45.9,2,SUV,2,0,Yes,4.0,No,Low,No
48,Other,36229.0,Suburban,24.3,2,Truck,2,4,Yes,5.0,Yes,Low,No
40,Male,56353.0,Rural,56.9,1,Hatchback,0,2,Yes,4.0,Yes,Low,No
54,Male,144692.0,Urban,39.3,2,Sedan,9,12,No,2.0,No,Low,No
42,Male,32508.0,Urban,42.1,3,Sedan,5,12,No,5.0,No,Medium,No
59,Female,34451.0,Rural,21.3,1,Hatchback,0,3,Yes,4.0,No,Low,No
49,Male,103090.0,Rural,53.4,2,Hatchback,2,3,Yes,4.0,Yes,Low,Yes
48,Male,30000.0,Urban,24.4,1,SUV,7,19,No,5.0,No,Low,No
50,Female,84851.0,Urban,35.0,1,SUV,5,4,No,1.0,Yes,Medium,No
25,Male,91022.0,Rural,53.3,3,Sedan,0,1,Yes,2.0,Yes,Medium,No
51,Male,62266.0,Rural,15.0,2,Truck,2,0,Yes,2.0,Yes,Low,No
50,Male,111539.0,Urban,76.1,2,Sedan,13,6,No,1.0,No,Medium,No
48,Other,30000.0,Urban,5.0,2,SUV,8,10,Yes,5.0,Yes,Low,No
43,Male,77433.0,Suburban,5.0,1,Sedan,3,5,Yes,3.0,No,Low,No
57,Male,89831.0,Urban,11.0,4,SUV,14,14,No,1.0,Yes,Low,No
56,Female,90936.0,Urban,60.2,2,SUV,11,18,No,5.0,No,Low,No
35,Female,98359.0,Urban,44.7,4,Sedan,6,19,Yes,5.0,No,Low,No
37,Male,108831.0,Urban,32.8,2,SUV,6,18,No,2.0,Yes,Low,No
47,Female,112447.0,Rural,7.7,2,SUV,0,1,Yes,2.0,Yes,Medium,No
41,Female,67379.0,Rural,10.6,2,Sedan,2,0,Yes,1.0,No,Low,No
60,Female,66190.0,Urban,9.2,3,SUV,3,14,Yes,4.0,Yes,Low,Yes
61,Other,85104.0,Urban,20.0,1,Sedan,5,14,No,4.0,Yes,Low,Yes
38,Female,86437.0,Suburban,23.9,1,Truck,5,9,Yes,2.0,No,Low,No
51,Female,124570.0,Urban,26.0,1,Sedan,8,5,No,1.0,Yes,Low,No
32,Male,51005.0,Rural,34.9,2,Sedan,0,0,Yes,3.0,Yes,Low,No
45,Male,76537.0,Suburban,25.7,2,SUV,3,6,No,4.0,No,Low,No
46,Female,75277.0,Urban,40.7,3,SUV,12,9,No,1.0,No,Medium,No
69,Male,86822.0,Rural,35.7,2,Hatchback,1,2,Yes,1.0,No,Low,No
38,Female,139919.0,Rural,29.8,1,Sedan,1,1,Yes,1.0,No,Low,No
33,Male,49491.0,Suburban,49.3,2,Sedan,4,2,Yes,4.0,No,Low,No
55,Male,97805.0,Suburban,43.6,2,SUV,0,6,Yes,3.0,No,Low,No
59,Female,116998.0,Suburban,36.8,3,SUV,3,3,Yes,2.0,Yes,Low,Yes
29,Female,116796.0,Suburban,68.1,2,SUV,0,2,Yes,1.0,Yes,Low,No
62,Female,86092.0,Urban,36.9,2,Sedan,14,8,No,5.0,No,Low,No
40,Male,61385.0,Urban,36.5,1,Sedan,3,10,No,2.0,No,Medium,No
67,Female,30000.0,Suburban,11.4,1,SUV,3,5,Yes,1.0,Yes,Low,No
43,Female,85464.0,Suburban,79.8,1,Sedan,3,2,No,1.0,No,Medium,No
36,Male,99209.0,Rural,14.6,1,SUV,0,3,Yes,5.0,Yes,Low,No
56,Male,51331.0,Urban,75.7,2,Sedan,4,6,No,1.0,No,Medium,No
27,Female,95524.0,Urban,24.2,2,SUV,8,17,Yes,5.0,Yes,Low,No
38,Male,100063.0,Urban,50.2,1,Sedan,10,9,No,1.0,No,Medium,No
46,Male,90753.0,Urban,57.9,2,Hatchback,3,17,No,1.0,No,Low,No
27,Male,62794.0,Urban,30.4,2,Sedan,4,17,No,5.0,Yes,Low,No
41,Female,130037.0,Suburban,20.6,2,Hatchback,0,9,No,5.0,No,Low,No
68,Male,30000.0,Urban,61.1,3,SUV,13,5,Yes,5.0,No,Low,No
62,Male,112848.0,Suburban,25.5,2,Sedan,4,5,Yes,1.0,No,Low,No
37,Male,84887.0,Urban,11.0,1,SUV,9,6,No,5.0,No,Low,No
56,Female,51804.0,Urban,29.4,2,Truck,6,6,No,1.0,No,Low,No
31,Male,94124.0,Urban,62.6,2,SUV,13,16,Yes,5.0,Yes,Low,Yes
26,Male,42798.0,Suburban,35.1,2,Hatchback,1,6,Yes,4.0,Yes,Low,Yes
62,Male,84301.0,Urban,90.1,1,SUV,11,14,Yes,2.0,Yes,Low,No
67,Female,31568.0,Rural,24.5,3,SUV,0,2,Yes,2.0,Yes,Medium,No
59,Male,114515.0,Suburban,82.0,2,SUV,5,6,Yes,3.0,No,Low,No
41,Female,30000.0,Suburban,50.8,2,Sedan,7,1,Yes,2.0,No,Low,No
60,Male,49837.0,Urban,31.6,2,Sedan,10,13,No,1.0,Yes,Medium,No
46,Female,97373.0,Rural,67.7,1,SUV,1,3,Yes,2.0,Yes,Low,No
58,Male,76802.0,Suburban,53.0,2,SUV,4,3,No,3.0,Yes,Low,No
28,Female,96198.0,Suburban,25.8,4,Sedan,1,7,Yes,4.0,Yes,Low,No
48,Male,61888.0,Rural,5.0,1,SUV,0,3,No,1.0,Yes,Medium,No
69,Female,30000.0,Urban,12.2,1,Sedan,10,8,Yes,2.0,No,Low,No
61,Male,93552.0,Suburban,58.9,1,Hatchback,0,3,Yes,2.0,Yes,Low,Yes
68,Male,122282.0,Suburban,23.2,2,Sedan,1,8,No,3.0,No,Medium,No
49,Other,101268.0,Rural,51.2,2,SUV,1,2,Yes,5.0,No,Low,No
52,Female,99851.0,Urban,78.8,1,Truck,14,19,Yes,5.0,No,Low,No
43,Male,105722.0,Rural,47.9,1,Sedan,0,0,Yes,2.0,Yes,Low,No
51,Male,59190.0,Urban,15.5,1,Truck,12,18,No,3.0,Yes,Low,No
36,Female,64989.0,Suburban,37.3,3,Sedan,1,7,Yes,4.0,Yes,Low,No
63,Male,168218.0,Suburban,15.2,1,Truck,3,9,Yes,5.0,Yes,Low,Yes
37,Other,87328.0,Suburban,5.0,1,Sedan,5,2,Yes,2.0,No,Low,No
31,Male,61701.0,Urban,38.9,1,Hatchback,2,14,Yes,3.0,No,Low,No
25,Male,110227.0,Rural,31.6,1,SUV,2,2,Yes,2.0,Yes,Low,No
40,Male,103466.0,Suburban,47.5,2,Truck,7,4,Yes,5.0,Yes,Low,Yes
43,Other,107561.0,Suburban,26.2,2,Sedan,1,3,Yes,1.0,Yes,Low,No
31,Male,123547.0,Urban,27.7,4,SUV,5,10,No,5.0,No,Low,No
54,Female,53506.0,Urban,9.4,2,Sedan,7,18,Yes,3.0,No,Low,No
36,Female,53951.0,Suburban,9.1,2,Sedan,1,1,Yes,1.0,Yes,Low,No
49,Male,103006.0,Urban,37.1,2,Sedan,3,15,Yes,5.0,Yes,Low,Yes
67,Male,66642.0,Suburban,48.3,2,Sedan,5,9,No,3.0,Yes,Medium,Yes
62,Male,67075.0,Suburban,55.8,2,Hatchback,6,2,Yes,4.0,Yes,Low,No
38,Female,98364.0,Urban,11.3,1,SUV,6,11,No,1.0,Yes,Low,No
30,Male,36796.0,Suburban,10.5,1,Sedan,1,4,Yes,4.0,Yes,Low,No
69,Male,53387.0,Urban,31.9,2,Sedan,4,16,Yes,4.0,No,Low,No
67,Female,30000.0,Urban,59.4,3,Hatchback,8,14,No,2.0,No,Low,No
25,Female,78339.0,Rural,23.3,2,Truck,2,0,Yes,3.0,Yes,Low,No
45,Male,75316.0,Urban,38.3,1,Sedan,3,16,No,1.0,No,Low,No
47,Female,84999.0,Suburban,32.9,2,Hatchback,1,4,Yes,2.0,No,Low,No
35,Male,98797.0,Urban,45.2,1,Sedan,5,9,No,2.0,No,Low,No
43,Female,94036.0,Urban,58.4,2,Hatchback,4,9,No,5.0,Yes,Medium,No
67,Male,76388.0,Suburban,89.7,2,SUV,6,2,Yes,1.0,Yes,Low,No
40,Female,60093.0,Urban,28.1,3,Truck,13,17,No,3.0,Yes,Low,No
26,Female,122193.0,Urban,5.0,4,Truck,7,7,No,5.0,Yes,Medium,No
67,Male,115260.0,Urban,47.4,1,Truck,4,9,Yes,4.0,No,Low,No
63,Male,64202.0,Suburban,39.5,2,SUV,7,7,Yes,5.0,No,Low,No
54,Female,128064.0,Urban,56.0,1,Sedan,14,3,No,4.0,No,Medium,No
63,Female,30000.0,Suburban,69.4,1,Hatchback,3,9,Yes,5.0,Yes,Low,No
44,Male,38909.0,Suburban,60.6,3,Hatchback,2,2,Yes,2.0,No,Low,No
59,Female,40402.0,Urban,55.3,1,SUV,8,17,No,4.0,No,Low,No
34,Male,70886.0,Urban,80.4,1,Sedan,14,16,No,1.0,No,Low,No
50,Female,125998.0,Suburban,24.7,2,Hatchback,1,9,Yes,2.0,Yes,Low,No
45,Male,62391.0,Suburban,35.9,2,Sedan,4,7,Yes,3.0,No,Low,No
48,Male,30000.0,Urban,43.0,2,SUV,3,14,No,1.0,Yes,Medium,No
37,Male,86435.0,Suburban,42.6,3,SUV,5,9,Yes,3.0,Yes,Low,No
40,Female,78525.0,Rural,58.9,2,SUV,0,1,Yes,1.0,No,Low,No
51,Male,46357.0,Suburban,14.6,2,Hatchback,6,9,Yes,3.0,Yes,Low,No
61,Female,48080.0,Suburban,8.6,1,Sedan,3,8,Yes,4.0,Yes,Low,Yes
46,Female,91328.0,Urban,76.8,2,SUV,14,7,No,1.0,Yes,Medium,No
62,Male,100453.0,Urban,50.1,3,Sedan,14,15,Yes,4.0,No,Low,No
63,Male,68719.0,Urban,80.7,3,SUV,14,9,No,4.0,Yes,Medium,No
42,Male,120573.0,Rural,40.1,2,Sedan,1,2,Yes,3.0,Yes,Medium,No
53,Male,79644.0,Urban,40.95,2,Truck,9,14,No,3.0,No,Low,No
30,Female,144772.0,Urban,22.6,1,Hatchback,5,18,No,1.0,Yes,Low,No
37,Male,44686.0,Suburban,12.8,3,Sedan,5,1,Yes,3.0,Yes,Low,Yes
38,Female,54878.0,Urban,45.1,2,Sedan,8,17,No,2.0,Yes,Low,No
25,Female,86503.0,Urban,22.4,1,SUV,3,11,No,2.0,No,Medium,No
62,Female,69975.0,Urban,60.2,1,Hatchback,14,16,No,2.0,Yes,Low,Yes
26,Male,84308.0,Rural,45.2,1,SUV,2,0,Yes,5.0,Yes,Low,No
68,Male,99080.0,Rural,91.7,2,Sedan,2,2,Yes,5.0,Yes,Low,No
33,Male,76381.0,Suburban,55.6,1,Hatchback,7,4,Yes,4.0,Yes,Low,No
64,Male,90337.0,Urban,56.4,2,Sedan,2,14,Yes,3.0,Yes,Low,No
54,Male,139549.0,Suburban,32.3,2,Sedan,2,1,No,1.0,No,High,No
68,Male,30000.0,Urban,19.0,3,SUV,13,15,No,4.0,No,Low,No
29,Male,114739.0,Suburban,20.5,1,Truck,4,4,Yes,1.0,No,Low,No
30,Male,75061.0,Urban,37.3,1,Truck,7,3,No,2.0,No,Medium,No
32,Male,129137.0,Urban,66.1,4,SUV,7,11,Yes,1.0,No,Low,No
34,Female,82189.0,Urban,53.0,1,SUV,8,19,No,4.0,No,Low,No
49,Male,87761.0,Urban,41.3,2,SUV,4,19,Yes,5.0,No,Low,No
55,Male,131282.0,Suburban,5.4,1,Sedan,1,6,Yes,4.0,No,Low,No
62,Male,125106.0,Suburban,68.8,1,Hatchback,0,2,Yes,3.0,Yes,Low,No
40,Female,157700.0,Suburban,24.6,2,SUV,1,4,Yes,1.0,Yes,Low,No
52,Female,84758.0,Urban,5.0,1,Sedan,2,13,No,2.0,No,Low,No
39,Female,128197.0,Suburban,63.8,2,Truck,0,4,Yes,3.0,Yes,Low,No
33,Male,129990.0,Suburban,30.6,1,Truck,0,1,Yes,3.0,No,Low,No
42,Female,130382.0,Urban,5.0,1,Truck,2,10,No,5.0,Yes,Low,No
50,Male,82511.0,Urban,67.3,2,Hatchback,2,8,No,2.0,Yes,Medium,No
40,Male,93355.0,Urban,29.9,2,SUV,4,8,No,2.0,Yes,Low,No
40,Male,116139.0,Urban,37.2,1,Sedan,6,16,No,3.0,No,Low,No
67,Male,88628.0,Urban,45.4,1,Sedan,13,5,No,3.0,Yes,Medium,No
31,Male,63907.0,Urban,61.5,3,SUV,2,6,Yes,5.0,Yes,Low,Yes
37,Female,75631.0,Urban,8.0,1,Sedan,3,14,Yes,5.0,Yes,Low,No
53,Female,95280.0,Suburban,27.5,1,SUV,0,6,Yes,5.0,Yes,Low,Yes
48,Male,70319.0,Urban,56.1,2,Sedan,2,3,No,4.0,No,Medium,No
37,Male,75105.0,Urban,40.45,1,Truck,10,8,No,5.0,No,Low,No
33,Male,134936.0,Rural,15.6,2,SUV,0,0,Yes,1.0,Yes,Low,No
35,Male,44987.0,Urban,16.7,1,Hatchback,13,16,Yes,3.0,Yes,Low,No
66,Male,109530.0,Urban,51.0,2,SUV,6,19,No,3.0,Yes,Low,No
66,Male,103799.0,Suburban,25.9,1,Sedan,5,2,Yes,2.0,Yes,Low,No
58,Male,44307.0,Suburban,30.7,1,Sedan,7,7,Yes,3.0,Yes,Low,No
27,Female,118709.0,Urban,24.3,4,SUV,10,3,No,3.0,No,Medium,No
56,Female,51375.0,Urban,15.4,2,Truck,14,3,No,4.0,No,Low,No
57,Female,117510.0,Suburban,52.8,2,Sedan,7,8,No,1.0,Yes,Medium,No
26,Female,63110.0,Urban,58.3,1,Truck,9,8,No,3.0,Yes,Medium,No
36,Male,89972.0,Rural,55.9,2,Sedan,0,0,Yes,4.0,No,Low,No
44,Female,104663.0,Rural,41.2,1,SUV,0,2,No,2.0,Yes,High,No
35,Male,87338.0,Suburban,11.3,2,SUV,1,8,Yes,4.0,No,Medium,No
66,Female,79846.0,Suburban,20.0,1,SUV,5,2,Yes,2.0,No,Low,No
32,Female,79723.0,Rural,35.2,2,SUV,0,1,Yes,1.0,Yes,Low,No
52,Female,155281.0,Urban,60.7,1,Hatchback,8,5,Yes,1.0,Yes,Low,No
54,Male,85689.0,Suburban,42.6,1,SUV,0,8,Yes,5.0,Yes,Low,No
41,Female,126131.0,Rural,102.8,1,Hatchback,0,3,Yes,1.0,No,Low,No
58,Male,106747.0,Urban,24.9,1,Hatchback,2,10,No,1.0,Yes,Low,No
31,Male,71714.0,Rural,8.0,3,SUV,1,0,Yes,5.0,Yes,Low,Yes
56,Male,86629.0,Urban,38.7,2,Sedan,2,17,Yes,1.0,No,Low,No
38,Female,84065.0,Urban,17.4,1,Sedan,3,13,Yes,5.0,No,Low,No
31,Male,87818.0,Suburban,5.0,4,SUV,0,5,Yes,4.0,Yes,Low,No
52,Male,84642.0,Urban,5.0,1,Hatchback,3,3,No,1.0,Yes,Low,No
57,Female,113784.0,Urban,85.0,1,Sedan,11,5,No,1.0,No,Medium,No
36,Male,78631.0,Urban,45.4,2,SUV,3,12,No,1.0,No,Medium,No
38,Male,88603.0,Suburban,70.3,1,SUV,5,9,No,2.0,Yes,Medium,No
55,Female,32980.0,Urban,68.9,2,SUV,7,18,Yes,5.0,Yes,Low,Yes
61,Male,108747.0,Suburban,51.9,2,SUV,3,4,Yes,2.0,Yes,Low,No
37,Female,93726.0,Suburban,12.5,1,SUV,3,6,No,1.0,Yes,Medium,No
66,Female,65792.0,Urban,59.3,1,Sedan,12,8,Yes,3.0,No,Low,No
62,Female,70779.0,Urban,5.0,3,SUV,7,7,Yes,1.0,No,Low,No
62,Other,174000.0,Urban,37.7,1,Hatchback,8,3,No,5.0,No,Low,Yes
31,Male,93962.0,Suburban,84.3,1,SUV,1,8,Yes,1.0,Yes,Low,No
64,Female,73464.0,Suburban,74.2,1,SUV,5,3,Yes,2.0,Yes,Low,No
28,Male,60411.0,Urban,28.4,1,SUV,3,11,No,5.0,No,Low,No
43,Male,63272.0,Urban,34.0,3,Sedan,8,13,No,1.0,Yes,Low,No
64,Female,111362.0,Urban,55.1,1,Sedan,11,3,No,3.0,No,Medium,No
34,Female,62966.0,Suburban,29.5,1,Sedan,7,7,Yes,5.0,No,Low,No
37,Female,59180.0,Urban,28.3,3,Sedan,6,3,No,3.0,No,Low,No
55,Female,128578.0,Urban,34.1,1,Sedan,6,14,No,3.0,Yes,Low,No
36,Male,124399.0,Rural,41.5,3,Sedan,1,1,Yes,1.0,Yes,Low,No
56,Female,30000.0,Urban,34.0,2,Truck,9,14,Yes,5.0,No,Low,No
52,Male,30000.0,Urban,20.7,1,Hatchback,5,12,Yes,1.0,No,Low,No
49,Male,45177.0,Suburban,28.2,2,Sedan,1,9,Yes,1.0,Yes,Low,No
35,Male,116449.0,Urban,19.4,1,SUV,10,9,Yes,2.0,Yes,Low,No
25,Female,109496.0,Suburban,74.1,2,Sedan,2,9,Yes,5.0,Yes,Low,Yes
36,Male,113154.0,Urban,80.7,2,SUV,13,7,No,1.0,No,Low,No
61,Female,82028.0,Urban,41.05,1,Sedan,12,18,Yes,4.0,No,Low,No
37,Female,73220.0,Suburban,64.3,1,Sedan,2,9,Yes,4.0,Yes,Low,No
66,Female,73965.0,Suburban,61.4,4,Sedan,6,8,No,2.0,Yes,Medium,No
25,Male,55347.0,Urban,86.6,1,Sedan,12,7,Yes,1.0,No,Low,No
25,Female,92054.0,Urban,31.1,1,SUV,13,11,Yes,2.0,Yes,Low,No
40,Male,39436.0,Urban,53.4,2,SUV,14,19,No,5.0,No,Low,No
41,Male,76983.0,Suburban,60.1,3,Hatchback,4,9,No,4.0,No,Low,Yes
50,Female,174000.0,Suburban,55.8,2,SUV,2,2,Yes,2.0,No,Low,No
63,Male,41534.0,Rural,17.3,1,Sedan,2,1,Yes,4.0,Yes,Low,No
40,Male,108685.0,Suburban,30.7,3,Sedan,6,4,No,5.0,Yes,Medium,No
46,Male,74941.0,Suburban,97.0,2,SUV,0,2,Yes,2.0,No,Low,No
59,Female,51365.0,Urban,41.2,2,Sedan,11,3,Yes,3.0,No,Low,No
55,Female,75339.0,Urban,5.8,2,Truck,11,10,No,2.0,Yes,Low,No
30,Male,107470.0,Urban,35.7,2,Hatchback,4,15,No,3.0,No,Medium,No
26,Female,53099.0,Suburban,31.0,2,Hatchback,5,9,Yes,2.0,No,Low,No
54,Female,112142.0,Urban,28.6,1,SUV,6,11,Yes,5.0,No,Low,No
33,Other,37297.0,Rural,11.8,1,SUV,0,0,Yes,2.0,No,Low,No
26,Male,39473.0,Suburban,79.4,2,Sedan,6,4,Yes,3.0,Yes,Low,No
67,Male,84899.0,Rural,42.0,3,Hatchback,0,0,Yes,1.0,No,Low,No
54,Male,72951.0,Suburban,36.3,1,Sedan,1,5,Yes,1.0,No,Low,No
59,Male,60375.0,Suburban,49.3,1,SUV,4,1,Yes,2.0,No,Low,No
56,Male,87115.0,Suburban,33.4,2,Sedan,0,7,Yes,1.0,No,Low,No
66,Female,84778.0,Suburban,75.0,2,Truck,2,8,Yes,4.0,Yes,Low,No
39,Female,149076.0,Urban,40.6,1,Sedan,12,9,No,2.0,No,Low,No
49,Female,88393.0,Rural,40.4,1,Sedan,0,2,Yes,5.0,Yes,Low,Yes
58,Female,110239.0,Urban,35.9,2,SUV,2,7,No,1.0,Yes,Medium,No
50,Male,55365.0,Rural,24.8,2,Sedan,2,0,Yes,3.0,Yes,Low,No
48,Female,65184.0,Urban,43.6,3,SUV,3,5,No,1.0,Yes,Medium,No
34,Male,33968.0,Urban,76.5,2,SUV,14,16,No,2.0,Yes,Low,No
39,Male,72441.0,Suburban,46.3,2,Hatchback,0,4,Yes,2.0,Yes,Low,No
49,Male,79166.0,Urban,58.7,4,Truck,8,17,Yes,4.0,No,Low,No
26,Female,72441.0,Urban,49.1,3,Hatchback,4,8,No,2.0,No,Low,No
57,Female,32480.0,Urban,64.1,2,Sedan,9,9,No,2.0,Yes,Low,No
60,Male,102624.0,Urban,37.2,3,Hatchback,3,13,Yes,3.0,Yes,Low,No
41,Other,96666.0,Suburban,41.1,1,Hatchback,6,6,Yes,5.0,Yes,Low,No
28,Male,84926.0,Urban,5.0,3,Sedan,7,4,No,5.0,Yes,Low,Yes
46,Female,106355.0,Urban,38.6,1,Truck,6,13,Yes,3.0,No,Low,No
65,Male,70523.0,Suburban,44.1,3,SUV,7,5,Yes,4.0,Yes,Low,No
35,Female,162643.0,Suburban,34.5,2,Sedan,4,4,Yes,5.0,No,Low,No
43,Male,58451.0,Urban,25.9,2,SUV,14,6,Yes,2.0,Yes,Low,No
47,Male,89604.0,Urban,41.9,1,SUV,4,19,Yes,1.0,No,Low,No
63,Female,56131.0,Urban,8.2,1,Sedan,7,14,No,1.0,No,Low,No
57,Male,47922.0,Rural,43.9,2,SUV,2,3,Yes,2.0,No,Low,No
28,Female,30000.0,Suburban,84.3,1,Sedan,7,7,Yes,1.0,Yes,Low,No
41,Male,111873.0,Urban,22.1,4,SUV,7,13,No,5.0,No,Low,No
42,Female,89322.0,Rural,18.8,1,Sedan,1,0,Yes,1.0,Yes,Low,No
63,Female,123567.0,Rural,19.1,2,SUV,2,1,Yes,3.0,Yes,Low,Yes
41,Male,77397.0,Urban,70.2,1,Sedan,4,17,No,1.0,Yes,Medium,No
32,Male,91818.0,Suburban,53.7,1,SUV,5,9,Yes,1.0,Yes,Low,No
46,Female,104726.0,Rural,26.3,2,SUV,1,2,Yes,5.0,Yes,Low,Yes
40,Male,44355.0,Urban,5.0,3,Sedan,3,16,No,2.0,Yes,Low,No
33,Female,112498.0,Urban,77.7,3,SUV,8,3,Yes,3.0,Yes,Low,No
30,Male,60492.0,Suburban,8.6,2,Hatchback,5,3,Yes,1.0,No,Low,No
51,Female,68765.0,Rural,56.8,2,SUV,0,0,Yes,4.0,No,Low,No
52,Male,100694.0,Urban,30.6,1,Sedan,14,19,No,1.0,Yes,Low,No
36,Female,43983.0,Urban,23.5,1,Truck,8,13,No,4.0,Yes,Low,No
43,Male,107442.0,Urban,59.7,2,Sedan,6,15,No,2.0,Yes,Medium,No
26,Female,108248.0,Suburban,7.7,2,Hatchback,1,3,Yes,3.0,No,Low,No
48,Female,53043.0,Suburban,52.4,4,SUV,2,8,Yes,4.0,Yes,Low,No
48,Female,112759.0,Urban,29.8,1,Hatchback,8,4,No,4.0,Yes,Low,Yes
41,Female,97409.0,Suburban,54.8,3,Sedan,3,8,Yes,1.0,Yes,Low,No
56,Male,96748.0,Suburban,5.0,1,Sedan,4,3,Yes,4.0,No,Low,No
32,Male,108703.0,Suburban,79.9,4,SUV,7,1,Yes,5.0,Yes,Low,Yes
25,Male,53154.0,Urban,5.0,1,Sedan,2,18,Yes,5.0,No,Low,No
66,Female,57020.0,Rural,55.8,1,Sedan,2,2,Yes,3.0,No,Low,No
48,Male,58228.0,Urban,5.0,2,Sedan,8,10,No,5.0,Yes,Medium,Yes
25,Male,120041.0,Urban,82.9,1,Sedan,10,17,No,4.0,Yes,Medium,No
58,Female,50544.0,Rural,11.7,2,Truck,0,1,Yes,1.0,Yes,Low,No
49,Male,81040.0,Urban,25.9,1,Truck,13,18,No,5.0,Yes,Medium,No
62,Female,86322.0,Suburban,98.5,2,Hatchback,1,4,Yes,3.0,Yes,Low,Yes
52,Female,59192.0,Rural,19.1,3,SUV,2,2,Yes,4.0,Yes,Low,No
40,Male,80181.0,Rural,74.5,2,SUV,1,2,Yes,4.0,Yes,Low,No
66,Male,98569.0,Rural,68.5,3,SUV,1,0,No,3.0,Yes,High,No
52,Other,45781.0,Urban,30.2,2,Sedan,5,6,Yes,2.0,Yes,Low,No
28,Female,137965.0,Rural,59.4,1,Sedan,2,3,Yes,1.0,No,Low,No
40,Female,81451.0,Urban,8.0,1,SUV,3,17,No,3.0,Yes,Low,No
48,Male,50269.0,Suburban,44.9,2,Sedan,2,8,Yes,1.0,Yes,Low,No
48,Male,137424.0,Urban,71.2,3,SUV,5,3,No,2.0,Yes,Medium,No
60,Male,78506.0,Suburban,54.6,1,Sedan,0,8,Yes,1.0,No,Low,No
56,Female,30000.0,Suburban,73.4,1,SUV,0,8,Yes,1.0,Yes,Low,No
33,Male,62922.0,Suburban,50.3,1,SUV,1,4,No,3.0,Yes,Medium,No
56,Male,78802.0,Urban,38.8,1,Sedan,13,10,Yes,3.0,Yes,Low,No
42,Male,105933.0,Urban,13.6,2,SUV,8,3,No,3.0,No,Low,No
48,Female,77334.0,Suburban,43.0,3,SUV,7,9,Yes,4.0,Yes,Low,No
29,Other,150251.0,Suburban,12.1,1,Sedan,1,5,No,3.0,Yes,Medium,Yes
60,Male,89552.0,Urban,35.4,2,Truck,2,10,No,2.0,No,Medium,No
67,Female,130271.0,Suburban,26.2,1,Sedan,2,2,Yes,1.0,No,Low,No
37,Female,123594.0,Urban,37.8,2,Sedan,5,11,No,2.0,Yes,Medium,No
54,Female,88509.0,Urban,24.2,2,Truck,2,17,No,5.0,Yes,Medium,No
35,Female,141074.0,Rural,10.5,1,Sedan,1,3,Yes,4.0,Yes,Low,No
61,Male,123532.0,Urban,79.2,2,SUV,7,5,No,3.0,Yes,Medium,No
64,Female,143152.0,Suburban,53.6,1,Sedan,6,6,Yes,5.0,Yes,Low,Yes
60,Male,87649.0,Suburban,55.6,2,SUV,5,1,Yes,5.0,No,Low,No
58,Male,84562.0,Suburban,26.9,1,SUV,2,1,Yes,5.0,Yes,Low,Yes
48,Female,136534.0,Urban,44.0,2,Sedan,11,18,Yes,3.0,Yes,Low,No
32,Male,106533.0,Urban,81.8,3,Sedan,9,10,Yes,3.0,Yes,Low,No
50,Male,74986.0,Urban,58.2,1,Sedan,12,19,Yes,2.0,Yes,Low,No
49,Female,116423.0,Urban,29.9,4,Hatchback,12,3,Yes,3.0,Yes,Low,No
29,Male,39350.0,Urban,31.0,2,SUV,7,7,No,4.0,No,Medium,No
37,Female,30000.0,Rural,25.3,2,Sedan,0,0,Yes,3.0,Yes,Low,No
47,Male,30000.0,Suburban,52.8,1,Sedan,4,5,Yes,4.0,Yes,Low,No
40,Female,78216.0,Suburban,16.2,3,SUV,0,9,Yes,5.0,Yes,Low,Yes
49,Male,63844.0,Urban,28.8,2,Sedan,11,13,No,2.0,Yes,Low,No
50,Male,84758.0,Suburban,34.5,1,Truck,7,7,No,5.0,Yes,Low,Yes
35,Male,79559.0,Suburban,64.4,3,SUV,3,9,Yes,3.0,Yes,Low,No
35,Female,84035.0,Urban,46.3,2,SUV,2,7,Yes,5.0,Yes,Low,Yes
35,Female,36855.0,Urban,55.4,2,Hatchback,14,17,No,1.0,No,Medium,No
66,Female,90161.0,Suburban,26.5,2,Sedan,1,4,Yes,4.0,Yes,Low,No
39,Male,56135.0,Urban,40.6,1,SUV,10,15,Yes,3.0,Yes,Low,No
55,Male,136587.0,Rural,5.0,3,Hatchback,1,0,Yes,4.0,Yes,Low,Yes
54,Male,39123.0,Suburban,50.3,1,Hatchback,2,4,Yes,3.0,No,Low,No
27,Male,81338.0,Rural,5.0,1,Sedan,1,2,Yes,1.0,Yes,Low,No
56,Male,125772.0,Urban,5.0,1,SUV,3,11,No,2.0,No,Low,No
32,Female,44353.0,Urban,28.7,3,Hatchback,3,8,Yes,3.0,Yes,Low,No
58,Female,61015.0,Suburban,33.1,4,SUV,7,1,No,4.0,Yes,High,No
69,Female,75480.0,Urban,34.3,1,Sedan,10,4,No,3.0,No,Low,No
32,Male,108704.0,Urban,11.8,1,Truck,4,17,No,2.0,Yes,Low,No
28,Male,30000.0,Urban,78.7,1,Truck,13,19,No,1.0,Yes,Low,No
44,Male,41398.0,Urban,31.8,1,SUV,12,8,No,2.0,No,Medium,No
26,Male,127991.0,Rural,78.6,2,Sedan,1,3,Yes,4.0,No,Low,No
30,Female,84360.0,Urban,8.8,1,Sedan,3,9,Yes,4.0,Yes,Low,Yes
30,Male,83731.0,Urban,70.9,3,Truck,10,13,Yes,3.0,No,Low,No
40,Male,172085.0,Urban,30.4,3,Sedan,7,11,Yes,1.0,Yes,Low,Yes
46,Female,80622.0,Urban,55.8,2,Sedan,12,3,Yes,4.0,No,Low,No
62,Female,119510.0,Urban,41.6,2,Hatchback,3,6,No,2.0,Yes,Medium,No
62,Female,157070.0,Urban,57.0,2,SUV,6,18,No,4.0,No,Medium,No
62,Male,81699.0,Suburban,78.1,4,Sedan,5,6,Yes,1.0,No,Low,No
29,Male,30000.0,Urban,41.3,3,Sedan,14,16,No,1.0,Yes,Low,No
38,Male,62451.0,Rural,44.3,2,Sedan,2,0,Yes,1.0,No,Low,No
48,Female,109798.0,Suburban,50.2,2,Sedan,7,8,Yes,4.0,No,Low,No
33,Female,65847.0,Suburban,22.2,1,SUV,4,9,Yes,4.0,No,Low,No
33,Female,116714.0,Suburban,47.1,2,Sedan,7,9,No,5.0,Yes,Medium,Yes
42,Male,149984.0,Urban,21.8,2,Sedan,5,5,Yes,4.0,Yes,Low,Yes
68,Female,108819.0,Suburban,5.0,2,Sedan,2,3,Yes,5.0,No,Low,No
25,Male,81445.0,Urban,34.1,2,Sedan,6,14,No,4.0,Yes,Medium,No
48,Female,55776.0,Suburban,66.2,2,SUV,3,9,Yes,4.0,Yes,Low,Yes
51,Male,63966.0,Urban,45.8,3,SUV,11,17,No,5.0,No,Low,Yes
54,Male,101978.0,Suburban,30.1,1,SUV,7,1,No,5.0,Yes,High,No
48,Female,30000.0,Suburban,30.1,2,Sedan,0,6,Yes,5.0,Yes,Low,No
66,Male,99955.0,Suburban,58.4,2,Sedan,3,6,Yes,3.0,No,Low,No
56,Male,129705.0,Urban,42.8,3,SUV,7,19,No,3.0,No,Low,No
55,Female,100298.0,Urban,36.8,3,SUV,6,4,No,1.0,No,High,No
57,Male,41942.0,Urban,61.1,4,Sedan,13,13,No,2.0,No,Medium,No
52,Female,72376.0,Urban,23.2,1,Sedan,3,6,No,5.0,No,Medium,No
38,Male,91203.0,Rural,67.6,2,Sedan,1,1,No,2.0,Yes,High,No
46,Female,107378.0,Urban,55.8,2,SUV,8,4,Yes,5.0,Yes,Low,Yes
39,Other,85806.0,Urban,32.0,2,SUV,3,9,No,2.0,Yes,Low,Yes
65,Male,135849.0,Rural,47.8,2,SUV,1,1,Yes,3.0,No,Low,No
59,Male,75116.0,Urban,21.0,2,SUV,7,15,Yes,2.0,Yes,Low,No
54,Male,33425.0,Urban,45.5,3,Hatchback,7,5,Yes,3.0,Yes,Low,No
41,Male,54296.0,Urban,56.3,2,Truck,13,16,No,3.0,No,Low,No
40,Male,103601.0,Urban,48.9,2,Sedan,14,7,Yes,5.0,No,Low,No
37,Female,129834.0,Suburban,66.5,2,Sedan,1,3,Yes,4.0,Yes,Low,Yes
54,Female,105957.0,Rural,17.5,2,SUV,1,1,Yes,1.0,Yes,Low,No
44,Male,44652.0,Rural,64.4,1,SUV,0,2,Yes,5.0,Yes,Low,No
58,Male,104601.0,Rural,20.0,2,SUV,1,1,Yes,4.0,Yes,Low,Yes
27,Female,125322.0,Urban,48.8,3,Sedan,3,11,No,5.0,Yes,Low,Yes
50,Male,131862.0,Urban,35.6,1,Truck,11,13,No,4.0,Yes,Low,Yes
52,Female,69457.0,Rural,5.3,3,Hatchback,2,3,Yes,2.0,No,Low,No
26,Female,84287.0,Rural,19.8,2,SUV,2,1,Yes,1.0,Yes,Low,No
38,Other,74771.0,Urban,48.0,2,SUV,14,16,No,3.0,Yes,Low,No
35,Other,96523.0,Urban,83.7,2,Sedan,6,18,No,2.0,No,Medium,No
39,Female,92450.0,Suburban,58.7,2,SUV,7,9,Yes,1.0,No,Low,No
53,Female,109210.0,Urban,40.4,3,SUV,3,7,No,5.0,Yes,Medium,No
51,Male,116976.0,Rural,63.5,1,SUV,2,2,Yes,4.0,Yes,Low,Yes
33,Female,64559.0,Urban,34.0,1,SUV,10,5,No,1.0,Yes,Low,No
42,Male,74783.0,Urban,27.3,1,Hatchback,5,9,Yes,1.0,No,Low,No
37,Male,106005.0,Suburban,50.7,2,Sedan,7,8,Yes,5.0,Yes,Low,Yes
44,Female,75029.0,Urban,37.2,2,Sedan,14,14,Yes,2.0,Yes,Low,No
36,Male,30000.0,Rural,23.7,1,Truck,0,1,Yes,2.0,Yes,Low,No
60,Other,86171.0,Urban,8.5,3,Sedan,5,14,Yes,2.0,No,Low,No
60,Male,138900.0,Suburban,58.8,2,Sedan,4,1,Yes,3.0,Yes,Low,Yes
44,Female,85205.0,Urban,41.1,2,SUV,11,6,Yes,1.0,No,Low,No
25,Male,127211.0,Urban,65.2,1,SUV,8,13,No,4.0,Yes,Medium,Yes
49,Male,84287.0,Rural,7.3,2,Sedan,2,1,Yes,3.0,Yes,Low,Yes
67,Male,134585.0,Urban,16.6,3,SUV,7,19,No,5.0,Yes,Low,Yes
68,Female,80934.0,Urban,74.5,1,SUV,7,5,No,4.0,No,Medium,No
48,Male,69158.0,Suburban,54.8,1,Hatchback,6,4,Yes,1.0,Yes,Low,No
39,Female,121053.0,Urban,50.0,3,Hatchback,10,5,Yes,4.0,Yes,Low,Yes
52,Female,84123.0,Suburban,15.7,1,SUV,7,9,Yes,5.0,Yes,Low,Yes
69,Female,113977.0,Urban,50.3,1,Hatchback,5,14,No,5.0,Yes,Low,Yes
52,Female,50515.0,Urban,72.5,2,SUV,13,10,No,1.0,No,Medium,No
46,Female,93963.0,Rural,5.0,4,Sedan,0,0,Yes,2.0,Yes,Low,No
68,Female,48720.0,Suburban,5.0,2,Truck,2,1,Yes,1.0,Yes,Low,No
67,Female,55149.0,Urban,56.3,3,SUV,2,5,Yes,2.0,Yes,Low,No
28,Female,48833.0,Urban,38.7,3,Sedan,9,12,No,3.0,Yes,Low,No
35,Female,113371.0,Urban,41.5,1,Sedan,9,19,No,5.0,Yes,Low,Yes
53,Female,103474.0,Suburban,48.2,2,Hatchback,5,4,Yes,2.0,Yes,Low,No
46,Female,123549.0,Suburban,43.1,2,Sedan,2,9,Yes,5.0,Yes,Low,Yes
37,Male,70445.0,Rural,43.5,3,Truck,0,1,Yes,2.0,No,Low,No
41,Female,41676.0,Urban,21.3,3,Hatchback,6,18,Yes,2.0,No,Low,No
37,Male,73462.0,Suburban,48.1,1,Truck,0,2,Yes,4.0,No,Low,No
47,Male,76942.0,Suburban,32.3,3,SUV,7,4,Yes,3.0,Yes,Low,No
45,Female,63201.0,Rural,5.0,2,SUV,2,1,Yes,4.0,No,Low,No
69,Male,96381.0,Urban,86.7,2,Sedan,8,17,Yes,2.0,No,Low,No
55,Male,133616.0,Urban,30.2,2,Sedan,11,15,No,5.0,Yes,Low,Yes
60,Male,122567.0,Urban,68.6,2,Hatchback,7,13,No,5.0,Yes,Medium,Yes
55,Male,59069.0,Suburban,34.0,1,SUV,5,4,No,3.0,Yes,Low,No
60,Male,66417.0,Suburban,65.1,1,Sedan,7,8,Yes,5.0,No,Low,No
57,Male,163833.0,Urban,5.7,1,Sedan,13,10,Yes,3.0,Yes,Low,Yes
61,Male,78134.0,Rural,33.6,3,SUV,0,2,Yes,2.0,Yes,Low,No
42,Male,87718.0,Suburban,45.7,1,Sedan,4,3,No,4.0,Yes,Low,Yes
33,Female,88889.0,Rural,57.5,1,Sedan,2,3,Yes,1.0,No,Low,No
53,Male,120861.0,Urban,37.2,1,Hatchback,5,10,No,2.0,No,Low,No
36,Male,81093.0,Suburban,21.9,1,Hatchback,1,6,Yes,3.0,Yes,Low,No
50,Male,66947.0,Urban,23.3,2,SUV,13,19,No,4.0,No,Low,No
59,Female,85456.0,Urban,74.9,2,Hatchback,8,9,Yes,5.0,Yes,Low,Yes
65,Male,82917.0,Suburban,22.0,1,Sedan,1,6,Yes,2.0,No,Low,No
54,Male,52707.0,Rural,29.1,2,Sedan,2,2,Yes,2.0,Yes,Low,No
68,Male,146974.0,Suburban,55.3,1,SUV,1,6,No,5.0,No,High,No
54,Male,47350.0,Urban,43.1,1,Sedan,7,11,No,3.0,Yes,Low,No
36,Male,91619.0,Urban,55.5,2,SUV,4,11,Yes,5.0,Yes,Low,Yes
62,Female,146468.0,Rural,47.5,2,Sedan,2,1,Yes,1.0,No,Low,No
59,Female,53635.0,Urban,10.7,2,Sedan,4,3,No,4.0,Yes,Low,No
25,Male,85132.0,Urban,54.2,3,Sedan,12,4,Yes,3.0,Yes,Low,Yes
37,Female,126394.0,Suburban,27.1,1,Sedan,7,3,Yes,1.0,No,Low,No
28,Male,96688.0,Urban,11.0,1,SUV,3,19,Yes,4.0,No,Low,No
57,Female,30000.0,Suburban,5.0,2,Hatchback,7,7,No,2.0,No,Medium,No
48,Female,107839.0,Suburban,46.7,2,Hatchback,4,7,Yes,3.0,Yes,Low,No
30,Male,163069.0,Urban,45.9,1,Sedan,13,12,No,5.0,No,Low,No
42,Male,90202.0,Rural,38.3,3,Hatchback,1,1,Yes,3.0,Yes,Low,Yes
65,Male,120332.0,Urban,49.1,3,SUV,9,8,No,2.0,Yes,Low,No
65,Male,30000.0,Urban,11.7,2,Sedan,9,4,No,2.0,Yes,Low,No
43,Male,132982.0,Urban,26.8,2,Hatchback,6,17,No,4.0,No,Low,No
69,Female,30000.0,Suburban,13.1,1,Sedan,5,6,Yes,3.0,Yes,Low,No
29,Male,71226.0,Rural,32.3,2,Hatchback,1,0,Yes,5.0,Yes,Low,No
50,Female,58355.0,Urban,74.7,1,SUV,11,7,No,3.0,No,Medium,No
41,Male,72454.0,Suburban,22.9,4,Sedan,3,4,Yes,5.0,Yes,Low,Yes
44,Male,62655.0,Suburban,35.7,1,Sedan,3,8,Yes,2.0,No,Low,No
41,Female,90359.0,Urban,36.4,3,SUV,4,14,No,3.0,No,Medium,No
41,Female,99897.0,Urban,41.2,2,Hatchback,2,9,No,3.0,No,Low,No
59,Male,134931.0,Suburban,39.6,2,Truck,7,4,Yes,2.0,No,Low,No
54,Female,99766.0,Urban,54.6,2,SUV,12,8,No,2.0,No,Medium,No
47,Male,61661.0,Urban,74.3,4,SUV,9,4,No,2.0,Yes,Medium,No
68,Female,103929.0,Rural,43.0,1,SUV,2,2,Yes,2.0,Yes,Low,Yes
64,Female,75799.0,Rural,73.8,4,SUV,0,0,Yes,2.0,No,Low,No
56,Male,30741.0,Rural,17.6,2,Hatchback,0,0,Yes,3.0,Yes,Low,No
45,Male,88946.0,Suburban,5.0,1,Sedan,4,7,Yes,2.0,Yes,Low,No
53,Other,143307.0,Rural,39.0,2,Sedan,0,0,Yes,4.0,Yes,Low,No
33,Female,105810.0,Suburban,54.0,2,Hatchback,4,8,Yes,1.0,Yes,Low,No
37,Female,98869.0,Urban,53.3,2,SUV,4,17,Yes,4.0,No,Low,No
45,Female,42328.0,Suburban,39.2,1,Sedan,4,4,Yes,2.0,No,Low,No
41,Male,97548.0,Urban,52.8,1,Sedan,13,11,No,2.0,No,Low,No
66,Male,48810.0,Urban,22.0,1,Sedan,3,13,No,1.0,Yes,Low,No
38,Female,64713.0,Suburban,68.4,1,Hatchback,6,6,Yes,3.0,No,Low,No
57,Male,78077.0,Urban,30.0,1,SUV,5,4,Yes,3.0,No,Low,No
48,Female,89292.0,Rural,62.0,2,SUV,1,1,Yes,5.0,No,Low,No
38,Female,73947.0,Urban,80.0,2,Hatchback,3,8,Yes,3.0,Yes,Low,No
52,Male,97949.0,Urban,59.2,1,SUV,5,18,Yes,2.0,No,Low,No
44,Female,174000.0,Suburban,21.0,2,SUV,4,9,Yes,1.0,Yes,Low,No
45,Female,67259.0,Suburban,58.7,1,SUV,6,6,No,2.0,Yes,Medium,No
46,Male,32265.0,Urban,66.4,1,Truck,6,4,No,4.0,No,High,No
57,Male,63144.0,Rural,25.8,2,Sedan,2,0,Yes,3.0,No,Low,No
49,Female,30000.0,Rural,21.5,3,SUV,1,0,No,1.0,Yes,Medium,No
26,Female,114836.0,Urban,33.7,2,Sedan,12,8,No,4.0,Yes,Low,No
60,Female,74244.0,Urban,72.4,3,Hatchback,7,5,Yes,1.0,No,Low,No
30,Female,98913.0,Urban,14.8,2,SUV,5,4,No,1.0,Yes,Low,No
35,Male,84258.0,Suburban,34.1,2,Sedan,1,1,Yes,4.0,No,Low,No
51,Male,88148.0,Rural,48.3,2,Sedan,2,2,Yes,2.0,Yes,Low,No
67,Male,62098.0,Rural,6.5,2,Sedan,0,0,Yes,4.0,No,Low,No
67,Female,67797.0,Rural,61.2,3,Sedan,0,1,Yes,2.0,Yes,Low,No
37,Male,54289.0,Suburban,55.9,1,Sedan,0,2,Yes,4.0,No,Low,No
45,Male,78296.0,Urban,106.0,1,Sedan,13,16,No,3.0,Yes,Medium,No
32,Male,30000.0,Urban,52.0,2,Sedan,12,10,Yes,3.0,Yes,Low,No
54,Male,96521.0,Suburban,43.0,1,SUV,6,1,Yes,4.0,Yes,Low,Yes
53,Female,85629.0,Urban,31.6,1,Truck,6,6,No,3.0,No,Medium,No
29,Other,106592.0,Suburban,57.4,2,Sedan,1,8,Yes,1.0,Yes,Low,No
48,Male,122980.0,Rural,46.4,2,SUV,0,2,Yes,5.0,Yes,Low,Yes
66,Male,95468.0,Suburban,12.7,1,SUV,1,8,Yes,4.0,No,Low,No
29,Male,86712.0,Suburban,36.8,1,SUV,5,9,Yes,5.0,No,Low,No
66,Male,153234.0,Urban,64.6,2,SUV,3,15,No,4.0,No,Medium,No
47,Female,86205.0,Urban,68.7,1,Hatchback,14,17,Yes,4.0,No,Low,No
41,Male,81631.0,Suburban,63.7,3,Truck,1,7,No,4.0,Yes,Medium,No
36,Female,135096.0,Suburban,21.2,3,Sedan,2,2,Yes,3.0,Yes,Low,Yes
38,Male,77072.0,Urban,28.8,1,Hatchback,12,11,Yes,2.0,No,Low,No
26,Female,105612.0,Suburban,16.6,2,SUV,3,7,Yes,1.0,No,Low,No
48,Female,81155.0,Urban,47.4,2,Sedan,7,11,No,4.0,No,Medium,No
48,Female,73760.0,Urban,25.0,2,SUV,14,14,No,1.0,Yes,Low,No
27,Female,73399.0,Urban,52.6,1,Hatchback,12,12,Yes,4.0,Yes,Low,No
52,Male,139841.0,Urban,25.2,1,SUV,13,6,Yes,2.0,No,Low,No
30,Male,153602.0,Rural,5.0,1,SUV,1,1,Yes,1.0,Yes,Low,No
48,Male,39315.0,Urban,34.3,2,SUV,12,8,No,4.0,Yes,Low,No
50,Female,34754.0,Urban,68.1,3,Sedan,5,10,No,5.0,No,Low,No
63,Male,140630.0,Rural,87.3,2,Hatchback,2,1,Yes,2.0,No,Low,No
47,Female,48131.0,Rural,25.9,4,Sedan,2,3,Yes,3.0,No,Low,No
69,Male,125870.0,Urban,60.5,1,Sedan,3,3,No,3.0,Yes,Medium,No
38,Female,53956.0,Urban,22.8,1,Sedan,8,9,No,2.0,Yes,Low,No
56,Female,36400.0,Rural,78.5,1,Truck,2,3,Yes,5.0,Yes,Low,No
38,Male,84554.0,Urban,29.2,3,SUV,12,13,Yes,2.0,No,Low,No
68,Male,96180.0,Rural,5.0,2,Sedan,2,3,Yes,1.0,No,Low,No
50,Male,94279.0,Suburban,5.0,2,SUV,6,9,Yes,5.0,Yes,Low,No
62,Female,84287.0,Urban,40.9,2,Hatchback,9,15,No,3.0,Yes,Low,Yes
47,Female,114111.0,Urban,35.1,3,Sedan,11,3,Yes,3.0,Yes,Low,No
47,Male,92162.0,Rural,29.8,3,Truck,2,0,Yes,5.0,Yes,Low,Yes
57,Female,70308.0,Urban,56.7,2,Sedan,2,19,No,1.0,Yes,Low,No
30,Female,109370.0,Suburban,38.0,3,Truck,4,3,No,3.0,No,Medium,No
49,Male,86877.0,Rural,30.1,4,Sedan,0,1,Yes,3.0,No,Low,No
52,Female,89623.0,Urban,78.0,3,Hatchback,7,17,No,1.0,Yes,Low,No
28,Female,51018.0,Rural,5.0,2,Sedan,2,3,Yes,3.0,Yes,Low,No
34,Male,40648.0,Urban,53.8,2,SUV,6,11,No,3.0,Yes,Medium,No
29,Male,118947.0,Urban,66.2,2,SUV,13,8,No,4.0,Yes,Low,Yes
45,Male,30000.0,Urban,5.3,1,SUV,11,9,No,1.0,No,Low,No
55,Male,107239.0,Rural,55.8,2,SUV,1,3,Yes,5.0,Yes,Low,Yes
34,Male,94863.0,Urban,51.6,2,Sedan,9,6,No,5.0,Yes,Low,No
36,Male,60598.0,Urban,33.3,2,Sedan,2,8,No,2.0,Yes,Low,No
46,Female,71727.0,Suburban,33.3,2,SUV,1,3,No,4.0,Yes,Medium,No
55,Female,30000.0,Urban,37.0,3,Sedan,4,14,Yes,5.0,Yes,Low,No
30,Male,92260.0,Suburban,64.0,2,Sedan,3,3,Yes,3.0,Yes,Low,Yes
25,Female,69005.0,Urban,5.0,1,Hatchback,4,9,Yes,4.0,No,Low,No
42,Female,146081.0,Suburban,26.0,1,Sedan,7,9,No,1.0,No,Low,No
56,Male,65903.0,Urban,5.0,1,Sedan,11,9,No,1.0,Yes,Low,No
50,Male,37755.0,Rural,21.8,2,Sedan,0,2,Yes,4.0,No,Low,No
31,Male,44440.0,Urban,53.1,1,Sedan,9,6,No,5.0,No,Low,No
53,Male,31327.0,Suburban,32.9,2,SUV,3,7,Yes,3.0,Yes,Low,No
30,Male,55717.0,Urban,34.7,2,SUV,9,3,Yes,5.0,Yes,Low,No
56,Female,89726.0,Urban,53.2,2,Sedan,13,10,Yes,4.0,Yes,Low,Yes
25,Male,44625.0,Urban,30.5,1,SUV,8,17,Yes,2.0,Yes,Low,No
65,Female,44598.0,Urban,5.0,4,Sedan,14,14,No,2.0,Yes,Low,No
58,Male,90833.0,Suburban,8.2,2,SUV,1,9,Yes,4.0,No,Low,No
42,Female,83819.0,Urban,72.7,1,SUV,12,6,No,4.0,No,Medium,No
40,Male,79249.0,Suburban,39.4,1,SUV,2,8,No,1.0,Yes,Low,No
29,Male,94131.0,Rural,13.6,1,Sedan,2,2,Yes,4.0,No,Low,No
38,Other,67636.0,Rural,100.4,1,SUV,2,0,Yes,3.0,No,High,No
45,Female,72483.0,Suburban,36.6,3,Sedan,2,1,Yes,4.0,No,Low,No
35,Female,30000.0,Suburban,46.4,1,SUV,1,9,Yes,1.0,Yes,Low,No
45,Female,85945.0,Urban,17.2,1,Sedan,9,13,No,1.0,Yes,Low,No
41,Male,101795.0,Rural,23.1,3,Sedan,2,1,No,3.0,No,Medium,No
68,Male,147872.0,Suburban,39.9,3,Sedan,2,2,Yes,2.0,No,Low,No
57,Male,30000.0,Urban,39.3,2,Truck,6,15,Yes,1.0,Yes,Low,No
47,Female,152932.0,Rural,53.5,1,Sedan,1,3,Yes,5.0,Yes,Low,Yes
66,Male,42355.0,Urban,65.0,1,SUV,6,4,No,5.0,Yes,Medium,No
50,Female,39805.0,Urban,58.2,2,SUV,6,5,Yes,4.0,Yes,Low,No
67,Male,107819.0,Suburban,37.1,3,Sedan,7,7,Yes,1.0,Yes,Low,No
49,Female,97954.0,Suburban,28.8,1,Truck,6,8,Yes,3.0,Yes,Low,Yes
58,Male,30000.0,Urban,26.8,3,Sedan,11,12,No,3.0,Yes,Medium,No
61,Female,122823.0,Urban,41.05,1,SUV,11,19,Yes,4.0,Yes,Low,Yes
43,Female,95238.0,Urban,16.8,2,SUV,13,15,No,2.0,No,Low,No
49,Female,30000.0,Urban,47.4,1,Sedan,3,7,Yes,4.0,Yes,Low,No
31,Male,105710.0,Suburban,5.0,3,SUV,0,6,Yes,3.0,No,Low,No
43,Male,43585.0,Suburban,40.4,1,SUV,5,5,Yes,4.0,No,Low,No
65,Female,132993.0,Suburban,70.2,3,Sedan,4,7,Yes,2.0,No,Low,No
29,Male,133977.0,Urban,42.8,3,Sedan,14,11,Yes,4.0,No,Low,No
54,Male,95715.0,Suburban,74.2,3,SUV,2,8,Yes,3.0,Yes,Low,Yes
68,Male,52211.0,Urban,29.3,1,SUV,9,7,Yes,3.0,No,Low,No
63,Female,62849.0,Urban,5.0,4,SUV,12,5,No,5.0,Yes,Medium,No
58,Female,55015.0,Urban,39.3,1,Sedan,10,3,Yes,2.0,Yes,Low,No
29,Male,85708.0,Urban,34.8,2,Hatchback,11,10,Yes,5.0,No,Low,No
59,Male,112512.0,Urban,74.0,2,Sedan,5,5,No,5.0,Yes,High,No
54,Male,84758.0,Rural,50.9,1,Hatchback,2,1,Yes,3.0,Yes,Low,Yes
55,Female,51790.0,Urban,25.4,2,Sedan,13,19,No,1.0,Yes,Low,No
38,Male,54847.0,Urban,50.1,2,Sedan,3,7,No,2.0,Yes,Medium,No
49,Female,64584.0,Urban,13.5,1,SUV,4,15,Yes,5.0,Yes,Low,Yes
39,Female,56136.0,Rural,66.0,2,Sedan,1,1,Yes,1.0,Yes,Low,No
68,Male,94014.0,Suburban,19.8,4,Sedan,0,5,Yes,3.0,Yes,Low,No
42,Male,85349.0,Suburban,56.6,2,Hatchback,6,2,Yes,5.0,Yes,Low,Yes
32,Female,51901.0,Suburban,67.3,1,SUV,2,4,Yes,3.0,Yes,Low,No
38,Male,67919.0,Rural,76.1,2,Hatchback,1,0,Yes,4.0,No,Medium,No
49,Male,144722.0,Suburban,55.6,2,Hatchback,5,6,Yes,3.0,Yes,Low,Yes
37,Female,51511.0,Urban,54.2,1,SUV,14,3,No,3.0,Yes,Medium,No
60,Male,111786.0,Urban,20.9,2,Sedan,7,17,No,5.0,No,Low,No
33,Male,77802.0,Urban,5.0,2,Hatchback,2,13,Yes,3.0,No,Low,No
25,Male,44019.0,Suburban,47.1,4,SUV,5,6,No,2.0,Yes,Medium,No
57,Female,75153.0,Urban,58.0,1,Sedan,14,10,No,4.0,Yes,Low,No
28,Female,89514.0,Urban,29.7,2,SUV,2,19,No,1.0,No,Low,No
28,Female,33812.0,Suburban,15.8,2,Truck,4,3,Yes,5.0,Yes,Low,Yes
56,Male,72066.0,Suburban,6.2,2,Sedan,6,6,Yes,3.0,No,Low,No
31,Female,30000.0,Suburban,17.4,4,Hatchback,2,4,Yes,4.0,Yes,Low,Yes
59,Male,90385.0,Urban,9.7,2,Hatchback,4,18,No,3.0,No,Low,No
26,Male,56962.0,Suburban,41.8,1,SUV,6,9,Yes,3.0,Yes,Low,Yes
33,Female,84287.0,Suburban,13.8,2,SUV,4,9,Yes,3.0,Yes,Low,Yes
37,Female,44178.0,Urban,82.4,2,SUV,14,5,Yes,4.0,No,Low,No
49,Male,100584.0,Rural,20.8,3,Hatchback,0,1,Yes,5.0,Yes,Low,Yes
62,Female,67864.0,Rural,36.9,2,Hatchback,2,3,Yes,5.0,No,Low,No
59,Female,112530.0,Urban,39.0,1,Sedan,4,17,Yes,1.0,No,Low,No
30,Male,30000.0,Urban,27.2,1,Hatchback,10,15,No,5.0,No,Low,No
43,Female,102304.0,Suburban,57.6,2,Sedan,6,7,Yes,2.0,Yes,Low,No
38,Female,36620.0,Rural,55.7,2,SUV,1,1,Yes,2.0,No,Low,No
28,Male,82187.0,Suburban,42.6,1,SUV,7,4,Yes,1.0,No,Low,No
41,Female,97934.0,Urban,67.6,1,Sedan,7,9,No,2.0,No,Low,No
28,Male,129249.0,Urban,71.6,1,Hatchback,4,3,Yes,1.0,No,Low,No
48,Male,73624.0,Suburban,74.9,3,Sedan,2,4,Yes,4.0,Yes,Low,No
47,Female,131877.0,Rural,37.9,1,Sedan,0,1,Yes,5.0,No,Low,No
63,Male,54307.0,Urban,23.8,3,SUV,14,19,No,4.0,No,Low,No
33,Male,123514.0,Urban,45.0,2,Sedan,11,9,Yes,5.0,No,Low,No
56,Male,121005.0,Suburban,5.0,1,SUV,3,4,Yes,1.0,No,Low,No
41,Male,99123.0,Rural,69.3,2,SUV,1,0,Yes,3.0,Yes,Low,No
67,Male,64714.0,Suburban,26.7,1,SUV,3,1,Yes,3.0,Yes,Low,No
27,Male,66949.0,Suburban,30.6,1,SUV,2,5,Yes,3.0,No,Low,No
48,Female,72971.0,Urban,5.0,2,SUV,14,9,No,2.0,Yes,Low,No
65,Male,71650.0,Rural,5.0,4,Sedan,0,3,Yes,5.0,Yes,Low,Yes
30,Female,86069.0,Suburban,8.6,1,SUV,0,7,Yes,5.0,Yes,Low,Yes
52,Female,58345.0,Suburban,53.0,4,Sedan,2,7,Yes,3.0,No,Low,No
52,Female,57487.0,Urban,43.6,3,SUV,5,11,Yes,5.0,Yes,Low,No
66,Female,52214.0,Urban,5.0,1,Sedan,4,4,No,3.0,Yes,Low,No
52,Female,70325.0,Rural,5.0,4,SUV,2,3,Yes,1.0,Yes,Low,No
40,Male,107052.0,Urban,63.8,3,SUV,11,9,Yes,1.0,Yes,Low,No
32,Male,109945.0,Urban,40.8,2,SUV,3,18,No,5.0,No,Low,No
58,Female,38310.0,Suburban,69.2,1,Sedan,5,1,Yes,1.0,No,Low,No
27,Female,94645.0,Suburban,79.9,3,SUV,3,4,Yes,5.0,Yes,Low,Yes
58,Female,94326.0,Suburban,14.9,1,SUV,7,6,Yes,4.0,Yes,Low,Yes
28,Male,45035.0,Urban,49.2,1,Sedan,12,12,No,2.0,No,Low,No
28,Female,95649.0,Suburban,33.0,2,SUV,4,7,Yes,3.0,Yes,Low,No
31,Female,80606.0,Urban,58.4,1,SUV,11,5,No,3.0,No,Low,No
29,Female,67304.0,Urban,27.3,2,SUV,8,18,No,1.0,Yes,Low,No
27,Male,74099.0,Urban,35.7,1,Sedan,2,15,Yes,4.0,No,Low,No
30,Male,122593.0,Urban,45.9,1,Truck,7,19,No,5.0,No,Medium,No
37,Female,77979.0,Suburban,59.7,2,SUV,0,8,Yes,3.0,Yes,Low,No
64,Female,50430.0,Suburban,37.4,1,Truck,4,6,Yes,2.0,Yes,Low,No
67,Female,88576.0,Urban,81.1,4,SUV,2,19,No,1.0,No,Medium,No
33,Male,49669.0,Urban,5.0,1,Sedan,6,19,Yes,4.0,No,Low,No
26,Male,70456.0,Urban,86.2,2,SUV,13,12,No,2.0,No,Low,No
45,Male,114095.0,Urban,85.6,1,Hatchback,13,9,No,5.0,Yes,Low,Yes
62,Male,44987.0,Urban,23.5,1,Sedan,10,3,Yes,5.0,No,Low,No
42,Female,163142.0,Suburban,44.4,2,SUV,5,7,Yes,5.0,Yes,Low,Yes
66,Male,107532.0,Urban,84.4,3,SUV,5,4,No,2.0,Yes,High,No
39,Female,62315.0,Urban,74.9,3,Truck,13,10,No,1.0,Yes,Low,No
47,Female,88142.0,Urban,5.0,1,SUV,2,15,No,1.0,No,Low,No
59,Female,54944.0,Urban,48.1,3,Hatchback,3,4,No,1.0,No,Medium,No
32,Female,58410.0,Rural,84.0,2,SUV,1,3,Yes,3.0,Yes,Low,Yes
25,Male,30000.0,Suburban,80.2,2,SUV,1,8,Yes,5.0,Yes,Low,Yes
31,Male,78815.0,Rural,17.7,1,SUV,0,3,Yes,2.0,No,Low,No
32,Male,36647.0,Urban,35.5,4,Sedan,13,15,No,3.0,No,Low,No
37,Male,122078.0,Urban,8.4,2,SUV,14,3,No,2.0,Yes,Low,No
53,Female,81098.0,Rural,19.2,2,Sedan,2,0,Yes,3.0,No,Low,No
27,Male,64908.0,Urban,15.5,1,Sedan,9,8,Yes,1.0,Yes,Low,No
39,Female,57528.0,Rural,57.4,3,SUV,2,1,Yes,2.0,Yes,Low,No
27,Male,82481.0,Urban,33.7,1,Hatchback,6,7,Yes,2.0,No,Low,No
49,Female,96160.0,Suburban,49.0,1,Hatchback,5,9,Yes,3.0,No,Low,No
40,Female,87998.0,Rural,26.3,3,SUV,1,2,Yes,3.0,Yes,Low,Yes
69,Female,38300.0,Urban,73.0,1,SUV,11,16,Yes,2.0,Yes,Low,No
52,Male,76123.0,Suburban,69.7,2,Sedan,6,1,Yes,2.0,Yes,Low,No
49,Female,116167.0,Urban,46.9,2,SUV,13,10,No,4.0,No,Low,No
60,Female,127620.0,Suburban,36.2,2,Hatchback,3,9,Yes,5.0,Yes,Low,Yes
53,Male,56629.0,Rural,56.1,2,SUV,1,3,Yes,4.0,Yes,Low,No
67,Female,96291.0,Suburban,43.6,2,SUV,0,5,Yes,2.0,Yes,Low,No
65,Female,55520.0,Urban,55.5,2,Sedan,3,12,Yes,2.0,Yes,Low,No
47,Female,150144.0,Urban,53.9,2,Sedan,4,18,Yes,5.0,No,Low,Yes
29,Male,98984.0,Suburban,21.9,1,Sedan,0,4,No,3.0,Yes,Low,No
69,Female,89555.0,Suburban,34.0,1,SUV,2,7,Yes,3.0,Yes,Low,No
63,Male,92154.0,Suburban,57.9,1,Truck,2,2,No,1.0,Yes,Medium,No
33,Female,119876.0,Suburban,19.3,2,SUV,3,9,Yes,1.0,No,Low,No
44,Male,65129.0,Urban,84.0,2,SUV,9,14,No,5.0,Yes,Medium,No
27,Male,133006.0,Suburban,55.8,2,Sedan,0,8,Yes,5.0,Yes,Low,Yes
50,Female,86057.0,Suburban,34.7,4,SUV,0,9,Yes,4.0,Yes,Low,No
56,Female,86601.0,Suburban,18.6,1,Sedan,1,9,Yes,1.0,Yes,Low,Yes
62,Male,97044.0,Suburban,45.7,3,SUV,4,3,No,2.0,No,Medium,No
50,Male,63987.0,Urban,39.0,2,SUV,12,11,No,3.0,No,Low,No
48,Male,144943.0,Suburban,11.4,2,SUV,5,7,Yes,5.0,Yes,Low,Yes
47,Male,160266.0,Urban,53.2,2,Sedan,6,10,Yes,3.0,No,Low,No
47,Female,71748.0,Suburban,66.8,3,SUV,5,4,Yes,3.0,No,Low,No
41,Male,78829.0,Urban,28.3,2,SUV,5,10,Yes,5.0,No,Low,No
32,Other,113050.0,Urban,5.0,2,Sedan,9,18,Yes,5.0,Yes,Low,Yes
67,Male,74131.0,Urban,65.4,1,Sedan,3,6,Yes,2.0,Yes,Low,No
32,Other,45760.0,Rural,81.8,1,Sedan,2,3,Yes,4.0,Yes,Low,No
65,Female,80946.0,Urban,52.6,2,SUV,3,9,No,1.0,No,Low,No
43,Male,74989.0,Rural,31.1,3,SUV,0,1,Yes,1.0,No,Low,No
56,Other,131719.0,Rural,23.6,2,Hatchback,2,2,Yes,1.0,Yes,Low,No
31,Female,107580.0,Urban,17.3,1,Hatchback,3,12,No,4.0,No,Low,No
53,Male,99826.0,Suburban,45.3,1,Sedan,6,5,No,1.0,Yes,Medium,No
39,Female,48634.0,Rural,38.7,1,Truck,2,3,Yes,1.0,Yes,Low,No
28,Female,129727.0,Urban,36.3,3,SUV,9,3,Yes,4.0,Yes,Low,Yes
69,Male,174000.0,Urban,5.0,2,Truck,12,5,No,5.0,No,Low,Yes
29,Female,90815.0,Urban,41.0,2,SUV,11,3,Yes,2.0,No,Low,No
62,Male,131266.0,Suburban,7.3,2,SUV,2,8,Yes,2.0,No,Low,No
58,Male,119613.0,Urban,39.3,1,Sedan,9,12,Yes,2.0,No,Low,No
39,Male,99440.0,Suburban,52.4,1,Hatchback,2,3,Yes,5.0,No,Low,No
54,Male,129958.0,Rural,48.4,2,Sedan,1,2,Yes,4.0,Yes,Low,No
42,Female,76970.0,Urban,44.1,1,Sedan,2,10,No,1.0,Yes,High,No
43,Male,117885.0,Urban,22.3,1,SUV,3,12,No,4.0,No,Low,No
39,Female,140600.0,Urban,53.5,2,SUV,4,18,No,4.0,Yes,Medium,No
54,Male,75667.0,Suburban,65.8,1,Sedan,3,3,Yes,4.0,Yes,Low,No
53,Female,134160.0,Urban,32.4,2,Truck,11,18,No,2.0,No,Low,No
42,Female,118779.0,Urban,46.9,1,Hatchback,10,12,No,3.0,No,Low,No
45,Male,128751.0,Suburban,28.6,1,Sedan,1,6,Yes,1.0,No,Low,No
51,Male,30000.0,Suburban,5.0,1,SUV,0,5,Yes,2.0,Yes,Low,No
69,Female,112713.0,Rural,36.1,1,Truck,2,3,Yes,2.0,Yes,Low,No
29,Female,47784.0,Urban,10.2,2,Hatchback,8,17,No,4.0,No,Low,No
63,Female,102382.0,Urban,57.0,2,Truck,8,19,Yes,4.0,Yes,Low,Yes
37,Female,158737.0,Urban,41.2,1,Sedan,2,10,No,5.0,No,Low,No
54,Male,126555.0,Urban,38.8,1,Sedan,3,4,Yes,2.0,No,Low,No
45,Female,55524.0,Rural,21.0,1,SUV,2,2,Yes,2.0,Yes,Low,No
38,Female,109244.0,Urban,29.2,1,Sedan,8,5,No,4.0,Yes,Medium,No
67,Female,121391.0,Urban,55.9,2,Hatchback,6,7,Yes,2.0,Yes,Low,No
48,Male,55819.0,Suburban,42.2,1,SUV,7,2,Yes,3.0,No,Low,No
63,Female,84287.0,Urban,87.7,2,SUV,5,16,No,1.0,No,Medium,No
37,Female,95899.0,Urban,44.4,3,Sedan,3,18,No,1.0,Yes,Low,No
41,Male,52805.0,Suburban,81.8,1,Sedan,7,6,No,4.0,Yes,Low,No
56,Female,88307.0,Urban,75.7,1,SUV,5,12,Yes,4.0,Yes,Low,No
52,Male,124395.0,Urban,77.7,4,Sedan,10,18,No,3.0,Yes,Low,No
51,Male,91347.0,Suburban,29.9,1,Sedan,0,6,Yes,2.0,Yes,Low,Yes
35,Female,95197.0,Rural,32.4,1,SUV,1,2,Yes,1.0,Yes,Low,No
49,Female,102462.0,Urban,5.0,1,Sedan,12,18,Yes,3.0,No,Low,No
61,Female,92230.0,Urban,69.1,2,Sedan,14,5,Yes,5.0,No,Low,No
28,Female,121044.0,Urban,78.2,1,Hatchback,8,4,No,1.0,Yes,High,No
55,Male,63471.0,Urban,32.6,1,Hatchback,6,13,No,3.0,No,Low,No
31,Female,97089.0,Urban,29.4,3,Sedan,7,18,No,5.0,No,Low,No
45,Male,103547.0,Suburban,44.0,3,Sedan,7,7,Yes,5.0,Yes,Low,Yes
53,Male,77337.0,Rural,5.0,1,SUV,0,3,Yes,5.0,Yes,Low,Yes
31,Male,93031.0,Suburban,35.3,2,Truck,5,4,Yes,4.0,No,Low,No
27,Female,83947.0,Suburban,29.7,2,Sedan,0,5,Yes,5.0,Yes,Low,Yes
41,Male,119109.0,Urban,42.9,2,SUV,3,17,Yes,3.0,Yes,Low,No
44,Male,84055.0,Urban,33.2,3,Truck,10,6,No,5.0,Yes,Low,No
46,Female,83172.0,Suburban,78.7,1,Sedan,3,2,Yes,2.0,Yes,Low,No
65,Male,51344.0,Suburban,23.6,3,Hatchback,5,7,No,1.0,No,Medium,No
29,Male,58476.0,Urban,39.7,1,Sedan,2,7,No,1.0,No,Medium,No
38,Female,99314.0,Urban,82.7,2,SUV,10,15,No,5.0,Yes,Medium,Yes
68,Female,33996.0,Suburban,47.2,1,SUV,2,5,Yes,4.0,No,Low,No
43,Male,100095.0,Suburban,21.1,1,SUV,5,9,No,2.0,No,Low,No
47,Female,30000.0,Urban,5.0,2,SUV,3,19,No,2.0,Yes,Low,No
62,Female,40287.0,Suburban,32.4,1,SUV,5,7,Yes,5.0,No,Low,No
63,Male,82079.0,Rural,12.0,3,Sedan,2,3,Yes,4.0,No,Low,No
52,Male,103735.0,Suburban,92.3,2,Sedan,3,5,Yes,3.0,No,Low,No
64,Female,137505.0,Suburban,5.0,1,Hatchback,0,5,Yes,3.0,No,Low,No
37,Female,82072.0,Suburban,27.2,1,Sedan,1,8,Yes,2.0,Yes,Low,No
41,Female,143032.0,Suburban,22.9,2,Sedan,3,7,Yes,2.0,Yes,Low,No
42,Female,74693.0,Rural,46.0,3,SUV,1,3,Yes,3.0,Yes,Low,No
60,Female,79923.0,Rural,46.5,1,Sedan,0,2,Yes,5.0,No,Low,No
41,Male,104437.0,Suburban,49.3,2,Hatchback,2,8,No,1.0,Yes,Low,No
55,Male,104309.0,Suburban,77.1,2,SUV,4,2,Yes,5.0,Yes,Low,Yes
27,Female,95924.0,Rural,5.6,2,Truck,0,3,Yes,4.0,Yes,Low,No
63,Male,84770.0,Urban,34.0,2,Sedan,5,6,Yes,5.0,Yes,Low,Yes
55,Female,62434.0,Rural,50.0,2,Hatchback,2,1,Yes,3.0,Yes,Low,No
46,Female,85586.0,Urban,56.0,1,Truck,9,3,No,2.0,Yes,Low,No
52,Male,165617.0,Urban,18.0,2,Truck,10,6,No,5.0,Yes,Low,Yes
59,Female,96643.0,Rural,20.3,3,Sedan,2,2,Yes,2.0,Yes,Low,No
36,Female,148216.0,Urban,77.5,3,SUV,7,19,Yes,3.0,Yes,Low,No
27,Female,118364.0,Rural,68.1,2,SUV,0,0,Yes,5.0,No,Medium,No
68,Male,159939.0,Urban,28.6,1,Sedan,14,8,Yes,5.0,Yes,Low,Yes
43,Male,56549.0,Urban,90.7,1,SUV,10,11,No,2.0,No,Medium,No
27,Male,128821.0,Suburban,71.9,3,Sedan,0,6,Yes,3.0,Yes,Low,Yes
43,Female,113905.0,Urban,15.8,2,SUV,10,14,No,4.0,No,Low,Yes
48,Female,30000.0,Suburban,79.3,2,Sedan,5,2,Yes,5.0,Yes,Low,No
59,Other,111875.0,Suburban,63.0,2,Truck,7,4,Yes,3.0,Yes,Low,Yes
38,Male,63508.0,Urban,33.7,3,SUV,9,5,No,3.0,Yes,Low,No
50,Male,67622.0,Suburban,47.0,1,SUV,1,4,Yes,3.0,No,Low,No
62,Female,76812.0,Urban,22.5,1,Hatchback,8,8,Yes,2.0,Yes,Low,No
58,Male,38836.0,Urban,41.5,2,Hatchback,7,18,No,5.0,Yes,Low,No
40,Female,94074.0,Urban,58.3,2,SUV,3,11,Yes,2.0,Yes,Low,No
58,Male,96058.0,Urban,56.4,1,Hatchback,13,17,No,4.0,Yes,Low,Yes
29,Female,110968.0,Urban,30.4,1,SUV,14,10,Yes,2.0,Yes,Low,No
41,Female,30000.0,Suburban,64.5,1,SUV,4,9,Yes,3.0,Yes,Low,No
34,Male,30000.0,Urban,21.6,1,Sedan,9,3,Yes,3.0,No,Low,No
64,Male,94810.0,Suburban,5.8,2,Sedan,2,7,Yes,5.0,Yes,Low,Yes
31,Female,61487.0,Suburban,61.0,1,Hatchback,0,1,Yes,2.0,No,Low,No
26,Female,96195.0,Rural,13.1,1,Sedan,0,0,Yes,4.0,Yes,Low,Yes
63,Female,32897.0,Rural,41.4,1,SUV,0,3,Yes,2.0,Yes,Low,No
46,Female,91200.0,Urban,16.4,1,SUV,14,11,No,2.0,No,Low,No
40,Male,69951.0,Rural,39.5,2,Hatchback,1,0,Yes,2.0,Yes,Low,No
44,Female,69806.0,Urban,41.150000000000006,1,Sedan,6,18,Yes,3.0,Yes,Low,No
34,Female,145275.0,Urban,13.8,4,SUV,3,4,No,1.0,No,Low,No
57,Male,103088.0,Urban,10.4,4,Sedan,13,18,No,3.0,No,Low,No
53,Male,30000.0,Suburban,42.4,1,SUV,5,4,Yes,2.0,Yes,Low,No
50,Male,84758.0,Suburban,74.1,1,Sedan,0,2,Yes,5.0,Yes,Low,Yes
40,Female,46794.0,Suburban,55.1,3,SUV,7,3,Yes,1.0,Yes,Low,No
43,Male,84870.0,Urban,25.0,2,Sedan,14,15,Yes,3.0,Yes,Low,No
29,Male,82258.0,Suburban,39.0,1,Sedan,5,3,Yes,2.0,No,Low,No
36,Male,74861.0,Suburban,54.9,1,Truck,7,6,Yes,3.0,Yes,Low,No
25,Male,30000.0,Urban,5.0,1,Sedan,10,17,No,3.0,Yes,Low,No
28,Female,84394.0,Suburban,19.4,2,SUV,4,7,Yes,2.0,No,Low,No
50,Female,84758.0,Urban,27.5,1,Truck,14,16,Yes,1.0,Yes,Low,No
38,Male,104576.0,Urban,22.3,2,Hatchback,7,13,No,3.0,No,Medium,No
65,Male,141293.0,Urban,63.0,1,SUV,5,15,No,2.0,No,Low,No
34,Female,97995.0,Urban,21.3,1,Truck,10,16,No,2.0,Yes,Low,No
42,Female,88641.0,Urban,45.0,1,SUV,14,4,No,4.0,No,Low,No
52,Female,62608.0,Suburban,29.2,1,SUV,2,1,No,1.0,No,Low,No
40,Male,99638.0,Urban,43.3,1,SUV,7,17,No,5.0,Yes,Low,Yes
61,Female,80048.0,Suburban,49.0,2,Hatchback,1,6,Yes,1.0,No,Low,No
54,Female,87208.0,Suburban,57.2,3,Hatchback,2,5,Yes,1.0,No,Low,No
48,Male,150159.0,Suburban,51.3,3,Sedan,3,8,Yes,1.0,No,Low,No
42,Male,101024.0,Rural,75.3,1,Sedan,0,0,Yes,4.0,No,Low,No
66,Female,122099.0,Urban,55.5,3,SUV,5,12,Yes,1.0,Yes,Low,No
48,Male,33330.0,Suburban,25.4,2,SUV,5,9,No,2.0,Yes,Medium,No
55,Male,45129.0,Suburban,6.6,4,SUV,0,8,No,2.0,No,Low,No
57,Male,64441.0,Suburban,47.9,1,Sedan,7,9,Yes,4.0,Yes,Low,No
36,Female,51130.0,Rural,10.9,1,SUV,1,1,Yes,1.0,Yes,Low,No
58,Other,61171.0,Urban,81.4,2,Sedan,4,14,No,4.0,No,Medium,No
54,Male,30000.0,Suburban,49.3,2,Sedan,2,2,Yes,5.0,No,Low,No
41,Male,43893.0,Suburban,41.5,2,Hatchback,3,5,No,4.0,Yes,Medium,No
29,Female,121580.0,Urban,26.7,2,SUV,14,3,No,2.0,No,Low,No
68,Female,63719.0,Suburban,49.5,2,SUV,5,7,Yes,2.0,No,Low,No
44,Female,44419.0,Rural,43.1,1,SUV,2,2,Yes,3.0,No,Low,No
46,Male,158394.0,Urban,27.4,2,SUV,14,7,No,5.0,Yes,Low,Yes
52,Female,60848.0,Urban,43.7,1,Sedan,9,17,No,2.0,No,Low,No
38,Female,88703.0,Rural,47.2,2,Sedan,1,3,Yes,2.0,Yes,Low,No
46,Male,74399.0,Urban,36.4,2,Sedan,12,5,No,5.0,No,Low,No
64,Female,61819.0,Suburban,37.8,1,Sedan,7,2,Yes,1.0,Yes,Low,No
65,Female,112750.0,Suburban,21.3,2,Sedan,4,8,Yes,3.0,Yes,Low,No
62,Male,54931.0,Urban,41.2,1,Sedan,7,19,Yes,2.0,No,Low,No
56,Female,90968.0,Urban,5.0,1,SUV,3,8,No,2.0,Yes,Low,No
68,Male,30000.0,Urban,43.1,2,SUV,5,19,No,1.0,Yes,Low,No
42,Male,128495.0,Urban,67.3,1,Truck,10,7,Yes,4.0,Yes,Low,Yes
68,Male,58857.0,Suburban,28.0,2,SUV,4,6,Yes,5.0,Yes,Low,Yes
52,Male,76157.0,Rural,69.0,2,SUV,2,2,Yes,5.0,Yes,Low,Yes
38,Female,96366.0,Urban,5.0,1,Sedan,5,13,No,2.0,No,Low,No
28,Male,36345.0,Urban,24.2,4,SUV,10,4,No,1.0,Yes,Medium,No
60,Female,135104.0,Suburban,41.0,1,Sedan,2,9,Yes,3.0,Yes,Low,Yes
51,Male,41697.0,Urban,81.1,2,Sedan,12,13,No,5.0,Yes,Low,Yes
29,Female,80546.0,Suburban,56.0,3,Truck,7,2,No,2.0,No,Medium,No
68,Female,39651.0,Suburban,36.6,4,Truck,0,9,Yes,5.0,Yes,Low,No
44,Female,86505.0,Suburban,56.5,1,SUV,1,7,Yes,4.0,Yes,Low,Yes
69,Male,54989.0,Urban,27.2,1,Sedan,5,7,Yes,2.0,Yes,Low,No
42,Male,64158.0,Urban,5.0,3,SUV,2,3,No,5.0,Yes,Medium,No
52,Male,30000.0,Urban,17.0,2,Sedan,12,14,No,4.0,No,Low,No
38,Male,66808.0,Suburban,36.7,2,Sedan,7,8,Yes,4.0,No,Low,No
59,Female,79694.0,Urban,9.4,1,Truck,9,14,Yes,2.0,No,Low,No
45,Male,71701.0,Suburban,41.6,3,Hatchback,2,3,No,5.0,Yes,Low,No
34,Male,154146.0,Suburban,74.1,1,Sedan,6,1,No,5.0,No,Medium,No
69,Male,86347.0,Suburban,26.6,3,Sedan,2,8,Yes,1.0,Yes,Low,No
55,Male,116801.0,Urban,66.9,3,SUV,10,19,No,3.0,No,Low,No
65,Male,112406.0,Suburban,34.3,3,Sedan,5,2,Yes,1.0,No,Low,No
49,Male,51878.0,Urban,19.0,1,SUV,13,18,Yes,2.0,No,Low,No
53,Male,55606.0,Suburban,5.0,1,Sedan,7,1,Yes,1.0,Yes,Low,No
51,Female,99223.0,Urban,5.0,1,Sedan,14,11,No,3.0,Yes,Low,Yes
51,Female,30000.0,Urban,61.8,2,Truck,2,5,No,1.0,Yes,Low,No
33,Female,110263.0,Suburban,68.9,2,Sedan,7,7,No,4.0,No,Medium,No
64,Male,117126.0,Suburban,59.1,2,Sedan,0,1,Yes,4.0,No,Low,No
48,Male,96404.0,Rural,15.7,2,Sedan,0,3,Yes,4.0,Yes,Low,Yes
62,Male,117377.0,Urban,28.5,2,SUV,11,8,No,3.0,Yes,Low,No
65,Female,115685.0,Suburban,47.8,4,SUV,6,5,Yes,4.0,Yes,Low,No
35,Male,103032.0,Rural,45.6,1,Truck,2,2,Yes,1.0,No,Low,No
36,Female,84906.0,Urban,24.5,3,SUV,6,4,No,5.0,Yes,Low,Yes
45,Female,100929.0,Urban,44.0,2,Hatchback,8,6,No,1.0,Yes,Low,No
48,Female,90150.0,Suburban,45.1,1,Truck,7,3,Yes,2.0,Yes,Low,No
31,Female,102728.0,Urban,50.8,1,Sedan,8,14,Yes,4.0,Yes,Low,Yes
61,Male,100662.0,Suburban,32.4,1,Sedan,6,5,No,3.0,Yes,Low,Yes
64,Female,90336.0,Urban,41.2,1,SUV,8,5,No,5.0,No,Medium,No
49,Male,44214.0,Urban,63.8,2,SUV,10,10,Yes,2.0,Yes,Low,No
43,Male,174000.0,Suburban,37.0,1,Hatchback,3,9,No,4.0,Yes,Low,Yes
62,Female,116365.0,Suburban,32.0,1,Sedan,5,8,Yes,2.0,Yes,Low,No
49,Female,97612.0,Urban,78.5,1,SUV,5,12,No,4.0,No,Low,No
41,Female,81417.0,Urban,37.1,1,Sedan,10,19,Yes,5.0,Yes,Low,Yes
49,Male,57069.0,Suburban,46.0,3,Hatchback,5,3,No,4.0,No,Medium,No
50,Female,40030.0,Rural,71.7,3,SUV,0,2,Yes,1.0,No,Low,No
30,Female,149950.0,Urban,23.9,2,Sedan,14,11,No,2.0,Yes,Low,No
28,Male,46901.0,Urban,7.3,2,Sedan,13,17,No,3.0,Yes,Low,No
59,Male,84906.0,Urban,106.0,3,Sedan,4,19,Yes,2.0,No,Low,No
39,Female,102893.0,Suburban,27.9,1,Sedan,6,3,No,2.0,No,Low,No
55,Female,124686.0,Suburban,29.3,2,Hatchback,2,1,Yes,5.0,Yes,Low,Yes
66,Female,79855.0,Urban,16.9,2,Sedan,7,12,No,3.0,Yes,Low,No
61,Female,107936.0,Suburban,53.6,2,Sedan,1,5,Yes,1.0,No,Low,No
41,Male,163958.0,Urban,55.6,2,Sedan,3,4,No,3.0,Yes,Medium,No
32,Male,106610.0,Rural,53.3,1,Sedan,0,1,Yes,2.0,Yes,Low,No
45,Female,67284.0,Suburban,62.6,2,Sedan,0,3,Yes,3.0,No,Low,No
52,Female,163545.0,Urban,60.8,2,SUV,11,13,No,1.0,Yes,Low,No
64,Female,100712.0,Suburban,24.4,2,Sedan,2,1,Yes,1.0,No,Low,No
45,Female,92136.0,Suburban,79.5,2,SUV,3,5,Yes,1.0,No,Low,No
44,Male,52122.0,Urban,56.5,2,Hatchback,11,18,Yes,1.0,Yes,Low,No
39,Female,70705.0,Urban,62.0,2,Sedan,6,19,No,3.0,Yes,Low,No
47,Female,84979.0,Urban,5.0,3,SUV,3,12,Yes,3.0,Yes,Low,Yes
58,Female,71784.0,Urban,63.7,4,Truck,9,14,No,1.0,Yes,Low,No
28,Male,71861.0,Urban,50.9,2,Sedan,5,10,No,5.0,Yes,Medium,No
37,Male,78405.0,Suburban,50.8,1,Truck,1,8,Yes,1.0,Yes,Low,No
34,Female,115576.0,Urban,52.8,1,SUV,7,12,Yes,3.0,Yes,Low,Yes
46,Female,136715.0,Suburban,38.4,1,SUV,2,9,Yes,3.0,No,Low,No
63,Other,79964.0,Urban,32.4,1,Sedan,10,3,Yes,2.0,Yes,Low,No
32,Female,96658.0,Urban,85.3,1,Truck,9,16,No,1.0,Yes,Medium,No
37,Male,30000.0,Urban,6.3,3,Sedan,11,14,No,2.0,Yes,Low,No
38,Female,30000.0,Rural,62.0,1,Sedan,2,0,Yes,1.0,Yes,Low,No
27,Female,82017.0,Urban,80.0,3,SUV,6,17,No,3.0,Yes,Low,No
31,Male,58566.0,Urban,106.0,3,Sedan,2,10,No,2.0,Yes,High,No
63,Female,95718.0,Urban,46.3,1,Sedan,9,19,No,5.0,Yes,Low,No
49,Female,85662.0,Rural,5.0,2,Hatchback,0,1,Yes,4.0,No,Low,No
52,Female,104353.0,Urban,45.5,3,SUV,2,17,No,2.0,No,Low,No
29,Male,101001.0,Suburban,84.2,3,Hatchback,5,6,Yes,3.0,No,Low,No
67,Male,129297.0,Urban,7.5,3,Sedan,6,16,No,5.0,Yes,Low,Yes
48,Male,124835.0,Urban,17.7,2,Hatchback,10,18,Yes,2.0,No,Low,No
35,Male,63190.0,Urban,27.9,3,Sedan,6,10,Yes,4.0,Yes,Low,Yes
66,Male,91783.0,Urban,50.4,1,Sedan,8,19,No,2.0,No,Low,No
42,Female,91019.0,Urban,51.9,2,Hatchback,9,7,Yes,1.0,Yes,Low,No
32,Male,30000.0,Suburban,68.2,2,Sedan,0,7,Yes,4.0,No,Low,No
49,Female,80807.0,Urban,34.3,1,Sedan,2,17,Yes,1.0,Yes,Low,No
42,Female,77350.0,Urban,73.9,2,Truck,14,19,No,5.0,No,Low,No
68,Male,118904.0,Suburban,20.2,1,SUV,3,7,Yes,5.0,No,Low,No
50,Female,36554.0,Urban,87.6,1,Truck,7,5,No,5.0,Yes,Medium,No
32,Male,93872.0,Suburban,64.8,2,SUV,5,9,Yes,1.0,Yes,Low,No
66,Male,125038.0,Suburban,72.3,1,Sedan,7,1,Yes,2.0,No,Low,No
41,Female,52417.0,Suburban,38.0,2,SUV,4,4,Yes,4.0,Yes,Low,No
67,Male,91211.0,Urban,52.1,1,Truck,14,18,Yes,2.0,No,Low,No
36,Male,136057.0,Urban,39.6,1,Sedan,9,16,Yes,1.0,No,Low,No
50,Female,87643.0,Urban,10.8,3,SUV,6,11,No,5.0,Yes,Medium,Yes
46,Female,60318.0,Urban,77.2,2,Sedan,10,12,No,5.0,Yes,Low,No
35,Male,69765.0,Urban,106.0,4,Hatchback,7,9,Yes,1.0,Yes,Low,No
31,Male,72488.0,Urban,20.6,4,SUV,4,7,Yes,1.0,No,Low,No
50,Female,92312.0,Suburban,33.9,1,SUV,5,6,Yes,1.0,Yes,Low,No
45,Female,63694.0,Urban,65.2,2,Truck,8,18,Yes,2.0,Yes,Low,No
50,Female,92573.0,Urban,33.6,1,Sedan,3,12,Yes,3.0,Yes,Low,Yes
29,Female,99114.0,Rural,9.3,1,Sedan,2,2,Yes,1.0,Yes,Low,No
49,Female,103348.0,Rural,65.2,1,SUV,1,2,Yes,1.0,No,Medium,No
64,Female,48035.0,Suburban,51.2,1,Hatchback,6,3,Yes,3.0,No,Low,No
36,Female,92492.0,Suburban,48.9,2,SUV,6,5,Yes,2.0,Yes,Low,No
38,Female,32642.0,Urban,53.3,3,SUV,10,7,No,2.0,No,Low,No
62,Male,95717.0,Urban,42.1,1,SUV,7,8,No,3.0,Yes,Low,Yes
68,Other,165361.0,Suburban,35.3,1,Hatchback,6,8,Yes,3.0,Yes,Low,No
41,Female,64411.0,Urban,61.4,1,SUV,12,3,No,3.0,Yes,Medium,No
43,Female,80325.0,Suburban,52.4,2,Hatchback,5,9,Yes,4.0,Yes,Low,No
25,Male,74793.0,Urban,29.0,2,Sedan,8,6,No,3.0,No,Medium,No
43,Male,115141.0,Urban,5.0,3,SUV,2,3,No,4.0,No,Low,No
36,Male,45398.0,Urban,34.2,4,Hatchback,3,6,No,1.0,Yes,Medium,No
25,Male,64804.0,Urban,5.0,1,SUV,8,13,No,3.0,Yes,Low,No
69,Male,34258.0,Urban,50.0,2,Sedan,4,3,No,5.0,Yes,Medium,No
41,Female,131360.0,Rural,47.1,2,Sedan,1,3,Yes,1.0,Yes,Low,No
44,Female,159929.0,Rural,22.2,3,SUV,0,3,Yes,3.0,Yes,Low,Yes
40,Male,66265.0,Rural,5.0,2,SUV,1,1,Yes,2.0,No,Low,No
45,Male,42364.0,Suburban,50.6,2,Hatchback,2,5,Yes,5.0,Yes,Low,No
54,Female,52358.0,Rural,52.8,2,SUV,2,0,Yes,3.0,Yes,Low,No
61,Female,43560.0,Rural,61.8,2,Sedan,2,3,No,4.0,Yes,Medium,No
44,Female,45799.0,Rural,5.0,2,Sedan,2,2,Yes,2.0,Yes,Low,No
63,Male,111441.0,Suburban,17.9,1,Truck,2,7,No,4.0,Yes,Medium,Yes
32,Female,69968.0,Urban,32.8,2,SUV,5,9,No,5.0,No,Low,No
59,Female,72047.0,Urban,13.8,1,Sedan,6,17,Yes,1.0,Yes,Low,No
62,Female,98598.0,Suburban,30.8,1,SUV,3,1,Yes,3.0,No,Low,No
65,Female,88365.0,Urban,11.9,1,SUV,3,11,No,4.0,No,Low,No
29,Male,57558.0,Urban,49.8,2,Hatchback,14,5,Yes,3.0,Yes,Low,No
60,Female,108763.0,Rural,40.8,1,SUV,2,2,Yes,4.0,Yes,Low,Yes
49,Female,71057.0,Urban,8.6,2,Sedan,14,15,No,1.0,No,Low,No
50,Male,105046.0,Suburban,14.4,1,Sedan,5,6,Yes,2.0,No,Low,No
59,Female,114268.0,Rural,64.2,1,SUV,0,1,Yes,4.0,Yes,Low,Yes
32,Male,132969.0,Rural,50.6,2,Hatchback,0,0,Yes,4.0,Yes,Low,No
25,Male,143054.0,Urban,61.9,1,Hatchback,10,10,No,3.0,Yes,Low,No
69,Female,87083.0,Urban,27.8,2,SUV,11,7,Yes,5.0,No,Low,No
50,Male,114010.0,Rural,56.9,2,Hatchback,1,2,Yes,3.0,Yes,Low,No
39,Female,62134.0,Urban,82.8,1,Sedan,4,5,No,5.0,Yes,Medium,No
31,Male,103706.0,Urban,22.3,2,SUV,8,18,Yes,4.0,No,Low,No
37,Male,48026.0,Suburban,22.6,2,Sedan,7,2,No,3.0,No,High,No
43,Female,30000.0,Suburban,13.0,1,SUV,2,2,No,1.0,Yes,Medium,No
49,Male,101413.0,Suburban,69.9,3,Sedan,7,7,Yes,1.0,No,Low,No
57,Male,100740.0,Urban,7.0,2,SUV,10,18,Yes,4.0,No,Low,Yes
54,Other,105293.0,Suburban,15.1,1,Sedan,3,4,Yes,1.0,No,Low,No
29,Female,73479.0,Rural,57.8,3,Sedan,0,0,Yes,5.0,No,Low,No
31,Male,135625.0,Urban,31.0,2,Sedan,10,4,Yes,4.0,Yes,Low,Yes
67,Female,94664.0,Urban,10.6,1,SUV,8,8,Yes,2.0,Yes,Low,No
28,Female,94724.0,Suburban,53.9,3,Hatchback,2,6,Yes,5.0,No,Low,No
49,Male,87808.0,Urban,58.1,4,Hatchback,7,3,No,5.0,Yes,Medium,No
60,Female,145644.0,Urban,60.3,1,Sedan,6,4,Yes,5.0,Yes,Low,Yes
25,Male,80108.0,Rural,29.4,4,Hatchback,0,2,Yes,3.0,Yes,Low,No
28,Female,35771.0,Urban,61.4,2,Hatchback,14,7,No,3.0,No,Low,No
54,Female,30000.0,Rural,5.0,1,Sedan,0,0,Yes,4.0,No,Low,No
40,Female,112404.0,Urban,32.2,2,Hatchback,13,13,No,3.0,Yes,Low,No
33,Male,30000.0,Urban,59.9,1,Sedan,12,6,Yes,3.0,No,Low,No
29,Female,87626.0,Urban,64.6,3,Sedan,11,13,No,4.0,No,Medium,No
52,Male,104685.0,Urban,26.3,3,SUV,5,9,Yes,3.0,Yes,Low,No
41,Male,121791.0,Suburban,51.5,1,SUV,2,3,Yes,1.0,Yes,Low,No
44,Female,84555.0,Urban,65.0,4,Sedan,6,15,No,2.0,Yes,Medium,No
36,Female,59647.0,Urban,13.1,1,Sedan,9,12,No,5.0,Yes,Low,Yes
69,Female,81952.0,Urban,59.8,2,SUV,3,9,No,2.0,Yes,Low,No
31,Female,90411.0,Rural,31.8,1,SUV,1,2,Yes,1.0,No,Low,No
59,Female,51663.0,Rural,69.7,2,Hatchback,0,0,No,3.0,No,High,No
64,Male,46945.0,Urban,5.0,1,SUV,8,3,No,3.0,Yes,Medium,No
32,Female,84287.0,Suburban,57.3,2,Sedan,5,8,Yes,2.0,Yes,Low,No
51,Female,48967.0,Suburban,60.4,2,Sedan,0,3,Yes,1.0,No,Low,No
52,Female,78879.0,Urban,75.9,1,Hatchback,12,14,Yes,4.0,Yes,Low,No
50,Male,135852.0,Urban,23.5,1,Sedan,12,4,No,1.0,No,Low,No
25,Male,82911.0,Rural,26.3,2,Hatchback,2,2,Yes,2.0,Yes,Low,No
47,Female,30000.0,Suburban,48.8,2,Sedan,2,7,Yes,3.0,Yes,Low,Yes
64,Male,148825.0,Urban,14.1,2,SUV,14,6,No,3.0,No,Low,No
39,Female,67665.0,Urban,21.3,4,Hatchback,9,6,No,3.0,No,Low,No
52,Male,90740.0,Urban,50.6,2,Hatchback,5,12,Yes,2.0,No,Low,No
35,Male,115671.0,Rural,51.9,2,SUV,2,3,Yes,5.0,Yes,Low,Yes
48,Male,125145.0,Rural,41.0,4,SUV,1,2,Yes,1.0,Yes,Low,No
67,Male,146613.0,Urban,38.95,3,SUV,6,15,No,3.0,Yes,Low,No
51,Male,61967.0,Urban,18.5,3,Sedan,5,9,No,1.0,No,Low,No
29,Male,92744.0,Urban,60.3,3,Sedan,12,8,No,3.0,No,Low,No
27,Male,96715.0,Suburban,74.0,1,Sedan,2,7,No,2.0,Yes,High,No
68,Male,108831.0,Urban,55.9,3,SUV,4,13,Yes,3.0,Yes,Low,No
45,Male,63736.0,Urban,63.2,2,Sedan,13,12,Yes,4.0,No,Low,No
67,Female,64557.0,Rural,26.4,2,SUV,1,2,Yes,4.0,Yes,Low,No
55,Male,54607.0,Rural,36.7,2,Truck,2,0,Yes,3.0,Yes,Low,Yes
40,Female,96300.0,Suburban,50.5,2,Sedan,1,4,Yes,2.0,Yes,Low,No
34,Male,69691.0,Urban,47.4,1,SUV,2,19,No,4.0,No,Low,No
39,Male,83023.0,Rural,9.2,4,SUV,0,0,Yes,4.0,No,Low,No
53,Male,127476.0,Urban,46.5,2,Sedan,13,16,No,5.0,No,Low,No
50,Male,42736.0,Suburban,59.4,3,Sedan,0,3,Yes,5.0,Yes,Low,No
59,Female,78391.0,Urban,106.0,2,SUV,3,5,No,5.0,Yes,Medium,Yes
54,Female,106163.0,Urban,37.1,2,Sedan,2,10,Yes,5.0,No,Low,No
66,Female,85052.0,Urban,24.4,2,SUV,6,11,No,1.0,No,Low,No
46,Male,105917.0,Suburban,47.5,2,SUV,2,5,Yes,3.0,Yes,Low,Yes
49,Male,75216.0,Urban,73.0,2,SUV,11,16,Yes,5.0,Yes,Low,Yes
63,Female,71065.0,Suburban,59.0,2,Hatchback,2,8,Yes,4.0,No,Low,No
27,Male,142551.0,Urban,27.0,1,SUV,12,10,No,1.0,Yes,Low,Yes
47,Male,70712.0,Suburban,74.4,2,Sedan,1,5,Yes,5.0,Yes,Low,No
45,Female,84287.0,Suburban,27.5,2,Sedan,4,2,Yes,5.0,Yes,Low,Yes
50,Male,60387.0,Urban,79.4,1,SUV,11,10,Yes,4.0,No,Low,No
27,Male,109194.0,Urban,37.2,1,SUV,12,8,No,4.0,Yes,Low,Yes
27,Male,89018.0,Suburban,97.4,1,SUV,2,4,Yes,3.0,No,Medium,No
56,Male,98583.0,Urban,31.0,1,Sedan,6,15,No,4.0,No,Medium,No
53,Male,91414.0,Urban,62.7,1,Sedan,7,17,Yes,5.0,Yes,Low,Yes
46,Male,129909.0,Suburban,50.5,1,Sedan,6,1,Yes,3.0,Yes,Low,Yes
60,Male,124067.0,Rural,37.2,2,SUV,1,1,Yes,4.0,Yes,Low,Yes
30,Female,128676.0,Urban,48.0,2,Truck,8,19,Yes,3.0,Yes,Low,No
67,Female,74766.0,Urban,37.7,2,Sedan,6,16,No,3.0,Yes,Low,No
43,Male,125372.0,Urban,26.2,2,Hatchback,9,9,No,4.0,No,Medium,No
36,Female,89096.0,Suburban,16.6,3,Sedan,5,7,Yes,2.0,Yes,Low,No
47,Female,99586.0,Suburban,5.0,4,SUV,7,9,Yes,4.0,Yes,Low,No
66,Female,89267.0,Urban,16.1,2,SUV,12,12,No,1.0,No,Low,No
59,Male,30000.0,Urban,77.0,2,Sedan,8,3,No,2.0,No,Medium,No
33,Female,100710.0,Urban,13.8,1,SUV,7,17,No,4.0,No,Low,No
34,Male,30000.0,Urban,60.1,2,SUV,3,17,No,4.0,Yes,Medium,No
56,Male,106276.0,Rural,41.2,1,Sedan,0,3,Yes,4.0,No,Low,No
57,Female,143025.0,Urban,5.0,2,Sedan,9,8,No,3.0,Yes,Low,Yes
65,Female,70189.0,Urban,68.5,2,SUV,11,13,No,1.0,No,Low,No
29,Female,115447.0,Suburban,67.8,4,Sedan,1,8,No,3.0,Yes,Medium,No
61,Male,85833.0,Rural,62.8,2,Sedan,0,3,Yes,4.0,Yes,Low,No
59,Male,30000.0,Rural,36.5,1,SUV,1,2,Yes,2.0,Yes,Low,No
67,Male,115325.0,Rural,56.5,1,Sedan,1,2,Yes,5.0,No,Low,Yes
59,Male,78840.0,Suburban,5.0,1,SUV,0,7,Yes,1.0,No,Low,No
67,Female,84535.0,Suburban,67.7,1,Sedan,4,8,Yes,3.0,Yes,Low,No
42,Male,143524.0,Suburban,10.1,3,Sedan,0,9,Yes,5.0,Yes,Low,No
33,Female,81264.0,Rural,62.8,1,Sedan,0,0,Yes,5.0,Yes,Low,Yes
61,Female,100480.0,Suburban,81.9,2,SUV,4,5,Yes,2.0,Yes,Low,Yes
56,Female,160553.0,Urban,5.0,1,SUV,4,3,Yes,3.0,No,Low,No
44,Male,30000.0,Urban,77.2,2,SUV,7,8,No,3.0,Yes,Medium,No
38,Male,116212.0,Suburban,31.7,1,Sedan,1,4,Yes,4.0,Yes,Low,Yes
60,Male,57865.0,Urban,37.2,2,Hatchback,6,8,Yes,5.0,Yes,Low,Yes
39,Female,142385.0,Urban,25.9,1,SUV,10,8,Yes,1.0,Yes,Low,Yes
31,Female,70492.0,Urban,57.7,2,SUV,14,8,No,5.0,No,Low,No
68,Female,107091.0,Urban,41.6,2,Sedan,12,5,No,2.0,Yes,Medium,No
69,Female,130680.0,Suburban,49.7,4,SUV,3,8,Yes,4.0,Yes,Low,Yes
49,Male,76862.0,Suburban,50.4,1,SUV,6,1,Yes,1.0,Yes,Low,No
56,Male,105005.0,Rural,72.3,1,Sedan,2,2,Yes,1.0,Yes,Low,No
34,Female,115005.0,Rural,96.6,2,Sedan,1,0,No,1.0,No,High,No
56,Other,98809.0,Urban,33.0,3,Sedan,2,13,Yes,4.0,No,Low,No
37,Male,124192.0,Urban,26.9,1,SUV,4,12,Yes,3.0,No,Low,No
36,Female,92180.0,Urban,23.3,3,SUV,4,12,Yes,1.0,No,Low,No
50,Female,44559.0,Urban,24.2,1,Sedan,13,13,No,1.0,No,Low,No
46,Female,38250.0,Suburban,21.0,2,Sedan,3,2,No,2.0,Yes,Low,No
46,Male,33790.0,Suburban,46.5,1,Sedan,5,7,Yes,4.0,Yes,Low,No
38,Male,30853.0,Urban,40.849999999999994,2,SUV,8,11,Yes,1.0,Yes,Low,No
29,Female,113935.0,Suburban,30.2,3,Sedan,2,6,Yes,1.0,Yes,Low,No
44,Female,84287.0,Suburban,35.4,2,Sedan,5,6,Yes,1.0,Yes,Low,No
27,Male,105955.0,Urban,71.2,1,Sedan,5,8,No,3.0,Yes,Medium,No
31,Male,86137.0,Suburban,11.8,2,SUV,2,3,No,5.0,Yes,Low,Yes
34,Male,86418.0,Urban,18.6,1,Hatchback,8,7,No,4.0,No,Medium,No
52,Female,142796.0,Suburban,42.5,1,SUV,6,8,Yes,3.0,No,Low,No
60,Male,78168.0,Rural,57.7,3,Hatchback,0,0,Yes,2.0,Yes,Low,No
58,Male,41635.0,Urban,39.3,2,Sedan,14,12,No,4.0,Yes,Low,Yes
67,Female,83086.0,Rural,76.2,1,SUV,1,3,No,5.0,No,Medium,No
58,Female,102030.0,Urban,30.9,3,Sedan,3,9,No,4.0,Yes,Medium,No
54,Male,107852.0,Urban,69.6,1,Truck,3,17,Yes,2.0,No,Low,No
64,Male,63194.0,Suburban,32.0,1,Truck,5,3,Yes,3.0,Yes,Low,Yes
25,Male,88616.0,Urban,22.5,3,Sedan,11,9,No,5.0,Yes,Medium,No
66,Female,61337.0,Suburban,16.1,1,Hatchback,0,1,No,4.0,Yes,Medium,No
26,Female,88726.0,Urban,64.4,1,Hatchback,8,3,Yes,3.0,Yes,Low,Yes
42,Male,133964.0,Rural,77.2,2,Sedan,1,1,Yes,1.0,Yes,Low,No
32,Male,166791.0,Urban,5.0,1,Sedan,13,4,No,2.0,Yes,Low,No
68,Female,64488.0,Rural,91.4,2,Sedan,2,0,Yes,3.0,Yes,Medium,No
26,Male,74923.0,Suburban,5.0,1,Sedan,2,6,Yes,3.0,Yes,Low,Yes
48,Male,84205.0,Urban,31.3,2,Hatchback,5,17,Yes,5.0,Yes,Low,Yes
65,Male,57948.0,Suburban,11.2,2,SUV,2,8,Yes,2.0,Yes,Low,No
41,Other,44021.0,Urban,36.1,1,Sedan,8,11,No,5.0,Yes,Low,No
51,Male,110516.0,Urban,60.9,2,Truck,9,11,Yes,3.0,Yes,Low,Yes
62,Male,119658.0,Suburban,47.3,3,Sedan,5,3,No,5.0,Yes,Low,Yes
59,Female,86664.0,Urban,8.5,1,SUV,9,16,No,3.0,Yes,Low,Yes
28,Male,55313.0,Urban,42.6,3,Sedan,13,13,No,2.0,No,Low,No
38,Other,41432.0,Urban,29.2,1,Truck,9,4,No,3.0,Yes,Low,Yes
45,Male,99265.0,Urban,5.0,4,Sedan,14,4,No,3.0,Yes,Low,No
25,Male,69235.0,Rural,40.4,1,Sedan,2,3,Yes,5.0,Yes,Low,No
62,Female,50983.0,Suburban,32.1,3,SUV,1,7,No,3.0,No,Medium,No
54,Female,74056.0,Urban,29.5,3,Sedan,7,15,No,2.0,No,Low,No
50,Male,84758.0,Suburban,35.6,1,Sedan,6,7,Yes,4.0,Yes,Low,Yes
42,Male,132822.0,Suburban,59.8,1,SUV,7,7,Yes,5.0,No,Low,No
47,Female,154839.0,Urban,57.7,1,Sedan,7,7,No,3.0,Yes,Medium,No
68,Female,97077.0,Suburban,71.8,1,Sedan,0,1,Yes,1.0,Yes,Medium,No
64,Male,119928.0,Suburban,48.1,1,Sedan,5,3,No,5.0,No,Low,No
56,Other,98424.0,Urban,62.2,2,SUV,9,12,No,5.0,No,Low,Yes
60,Other,79150.0,Suburban,21.3,2,SUV,1,1,Yes,4.0,No,Low,No
68,Male,73311.0,Urban,76.0,1,Sedan,8,16,No,3.0,Yes,Medium,No
44,Male,55805.0,Urban,12.6,2,SUV,6,7,Yes,5.0,Yes,Low,Yes
32,Male,141034.0,Urban,33.5,1,Truck,3,16,Yes,5.0,No,Low,Yes
33,Male,32791.0,Suburban,24.9,1,Hatchback,2,1,No,5.0,Yes,Medium,No
36,Other,68598.0,Urban,49.7,2,Sedan,2,9,No,3.0,No,Low,No
51,Female,89340.0,Rural,37.25,2,Sedan,0,1,No,5.0,No,Medium,No
61,Male,73536.0,Rural,30.6,1,Sedan,2,0,Yes,1.0,Yes,Low,No
27,Female,84287.0,Rural,47.1,2,Truck,0,3,No,5.0,Yes,Medium,Yes
41,Male,105025.0,Suburban,28.0,1,SUV,3,7,Yes,5.0,No,Low,No
25,Male,119512.0,Suburban,27.3,2,SUV,5,7,Yes,5.0,Yes,Low,Yes
33,Male,132284.0,Urban,43.4,1,SUV,13,8,No,5.0,Yes,Low,Yes
40,Female,86077.0,Urban,27.5,2,Sedan,8,9,No,3.0,No,Low,No
26,Male,66522.0,Suburban,57.2,1,Truck,3,8,Yes,1.0,Yes,Low,No
26,Male,131444.0,Suburban,73.4,3,Sedan,3,5,No,3.0,No,Medium,No
67,Other,116365.0,Urban,59.5,1,Sedan,10,13,Yes,1.0,Yes,Low,No
53,Female,92776.0,Suburban,32.3,1,Sedan,6,4,Yes,4.0,Yes,Low,Yes
51,Female,82696.0,Urban,38.6,2,SUV,7,12,Yes,5.0,Yes,Low,Yes
65,Male,50509.0,Rural,5.0,1,Truck,1,2,No,1.0,No,Low,No
60,Male,128128.0,Suburban,62.8,2,Sedan,5,3,Yes,4.0,Yes,Low,No
46,Male,112352.0,Rural,32.0,3,Truck,0,0,Yes,4.0,Yes,Low,Yes
48,Female,74656.0,Urban,41.2,2,Sedan,6,14,No,1.0,No,Low,No
25,Male,43012.0,Rural,84.6,2,Sedan,1,0,Yes,3.0,Yes,Low,No
45,Male,63341.0,Urban,63.7,1,SUV,10,8,No,3.0,No,Low,No
46,Female,63869.0,Urban,34.3,3,SUV,8,11,Yes,1.0,No,Low,No
68,Female,30000.0,Rural,54.2,2,SUV,1,3,Yes,4.0,No,Low,No
62,Female,110160.0,Suburban,57.1,1,Sedan,1,8,Yes,4.0,Yes,Low,No
50,Male,85853.0,Suburban,23.6,1,SUV,2,5,Yes,3.0,No,Low,No
57,Male,30000.0,Urban,45.7,2,Sedan,6,11,Yes,3.0,Yes,Low,No
27,Female,30983.0,Suburban,5.0,2,SUV,2,8,Yes,2.0,Yes,Low,No
27,Female,30000.0,Rural,10.0,1,SUV,2,2,Yes,3.0,No,Low,No
66,Male,98477.0,Urban,53.3,4,Sedan,10,5,No,3.0,Yes,Medium,No
27,Male,114772.0,Suburban,47.8,1,SUV,0,5,Yes,4.0,Yes,Low,Yes
25,Female,60748.0,Rural,72.9,2,SUV,0,0,Yes,1.0,Yes,Low,No
51,Male,130693.0,Suburban,63.1,2,Sedan,4,4,No,3.0,No,Medium,No
51,Male,57369.0,Urban,63.5,1,Sedan,13,3,No,1.0,Yes,Low,No
31,Male,147931.0,Suburban,29.4,2,SUV,0,9,Yes,5.0,No,Low,No
68,Male,78569.0,Suburban,43.9,2,SUV,5,9,No,3.0,No,Medium,No
63,Female,30000.0,Suburban,71.0,2,Sedan,2,9,Yes,5.0,No,Low,No
50,Male,84758.0,Suburban,33.5,1,SUV,7,7,Yes,5.0,Yes,Low,Yes
55,Female,132225.0,Urban,25.8,2,SUV,12,5,No,2.0,No,Medium,No
45,Female,84287.0,Urban,22.4,2,SUV,5,7,No,2.0,Yes,Low,No
45,Male,116173.0,Urban,41.7,1,Sedan,11,6,Yes,2.0,Yes,Low,Yes
45,Female,75499.0,Suburban,34.3,2,Hatchback,6,5,No,1.0,Yes,Medium,No
34,Male,30000.0,Suburban,53.7,3,SUV,3,9,Yes,2.0,Yes,Low,No
32,Female,127707.0,Urban,43.8,2,SUV,5,9,Yes,5.0,Yes,Low,Yes
27,Male,76289.0,Urban,46.6,1,Truck,4,12,No,5.0,Yes,Medium,No
64,Female,51954.0,Urban,31.3,2,SUV,9,5,No,2.0,No,Medium,No
61,Male,52956.0,Urban,56.1,2,SUV,12,3,No,2.0,Yes,High,No
63,Male,138567.0,Suburban,65.3,2,Sedan,2,8,Yes,4.0,No,Low,No
42,Male,85159.0,Suburban,74.2,2,SUV,5,1,No,3.0,Yes,Medium,No
26,Female,41411.0,Urban,40.1,1,SUV,12,12,No,4.0,Yes,Low,No
30,Male,83810.0,Suburban,45.8,1,SUV,2,5,Yes,1.0,No,Low,No
32,Male,57995.0,Urban,60.4,2,Hatchback,2,6,Yes,2.0,Yes,Low,No
43,Male,30000.0,Suburban,32.7,2,SUV,4,8,Yes,4.0,Yes,Low,No
34,Male,111775.0,Suburban,55.7,4,Sedan,1,3,Yes,5.0,No,Low,No
54,Female,78800.0,Urban,40.5,2,Sedan,10,11,No,1.0,No,Medium,No
30,Female,54469.0,Rural,90.4,1,Sedan,2,1,No,4.0,Yes,High,No
52,Male,90977.0,Suburban,36.6,1,Truck,0,3,Yes,3.0,Yes,Low,No
61,Female,48171.0,Suburban,50.6,3,Sedan,3,6,Yes,2.0,No,Low,No
52,Female,99767.0,Urban,60.8,2,Hatchback,4,10,No,5.0,Yes,Low,Yes
67,Female,83859.0,Urban,9.9,1,SUV,6,19,No,3.0,Yes,Low,No
39,Female,104216.0,Suburban,25.7,2,Sedan,7,3,Yes,3.0,Yes,Low,No
46,Male,61996.0,Rural,5.0,1,SUV,2,1,Yes,1.0,Yes,Low,No
40,Male,67817.0,Suburban,32.9,2,Sedan,3,8,Yes,4.0,No,Low,No
58,Male,57993.0,Urban,5.0,3,Hatchback,14,4,No,1.0,Yes,Low,No
66,Male,73225.0,Urban,21.0,2,Truck,9,9,Yes,3.0,No,Low,No
35,Female,88155.0,Suburban,55.2,2,Sedan,5,9,Yes,5.0,No,Low,No
57,Female,133026.0,Suburban,27.7,1,SUV,7,5,Yes,5.0,Yes,Low,Yes
50,Female,54065.0,Suburban,53.1,3,Sedan,0,6,Yes,4.0,No,Low,No
53,Female,80728.0,Rural,31.8,1,Hatchback,2,3,Yes,3.0,No,Low,No
34,Male,90469.0,Suburban,47.2,2,Hatchback,2,3,No,4.0,Yes,Medium,Yes
59,Male,74075.0,Urban,5.0,3,SUV,6,14,No,5.0,Yes,Low,No
62,Female,63813.0,Suburban,8.1,2,SUV,0,6,No,2.0,No,Medium,No
32,Male,104581.0,Urban,17.3,1,Hatchback,9,4,No,1.0,Yes,Medium,No
41,Male,77420.0,Suburban,33.6,2,Sedan,5,4,Yes,5.0,No,Low,No
50,Female,51824.0,Suburban,19.1,1,SUV,0,3,Yes,4.0,Yes,Low,No
43,Other,58311.0,Suburban,24.9,3,Sedan,3,6,Yes,5.0,Yes,Low,Yes
42,Male,69572.0,Urban,78.0,1,Hatchback,3,19,No,3.0,Yes,Low,No
33,Female,81515.0,Suburban,52.7,2,SUV,6,9,Yes,5.0,Yes,Low,No
65,Male,92175.0,Suburban,25.6,1,Sedan,6,6,Yes,3.0,No,Low,No
32,Female,79532.0,Urban,41.9,2,Hatchback,11,6,Yes,1.0,No,Low,No
25,Male,119596.0,Suburban,5.0,1,Sedan,1,2,Yes,4.0,No,Low,No
50,Female,66415.0,Suburban,46.5,1,Sedan,6,5,Yes,2.0,No,Low,No
48,Female,92789.0,Urban,50.7,3,Sedan,10,4,Yes,3.0,No,Low,No
49,Female,63386.0,Urban,59.1,1,Sedan,9,11,No,5.0,Yes,Low,No
43,Male,95263.0,Suburban,38.1,2,SUV,6,9,Yes,2.0,Yes,Low,No
44,Male,57360.0,Suburban,5.0,2,Hatchback,0,7,Yes,5.0,No,Low,No
28,Male,136888.0,Urban,49.4,2,SUV,9,10,No,5.0,Yes,Medium,Yes
32,Female,86491.0,Urban,18.4,1,Sedan,7,6,No,2.0,Yes,Low,No
42,Female,48279.0,Rural,28.3,1,SUV,0,2,Yes,1.0,No,Low,No
67,Male,106142.0,Rural,66.3,1,Hatchback,2,0,Yes,4.0,Yes,Low,Yes
55,Male,126651.0,Suburban,12.4,2,Hatchback,3,5,Yes,1.0,Yes,Low,No
50,Other,108524.0,Rural,105.2,1,Sedan,0,1,Yes,5.0,Yes,Low,Yes
56,Female,145814.0,Urban,5.0,1,Sedan,7,12,No,5.0,Yes,Low,No
33,Male,41430.0,Urban,5.0,1,Sedan,2,10,Yes,3.0,No,Low,No
41,Male,68649.0,Urban,59.4,2,SUV,4,17,No,1.0,Yes,Low,No
39,Male,38604.0,Rural,39.9,2,SUV,2,1,Yes,5.0,No,Low,No
48,Female,91454.0,Urban,5.0,1,Sedan,10,12,Yes,1.0,Yes,Low,No
61,Male,35654.0,Urban,84.6,2,Sedan,3,9,Yes,5.0,No,Low,No
35,Male,78851.0,Urban,66.7,2,Sedan,5,13,No,3.0,Yes,Low,No
31,Female,53193.0,Urban,59.5,2,SUV,13,17,Yes,5.0,No,Low,No
44,Male,99969.0,Urban,10.9,2,SUV,3,4,No,2.0,No,Medium,No
50,Female,103158.0,Rural,22.5,2,Sedan,0,3,Yes,4.0,No,Low,No
39,Female,64384.0,Suburban,46.0,4,Sedan,1,7,Yes,3.0,Yes,Low,No
26,Female,73009.0,Urban,51.0,1,Hatchback,2,7,No,3.0,Yes,High,No
39,Female,111941.0,Urban,43.8,1,SUV,10,15,Yes,3.0,Yes,Low,No
64,Male,88778.0,Suburban,55.1,2,Sedan,2,7,Yes,4.0,No,Low,No
61,Male,73452.0,Suburban,25.1,3,Hatchback,4,2,Yes,4.0,Yes,Low,No
41,Male,87561.0,Urban,5.0,1,Sedan,5,9,Yes,5.0,Yes,Low,Yes
58,Female,143670.0,Urban,42.8,2,Sedan,9,18,No,3.0,Yes,Low,No
27,Male,99619.0,Suburban,48.2,2,SUV,5,8,Yes,3.0,Yes,Low,No
42,Male,103550.0,Suburban,47.1,2,Sedan,6,6,Yes,3.0,Yes,Low,No
48,Male,79348.0,Urban,29.7,2,SUV,10,11,Yes,1.0,No,Low,No
60,Female,49986.0,Rural,19.5,2,SUV,1,1,Yes,3.0,Yes,Low,No
42,Female,35294.0,Urban,40.2,1,SUV,2,17,Yes,3.0,Yes,Low,No
50,Male,87365.0,Suburban,31.1,2,SUV,1,8,Yes,5.0,No,Low,No
43,Female,108989.0,Rural,50.1,3,Truck,1,0,Yes,1.0,No,Low,No
30,Male,144795.0,Urban,5.0,1,SUV,14,8,Yes,1.0,Yes,Low,No
46,Male,49390.0,Suburban,12.5,1,SUV,2,4,Yes,4.0,Yes,Low,No
52,Male,113116.0,Rural,5.0,2,Sedan,2,0,Yes,5.0,Yes,Low,Yes
45,Male,73151.0,Rural,92.1,2,Sedan,2,2,Yes,4.0,No,Low,No
55,Female,30000.0,Urban,5.0,1,SUV,6,9,No,1.0,Yes,Low,No
45,Male,96259.0,Urban,44.0,1,SUV,14,15,Yes,1.0,Yes,Low,No
28,Male,102946.0,Rural,44.7,1,Sedan,2,2,Yes,1.0,Yes,Low,No
66,Female,58937.0,Urban,14.0,2,SUV,10,16,Yes,1.0,Yes,Low,No
26,Other,89280.0,Suburban,53.1,2,Sedan,1,4,Yes,4.0,Yes,Low,No
67,Male,154369.0,Suburban,58.5,1,SUV,4,7,Yes,2.0,Yes,Low,No
64,Female,92319.0,Urban,11.1,1,Sedan,3,17,No,1.0,Yes,Low,No
40,Male,138132.0,Urban,89.6,2,Hatchback,13,15,Yes,3.0,Yes,Low,Yes
58,Female,58127.0,Urban,40.8,1,SUV,10,15,Yes,2.0,Yes,Low,No
31,Female,57546.0,Urban,53.9,2,SUV,6,17,No,3.0,Yes,Low,No
29,Female,30000.0,Urban,42.8,1,Sedan,11,7,No,3.0,No,Low,No
35,Other,45031.0,Urban,37.9,1,SUV,9,3,No,1.0,No,Low,No
32,Male,101119.0,Suburban,5.0,2,Truck,0,9,Yes,4.0,No,Low,No
65,Male,61670.0,Urban,65.5,3,SUV,13,7,No,1.0,Yes,Low,No
52,Male,79415.0,Suburban,28.5,2,Truck,3,4,Yes,4.0,Yes,Low,No
31,Male,30863.0,Rural,38.7,2,Sedan,1,0,Yes,1.0,No,Low,No
49,Male,78348.0,Urban,26.7,1,Sedan,7,13,No,5.0,Yes,Low,Yes
38,Female,79245.0,Rural,73.7,1,SUV,0,0,Yes,2.0,No,Low,No
40,Male,79670.0,Urban,54.0,2,Sedan,7,10,No,1.0,Yes,Medium,No
59,Female,39396.0,Suburban,6.9,1,SUV,2,4,Yes,5.0,Yes,Low,No
40,Female,82945.0,Urban,65.8,1,SUV,13,8,No,2.0,Yes,Low,No
28,Female,119054.0,Suburban,19.7,1,Hatchback,5,2,No,1.0,Yes,Medium,No
43,Male,84758.0,Urban,32.8,1,Sedan,3,12,No,4.0,Yes,Low,No
59,Female,114057.0,Urban,22.5,1,Sedan,9,13,No,5.0,Yes,Low,Yes
57,Male,80222.0,Urban,79.7,1,SUV,8,11,No,3.0,Yes,Low,No
46,Male,85469.0,Urban,20.8,2,Sedan,13,19,No,4.0,No,Low,No
42,Female,92830.0,Urban,9.0,1,SUV,7,9,No,5.0,No,Medium,No
68,Female,69432.0,Rural,74.0,1,Sedan,2,2,Yes,3.0,Yes,Low,No
40,Female,92369.0,Suburban,32.2,2,Hatchback,2,2,Yes,1.0,No,Low,No
35,Male,134829.0,Urban,60.8,3,Sedan,2,12,Yes,4.0,No,Low,No
48,Female,30000.0,Urban,68.1,2,Truck,10,4,No,5.0,Yes,Low,No
67,Other,81622.0,Urban,5.0,1,Sedan,4,11,Yes,5.0,Yes,Low,Yes
68,Female,60520.0,Urban,67.9,1,Truck,13,17,No,2.0,Yes,Low,No
32,Female,102042.0,Suburban,52.2,1,SUV,2,7,Yes,1.0,No,Low,No
44,Female,133085.0,Suburban,93.0,2,Sedan,4,1,No,5.0,Yes,High,Yes
34,Other,84758.0,Urban,85.9,1,SUV,13,4,Yes,3.0,No,Low,Yes
27,Male,124186.0,Urban,70.3,1,SUV,5,9,No,3.0,Yes,Medium,No
69,Male,134580.0,Urban,34.6,2,SUV,11,19,No,2.0,No,Medium,No
41,Female,65478.0,Urban,87.6,3,SUV,5,7,No,1.0,No,Medium,No
58,Male,89577.0,Urban,70.6,1,Sedan,3,5,No,2.0,No,Low,No
57,Female,30000.0,Urban,32.7,2,SUV,11,19,No,3.0,No,Low,No
57,Male,44513.0,Suburban,53.6,3,SUV,5,9,No,4.0,No,Medium,No
47,Male,52167.0,Urban,10.1,4,Sedan,10,6,No,5.0,No,Medium,No
66,Male,96704.0,Urban,44.6,1,Sedan,3,18,No,2.0,Yes,Low,No
27,Female,88489.0,Suburban,5.0,1,Truck,5,2,No,2.0,Yes,Medium,No
40,Male,30000.0,Urban,48.2,2,Truck,6,16,No,4.0,Yes,Low,No
43,Male,81181.0,Urban,48.9,2,Sedan,5,18,No,3.0,No,Low,No
55,Male,121819.0,Urban,12.7,3,Truck,10,7,No,1.0,No,Medium,No
53,Male,30000.0,Rural,71.6,2,SUV,1,1,Yes,1.0,Yes,Low,No
50,Female,139364.0,Suburban,39.6,1,SUV,5,9,Yes,5.0,No,Low,No
25,Female,54743.0,Suburban,5.0,2,SUV,6,5,Yes,2.0,Yes,Low,No
45,Female,112458.0,Urban,46.9,1,SUV,12,11,Yes,2.0,Yes,Low,No
65,Male,30216.0,Urban,38.8,2,Truck,10,12,No,3.0,No,Low,No
54,Male,30000.0,Rural,50.5,1,Sedan,2,2,Yes,1.0,Yes,Low,No
47,Male,59602.0,Suburban,68.4,1,SUV,0,2,No,5.0,Yes,Medium,No
54,Male,66417.0,Suburban,28.7,2,Sedan,4,7,Yes,1.0,No,Low,No
55,Male,113525.0,Urban,29.5,1,Sedan,3,14,No,5.0,No,Medium,No
46,Male,62633.0,Rural,106.0,2,SUV,0,0,Yes,5.0,No,Low,No
52,Female,119120.0,Urban,15.1,2,SUV,3,4,No,1.0,No,Low,No
66,Female,35867.0,Rural,28.7,1,Truck,2,1,Yes,3.0,No,Low,No
26,Male,77431.0,Rural,50.6,3,Hatchback,0,3,Yes,1.0,Yes,Low,No
59,Male,100074.0,Urban,58.4,1,SUV,14,8,Yes,1.0,No,Low,No
34,Female,30000.0,Urban,5.0,3,Sedan,10,11,Yes,1.0,Yes,Low,No
66,Female,112054.0,Suburban,37.4,1,Sedan,1,1,Yes,2.0,Yes,Low,No
55,Male,36523.0,Urban,37.1,1,Hatchback,11,15,Yes,5.0,No,Low,No
68,Female,91213.0,Urban,39.9,1,Sedan,14,9,Yes,5.0,Yes,Low,Yes
60,Male,84681.0,Urban,9.8,4,SUV,5,15,Yes,2.0,No,Low,No
66,Male,109091.0,Urban,60.9,1,Hatchback,13,4,No,2.0,Yes,Low,Yes
43,Male,78357.0,Urban,5.0,2,Sedan,3,12,Yes,3.0,Yes,Low,No
29,Female,57728.0,Urban,21.2,2,Sedan,14,6,No,1.0,No,Low,No
26,Female,109717.0,Urban,8.0,1,Sedan,5,14,Yes,1.0,Yes,Low,No
65,Female,94999.0,Urban,35.7,3,SUV,3,12,Yes,3.0,Yes,Low,No
34,Male,48752.0,Urban,5.0,4,SUV,3,5,No,4.0,Yes,Medium,No
40,Female,84287.0,Rural,34.7,2,Sedan,2,2,Yes,1.0,No,Low,No
44,Female,105426.0,Urban,14.8,3,SUV,10,11,No,5.0,No,Low,No
48,Male,38329.0,Rural,20.9,2,Sedan,1,0,Yes,1.0,No,Low,No
28,Female,84595.0,Suburban,18.1,1,Sedan,5,8,Yes,3.0,No,Low,No
69,Female,71635.0,Urban,54.4,4,Sedan,4,11,Yes,4.0,Yes,Low,Yes
37,Male,107750.0,Urban,58.7,2,Sedan,4,19,Yes,5.0,Yes,Low,Yes
52,Female,30000.0,Urban,19.9,2,Sedan,2,6,Yes,4.0,Yes,Low,No
58,Female,113362.0,Urban,56.5,2,Sedan,14,15,No,3.0,No,Low,No
39,Male,57397.0,Urban,51.6,3,SUV,2,15,Yes,2.0,No,Low,No
31,Male,88511.0,Urban,90.4,3,SUV,8,15,No,2.0,Yes,Low,No
38,Female,31599.0,Rural,5.0,4,Hatchback,2,2,Yes,4.0,No,Low,No
31,Female,119604.0,Urban,54.4,3,Hatchback,10,7,Yes,1.0,No,Low,No
63,Female,115355.0,Urban,30.3,3,Sedan,4,3,No,5.0,No,Medium,No
44,Male,149892.0,Suburban,13.6,2,SUV,5,4,Yes,4.0,Yes,Low,Yes
67,Male,39955.0,Suburban,5.0,1,Sedan,4,7,Yes,3.0,No,Low,No
45,Male,107310.0,Suburban,12.0,1,SUV,0,5,No,1.0,Yes,Medium,No
39,Male,44875.0,Urban,20.7,1,Hatchback,4,15,No,4.0,Yes,Low,No
46,Male,126390.0,Urban,59.7,2,Sedan,3,11,Yes,1.0,No,Low,No
50,Other,30041.0,Suburban,7.4,2,Hatchback,7,7,Yes,1.0,Yes,Low,No
47,Female,85473.0,Urban,43.1,4,Truck,6,14,No,2.0,No,Low,No
49,Female,122564.0,Urban,61.4,1,Sedan,14,5,No,5.0,Yes,Low,Yes
48,Female,30000.0,Urban,33.9,1,Hatchback,10,14,Yes,1.0,Yes,Low,No
43,Female,81323.0,Suburban,57.5,2,Sedan,2,8,Yes,4.0,No,Low,No
34,Female,86106.0,Urban,27.3,1,Hatchback,12,19,Yes,1.0,Yes,Low,No
41,Female,67141.0,Suburban,42.0,3,Hatchback,5,2,Yes,4.0,Yes,Low,No
67,Male,96642.0,Rural,82.5,2,Sedan,1,1,Yes,4.0,Yes,Low,No
27,Female,111765.0,Urban,5.0,1,Sedan,11,3,Yes,3.0,No,Low,No
48,Male,118421.0,Suburban,73.7,2,Truck,0,4,No,2.0,Yes,High,No
25,Female,120127.0,Urban,58.9,1,SUV,13,13,No,4.0,Yes,Low,No
30,Male,80872.0,Urban,43.7,2,SUV,7,4,Yes,2.0,No,Low,No
50,Male,35228.0,Urban,61.0,1,SUV,2,9,No,5.0,No,Medium,No
42,Male,130646.0,Rural,50.7,2,Sedan,0,1,Yes,2.0,Yes,Low,No
50,Male,88907.0,Urban,68.4,2,Hatchback,9,12,Yes,3.0,Yes,Low,No
53,Male,124701.0,Suburban,35.2,4,SUV,4,6,No,5.0,Yes,Medium,Yes
26,Female,102515.0,Urban,50.1,1,Hatchback,11,10,Yes,4.0,Yes,Low,Yes
69,Male,130896.0,Rural,27.8,4,Hatchback,0,2,Yes,2.0,No,Low,No
50,Male,65144.0,Suburban,44.9,1,Hatchback,1,2,Yes,5.0,Yes,Low,No
49,Female,174000.0,Urban,63.8,1,Sedan,5,10,No,5.0,Yes,Medium,Yes
62,Female,77247.0,Urban,5.0,2,Hatchback,10,7,No,3.0,Yes,Low,No
68,Male,79562.0,Suburban,46.1,1,SUV,7,5,No,3.0,No,Medium,No
32,Male,151125.0,Urban,5.0,1,SUV,14,12,No,4.0,No,Low,No
65,Male,140960.0,Suburban,16.4,2,SUV,4,4,Yes,5.0,Yes,Low,Yes
69,Male,142148.0,Rural,11.0,2,SUV,1,2,Yes,1.0,Yes,Low,Yes
42,Female,44902.0,Urban,35.0,2,Sedan,6,13,Yes,1.0,Yes,Low,No
64,Male,100757.0,Urban,29.3,2,Hatchback,13,6,Yes,3.0,No,Low,No
69,Female,115796.0,Urban,48.7,1,Sedan,12,5,No,5.0,Yes,Medium,Yes
66,Male,73678.0,Suburban,10.2,1,Truck,3,4,No,3.0,No,Low,No
25,Male,86877.0,Suburban,30.1,4,Sedan,3,4,No,4.0,Yes,Medium,No
69,Male,55848.0,Rural,36.0,2,Sedan,2,3,Yes,4.0,Yes,Low,No
26,Male,86474.0,Rural,12.6,1,SUV,1,3,Yes,5.0,Yes,Low,No
69,Male,61293.0,Urban,62.8,1,Sedan,6,17,No,4.0,No,Low,No
68,Female,96187.0,Suburban,43.0,2,Hatchback,5,7,Yes,3.0,No,Low,No
34,Male,54759.0,Urban,15.1,1,Hatchback,9,15,Yes,5.0,Yes,Low,No
45,Female,76218.0,Urban,21.7,1,Sedan,8,8,Yes,5.0,No,Low,No
65,Female,91578.0,Urban,68.6,2,Truck,7,3,No,5.0,Yes,Medium,No
60,Male,37423.0,Urban,14.0,1,Truck,14,19,No,1.0,Yes,Low,No
26,Male,66516.0,Suburban,60.0,1,Sedan,2,8,Yes,2.0,No,Low,No
32,Male,53989.0,Urban,10.2,2,SUV,9,15,Yes,4.0,No,Low,No
56,Male,144619.0,Urban,41.8,3,Truck,11,6,No,2.0,No,Medium,No
66,Male,87906.0,Suburban,41.4,1,SUV,5,3,Yes,1.0,No,Low,No
54,Male,67069.0,Urban,59.6,1,Sedan,12,11,Yes,1.0,No,Low,No
48,Female,85317.0,Urban,21.3,2,Sedan,12,15,Yes,5.0,Yes,Low,Yes
43,Female,73995.0,Urban,36.8,4,Hatchback,14,19,Yes,4.0,No,Low,No
39,Other,71958.0,Suburban,5.0,2,Hatchback,0,6,No,4.0,Yes,Low,No
31,Female,30000.0,Urban,42.9,3,SUV,7,18,No,5.0,Yes,Low,No
32,Female,99727.0,Suburban,41.3,1,Truck,1,9,No,2.0,No,Low,No
43,Female,30000.0,Urban,72.6,1,Sedan,7,11,Yes,1.0,No,Low,No
37,Female,127716.0,Rural,72.6,4,Sedan,2,1,Yes,4.0,No,Low,No
67,Female,119142.0,Suburban,61.4,1,Sedan,5,6,No,3.0,Yes,Medium,No
26,Female,117270.0,Urban,41.5,2,Sedan,5,5,No,1.0,Yes,Low,No
55,Male,119666.0,Urban,70.2,1,Sedan,10,3,Yes,5.0,Yes,Low,Yes
55,Male,35848.0,Suburban,51.9,2,SUV,3,9,Yes,4.0,Yes,Low,No
65,Male,70399.0,Urban,26.5,2,SUV,12,18,No,1.0,Yes,Low,No
55,Female,67838.0,Suburban,69.8,3,Sedan,2,8,Yes,4.0,No,Low,No
28,Female,133431.0,Rural,78.0,1,Sedan,1,2,Yes,4.0,No,Low,No
42,Female,88637.0,Suburban,37.5,2,Sedan,3,7,Yes,4.0,No,Low,No
33,Female,87302.0,Urban,55.1,3,Truck,10,15,No,5.0,Yes,Medium,Yes
54,Female,83137.0,Urban,64.7,1,SUV,9,4,Yes,1.0,Yes,Low,No
37,Male,58635.0,Suburban,37.7,2,SUV,1,2,Yes,5.0,Yes,Low,No
60,Male,76847.0,Suburban,62.4,3,Truck,0,5,No,4.0,Yes,High,No
65,Female,84675.0,Urban,24.0,1,SUV,11,17,No,5.0,Yes,Low,Yes
57,Female,63637.0,Urban,54.7,3,Sedan,2,11,No,3.0,Yes,Medium,No
57,Male,106421.0,Suburban,45.4,2,Sedan,3,3,Yes,4.0,No,Low,No
61,Female,30000.0,Suburban,61.5,2,Hatchback,4,4,Yes,2.0,Yes,Low,No
50,Male,58245.0,Urban,62.7,2,Sedan,5,13,Yes,5.0,Yes,Low,No
53,Female,55322.0,Urban,57.0,1,Sedan,14,13,No,3.0,Yes,Low,No
44,Female,30000.0,Rural,72.8,2,Truck,1,1,Yes,3.0,Yes,Low,No
35,Male,67217.0,Suburban,54.5,1,Hatchback,2,8,Yes,2.0,Yes,Low,No
52,Male,107254.0,Urban,49.9,3,SUV,7,9,No,5.0,Yes,Low,Yes
59,Female,139751.0,Suburban,22.7,2,SUV,3,1,Yes,2.0,Yes,Low,No
46,Female,89400.0,Urban,35.4,4,Sedan,12,4,No,4.0,No,Low,No
49,Male,47675.0,Urban,61.7,4,Truck,9,5,No,3.0,Yes,Medium,No
59,Female,80006.0,Suburban,61.5,2,SUV,0,5,Yes,4.0,Yes,Low,Yes
56,Female,57298.0,Urban,30.3,3,Sedan,4,4,Yes,2.0,No,Low,No
41,Male,130657.0,Suburban,34.2,2,Hatchback,2,9,Yes,4.0,Yes,Low,No
55,Female,59836.0,Urban,36.8,2,Hatchback,12,19,Yes,5.0,Yes,Low,Yes
36,Male,30000.0,Rural,36.9,3,Hatchback,0,0,Yes,4.0,Yes,Low,Yes
60,Male,86095.0,Urban,5.0,1,SUV,3,4,No,1.0,No,High,No
52,Male,30000.0,Suburban,51.9,2,Sedan,2,9,Yes,2.0,Yes,Low,No
67,Female,57961.0,Urban,52.1,2,Sedan,13,17,No,4.0,No,Medium,No
40,Male,60918.0,Urban,11.8,1,SUV,10,4,Yes,3.0,Yes,Low,No
29,Female,89712.0,Suburban,89.5,2,Sedan,2,1,Yes,1.0,Yes,Low,No
69,Male,104308.0,Urban,5.0,2,Sedan,11,13,Yes,5.0,No,Low,No
56,Male,109935.0,Suburban,57.0,1,SUV,5,4,Yes,1.0,Yes,Low,No
58,Male,100247.0,Urban,10.5,2,SUV,10,7,No,2.0,Yes,Low,No
47,Male,72085.0,Rural,28.9,2,SUV,0,1,Yes,3.0,No,Low,No
57,Female,83816.0,Urban,5.3,1,Sedan,14,11,No,2.0,Yes,Low,No
28,Male,137899.0,Rural,44.0,1,SUV,0,0,Yes,4.0,No,Low,No
47,Female,171327.0,Urban,18.5,1,SUV,5,14,No,2.0,No,Low,No
26,Female,84906.0,Suburban,5.0,3,Sedan,4,8,No,3.0,No,Medium,No
48,Female,110561.0,Suburban,5.0,2,Sedan,1,4,Yes,4.0,Yes,Low,No
41,Male,98947.0,Suburban,41.2,1,Truck,5,1,No,1.0,Yes,Medium,No
56,Male,128022.0,Suburban,47.7,2,Sedan,6,5,Yes,1.0,No,Low,No
68,Male,105573.0,Rural,31.9,1,Sedan,2,0,Yes,2.0,Yes,Low,No
27,Male,103269.0,Urban,47.9,2,Sedan,3,15,No,5.0,No,Medium,No
38,Female,58811.0,Suburban,52.5,3,Sedan,2,7,No,2.0,Yes,Low,No
57,Female,107839.0,Rural,38.6,3,Hatchback,0,1,Yes,5.0,No,Low,No
64,Female,57726.0,Urban,22.1,2,Sedan,8,5,Yes,4.0,Yes,Low,Yes
29,Female,115757.0,Urban,18.1,2,Sedan,12,16,No,1.0,Yes,Low,No
57,Male,123083.0,Rural,46.3,1,SUV,2,0,No,4.0,No,Medium,No
29,Male,71706.0,Urban,66.5,1,Truck,7,8,Yes,3.0,Yes,Low,No
43,Female,56676.0,Urban,15.4,2,SUV,8,9,No,1.0,Yes,Low,No
40,Male,174000.0,Suburban,6.0,1,Hatchback,6,2,Yes,3.0,Yes,Low,No
66,Male,100936.0,Urban,49.8,1,SUV,10,13,No,4.0,No,Medium,No
65,Male,55969.0,Suburban,89.2,1,SUV,6,1,Yes,1.0,Yes,Low,No
55,Male,50359.0,Urban,5.0,2,SUV,8,6,No,1.0,Yes,Low,No
68,Female,36165.0,Suburban,5.0,2,Sedan,2,7,Yes,4.0,Yes,Low,No
27,Male,102898.0,Urban,23.8,1,Hatchback,6,19,Yes,3.0,Yes,Low,Yes
35,Male,108971.0,Urban,15.6,1,Sedan,5,7,No,1.0,No,Low,No
25,Male,61652.0,Urban,40.6,3,Sedan,12,18,Yes,1.0,Yes,Low,No
30,Female,59115.0,Suburban,8.3,2,SUV,0,3,Yes,1.0,Yes,Low,No
68,Female,95883.0,Urban,55.2,1,Truck,3,10,No,5.0,Yes,Medium,No
36,Male,74119.0,Suburban,20.9,2,Hatchback,3,8,Yes,4.0,Yes,Low,No
60,Male,112962.0,Suburban,59.8,1,Sedan,6,1,Yes,5.0,No,Low,No
62,Male,67119.0,Suburban,5.0,1,Truck,3,7,Yes,1.0,Yes,Low,No
49,Female,117536.0,Urban,53.1,2,SUV,10,10,Yes,1.0,No,Low,No
41,Male,48179.0,Urban,6.7,2,SUV,11,16,Yes,2.0,Yes,Low,No
32,Female,125752.0,Urban,27.4,3,Sedan,10,9,No,3.0,Yes,Low,No
51,Female,95481.0,Suburban,42.4,2,Sedan,7,1,Yes,5.0,No,Low,No
63,Male,139887.0,Urban,39.1,2,Truck,3,10,Yes,4.0,No,Low,No
42,Female,55560.0,Urban,41.8,2,Hatchback,2,7,No,3.0,No,Medium,No
37,Male,103296.0,Urban,29.2,1,Sedan,10,5,No,4.0,No,Low,No
49,Male,107280.0,Rural,60.2,1,Sedan,2,1,Yes,2.0,Yes,Low,No
69,Male,134436.0,Suburban,6.2,2,SUV,7,3,Yes,1.0,No,Low,No
51,Male,102472.0,Urban,22.8,3,SUV,5,11,Yes,3.0,No,Low,No
50,Female,73938.0,Suburban,15.7,2,Sedan,7,7,Yes,1.0,No,Low,No
31,Male,89504.0,Suburban,23.7,2,SUV,2,8,Yes,5.0,Yes,Low,Yes
57,Male,30000.0,Urban,29.1,3,Truck,14,9,No,3.0,Yes,Low,No
27,Male,35361.0,Suburban,5.0,2,SUV,6,9,Yes,3.0,No,Low,No
35,Male,30000.0,Urban,53.3,2,SUV,13,12,Yes,4.0,Yes,Low,No
41,Female,54739.0,Suburban,17.9,2,Sedan,4,6,Yes,5.0,Yes,Low,No
48,Female,39944.0,Rural,69.6,1,Sedan,2,1,Yes,2.0,Yes,Low,No
64,Male,49797.0,Suburban,29.7,3,Sedan,4,7,Yes,1.0,No,Low,No
57,Male,87278.0,Urban,41.6,1,SUV,8,5,Yes,5.0,Yes,Low,Yes
53,Female,30000.0,Rural,38.5,1,Sedan,2,1,Yes,1.0,No,Low,No
41,Male,124673.0,Suburban,94.3,3,SUV,2,6,Yes,4.0,No,Low,No
46,Male,68001.0,Suburban,48.5,2,Sedan,2,5,Yes,3.0,No,Low,No
49,Male,117949.0,Urban,5.0,1,SUV,5,7,Yes,1.0,No,Low,No
36,Male,103843.0,Suburban,78.8,1,Hatchback,7,1,No,5.0,No,Medium,No
26,Female,86504.0,Suburban,22.3,2,SUV,5,2,Yes,3.0,No,Low,No
36,Male,55586.0,Suburban,59.4,4,Hatchback,1,5,No,4.0,No,High,No
53,Male,106470.0,Urban,105.2,1,SUV,3,11,Yes,5.0,No,Low,No
34,Male,91560.0,Suburban,19.9,2,Sedan,4,9,Yes,4.0,No,Low,No
35,Female,111210.0,Suburban,77.7,1,Sedan,5,8,Yes,4.0,No,Medium,No
60,Female,100931.0,Urban,37.0,1,SUV,5,13,No,1.0,No,Low,No
29,Male,100720.0,Suburban,51.5,2,SUV,0,3,Yes,4.0,Yes,Low,Yes
56,Female,101672.0,Suburban,60.1,2,Hatchback,5,8,Yes,1.0,Yes,Low,No
66,Male,109508.0,Urban,39.9,1,Hatchback,11,12,Yes,3.0,Yes,Low,Yes
46,Female,100273.0,Urban,38.9,1,SUV,4,4,No,2.0,No,Medium,No
34,Female,105068.0,Urban,54.0,1,Hatchback,10,16,No,5.0,Yes,Medium,No
33,Male,86661.0,Urban,60.6,2,Truck,12,3,No,2.0,Yes,Medium,No
53,Male,103143.0,Suburban,30.4,2,Sedan,3,1,Yes,2.0,No,Low,No
64,Female,74903.0,Suburban,44.4,2,SUV,7,9,Yes,1.0,Yes,Low,No
32,Male,64824.0,Suburban,41.3,2,SUV,4,6,Yes,4.0,No,Low,No
43,Male,39736.0,Urban,5.0,4,SUV,6,16,No,2.0,No,Low,No
38,Male,66363.0,Suburban,28.5,1,SUV,2,4,No,5.0,No,Low,No
50,Female,55791.0,Urban,17.2,3,Sedan,6,3,No,4.0,No,Low,No
45,Male,78765.0,Urban,24.8,1,SUV,9,7,No,4.0,Yes,Low,Yes
69,Male,92902.0,Suburban,10.5,3,Sedan,1,5,Yes,1.0,Yes,Low,No
64,Female,88871.0,Urban,96.6,4,Sedan,5,4,Yes,1.0,Yes,Low,No
35,Male,42379.0,Suburban,54.4,3,Sedan,0,3,Yes,3.0,Yes,Low,No
66,Female,67695.0,Urban,39.3,2,Truck,4,13,No,4.0,Yes,Medium,No
29,Female,59811.0,Rural,22.4,3,Hatchback,1,2,Yes,5.0,Yes,Low,Yes
69,Female,80631.0,Urban,6.1,1,Hatchback,9,15,Yes,4.0,Yes,Low,No
59,Female,83615.0,Rural,26.9,3,SUV,0,3,Yes,3.0,Yes,Low,Yes
48,Female,116304.0,Urban,36.8,1,SUV,13,8,Yes,5.0,Yes,Low,No
35,Male,98171.0,Suburban,22.3,1,SUV,6,9,Yes,3.0,Yes,Low,Yes
59,Female,30000.0,Rural,5.0,3,SUV,1,1,Yes,5.0,Yes,Low,Yes
41,Male,91762.0,Urban,37.0,1,Sedan,6,11,Yes,4.0,Yes,Low,No
26,Male,97471.0,Suburban,81.6,2,SUV,1,7,Yes,5.0,Yes,Low,Yes
57,Female,86928.0,Urban,34.6,2,SUV,7,12,No,4.0,No,Low,No
66,Female,117232.0,Rural,47.2,2,Hatchback,0,1,Yes,5.0,Yes,Low,No
45,Male,120639.0,Suburban,47.5,1,SUV,1,8,No,2.0,No,Medium,No
37,Female,109170.0,Urban,51.8,2,Truck,11,9,No,4.0,Yes,Low,Yes
31,Female,67997.0,Urban,18.9,3,Sedan,13,8,No,2.0,Yes,Low,No
37,Male,67332.0,Suburban,101.5,1,Sedan,2,4,Yes,4.0,No,Low,No
58,Male,64557.0,Rural,5.0,2,SUV,1,3,Yes,2.0,No,Low,No
58,Other,98644.0,Urban,37.6,3,Hatchback,7,17,Yes,1.0,Yes,Low,No
59,Other,143716.0,Urban,40.1,1,Hatchback,5,19,No,5.0,Yes,Low,Yes
58,Male,106608.0,Suburban,20.8,2,SUV,4,6,Yes,3.0,Yes,Low,No
35,Female,84287.0,Urban,78.8,2,Sedan,4,18,No,2.0,Yes,Medium,No
52,Female,70842.0,Suburban,53.1,1,Sedan,5,4,No,2.0,Yes,Medium,No
47,Male,78211.0,Suburban,51.6,1,Hatchback,3,4,No,2.0,Yes,Medium,No
43,Male,97203.0,Urban,61.6,1,Hatchback,14,15,No,4.0,Yes,Low,Yes
43,Male,120459.0,Suburban,38.2,1,Sedan,0,2,Yes,1.0,No,Medium,No
66,Other,90190.0,Urban,47.1,2,Sedan,3,8,No,1.0,No,Low,No
61,Male,96677.0,Urban,5.0,2,Sedan,8,13,No,2.0,No,Low,No
34,Male,125089.0,Rural,76.1,2,Sedan,2,2,No,1.0,Yes,Medium,No
43,Male,43461.0,Suburban,36.7,2,Sedan,6,8,No,4.0,Yes,Medium,No
35,Female,138199.0,Urban,30.1,2,Hatchback,12,8,Yes,1.0,No,Low,No
50,Female,62378.0,Urban,5.0,1,SUV,11,4,Yes,4.0,Yes,Low,Yes
54,Female,30000.0,Suburban,39.2,1,SUV,7,6,Yes,2.0,Yes,Low,No
60,Male,80199.0,Rural,12.6,1,Sedan,2,0,Yes,2.0,Yes,Low,No
26,Female,127807.0,Urban,53.9,2,Hatchback,2,9,No,3.0,Yes,Medium,No
55,Male,122674.0,Suburban,16.7,2,Sedan,5,5,Yes,4.0,Yes,Low,Yes
58,Male,30000.0,Rural,17.9,1,Truck,2,3,Yes,2.0,Yes,Low,No
30,Male,108009.0,Suburban,36.8,2,SUV,1,1,Yes,4.0,No,Low,No
37,Male,129379.0,Urban,58.6,2,Sedan,9,6,No,2.0,Yes,Low,Yes
67,Male,74737.0,Suburban,27.7,1,Sedan,6,3,Yes,5.0,No,Low,No
49,Male,64171.0,Suburban,24.5,2,Sedan,4,2,Yes,1.0,Yes,Low,No
41,Female,72406.0,Suburban,27.0,2,SUV,2,8,Yes,1.0,Yes,Low,No
26,Female,76075.0,Urban,6.7,2,Sedan,10,7,No,4.0,No,Medium,No
29,Male,64683.0,Suburban,67.2,3,Sedan,2,4,No,5.0,No,Medium,No
53,Male,103414.0,Suburban,20.8,2,SUV,7,5,Yes,5.0,No,Low,No
64,Male,90134.0,Urban,68.9,3,SUV,7,6,No,3.0,Yes,Medium,No
52,Male,37262.0,Urban,77.0,2,SUV,10,4,Yes,2.0,No,Low,No
40,Male,94036.0,Urban,33.9,1,SUV,12,3,Yes,2.0,Yes,Low,No
61,Female,152835.0,Suburban,57.3,1,SUV,1,5,No,1.0,No,Medium,No
49,Female,53108.0,Urban,5.0,2,SUV,5,3,No,4.0,No,Low,No
51,Male,31801.0,Suburban,48.9,2,Truck,3,2,Yes,2.0,Yes,Low,No
53,Female,38396.0,Rural,36.5,3,SUV,0,1,No,1.0,No,Medium,No
66,Male,104158.0,Urban,7.2,1,Sedan,4,10,No,3.0,Yes,Medium,No
65,Male,53038.0,Suburban,6.5,1,SUV,3,6,Yes,1.0,No,Low,No
57,Male,139488.0,Urban,34.4,3,Sedan,12,18,No,5.0,No,Low,Yes
29,Male,59296.0,Urban,9.0,2,Truck,4,9,No,3.0,Yes,Low,No
29,Male,75255.0,Suburban,25.0,2,Hatchback,0,6,No,4.0,Yes,Medium,No
31,Female,62806.0,Urban,73.9,1,Sedan,10,16,Yes,4.0,Yes,Low,No
46,Male,41648.0,Urban,62.7,2,SUV,6,5,Yes,4.0,No,Low,No
48,Male,30000.0,Urban,46.6,1,Sedan,9,12,No,5.0,No,Medium,No
63,Female,38395.0,Urban,89.7,2,SUV,5,17,Yes,4.0,Yes,Low,No
30,Female,44443.0,Suburban,98.5,1,SUV,5,4,Yes,4.0,No,Medium,No
30,Male,44403.0,Urban,63.8,2,Sedan,13,13,No,2.0,Yes,Low,No
67,Female,88208.0,Urban,55.8,1,Truck,4,15,No,5.0,No,Low,No
48,Male,84758.0,Suburban,31.4,1,SUV,2,3,Yes,3.0,Yes,Low,Yes
61,Male,138555.0,Suburban,77.6,1,Sedan,5,6,No,1.0,Yes,Medium,No
47,Female,156452.0,Urban,40.9,1,Sedan,6,7,Yes,2.0,Yes,Low,Yes
42,Male,80685.0,Urban,5.0,1,SUV,2,16,No,3.0,No,Low,No
30,Female,79856.0,Rural,46.2,1,SUV,1,2,Yes,3.0,Yes,Low,Yes
25,Male,136543.0,Rural,17.3,3,SUV,2,2,Yes,2.0,Yes,Low,No
28,Female,81051.0,Rural,79.6,2,Hatchback,0,3,No,2.0,Yes,Medium,No
58,Female,73693.0,Rural,33.1,1,SUV,2,3,Yes,4.0,No,Low,No
32,Female,46688.0,Suburban,42.2,2,Truck,1,9,Yes,4.0,Yes,Low,No
25,Male,112697.0,Suburban,36.1,2,SUV,1,2,Yes,1.0,Yes,Low,No
62,Female,139165.0,Urban,7.6,1,Sedan,3,7,No,1.0,Yes,Low,No
27,Female,90365.0,Suburban,25.3,1,Sedan,0,7,Yes,3.0,No,Low,No
32,Male,30000.0,Urban,42.4,2,Sedan,11,8,No,3.0,Yes,Medium,No
57,Female,84586.0,Suburban,34.2,2,Hatchback,2,4,No,3.0,Yes,Medium,No
26,Male,174000.0,Suburban,33.8,1,Sedan,7,4,Yes,4.0,No,Low,No
43,Female,119783.0,Urban,61.6,1,Sedan,13,5,Yes,3.0,Yes,Low,No
57,Male,129073.0,Urban,43.0,1,Sedan,8,10,No,2.0,Yes,Low,No
63,Male,89526.0,Urban,74.1,3,Sedan,4,12,No,3.0,Yes,Medium,No
30,Male,81728.0,Urban,15.7,2,SUV,8,8,Yes,4.0,Yes,Low,Yes
43,Male,125866.0,Urban,50.5,1,Sedan,12,18,No,4.0,No,Low,No
52,Female,65752.0,Suburban,36.2,1,Truck,2,3,No,5.0,No,Medium,No
52,Male,30000.0,Rural,56.0,2,Truck,0,3,Yes,3.0,No,Low,No
44,Male,77266.0,Urban,49.4,1,Hatchback,7,7,Yes,1.0,No,Low,No
34,Female,102424.0,Urban,45.7,2,Hatchback,6,6,No,1.0,No,Medium,No
30,Female,30000.0,Rural,51.1,1,SUV,0,0,Yes,5.0,No,Low,No
66,Male,152182.0,Urban,41.5,3,SUV,3,9,No,5.0,Yes,Low,No
40,Female,48113.0,Suburban,46.1,3,Truck,4,3,Yes,1.0,No,Low,No
33,Female,108678.0,Urban,5.0,4,SUV,8,19,Yes,3.0,Yes,Low,No
27,Male,86259.0,Suburban,23.8,2,SUV,3,2,Yes,4.0,Yes,Low,Yes
63,Male,30000.0,Suburban,23.4,2,SUV,1,2,No,2.0,No,Medium,No
39,Male,83810.0,Suburban,26.6,1,Sedan,5,6,Yes,1.0,Yes,Low,No
34,Male,124349.0,Rural,66.6,1,SUV,0,1,Yes,4.0,No,Low,Yes
31,Male,59903.0,Urban,64.9,1,Truck,4,13,Yes,1.0,Yes,Low,No
62,Male,100346.0,Suburban,12.7,1,Hatchback,6,4,Yes,5.0,Yes,Low,Yes
53,Female,95894.0,Suburban,40.95,2,SUV,0,6,Yes,5.0,Yes,Low,Yes
46,Male,44982.0,Suburban,44.9,2,Sedan,6,8,Yes,2.0,Yes,Low,No
33,Male,63424.0,Suburban,80.2,1,Sedan,1,2,Yes,3.0,Yes,Low,No
55,Female,91438.0,Suburban,47.7,2,SUV,3,4,Yes,5.0,Yes,Low,Yes
49,Female,68707.0,Suburban,63.5,2,Sedan,5,8,Yes,1.0,No,Low,No
41,Other,52585.0,Urban,75.1,2,Truck,6,9,No,4.0,Yes,Medium,No
45,Male,94741.0,Urban,5.0,3,SUV,10,9,No,1.0,No,Low,No
68,Male,93133.0,Suburban,62.4,3,Sedan,2,8,Yes,2.0,Yes,Low,No
29,Male,127960.0,Urban,61.0,1,SUV,11,7,No,4.0,Yes,Medium,No
36,Female,121507.0,Urban,50.7,2,SUV,7,13,Yes,1.0,Yes,Low,No
39,Male,169619.0,Suburban,15.3,3,Sedan,1,3,Yes,3.0,Yes,Low,Yes
46,Male,42514.0,Urban,32.2,2,SUV,9,4,No,3.0,Yes,Medium,No
33,Male,117280.0,Urban,27.8,1,Sedan,8,9,Yes,1.0,No,Low,No
27,Female,56530.0,Rural,48.1,4,SUV,0,2,Yes,5.0,Yes,Low,Yes
64,Female,80968.0,Suburban,49.0,2,Sedan,5,6,Yes,1.0,Yes,Low,No
44,Female,39061.0,Urban,77.3,1,Hatchback,13,4,Yes,3.0,No,Low,No
56,Male,84106.0,Suburban,17.2,1,Sedan,4,1,Yes,3.0,Yes,Low,No
46,Female,115933.0,Suburban,17.8,3,SUV,1,3,Yes,1.0,No,Low,No
61,Male,75953.0,Suburban,63.3,2,SUV,4,9,No,5.0,No,Low,No
59,Female,109424.0,Urban,81.8,2,SUV,9,3,No,5.0,No,Low,No
42,Female,112790.0,Urban,76.9,1,Hatchback,6,14,No,4.0,No,Low,No
27,Male,90859.0,Urban,68.5,2,SUV,9,17,No,2.0,Yes,Low,No
33,Female,95289.0,Suburban,10.6,2,Sedan,2,1,No,5.0,Yes,Low,No
43,Female,59521.0,Suburban,32.8,2,Hatchback,6,2,Yes,3.0,Yes,Low,Yes
37,Male,37732.0,Rural,31.8,2,SUV,0,0,Yes,2.0,No,Low,No
62,Male,103019.0,Urban,59.0,3,Sedan,12,12,Yes,1.0,No,Low,No
42,Male,85825.0,Urban,30.3,1,Truck,4,15,No,3.0,No,Low,No
36,Male,30000.0,Rural,38.349999999999994,1,SUV,1,2,Yes,1.0,No,Low,No
27,Male,67380.0,Suburban,24.1,1,SUV,0,3,Yes,5.0,No,Low,No
47,Male,94275.0,Suburban,5.0,4,Hatchback,2,9,Yes,1.0,Yes,Low,No
69,Female,63865.0,Suburban,43.5,4,Sedan,3,3,Yes,3.0,No,Low,No
67,Male,94863.0,Urban,66.6,1,Sedan,14,16,Yes,2.0,Yes,Low,No
29,Male,56798.0,Urban,34.6,4,SUV,4,10,Yes,3.0,Yes,Low,No
60,Female,49415.0,Urban,5.0,1,Sedan,8,15,No,1.0,Yes,Low,No
44,Male,126950.0,Urban,55.5,2,Sedan,3,16,No,2.0,No,Low,No
38,Other,99114.0,Urban,29.7,2,SUV,7,11,Yes,3.0,Yes,Low,No
62,Female,30000.0,Suburban,51.4,2,Sedan,4,9,Yes,3.0,No,Low,No
45,Female,132217.0,Rural,29.9,2,Truck,1,3,Yes,3.0,Yes,Low,No
60,Male,78058.0,Urban,37.2,3,SUV,6,6,Yes,3.0,No,Low,No
49,Female,30000.0,Rural,30.8,1,Hatchback,0,0,Yes,2.0,No,Low,No
33,Female,59449.0,Urban,48.9,1,Sedan,2,14,No,4.0,Yes,Medium,No
60,Male,70833.0,Urban,38.3,2,Sedan,5,18,No,5.0,Yes,Low,Yes
50,Female,48105.0,Urban,42.9,2,Sedan,12,18,Yes,4.0,Yes,Low,No
67,Male,41807.0,Suburban,79.2,1,Truck,1,4,No,4.0,Yes,Medium,No
28,Male,93711.0,Urban,42.6,3,Sedan,8,8,No,2.0,Yes,Medium,No
63,Female,97311.0,Suburban,26.1,2,Sedan,3,8,Yes,3.0,No,Low,No
29,Male,100913.0,Rural,37.5,2,Sedan,2,0,Yes,4.0,Yes,Low,Yes
33,Female,88397.0,Urban,58.4,1,Sedan,7,9,Yes,1.0,No,Low,No
54,Female,56513.0,Rural,16.7,2,SUV,2,0,Yes,2.0,Yes,Low,No
60,Male,30000.0,Urban,58.2,1,Sedan,3,3,Yes,3.0,Yes,Low,No
25,Female,127183.0,Suburban,47.4,1,SUV,2,1,Yes,4.0,Yes,Low,No
40,Male,60188.0,Suburban,86.0,1,Sedan,2,8,Yes,3.0,No,Low,No
52,Male,82021.0,Urban,56.8,1,SUV,9,14,No,2.0,No,Low,No
26,Female,86854.0,Urban,34.1,1,Hatchback,5,16,Yes,2.0,No,Low,No
25,Male,98602.0,Suburban,85.2,1,Sedan,3,8,Yes,4.0,Yes,Low,No
35,Male,54917.0,Urban,17.5,1,Sedan,13,3,No,1.0,No,Medium,No
37,Male,30469.0,Suburban,35.3,3,Sedan,4,4,Yes,2.0,Yes,Low,No
48,Female,97439.0,Urban,20.7,2,Hatchback,7,14,No,5.0,Yes,Low,Yes
62,Female,96448.0,Urban,58.4,1,Sedan,4,7,Yes,3.0,Yes,Low,No
65,Male,127369.0,Rural,41.3,3,SUV,2,2,Yes,4.0,Yes,Low,Yes
48,Male,104090.0,Rural,9.9,3,Sedan,1,2,Yes,1.0,No,Low,No
30,Female,107166.0,Suburban,43.0,2,Sedan,0,3,Yes,1.0,No,Low,No
31,Female,107805.0,Urban,53.7,2,SUV,12,9,No,1.0,No,Low,No
28,Male,120533.0,Suburban,37.1,1,SUV,0,4,Yes,3.0,Yes,Low,Yes
37,Male,64838.0,Rural,48.5,2,Sedan,1,0,Yes,2.0,Yes,Low,No
37,Female,132288.0,Urban,59.7,1,SUV,14,8,No,5.0,No,Low,No
66,Female,101093.0,Urban,43.3,2,Sedan,4,7,No,1.0,No,Medium,No
52,Female,57868.0,Urban,13.2,2,SUV,14,6,No,5.0,Yes,Low,Yes
25,Female,92375.0,Suburban,41.6,1,SUV,3,3,Yes,1.0,No,Low,No
45,Male,49844.0,Urban,56.0,4,SUV,5,4,No,1.0,No,Medium,No
26,Female,132921.0,Suburban,5.0,4,Hatchback,7,1,Yes,2.0,No,Low,No
37,Male,79986.0,Urban,41.9,2,SUV,3,13,No,3.0,Yes,Low,No
35,Female,97601.0,Urban,52.8,2,SUV,7,10,No,1.0,No,Medium,No
57,Male,138432.0,Suburban,38.1,3,Sedan,1,2,No,3.0,No,Low,No
42,Male,80000.0,Urban,72.4,1,Sedan,3,7,No,1.0,No,Medium,No
64,Female,81143.0,Urban,54.4,4,SUV,10,4,No,3.0,Yes,Medium,No
26,Male,62650.0,Suburban,46.5,4,SUV,7,6,Yes,4.0,Yes,Low,No
43,Male,105679.0,Urban,62.3,1,Truck,3,4,No,5.0,No,Medium,No
62,Male,123754.0,Urban,63.1,1,Sedan,12,19,No,2.0,Yes,Low,No
31,Female,74411.0,Rural,51.3,1,Sedan,1,1,Yes,2.0,No,Low,No
63,Male,126498.0,Rural,28.3,1,Sedan,2,2,Yes,5.0,Yes,Low,Yes
58,Male,120989.0,Rural,20.3,1,Sedan,2,0,Yes,4.0,No,Low,No
67,Male,86246.0,Suburban,34.0,1,SUV,4,4,Yes,2.0,Yes,Low,No
39,Male,30000.0,Suburban,51.4,1,Sedan,1,4,Yes,3.0,Yes,Low,No
57,Male,30000.0,Urban,59.6,3,Truck,3,14,Yes,5.0,Yes,Low,Yes
50,Female,62557.0,Suburban,50.2,1,Sedan,1,2,Yes,2.0,No,Low,No
69,Female,101344.0,Urban,36.7,2,Truck,9,3,No,4.0,Yes,Low,Yes
62,Male,123884.0,Suburban,53.3,3,Sedan,6,6,Yes,5.0,No,Low,No
39,Male,61864.0,Urban,61.7,4,Sedan,7,5,Yes,1.0,Yes,Low,Yes
59,Female,87306.0,Suburban,47.7,2,Truck,3,8,Yes,4.0,No,Low,No
30,Female,78018.0,Rural,10.8,2,SUV,2,2,Yes,5.0,Yes,Low,Yes
52,Female,30000.0,Rural,26.8,1,SUV,2,2,Yes,4.0,Yes,Low,No
59,Male,106670.0,Urban,38.5,1,Hatchback,2,11,No,5.0,Yes,Low,Yes
55,Male,89956.0,Suburban,62.1,1,SUV,3,3,Yes,3.0,Yes,Low,No
25,Male,115613.0,Suburban,35.9,2,SUV,1,7,Yes,4.0,No,Low,No
67,Female,93694.0,Urban,13.9,2,Sedan,10,16,No,3.0,Yes,Low,No
64,Female,44282.0,Rural,43.7,1,SUV,1,0,Yes,1.0,Yes,Low,Yes
67,Female,87215.0,Urban,16.2,1,Hatchback,9,4,Yes,4.0,Yes,Low,No
60,Male,117192.0,Urban,5.0,3,Sedan,9,10,No,4.0,No,Low,No
46,Female,129368.0,Urban,84.0,1,SUV,12,18,No,5.0,No,Low,No
29,Male,53037.0,Suburban,11.7,1,Sedan,1,6,No,5.0,No,Low,No
59,Male,85894.0,Urban,47.5,1,SUV,10,5,Yes,1.0,Yes,Low,No
60,Female,84816.0,Urban,16.0,3,Sedan,12,18,No,1.0,No,Low,No
61,Male,136598.0,Urban,10.3,1,Sedan,5,10,No,5.0,No,Low,No
37,Male,110059.0,Suburban,52.2,1,Sedan,5,8,Yes,3.0,No,Low,No
58,Male,99265.0,Urban,9.8,2,Sedan,7,14,No,3.0,No,Low,No
37,Female,80886.0,Urban,24.8,2,SUV,12,16,No,3.0,Yes,Low,Yes
44,Female,139777.0,Urban,62.4,2,SUV,14,13,Yes,2.0,Yes,Low,Yes
28,Male,74654.0,Urban,51.4,1,Hatchback,10,18,No,5.0,No,Low,No
58,Female,129981.0,Rural,13.9,2,Sedan,1,0,Yes,3.0,Yes,Low,No
48,Male,44256.0,Suburban,66.4,1,Truck,3,2,No,5.0,No,High,No
37,Female,124739.0,Rural,56.0,2,Sedan,0,3,Yes,2.0,No,Low,No
27,Male,66135.0,Urban,23.8,1,SUV,13,12,No,3.0,No,Low,No
43,Female,55986.0,Urban,5.0,2,Sedan,6,11,Yes,1.0,Yes,Low,No
65,Female,86505.0,Rural,58.7,1,Sedan,1,1,Yes,4.0,No,Low,No
39,Female,111242.0,Suburban,24.2,1,Hatchback,3,6,Yes,5.0,Yes,Low,Yes
36,Female,90716.0,Urban,22.4,2,Sedan,8,7,No,1.0,No,Low,No
62,Male,41084.0,Urban,39.0,1,SUV,13,7,No,1.0,Yes,Medium,No
55,Male,133770.0,Rural,5.0,4,Sedan,1,3,Yes,1.0,Yes,Low,No
50,Male,86091.0,Urban,38.1,2,Hatchback,10,12,No,5.0,Yes,Low,Yes
36,Male,60148.0,Urban,85.6,3,SUV,4,17,Yes,2.0,Yes,Low,No
43,Male,103882.0,Urban,27.7,1,SUV,8,5,No,5.0,Yes,Low,No
32,Male,68859.0,Urban,5.0,2,Sedan,13,10,Yes,5.0,Yes,Low,Yes
58,Female,119500.0,Suburban,41.0,1,Sedan,5,1,Yes,2.0,Yes,Low,No
40,Male,49047.0,Urban,53.8,2,Sedan,4,3,Yes,2.0,Yes,Low,No
46,Female,35083.0,Suburban,45.0,3,SUV,5,5,Yes,2.0,Yes,Low,No
53,Female,103955.0,Urban,5.0,4,Hatchback,12,3,Yes,4.0,No,Low,No
60,Female,82252.0,Urban,50.1,1,Hatchback,12,14,Yes,5.0,No,Low,No
48,Female,90187.0,Urban,70.7,3,SUV,5,3,No,1.0,No,High,No
37,Female,69403.0,Urban,24.9,2,Sedan,3,18,No,1.0,No,Low,No
49,Male,104947.0,Urban,40.4,3,Hatchback,5,9,No,4.0,Yes,Medium,Yes
45,Female,30000.0,Urban,69.2,3,Sedan,12,10,Yes,5.0,Yes,Low,No
56,Female,118469.0,Suburban,78.4,4,Sedan,6,7,Yes,2.0,No,Low,No
52,Male,79458.0,Urban,49.8,1,Sedan,4,4,Yes,3.0,Yes,Low,Yes
34,Female,67705.0,Urban,13.2,2,Sedan,12,6,Yes,5.0,Yes,Low,Yes
57,Female,84848.0,Suburban,53.2,1,SUV,7,6,Yes,1.0,Yes,Low,No
50,Female,30000.0,Urban,46.5,3,Sedan,8,9,Yes,5.0,Yes,Low,Yes
46,Male,84839.0,Rural,84.2,1,Truck,2,3,No,2.0,Yes,Medium,No
50,Female,30000.0,Urban,53.3,2,SUV,4,18,Yes,5.0,Yes,Low,No
39,Male,58187.0,Urban,7.4,2,Sedan,6,13,No,3.0,Yes,Low,No
50,Female,84560.0,Suburban,31.9,1,Sedan,2,6,No,4.0,No,Medium,No
30,Female,79638.0,Rural,66.3,2,Sedan,0,0,No,3.0,No,Medium,No
32,Female,99412.0,Urban,18.3,1,Sedan,10,15,No,4.0,No,Low,No
67,Male,96709.0,Urban,49.1,3,SUV,3,3,No,2.0,No,Medium,No
47,Female,84758.0,Suburban,21.3,1,SUV,2,4,No,2.0,Yes,Medium,No
34,Female,123577.0,Urban,48.3,1,Sedan,8,6,Yes,4.0,No,Low,No
26,Female,39253.0,Urban,54.0,1,Sedan,10,12,Yes,1.0,No,Low,No
38,Male,30000.0,Rural,57.7,1,Sedan,2,0,No,5.0,Yes,Medium,No
29,Male,100953.0,Rural,5.0,1,Sedan,2,0,Yes,2.0,Yes,Low,No
47,Female,36927.0,Urban,16.2,2,Sedan,3,14,Yes,4.0,Yes,Low,No
67,Female,56658.0,Rural,68.6,1,Sedan,2,1,Yes,3.0,No,Low,No
36,Male,93442.0,Urban,5.0,2,SUV,13,16,Yes,4.0,Yes,Low,No
36,Male,114111.0,Suburban,37.8,4,SUV,2,6,Yes,1.0,No,Low,No
62,Male,79681.0,Urban,37.9,3,Sedan,3,7,No,1.0,No,Medium,No
41,Other,69803.0,Rural,97.2,2,Sedan,1,1,Yes,2.0,No,Low,No
45,Female,70920.0,Suburban,33.5,3,SUV,5,6,Yes,1.0,No,Low,No
26,Female,120902.0,Suburban,25.7,1,Sedan,3,7,No,5.0,No,Medium,No
50,Female,108152.0,Urban,40.4,3,Sedan,7,14,Yes,5.0,Yes,Low,Yes
60,Female,88222.0,Urban,73.7,1,Sedan,13,7,No,4.0,Yes,Medium,No
49,Female,107730.0,Suburban,61.5,4,Hatchback,7,3,Yes,4.0,No,Low,No
45,Female,107886.0,Urban,63.8,3,Sedan,7,5,No,2.0,Yes,Medium,No
32,Female,92136.0,Urban,5.0,1,Hatchback,13,11,Yes,4.0,Yes,Low,Yes
25,Male,80966.0,Suburban,45.5,1,Hatchback,1,3,Yes,1.0,No,Low,No
57,Female,99412.0,Urban,24.5,1,Sedan,4,15,Yes,5.0,No,Low,No
53,Female,140163.0,Urban,33.9,3,SUV,13,8,No,1.0,No,Medium,No
59,Male,110518.0,Suburban,37.5,1,Truck,3,9,Yes,5.0,No,Low,No
68,Female,104533.0,Rural,89.8,3,Hatchback,1,2,No,5.0,No,High,No
35,Female,165087.0,Rural,66.0,4,Hatchback,1,3,Yes,4.0,No,Low,No
52,Female,30000.0,Suburban,72.9,1,Hatchback,5,5,Yes,3.0,No,Low,No
47,Female,92626.0,Suburban,69.8,1,Sedan,2,5,Yes,5.0,No,Low,Yes
50,Female,90017.0,Suburban,28.3,4,Hatchback,6,9,No,4.0,Yes,Low,Yes
38,Male,61979.0,Urban,40.849999999999994,3,Sedan,8,10,No,3.0,Yes,Medium,Yes
59,Male,30000.0,Suburban,40.7,1,SUV,4,2,Yes,1.0,No,Low,No
63,Female,90366.0,Urban,34.1,2,SUV,2,19,Yes,4.0,No,Low,No
64,Female,59010.0,Urban,23.9,1,Hatchback,9,7,No,1.0,No,Low,No
43,Female,45081.0,Suburban,57.4,2,Hatchback,3,1,Yes,5.0,Yes,Medium,No
41,Male,125987.0,Urban,48.8,1,Sedan,5,16,No,3.0,Yes,Medium,Yes
31,Male,80791.0,Suburban,82.6,1,Hatchback,5,5,Yes,1.0,No,Low,No
52,Male,30000.0,Rural,5.0,1,Sedan,2,3,Yes,2.0,Yes,Low,No
31,Female,95823.0,Suburban,41.1,1,SUV,0,3,No,2.0,Yes,High,No
44,Female,58891.0,Suburban,39.9,1,Sedan,4,4,Yes,3.0,No,Low,No
48,Male,35933.0,Rural,45.3,1,SUV,0,0,Yes,2.0,No,Low,No
39,Female,63733.0,Rural,62.8,2,Hatchback,1,0,Yes,3.0,Yes,Low,Yes
50,Male,118693.0,Urban,69.8,1,SUV,12,15,Yes,2.0,No,Low,No
34,Male,42982.0,Suburban,75.0,1,SUV,7,6,Yes,3.0,Yes,Low,Yes
52,Male,85054.0,Suburban,5.0,1,Truck,7,5,No,5.0,Yes,Low,No
41,Male,85227.0,Urban,74.4,2,Sedan,8,7,No,2.0,No,Medium,No
43,Male,87404.0,Suburban,32.1,1,Sedan,1,2,No,1.0,Yes,Medium,No
36,Male,121522.0,Urban,11.0,2,Hatchback,13,4,Yes,2.0,Yes,Low,No
40,Male,41971.0,Rural,45.6,1,Hatchback,2,2,Yes,4.0,Yes,Low,No
48,Male,101200.0,Suburban,40.6,3,Truck,4,7,Yes,3.0,Yes,Low,No
32,Male,111621.0,Rural,58.1,2,Hatchback,2,3,Yes,2.0,Yes,Low,Yes
44,Other,41320.0,Urban,37.4,2,SUV,9,10,Yes,5.0,No,Low,No
33,Male,86633.0,Suburban,66.1,1,Sedan,7,9,Yes,3.0,Yes,Low,No
67,Other,90705.0,Urban,80.1,1,Sedan,12,9,Yes,1.0,Yes,Low,No
55,Male,82761.0,Urban,51.1,2,SUV,14,16,Yes,2.0,No,Low,No
39,Female,146811.0,Urban,38.2,1,Sedan,7,16,No,4.0,No,Low,No
46,Female,60847.0,Urban,32.1,1,SUV,10,4,Yes,5.0,No,Low,No
43,Female,60197.0,Urban,16.2,2,Sedan,3,3,No,2.0,Yes,Medium,No
50,Female,44087.0,Suburban,13.9,1,Hatchback,2,7,Yes,3.0,No,Low,No
32,Male,90266.0,Urban,39.0,2,SUV,7,6,No,4.0,No,Low,No
63,Female,75681.0,Urban,56.8,2,Sedan,12,7,Yes,5.0,Yes,Low,Yes
25,Female,66125.0,Urban,28.0,1,Sedan,7,18,No,3.0,Yes,Low,No
62,Female,138250.0,Urban,7.0,1,Sedan,2,11,Yes,3.0,Yes,Low,Yes
25,Female,70155.0,Suburban,52.8,1,Sedan,1,9,Yes,2.0,Yes,Low,No
57,Male,70256.0,Urban,5.0,1,Sedan,11,6,No,4.0,Yes,Low,Yes
46,Male,30000.0,Suburban,19.9,2,SUV,5,2,Yes,4.0,Yes,Low,No
54,Male,109551.0,Urban,5.0,1,SUV,14,5,Yes,5.0,Yes,Low,Yes
36,Male,113187.0,Urban,53.9,1,Truck,11,19,Yes,1.0,Yes,Low,No
36,Other,125871.0,Suburban,35.5,2,Sedan,7,9,Yes,3.0,Yes,Low,No
40,Male,70148.0,Urban,29.3,2,Sedan,2,15,Yes,2.0,No,Low,No
25,Female,38742.0,Suburban,40.1,3,Hatchback,6,7,Yes,4.0,No,Low,No
68,Male,103158.0,Suburban,45.0,2,Hatchback,5,9,Yes,2.0,Yes,Low,No
64,Female,67515.0,Urban,70.8,2,Sedan,11,6,No,2.0,No,Low,No
47,Male,95098.0,Rural,44.6,4,Sedan,0,0,Yes,4.0,Yes,Low,Yes
25,Male,59215.0,Suburban,5.0,1,Sedan,6,8,Yes,2.0,Yes,Low,No
47,Female,96170.0,Urban,55.9,2,Sedan,11,13,No,4.0,Yes,Medium,No
50,Male,91821.0,Urban,55.8,1,SUV,10,3,No,5.0,Yes,Low,No
28,Female,83940.0,Urban,67.7,1,Sedan,11,10,No,3.0,No,Low,No
38,Female,74205.0,Urban,35.7,2,Sedan,4,15,Yes,1.0,No,Low,No
59,Male,121956.0,Urban,72.3,3,Sedan,10,14,Yes,3.0,No,Low,No
60,Male,101627.0,Suburban,68.9,2,SUV,3,2,Yes,3.0,Yes,Medium,No
66,Male,79144.0,Suburban,41.75,2,Truck,6,6,No,5.0,Yes,Medium,No
59,Male,167214.0,Suburban,25.9,3,Sedan,1,1,No,2.0,Yes,Medium,No
57,Male,106059.0,Rural,33.3,2,SUV,1,1,Yes,5.0,No,Low,Yes
50,Female,99645.0,Urban,58.9,1,SUV,6,6,Yes,3.0,Yes,Low,No
28,Male,82451.0,Suburban,106.0,2,SUV,3,3,Yes,4.0,Yes,Low,Yes
35,Female,67835.0,Suburban,47.9,1,SUV,1,9,Yes,1.0,No,Low,No
42,Female,50824.0,Urban,5.0,1,Sedan,5,5,Yes,2.0,Yes,Low,No
36,Male,117151.0,Urban,40.8,1,SUV,9,7,Yes,5.0,Yes,Low,No
62,Male,62267.0,Rural,79.1,2,Hatchback,0,2,Yes,1.0,No,Low,No
41,Female,61311.0,Urban,38.7,1,Hatchback,3,14,No,2.0,Yes,Low,No
64,Female,123261.0,Suburban,73.5,1,Hatchback,0,6,Yes,2.0,Yes,Low,No
42,Male,37291.0,Urban,32.1,2,Sedan,10,4,Yes,2.0,Yes,Low,No
69,Male,75541.0,Suburban,62.6,2,Truck,6,9,Yes,2.0,No,Low,No
67,Female,90996.0,Urban,41.3,2,Sedan,12,12,No,4.0,No,Low,No
59,Male,41426.0,Urban,60.1,2,Sedan,14,13,Yes,2.0,Yes,Low,No
64,Female,111332.0,Rural,48.6,2,Sedan,1,1,Yes,1.0,No,Low,No
35,Male,134476.0,Urban,64.7,2,Sedan,6,3,No,4.0,Yes,High,No
68,Female,30000.0,Suburban,24.0,2,SUV,2,7,Yes,2.0,No,Low,No
57,Other,127333.0,Urban,63.9,1,SUV,4,7,No,5.0,Yes,Medium,Yes
38,Male,110612.0,Urban,31.6,1,SUV,14,15,Yes,5.0,Yes,Low,Yes
66,Male,79930.0,Urban,51.6,1,Sedan,8,12,Yes,4.0,No,Low,No
64,Female,74640.0,Suburban,28.2,2,Sedan,5,9,Yes,1.0,Yes,Low,No
26,Female,137468.0,Rural,78.9,1,Hatchback,2,1,Yes,3.0,Yes,Low,Yes
32,Male,114723.0,Suburban,66.6,2,Sedan,1,8,Yes,3.0,Yes,Low,No
47,Female,92665.0,Suburban,18.0,2,Hatchback,3,8,Yes,5.0,Yes,Low,Yes
36,Male,44420.0,Suburban,25.7,3,Sedan,1,1,No,2.0,Yes,Low,No
58,Female,118161.0,Urban,67.8,2,Sedan,11,14,No,4.0,No,Low,No
59,Male,89363.0,Urban,20.6,1,SUV,2,5,No,5.0,No,Medium,No
65,Male,30000.0,Rural,66.7,1,Sedan,1,3,No,4.0,No,Medium,No
68,Male,77760.0,Urban,10.9,1,Hatchback,12,18,Yes,2.0,Yes,Low,No
33,Female,56686.0,Urban,16.9,2,SUV,9,19,No,2.0,No,Low,No
53,Male,61024.0,Urban,73.6,1,SUV,14,6,No,5.0,Yes,High,No
35,Male,112545.0,Suburban,33.2,1,Sedan,3,8,Yes,4.0,Yes,Low,Yes
38,Female,79898.0,Suburban,53.0,1,Hatchback,1,7,No,1.0,Yes,Medium,No
26,Female,114964.0,Urban,38.9,1,Sedan,4,12,Yes,2.0,Yes,Low,No
55,Female,103320.0,Suburban,52.3,4,SUV,4,7,Yes,3.0,No,Low,No
27,Female,55621.0,Suburban,43.9,2,Sedan,3,1,Yes,5.0,No,Low,No
52,Male,116850.0,Urban,86.0,3,SUV,8,15,No,5.0,Yes,Medium,Yes
53,Female,59931.0,Urban,19.8,3,Sedan,6,14,No,2.0,No,Low,No
34,Female,110195.0,Suburban,70.0,2,SUV,1,7,No,4.0,Yes,Low,No
47,Female,76660.0,Rural,49.5,3,Sedan,0,0,Yes,3.0,Yes,Low,No
26,Male,115278.0,Urban,29.6,2,Sedan,5,14,No,3.0,Yes,Low,No
59,Female,122146.0,Urban,5.0,2,Truck,5,17,No,5.0,Yes,Low,Yes
40,Female,53374.0,Suburban,59.8,3,Hatchback,1,6,Yes,1.0,No,Low,No
51,Female,86915.0,Urban,21.6,1,SUV,11,8,No,4.0,Yes,Low,Yes
62,Male,168628.0,Suburban,11.2,2,Sedan,0,7,Yes,5.0,No,Low,No
62,Female,63680.0,Urban,52.0,4,SUV,13,13,Yes,5.0,No,Low,No
36,Female,85163.0,Urban,38.5,3,Sedan,5,17,No,2.0,Yes,Low,No
54,Male,80826.0,Urban,78.3,3,Hatchback,6,6,No,4.0,Yes,Medium,No
36,Female,72532.0,Urban,28.6,2,Sedan,13,5,No,1.0,Yes,Medium,No
33,Female,59225.0,Urban,106.0,3,Sedan,2,11,Yes,5.0,Yes,Low,Yes
69,Male,75232.0,Urban,62.0,1,Sedan,12,11,No,2.0,Yes,Medium,No
55,Male,99246.0,Suburban,49.3,1,SUV,5,5,No,3.0,No,Medium,No
39,Male,91804.0,Suburban,25.8,2,SUV,7,8,Yes,1.0,Yes,Low,No
38,Male,30000.0,Urban,55.1,3,Sedan,13,15,Yes,3.0,No,Low,No
35,Male,64641.0,Urban,10.1,1,Sedan,3,8,No,3.0,Yes,Low,No
46,Female,119346.0,Urban,5.0,2,SUV,10,14,Yes,3.0,Yes,Low,Yes
46,Male,113781.0,Suburban,21.9,2,Sedan,4,3,Yes,3.0,No,Low,No
41,Male,77528.0,Urban,62.8,1,SUV,13,10,Yes,1.0,No,Low,No
44,Female,96559.0,Rural,67.5,2,SUV,2,2,Yes,3.0,No,Low,No
26,Male,54374.0,Urban,58.0,1,SUV,4,5,No,4.0,Yes,Medium,Yes
62,Other,30000.0,Rural,73.2,1,Sedan,0,2,Yes,3.0,No,Low,No
32,Male,64151.0,Rural,10.0,2,Sedan,1,3,No,3.0,Yes,Medium,No
44,Female,60094.0,Suburban,13.3,1,Sedan,4,9,Yes,5.0,No,Low,No
50,Female,66857.0,Urban,27.9,2,Sedan,8,11,Yes,3.0,Yes,Low,No
26,Male,116448.0,Urban,22.0,2,SUV,3,6,No,2.0,Yes,Medium,No
69,Male,85441.0,Suburban,71.7,1,Truck,3,6,No,2.0,No,Medium,No
43,Male,93623.0,Suburban,52.4,3,SUV,2,3,Yes,5.0,Yes,Low,No
69,Male,52276.0,Suburban,23.2,1,Hatchback,0,5,Yes,1.0,Yes,Medium,No
39,Male,54085.0,Urban,22.7,1,Sedan,8,8,Yes,2.0,No,Low,No
51,Male,97432.0,Suburban,67.4,2,Sedan,6,1,No,4.0,Yes,Medium,No
63,Female,109868.0,Urban,27.5,2,Sedan,7,5,No,1.0,No,Medium,No
54,Male,39869.0,Urban,65.9,1,Sedan,11,11,No,5.0,No,Low,No
42,Female,114514.0,Suburban,45.8,1,SUV,5,4,No,3.0,No,Medium,No
56,Male,151989.0,Urban,14.3,1,SUV,12,16,No,4.0,Yes,Low,No
69,Female,126720.0,Urban,54.5,1,Sedan,2,6,No,4.0,Yes,Medium,No
33,Male,110564.0,Urban,15.2,2,SUV,4,7,No,4.0,No,Medium,No
41,Male,61724.0,Urban,80.9,1,Sedan,11,14,No,5.0,No,Low,No
36,Female,48525.0,Urban,42.3,2,Sedan,8,3,No,2.0,Yes,Medium,No
64,Male,75802.0,Suburban,29.1,2,Hatchback,5,8,Yes,3.0,Yes,Low,No
51,Male,78580.0,Urban,80.5,1,SUV,14,19,No,3.0,Yes,Medium,No
62,Male,144230.0,Suburban,39.2,1,Sedan,6,3,Yes,3.0,No,Low,No
53,Female,93562.0,Urban,21.5,3,Sedan,2,13,No,1.0,No,Medium,No
59,Male,129701.0,Suburban,52.0,1,SUV,0,4,Yes,4.0,No,Low,No
60,Male,97565.0,Suburban,62.7,2,Hatchback,6,2,Yes,3.0,No,Low,No
37,Male,42656.0,Urban,5.0,1,SUV,12,19,Yes,2.0,Yes,Low,No
59,Male,100416.0,Suburban,22.7,2,SUV,5,4,Yes,2.0,Yes,Low,No
56,Female,86877.0,Urban,54.6,4,SUV,12,6,No,5.0,Yes,Medium,No
37,Male,112035.0,Urban,43.9,3,SUV,8,18,No,1.0,Yes,Low,No
55,Male,48360.0,Suburban,18.5,1,Sedan,3,6,Yes,3.0,Yes,Low,No
27,Female,36484.0,Urban,42.9,1,Sedan,8,6,No,2.0,Yes,Medium,No
68,Female,74052.0,Urban,21.4,1,Sedan,9,9,No,1.0,No,Low,No
42,Male,104064.0,Urban,34.1,2,SUV,10,8,No,4.0,Yes,Low,No
69,Other,51305.0,Suburban,20.1,4,SUV,3,1,Yes,1.0,Yes,Low,No
66,Female,110019.0,Suburban,51.8,2,Sedan,4,5,Yes,2.0,Yes,Low,Yes
34,Female,64186.0,Urban,58.9,2,Sedan,12,8,Yes,5.0,Yes,Low,Yes
57,Male,99509.0,Urban,45.8,1,SUV,6,11,Yes,2.0,Yes,Low,No
39,Male,58884.0,Rural,5.0,2,Sedan,0,1,No,5.0,No,Medium,No
31,Female,102609.0,Urban,44.4,2,SUV,13,6,No,3.0,No,Low,No
69,Male,81718.0,Urban,44.4,1,Truck,4,3,No,2.0,Yes,Medium,No
66,Female,145958.0,Suburban,27.8,1,SUV,5,9,Yes,2.0,No,Low,No
40,Male,96991.0,Urban,12.1,2,Truck,4,12,No,3.0,Yes,Low,No
56,Male,91289.0,Suburban,83.6,2,Sedan,1,6,Yes,4.0,Yes,Low,Yes
45,Female,102647.0,Urban,5.0,1,Sedan,10,5,Yes,3.0,No,Low,No
28,Male,42493.0,Rural,27.9,4,Sedan,2,0,Yes,1.0,No,Low,No
54,Male,125767.0,Urban,55.6,4,Sedan,7,9,Yes,4.0,No,Low,No
29,Female,80704.0,Urban,78.4,3,Sedan,5,8,No,1.0,No,Medium,No
67,Female,33153.0,Urban,5.0,3,SUV,5,16,Yes,1.0,Yes,Low,No
47,Female,30000.0,Urban,7.9,1,Truck,4,3,Yes,1.0,No,Low,No
43,Female,65540.0,Suburban,59.2,1,Hatchback,5,5,No,4.0,Yes,Low,No
30,Male,66975.0,Urban,45.1,2,Sedan,7,9,No,1.0,Yes,Low,No
42,Male,127228.0,Suburban,46.9,3,SUV,0,8,Yes,1.0,Yes,Low,No
29,Female,161147.0,Urban,8.9,1,Sedan,12,17,Yes,5.0,Yes,Low,No
44,Male,139247.0,Rural,30.9,4,SUV,2,0,Yes,2.0,Yes,Low,No
69,Male,77966.0,Suburban,39.5,3,Sedan,2,1,Yes,2.0,No,Low,No
32,Female,30000.0,Suburban,77.7,2,Sedan,4,5,Yes,4.0,No,Low,No
31,Female,174000.0,Urban,44.3,2,SUV,3,11,No,5.0,No,Medium,No
67,Male,67724.0,Urban,24.8,2,Sedan,13,16,No,2.0,Yes,Low,No
63,Male,72673.0,Suburban,73.7,2,Sedan,1,9,Yes,3.0,Yes,Low,No
33,Male,108070.0,Urban,30.2,1,Sedan,2,3,No,2.0,Yes,Medium,No
66,Female,79170.0,Urban,48.5,2,Sedan,11,16,No,2.0,No,Low,No
65,Male,66514.0,Suburban,51.4,4,Hatchback,4,8,Yes,2.0,No,Low,No
26,Female,30000.0,Urban,41.5,1,SUV,14,5,No,3.0,Yes,Low,No
37,Male,30000.0,Suburban,74.4,1,Sedan,3,4,Yes,5.0,No,Low,No
65,Female,84296.0,Urban,67.8,2,Sedan,4,14,No,4.0,No,Low,No
67,Other,165514.0,Suburban,29.7,1,Sedan,1,1,Yes,2.0,No,Low,No
38,Female,73825.0,Urban,49.9,2,SUV,2,11,No,3.0,No,Low,No
38,Female,135173.0,Urban,36.2,3,Hatchback,6,5,Yes,2.0,No,Low,No
55,Male,129372.0,Urban,26.2,1,SUV,11,9,No,1.0,Yes,Medium,No
34,Female,44589.0,Suburban,5.0,2,SUV,5,2,Yes,3.0,Yes,Low,No
49,Male,91750.0,Rural,87.9,1,Sedan,2,2,Yes,5.0,No,Low,No
63,Male,49109.0,Urban,76.7,1,Hatchback,13,7,No,3.0,Yes,Medium,No
47,Female,38952.0,Urban,41.3,2,Sedan,5,19,No,1.0,Yes,Medium,No
46,Male,100422.0,Suburban,37.9,2,SUV,3,4,No,5.0,No,Low,No
61,Male,126825.0,Urban,38.1,2,Sedan,10,9,Yes,4.0,No,Low,No
56,Female,43501.0,Urban,24.0,1,Sedan,6,6,Yes,4.0,Yes,Low,No
47,Male,53074.0,Rural,25.4,1,Hatchback,1,0,Yes,1.0,No,Low,No
50,Male,59004.0,Urban,39.6,2,SUV,6,18,No,5.0,Yes,Low,Yes
25,Other,108984.0,Urban,41.9,1,SUV,7,16,No,5.0,Yes,Low,Yes
49,Male,37642.0,Urban,12.2,1,SUV,2,4,Yes,5.0,Yes,Low,No
68,Male,70814.0,Urban,39.1,1,Truck,5,8,No,3.0,Yes,Medium,No
52,Male,84767.0,Urban,5.0,2,Sedan,10,11,No,3.0,Yes,Low,No
62,Female,46229.0,Urban,69.5,1,SUV,3,9,No,2.0,Yes,Medium,No
55,Male,89180.0,Urban,62.5,1,Sedan,8,11,Yes,5.0,Yes,Low,Yes
52,Male,151601.0,Suburban,18.3,3,Sedan,2,5,Yes,5.0,No,Low,Yes
65,Male,60949.0,Urban,69.3,2,Sedan,6,10,Yes,2.0,Yes,Low,No
69,Male,98704.0,Urban,71.6,2,Sedan,6,12,Yes,2.0,No,Low,No
50,Male,113782.0,Rural,22.3,4,Sedan,0,0,Yes,4.0,No,Low,No
42,Male,55588.0,Urban,64.7,2,SUV,3,14,Yes,1.0,Yes,Low,No
40,Female,102855.0,Urban,39.2,4,Truck,3,16,No,3.0,Yes,Medium,No
39,Male,39702.0,Suburban,62.1,1,Truck,2,8,No,4.0,Yes,Low,Yes
27,Female,81699.0,Urban,40.4,2,Sedan,6,18,Yes,3.0,Yes,Low,Yes
50,Male,56891.0,Urban,26.1,2,SUV,3,15,No,4.0,Yes,Low,No
44,Male,135300.0,Urban,82.1,4,Sedan,9,18,No,4.0,No,Medium,No
51,Female,100018.0,Rural,61.1,1,Hatchback,0,1,Yes,5.0,Yes,Low,Yes
30,Male,137688.0,Urban,39.1,2,SUV,9,15,No,1.0,No,Low,No
51,Female,88638.0,Suburban,8.5,1,Truck,7,8,Yes,1.0,Yes,Low,No
32,Female,48872.0,Urban,21.8,1,SUV,12,5,No,5.0,Yes,Low,No
43,Male,51780.0,Urban,12.7,1,Sedan,5,11,No,3.0,Yes,Low,No
59,Female,79400.0,Urban,23.1,2,Sedan,3,15,No,4.0,Yes,Low,Yes
52,Male,120579.0,Suburban,5.0,4,Sedan,5,6,No,1.0,Yes,Low,No
25,Female,69078.0,Rural,65.1,1,SUV,1,3,Yes,5.0,Yes,Low,No
30,Female,67713.0,Suburban,46.5,2,Truck,3,1,No,2.0,Yes,Medium,No
44,Female,168863.0,Rural,41.5,2,SUV,0,3,Yes,3.0,Yes,Low,Yes
64,Female,114850.0,Urban,9.4,1,SUV,3,17,Yes,3.0,Yes,Low,Yes
65,Female,90844.0,Urban,41.2,1,Hatchback,8,11,No,5.0,Yes,Medium,Yes
33,Male,100628.0,Urban,5.0,3,Hatchback,5,8,Yes,3.0,Yes,Low,No
38,Female,97648.0,Urban,16.6,3,Truck,6,15,Yes,2.0,No,Low,No
59,Male,174000.0,Urban,5.0,1,Sedan,10,17,No,1.0,No,Low,No
61,Male,91361.0,Urban,29.8,1,Hatchback,3,17,No,5.0,Yes,Low,No
67,Male,142725.0,Suburban,35.6,4,SUV,3,4,Yes,4.0,Yes,Low,Yes
39,Male,66600.0,Urban,106.0,2,SUV,7,16,Yes,4.0,No,Low,No
30,Female,162632.0,Urban,54.2,1,Sedan,13,12,Yes,3.0,Yes,Low,Yes
45,Male,98561.0,Suburban,63.1,3,SUV,7,5,Yes,4.0,Yes,Low,No
42,Female,141248.0,Urban,75.5,1,SUV,4,3,Yes,5.0,Yes,Low,Yes
56,Male,134689.0,Urban,40.6,1,SUV,10,13,Yes,1.0,No,Low,No
68,Male,66439.0,Urban,29.2,1,SUV,9,6,Yes,2.0,No,Low,No
41,Male,105718.0,Urban,14.3,1,Hatchback,7,15,No,5.0,Yes,Medium,Yes
59,Female,85663.0,Urban,42.9,1,Hatchback,14,19,Yes,5.0,Yes,Low,Yes
60,Female,45910.0,Urban,7.9,2,SUV,4,10,No,2.0,Yes,Low,No
32,Male,111837.0,Suburban,22.2,2,Hatchback,3,2,Yes,2.0,Yes,Low,No
58,Male,57990.0,Rural,48.4,3,Sedan,2,1,Yes,5.0,Yes,Low,Yes
48,Female,151315.0,Suburban,6.9,1,Sedan,2,3,Yes,5.0,No,Low,No
30,Male,98296.0,Rural,54.6,1,SUV,2,0,Yes,3.0,No,Low,No
50,Female,65738.0,Rural,51.0,2,Sedan,0,0,Yes,3.0,Yes,Low,No
54,Female,30000.0,Urban,36.8,2,SUV,8,16,No,4.0,Yes,Low,Yes
69,Female,30000.0,Suburban,39.1,2,Sedan,1,8,Yes,2.0,No,Low,No
36,Female,89105.0,Suburban,60.8,1,SUV,0,9,Yes,4.0,Yes,Low,No
64,Female,30000.0,Suburban,82.2,3,Sedan,3,6,Yes,5.0,Yes,Low,Yes
65,Male,40408.0,Rural,70.1,1,Hatchback,1,1,Yes,4.0,No,Low,No
43,Female,151054.0,Suburban,44.4,1,Hatchback,0,7,Yes,5.0,Yes,Low,Yes
56,Female,122486.0,Suburban,60.5,3,Sedan,0,5,Yes,1.0,Yes,Low,No
40,Male,62745.0,Urban,70.9,1,Truck,3,6,No,5.0,No,High,No
50,Male,89986.0,Suburban,23.4,2,Sedan,2,5,Yes,3.0,Yes,Low,No
58,Female,56784.0,Suburban,16.3,2,SUV,5,4,Yes,1.0,Yes,Low,No
34,Female,94683.0,Suburban,43.6,1,Sedan,5,7,Yes,3.0,Yes,Low,No
29,Male,93904.0,Suburban,19.4,2,SUV,3,7,Yes,3.0,No,Low,No
27,Male,43181.0,Suburban,43.9,2,Hatchback,0,3,Yes,5.0,Yes,Low,Yes
34,Female,68790.0,Urban,62.8,2,SUV,2,4,Yes,5.0,Yes,Low,No
35,Female,106546.0,Rural,16.3,1,SUV,0,3,Yes,3.0,No,Low,No
56,Female,64014.0,Suburban,5.0,1,SUV,5,9,No,5.0,Yes,Low,Yes
49,Male,33053.0,Urban,39.9,2,Sedan,5,19,No,4.0,No,Low,No
65,Male,133517.0,Urban,44.5,2,Sedan,14,12,No,5.0,Yes,Low,Yes
51,Male,150425.0,Urban,50.3,2,Hatchback,9,16,No,4.0,Yes,Low,Yes
61,Female,91125.0,Urban,41.9,4,Sedan,2,7,Yes,1.0,No,Low,No
62,Female,71548.0,Suburban,61.4,4,Sedan,6,1,Yes,1.0,Yes,Low,No
54,Female,98796.0,Urban,63.8,1,SUV,13,11,No,4.0,Yes,Low,Yes
33,Male,54545.0,Suburban,11.0,1,Truck,6,2,Yes,5.0,Yes,Low,Yes
59,Female,58656.0,Urban,59.4,1,SUV,10,3,Yes,2.0,No,Low,No
51,Female,113060.0,Suburban,83.7,1,SUV,4,3,No,1.0,No,Medium,No
51,Male,34852.0,Suburban,5.0,2,Sedan,3,2,Yes,1.0,No,Low,No
42,Female,95147.0,Urban,36.1,1,Sedan,3,3,No,3.0,No,Medium,No
39,Male,79830.0,Suburban,5.0,1,SUV,2,2,Yes,5.0,Yes,Low,Yes
31,Female,123089.0,Urban,31.0,2,SUV,11,12,No,4.0,Yes,Low,Yes
58,Male,91275.0,Urban,88.3,1,Sedan,8,4,No,1.0,Yes,Medium,No
66,Male,30000.0,Suburban,46.8,1,SUV,0,6,No,1.0,Yes,Medium,No
61,Female,134587.0,Suburban,20.5,2,Sedan,5,5,Yes,4.0,No,Low,No
55,Male,109085.0,Urban,35.7,2,Truck,9,12,No,3.0,Yes,Low,Yes
41,Female,96403.0,Urban,48.8,2,Hatchback,4,10,Yes,3.0,No,Low,No
30,Male,30000.0,Suburban,13.5,2,Hatchback,5,9,No,5.0,Yes,Medium,Yes
54,Female,38126.0,Urban,46.2,1,Sedan,8,16,No,2.0,Yes,Low,No
36,Female,118379.0,Urban,5.0,1,SUV,4,18,No,4.0,No,Low,No
67,Female,86353.0,Suburban,31.7,3,SUV,1,2,Yes,2.0,No,Low,No
41,Male,111139.0,Suburban,44.0,2,Sedan,3,5,Yes,5.0,Yes,Low,No
59,Male,115326.0,Rural,65.7,1,SUV,0,2,Yes,4.0,Yes,Medium,Yes
31,Other,84906.0,Urban,52.7,3,Hatchback,14,16,Yes,5.0,Yes,Low,No
69,Male,106519.0,Rural,95.7,1,Sedan,0,1,No,2.0,Yes,Medium,No
58,Female,93600.0,Urban,45.8,1,Sedan,9,5,No,1.0,Yes,Low,No
63,Male,118958.0,Urban,16.4,2,Sedan,14,13,No,2.0,No,Low,No
41,Male,67027.0,Urban,30.0,3,Sedan,5,15,Yes,2.0,Yes,Low,No
66,Female,40809.0,Urban,41.7,2,Truck,2,11,No,2.0,Yes,Low,No
30,Male,88524.0,Rural,21.9,3,SUV,0,0,No,3.0,Yes,Medium,No
58,Male,108690.0,Urban,7.0,1,SUV,12,13,Yes,4.0,Yes,Low,No
34,Male,69534.0,Suburban,53.9,4,SUV,6,1,Yes,3.0,Yes,Low,No
33,Male,61250.0,Urban,45.1,1,SUV,10,14,Yes,1.0,Yes,Low,No
30,Female,118525.0,Urban,5.0,2,Hatchback,2,14,No,3.0,No,Low,No
25,Male,152412.0,Suburban,5.0,1,Sedan,0,9,Yes,1.0,No,Low,No
41,Male,81778.0,Urban,39.7,2,SUV,8,3,No,1.0,No,Low,No
36,Female,94528.0,Suburban,28.8,1,Hatchback,5,1,Yes,3.0,No,Low,No
28,Female,84758.0,Urban,5.0,1,SUV,12,10,No,4.0,Yes,Low,Yes
35,Male,70030.0,Urban,10.5,3,Hatchback,8,16,No,3.0,Yes,Low,No
40,Female,30000.0,Rural,27.3,2,Sedan,2,0,Yes,1.0,Yes,Low,No
60,Male,64482.0,Urban,13.0,4,SUV,9,16,No,4.0,Yes,Low,Yes
45,Female,73201.0,Urban,29.4,3,Sedan,3,5,No,1.0,Yes,Medium,No
55,Female,78871.0,Suburban,38.5,1,Sedan,0,8,Yes,5.0,Yes,Low,Yes
28,Male,123821.0,Suburban,5.0,1,Sedan,7,4,Yes,2.0,Yes,Low,No
64,Male,30000.0,Suburban,77.6,2,Sedan,6,7,No,3.0,Yes,Medium,No
65,Male,43998.0,Suburban,23.5,2,Sedan,0,6,No,4.0,No,Low,No
37,Male,102589.0,Urban,9.5,4,Sedan,8,10,No,5.0,No,Low,Yes
36,Female,104201.0,Suburban,38.3,2,Sedan,0,1,Yes,4.0,Yes,Low,Yes
68,Male,122806.0,Suburban,39.9,2,Sedan,5,8,Yes,4.0,Yes,Low,Yes
26,Male,99280.0,Urban,5.0,1,SUV,5,6,No,4.0,Yes,Low,No
31,Female,45300.0,Suburban,45.7,2,Sedan,6,1,No,4.0,Yes,Medium,No
41,Female,51081.0,Urban,51.2,3,Sedan,7,7,No,3.0,Yes,Medium,No
65,Male,57185.0,Suburban,34.2,1,SUV,5,1,Yes,3.0,Yes,Low,No
40,Female,94151.0,Rural,42.7,2,Sedan,2,1,Yes,3.0,No,Low,No
39,Male,80673.0,Suburban,32.5,2,SUV,0,5,Yes,2.0,Yes,Low,Yes
69,Female,99801.0,Suburban,65.2,1,SUV,6,1,No,1.0,No,High,No
30,Male,71575.0,Suburban,59.1,1,Sedan,4,7,Yes,5.0,No,Low,No
45,Male,118068.0,Urban,48.4,1,SUV,9,7,No,1.0,No,Medium,No
29,Male,77900.0,Urban,64.8,2,Hatchback,6,16,No,5.0,No,Medium,No
40,Female,36202.0,Suburban,42.1,2,Sedan,3,8,Yes,4.0,No,Low,No
55,Female,31108.0,Urban,106.0,1,Sedan,12,12,No,3.0,Yes,High,No
53,Male,123375.0,Suburban,27.0,1,SUV,2,8,Yes,1.0,Yes,Low,No
38,Female,127763.0,Rural,37.4,1,Sedan,1,2,Yes,1.0,No,Low,No
59,Male,30000.0,Urban,83.1,2,Hatchback,6,17,No,4.0,No,Medium,No
44,Male,44929.0,Urban,41.2,2,Hatchback,7,15,No,4.0,No,Low,No
58,Male,119620.0,Urban,63.8,1,Sedan,13,17,No,2.0,Yes,Low,No
68,Male,127906.0,Urban,50.2,2,Hatchback,12,15,No,1.0,Yes,Low,No
34,Female,40800.0,Urban,54.3,2,SUV,3,17,Yes,1.0,No,Low,No
26,Male,69327.0,Urban,40.0,2,Sedan,7,3,No,1.0,Yes,Low,No
55,Female,37142.0,Urban,33.2,1,Hatchback,2,14,Yes,3.0,Yes,Low,No
41,Male,80642.0,Suburban,5.0,2,Truck,2,6,No,2.0,Yes,Medium,No
31,Female,87948.0,Rural,51.8,1,SUV,2,3,Yes,2.0,Yes,Low,No
57,Other,30000.0,Urban,35.7,2,SUV,2,6,No,2.0,No,Low,No
59,Female,62756.0,Suburban,16.2,4,Sedan,3,5,No,4.0,Yes,Low,No
56,Female,136740.0,Suburban,34.1,1,Sedan,3,5,Yes,2.0,No,Low,No
41,Female,38891.0,Urban,7.0,2,SUV,11,11,Yes,1.0,No,Low,No
48,Male,74033.0,Suburban,56.4,2,SUV,2,9,No,3.0,No,Medium,No
65,Male,128889.0,Suburban,22.3,1,Truck,6,5,Yes,1.0,Yes,Low,No
66,Male,126964.0,Rural,36.2,1,Truck,2,3,Yes,5.0,Yes,Low,Yes
45,Female,74248.0,Urban,27.7,1,Hatchback,13,16,No,4.0,No,Low,No
65,Female,86204.0,Suburban,43.9,2,SUV,6,7,Yes,2.0,No,Low,No
47,Male,63802.0,Urban,100.4,2,Sedan,5,3,No,5.0,No,Medium,No
53,Other,129787.0,Urban,40.95,2,SUV,6,18,Yes,1.0,Yes,Low,No
66,Female,73538.0,Rural,54.0,2,Truck,0,1,Yes,5.0,Yes,Low,No
30,Female,30000.0,Urban,57.9,2,Sedan,4,19,No,4.0,No,Low,No
69,Male,93595.0,Urban,38.3,2,Truck,8,9,No,5.0,No,High,No
46,Male,99295.0,Urban,40.5,2,SUV,12,11,Yes,1.0,Yes,Low,Yes
69,Male,81954.0,Suburban,38.3,4,SUV,2,4,No,1.0,Yes,Low,No
69,Male,100024.0,Rural,31.7,4,Sedan,2,3,Yes,1.0,Yes,Low,No
36,Female,146587.0,Urban,33.0,1,Sedan,11,3,No,5.0,Yes,Low,Yes
57,Female,76757.0,Urban,55.6,2,Sedan,13,10,No,4.0,Yes,Low,Yes
54,Female,30000.0,Suburban,33.5,2,Hatchback,0,1,No,5.0,Yes,Medium,No
59,Female,82832.0,Suburban,42.7,1,Hatchback,1,2,Yes,4.0,Yes,Low,Yes
40,Female,77543.0,Suburban,42.2,2,SUV,1,2,No,3.0,Yes,Medium,No
39,Male,77318.0,Suburban,43.2,2,Sedan,2,7,Yes,2.0,Yes,Low,No
55,Male,103776.0,Suburban,8.7,3,Sedan,6,3,Yes,1.0,No,Low,No
44,Male,133621.0,Suburban,33.5,2,SUV,3,8,No,2.0,Yes,Medium,No
41,Female,120587.0,Urban,41.7,1,SUV,3,7,Yes,5.0,Yes,Low,Yes
68,Male,60285.0,Urban,46.0,1,Hatchback,14,16,No,3.0,No,Low,No
46,Male,71817.0,Urban,60.4,4,Hatchback,12,19,No,5.0,Yes,Medium,No
51,Female,30000.0,Urban,37.8,2,Hatchback,8,9,No,2.0,Yes,Medium,No
43,Male,90330.0,Suburban,55.1,2,SUV,5,9,No,2.0,No,Medium,No
39,Female,137634.0,Urban,35.2,1,Sedan,8,10,No,3.0,Yes,Medium,Yes
54,Male,30000.0,Rural,5.0,1,Sedan,2,1,Yes,3.0,No,Low,No
25,Female,65085.0,Suburban,5.0,2,Truck,0,4,Yes,2.0,No,Low,No
52,Male,54134.0,Urban,5.0,2,SUV,2,3,No,2.0,Yes,Low,No
26,Male,74472.0,Suburban,19.4,2,Hatchback,2,8,Yes,4.0,No,Low,No
59,Female,55548.0,Urban,34.3,3,Sedan,14,12,No,1.0,No,Low,No
52,Female,70597.0,Suburban,17.0,2,Sedan,7,8,No,5.0,Yes,Medium,No
28,Male,85613.0,Rural,18.8,2,SUV,2,0,Yes,5.0,No,Low,No
28,Female,109964.0,Suburban,66.3,2,Truck,2,6,Yes,2.0,No,Low,No
25,Female,87961.0,Urban,11.5,2,SUV,5,16,No,2.0,Yes,Medium,No
35,Female,36253.0,Urban,20.0,4,Hatchback,5,15,Yes,3.0,Yes,Low,No
69,Male,57207.0,Suburban,61.1,4,Hatchback,1,6,Yes,4.0,Yes,Low,No
61,Male,89893.0,Suburban,50.2,2,Sedan,4,9,Yes,3.0,No,Low,No
36,Male,120207.0,Suburban,54.8,2,Sedan,1,5,Yes,4.0,Yes,Low,Yes
55,Female,30504.0,Urban,36.8,1,SUV,8,16,No,2.0,Yes,Low,No
30,Male,131068.0,Suburban,34.6,3,SUV,7,4,No,2.0,Yes,Medium,No
54,Male,83960.0,Suburban,40.8,3,Sedan,7,4,Yes,2.0,Yes,Low,No
48,Female,90446.0,Urban,35.4,1,Sedan,10,7,No,2.0,No,Low,No
28,Female,44570.0,Suburban,41.9,1,SUV,6,2,Yes,4.0,Yes,Low,Yes
35,Male,46215.0,Rural,42.7,1,Sedan,2,0,Yes,4.0,No,Low,No
29,Male,66344.0,Suburban,5.2,1,Sedan,2,5,Yes,3.0,Yes,Low,No
41,Female,97082.0,Suburban,49.4,2,Hatchback,2,9,Yes,1.0,Yes,Low,No
44,Male,142466.0,Suburban,67.1,1,Hatchback,0,7,Yes,4.0,Yes,Low,Yes
28,Male,79449.0,Urban,33.2,2,Sedan,3,4,Yes,1.0,No,Low,No
31,Male,78292.0,Suburban,79.0,2,Sedan,5,4,Yes,2.0,No,Low,No
57,Male,84229.0,Suburban,48.8,1,Sedan,4,9,No,2.0,Yes,Low,No
62,Female,107799.0,Urban,58.5,1,SUV,9,16,Yes,1.0,Yes,Low,No
52,Female,42155.0,Suburban,50.8,3,SUV,0,4,Yes,5.0,Yes,Low,Yes
36,Female,75830.0,Suburban,50.8,2,Sedan,1,1,Yes,1.0,Yes,Low,No
66,Male,72270.0,Suburban,5.0,1,Hatchback,6,3,Yes,1.0,Yes,Low,No
37,Female,90702.0,Urban,29.3,2,Sedan,8,4,Yes,2.0,No,Low,No
28,Male,167185.0,Urban,67.1,2,Sedan,2,12,Yes,2.0,Yes,Low,Yes
59,Female,85454.0,Urban,54.0,2,Sedan,14,10,No,1.0,No,Low,No
68,Male,56168.0,Suburban,18.5,1,SUV,6,6,No,4.0,Yes,Medium,No
28,Female,74927.0,Suburban,67.3,2,Sedan,3,9,Yes,3.0,No,Low,No
66,Female,115809.0,Urban,37.4,1,SUV,7,5,Yes,5.0,No,Low,Yes
47,Female,79363.0,Suburban,15.9,1,Sedan,3,2,Yes,5.0,No,Low,No
40,Other,45431.0,Urban,47.1,2,Sedan,14,14,No,5.0,Yes,Low,No
49,Female,118170.0,Urban,45.1,1,Truck,4,4,No,2.0,No,Low,No
45,Female,71018.0,Suburban,25.1,1,Sedan,6,6,Yes,1.0,No,Low,No
32,Male,58534.0,Suburban,59.7,3,SUV,6,9,Yes,2.0,No,Low,No
51,Female,130815.0,Urban,53.1,3,SUV,5,11,Yes,2.0,Yes,Low,Yes
27,Female,79672.0,Urban,86.7,2,Sedan,12,7,No,5.0,No,Medium,No
52,Female,98064.0,Urban,44.3,4,SUV,10,14,No,3.0,No,Low,No
69,Other,147643.0,Urban,27.0,2,Sedan,6,5,No,2.0,No,Low,No
37,Male,30000.0,Urban,59.8,3,Sedan,11,9,Yes,1.0,Yes,Low,No
52,Male,49136.0,Urban,50.8,3,Sedan,13,18,Yes,4.0,No,Low,No
27,Female,103281.0,Suburban,17.1,2,SUV,1,2,Yes,5.0,No,Low,No
56,Male,106206.0,Rural,28.9,2,Hatchback,2,1,Yes,2.0,Yes,Low,No
35,Female,102773.0,Rural,34.1,2,Sedan,1,0,Yes,4.0,Yes,Low,Yes
27,Male,60467.0,Urban,24.7,1,Sedan,11,13,No,4.0,Yes,Medium,No
27,Female,143947.0,Urban,45.8,3,SUV,14,14,No,5.0,Yes,Low,Yes
45,Female,101494.0,Rural,56.6,2,SUV,0,3,Yes,3.0,Yes,Low,No
29,Female,40065.0,Suburban,21.9,2,SUV,2,7,Yes,3.0,No,Low,No
40,Female,82483.0,Urban,63.3,2,Hatchback,6,3,No,5.0,No,Medium,No
66,Male,50716.0,Suburban,16.8,2,SUV,2,3,Yes,2.0,Yes,Low,No
52,Male,32084.0,Suburban,43.3,1,Sedan,6,5,No,1.0,No,Medium,No
26,Female,46345.0,Urban,22.9,2,Sedan,3,16,Yes,3.0,Yes,Low,No
32,Male,127283.0,Urban,81.0,2,Sedan,13,19,Yes,1.0,Yes,Low,No
41,Other,139464.0,Suburban,73.1,3,Hatchback,3,3,Yes,4.0,No,Low,No
48,Female,66751.0,Urban,42.5,1,SUV,4,8,Yes,4.0,Yes,Low,Yes
47,Female,117572.0,Rural,57.1,1,Sedan,2,3,Yes,4.0,Yes,Low,Yes
36,Female,56416.0,Urban,104.3,1,Sedan,10,16,No,1.0,No,Medium,No
57,Female,77007.0,Suburban,37.7,1,Hatchback,2,9,Yes,4.0,Yes,Low,No
42,Female,106309.0,Suburban,12.7,2,Hatchback,0,5,Yes,4.0,Yes,Low,Yes
51,Male,113038.0,Suburban,12.0,1,Sedan,4,3,Yes,3.0,No,Low,No
29,Male,67918.0,Suburban,37.2,1,Sedan,3,7,Yes,4.0,Yes,Low,Yes
27,Female,144851.0,Suburban,8.9,2,Sedan,4,4,Yes,2.0,No,Low,No
65,Male,74366.0,Urban,61.3,4,Truck,3,10,No,5.0,No,Medium,No
66,Female,64097.0,Suburban,41.75,1,SUV,6,9,Yes,4.0,No,Low,No
44,Female,87061.0,Urban,25.2,2,SUV,7,6,Yes,1.0,No,Low,No
63,Male,87833.0,Urban,47.9,2,SUV,3,6,No,2.0,Yes,Medium,No
66,Female,93856.0,Suburban,70.0,2,Sedan,5,1,Yes,5.0,No,Low,No
56,Male,41379.0,Urban,55.2,2,Sedan,8,12,Yes,4.0,No,Low,No
58,Female,138227.0,Urban,53.6,1,Hatchback,14,6,No,2.0,No,Low,No
57,Female,30000.0,Rural,56.6,2,Sedan,0,3,Yes,3.0,Yes,Low,No
52,Female,79087.0,Suburban,24.4,2,Sedan,1,2,Yes,3.0,Yes,Low,No
38,Female,30000.0,Suburban,37.1,2,SUV,7,5,Yes,3.0,No,Low,No
64,Female,101062.0,Rural,39.0,2,Sedan,1,0,Yes,5.0,Yes,Low,Yes
46,Female,87953.0,Urban,26.8,2,Sedan,13,4,No,3.0,No,Low,No
63,Other,80142.0,Urban,20.1,2,Sedan,10,18,No,4.0,No,Low,No
25,Female,98495.0,Urban,56.8,2,Truck,7,10,No,4.0,No,Low,No
26,Female,97250.0,Suburban,5.0,1,Hatchback,5,1,No,1.0,Yes,Low,No
36,Male,80186.0,Suburban,47.2,3,SUV,3,8,Yes,1.0,No,Low,No
33,Male,87658.0,Rural,31.3,2,SUV,2,3,No,3.0,Yes,High,No
30,Male,42518.0,Suburban,83.7,1,Hatchback,1,4,Yes,1.0,Yes,Low,No
30,Male,84906.0,Urban,48.0,3,SUV,4,17,No,3.0,No,Low,No
29,Female,89877.0,Urban,36.1,1,Truck,2,7,Yes,2.0,Yes,Low,No
55,Male,85102.0,Rural,21.2,1,SUV,1,1,No,1.0,Yes,Low,No
42,Male,75544.0,Urban,31.7,1,Sedan,9,16,No,4.0,No,Low,No
60,Male,110640.0,Urban,24.4,2,SUV,12,14,No,1.0,Yes,Low,Yes
25,Female,61845.0,Rural,38.7,4,Truck,0,2,No,2.0,No,High,No
48,Male,83633.0,Rural,81.5,4,SUV,0,1,Yes,5.0,Yes,Low,Yes
33,Male,52615.0,Suburban,70.1,4,SUV,1,3,Yes,3.0,Yes,Low,No
65,Male,94032.0,Suburban,95.5,1,Sedan,4,8,No,1.0,No,High,No
39,Male,139318.0,Urban,5.0,1,Sedan,5,3,Yes,5.0,No,Low,No
32,Male,107330.0,Urban,59.0,2,Sedan,9,9,Yes,3.0,No,Low,No
57,Female,83953.0,Suburban,64.6,1,Sedan,0,3,Yes,1.0,Yes,Low,No
57,Male,74382.0,Suburban,72.2,1,Hatchback,4,3,Yes,1.0,No,Low,No
63,Male,87504.0,Urban,19.5,2,Sedan,2,15,No,2.0,Yes,Low,No
41,Female,57450.0,Suburban,45.8,3,Sedan,0,8,No,2.0,Yes,Low,No
31,Female,64788.0,Suburban,33.9,2,Truck,5,9,Yes,3.0,Yes,Low,No
43,Female,150235.0,Urban,38.0,1,SUV,5,10,No,3.0,No,Low,Yes
28,Male,70387.0,Suburban,37.1,1,SUV,3,4,No,3.0,No,Medium,No
43,Male,85512.0,Urban,24.6,2,SUV,10,14,Yes,4.0,Yes,Low,Yes
67,Female,103219.0,Suburban,41.8,2,Sedan,3,5,Yes,2.0,No,Low,No
60,Male,41018.0,Suburban,32.5,1,SUV,2,1,Yes,5.0,No,Low,No
55,Male,52411.0,Urban,71.0,3,SUV,11,13,No,2.0,Yes,Low,No
53,Male,88795.0,Urban,26.8,2,Sedan,3,9,No,5.0,No,Low,No
34,Female,64019.0,Rural,53.3,1,SUV,1,0,Yes,3.0,Yes,Low,No
69,Male,104546.0,Rural,77.8,3,SUV,1,3,No,3.0,No,High,No
37,Male,30000.0,Urban,31.0,2,Truck,12,14,No,3.0,Yes,Low,No
52,Female,108147.0,Urban,24.7,1,Sedan,6,9,Yes,4.0,No,Low,No
29,Female,78122.0,Urban,45.7,1,Sedan,8,15,No,3.0,Yes,Low,No
43,Female,65211.0,Suburban,22.9,2,SUV,7,7,No,2.0,No,Low,No
68,Male,67118.0,Urban,49.6,1,Truck,11,18,No,1.0,Yes,Low,No
62,Male,105863.0,Rural,26.8,4,Sedan,0,0,No,2.0,Yes,Medium,No
66,Male,30000.0,Urban,36.9,1,Sedan,6,8,No,2.0,Yes,Medium,No
45,Female,110100.0,Urban,56.0,3,Sedan,4,12,Yes,3.0,No,Low,No
40,Male,124146.0,Urban,61.4,2,Sedan,10,8,No,4.0,No,Low,No
57,Male,141358.0,Urban,87.0,3,Sedan,11,10,No,3.0,Yes,Low,Yes
59,Male,85040.0,Suburban,7.3,1,SUV,3,4,Yes,5.0,Yes,Low,No
64,Male,71259.0,Urban,34.6,1,Truck,2,4,No,1.0,No,Medium,No
44,Female,101882.0,Rural,5.0,2,Sedan,2,1,No,2.0,Yes,Low,No
47,Male,30000.0,Rural,24.0,3,Truck,0,0,Yes,1.0,Yes,Low,No
65,Male,84287.0,Urban,39.7,2,Hatchback,13,16,No,5.0,Yes,Low,Yes
54,Female,67839.0,Urban,6.6,2,Sedan,13,14,Yes,1.0,Yes,Low,No
61,Female,57433.0,Suburban,23.6,3,SUV,6,9,Yes,1.0,Yes,Low,No
50,Female,157600.0,Suburban,50.4,3,SUV,0,3,Yes,1.0,Yes,Low,No
25,Female,107731.0,Suburban,39.15,1,SUV,4,9,Yes,1.0,Yes,Low,Yes
60,Male,30000.0,Suburban,60.8,1,Sedan,5,4,Yes,3.0,Yes,Low,No
56,Female,128183.0,Urban,23.9,3,Hatchback,9,7,Yes,5.0,Yes,Low,Yes
49,Female,101411.0,Suburban,61.9,3,Hatchback,4,4,No,1.0,No,Medium,No
66,Female,110725.0,Rural,28.9,3,Hatchback,0,3,Yes,5.0,Yes,Low,Yes
55,Male,111355.0,Suburban,17.3,2,Sedan,5,3,Yes,4.0,No,Low,No
69,Female,61726.0,Suburban,50.5,1,SUV,3,7,Yes,2.0,Yes,Low,No
43,Female,65925.0,Suburban,11.1,3,SUV,3,9,No,2.0,No,Low,No
67,Female,137301.0,Urban,52.5,1,Sedan,5,19,No,3.0,No,Low,No
67,Female,84440.0,Urban,59.6,3,Sedan,5,13,Yes,2.0,Yes,Low,No
27,Other,115709.0,Suburban,32.0,1,SUV,3,3,No,1.0,Yes,High,No
66,Male,62118.0,Suburban,70.5,1,SUV,0,4,Yes,4.0,Yes,Low,Yes
35,Male,69396.0,Urban,47.8,1,Hatchback,11,10,No,5.0,No,Low,No
48,Female,78124.0,Suburban,32.9,1,Hatchback,7,2,No,2.0,No,Low,No
38,Female,56563.0,Rural,39.4,2,Truck,0,0,Yes,4.0,No,Low,No
51,Male,128352.0,Urban,76.7,1,Sedan,13,5,No,3.0,Yes,Medium,No
35,Male,123268.0,Urban,6.9,2,SUV,7,3,No,5.0,No,Low,No
61,Male,73808.0,Urban,5.6,2,Sedan,4,15,No,1.0,Yes,Low,No
42,Female,109475.0,Rural,5.0,1,SUV,2,2,Yes,1.0,Yes,Low,No
29,Female,86306.0,Suburban,34.7,3,SUV,0,9,Yes,5.0,Yes,Low,Yes
61,Male,72421.0,Urban,37.5,1,Hatchback,11,9,Yes,3.0,No,Low,No
25,Male,58555.0,Rural,71.9,2,SUV,1,0,Yes,1.0,Yes,Low,No
28,Female,72804.0,Suburban,40.2,3,Truck,1,8,Yes,3.0,Yes,Low,No
54,Male,84287.0,Suburban,22.2,2,SUV,4,3,Yes,5.0,Yes,Low,No
27,Male,56509.0,Rural,27.8,1,Sedan,0,2,Yes,1.0,No,Low,No
55,Male,118089.0,Urban,5.0,3,SUV,6,12,Yes,4.0,No,Low,No
55,Male,116889.0,Urban,106.0,1,SUV,3,4,No,4.0,No,High,No
41,Other,122303.0,Urban,37.7,4,Sedan,7,14,No,4.0,Yes,Medium,No
31,Male,37639.0,Suburban,88.0,1,Sedan,3,1,Yes,2.0,Yes,Low,No
40,Male,108883.0,Suburban,38.6,2,Truck,4,5,Yes,1.0,Yes,Low,No
61,Male,109917.0,Suburban,75.8,3,Sedan,6,3,Yes,4.0,No,Low,No
58,Female,97379.0,Suburban,42.7,2,SUV,1,4,Yes,3.0,Yes,Low,Yes
63,Male,90950.0,Urban,23.4,1,Hatchback,9,19,No,5.0,Yes,Low,Yes
37,Male,81271.0,Urban,45.6,2,Sedan,11,13,Yes,3.0,No,Low,No
50,Male,113232.0,Suburban,27.7,1,SUV,5,1,Yes,4.0,No,Low,No
54,Female,105194.0,Rural,31.4,2,Sedan,2,1,Yes,4.0,Yes,Low,No
32,Female,99914.0,Urban,13.3,2,SUV,5,7,No,1.0,Yes,Low,No
52,Female,93232.0,Urban,61.2,1,Truck,12,14,No,1.0,Yes,Low,No
42,Female,69726.0,Suburban,36.5,1,Sedan,1,1,No,3.0,No,High,No
69,Male,79524.0,Suburban,56.5,2,SUV,7,3,Yes,5.0,Yes,Low,Yes
38,Male,30000.0,Urban,43.2,1,SUV,2,10,Yes,5.0,Yes,Low,Yes
50,Female,104179.0,Suburban,15.5,1,Hatchback,3,6,Yes,2.0,No,Low,No
49,Female,92697.0,Urban,43.4,2,Sedan,8,13,No,3.0,Yes,Low,No
47,Female,90669.0,Suburban,50.9,3,Sedan,7,9,Yes,2.0,No,Low,No
29,Male,63985.0,Suburban,10.1,1,SUV,1,6,Yes,3.0,Yes,Low,Yes
29,Female,76452.0,Suburban,5.0,2,Truck,4,2,Yes,3.0,Yes,Low,No
35,Female,121232.0,Urban,9.5,1,SUV,9,16,Yes,5.0,Yes,Low,Yes
34,Female,41026.0,Urban,68.7,2,SUV,7,15,No,5.0,No,Low,No
65,Male,34781.0,Suburban,60.2,2,SUV,5,1,Yes,5.0,No,Low,No
41,Male,78571.0,Urban,52.2,1,Sedan,5,6,Yes,3.0,No,Low,No
57,Female,59262.0,Rural,56.0,1,Truck,1,3,Yes,5.0,Yes,Low,No
67,Female,84287.0,Urban,66.2,2,SUV,10,15,No,2.0,No,Medium,No
67,Other,81110.0,Rural,32.6,2,Truck,0,1,Yes,3.0,Yes,Low,No
49,Male,98725.0,Urban,39.8,1,Sedan,3,12,No,5.0,Yes,Low,Yes
60,Male,30000.0,Urban,19.5,1,SUV,6,16,Yes,4.0,No,Low,No
52,Male,140649.0,Suburban,49.5,3,Truck,3,2,No,4.0,Yes,Medium,Yes
48,Female,91813.0,Urban,35.3,1,SUV,7,17,No,3.0,No,Low,No
29,Male,75255.0,Urban,46.9,1,SUV,4,8,No,4.0,No,Low,No
36,Female,91446.0,Rural,76.9,3,Sedan,0,1,No,1.0,Yes,High,No
51,Male,65823.0,Urban,18.9,2,Hatchback,5,12,No,2.0,No,Low,No
59,Male,118481.0,Suburban,45.1,4,Sedan,4,4,Yes,4.0,No,Low,No
53,Male,151014.0,Urban,37.5,1,SUV,10,13,No,1.0,Yes,Low,No
42,Female,109719.0,Suburban,55.4,1,SUV,3,4,Yes,3.0,Yes,Low,Yes
57,Male,127899.0,Urban,5.0,1,Truck,2,14,Yes,2.0,No,Low,No
29,Female,69435.0,Suburban,79.1,1,Hatchback,2,9,Yes,5.0,No,Low,No
42,Female,83363.0,Urban,28.4,2,Sedan,3,19,No,1.0,No,Low,No
51,Male,34515.0,Suburban,59.8,1,Hatchback,3,7,Yes,2.0,No,Low,No
39,Male,42588.0,Urban,25.3,1,Sedan,3,19,No,5.0,Yes,Low,No
35,Male,60770.0,Urban,52.2,1,SUV,6,12,No,4.0,Yes,Low,No
49,Female,57432.0,Urban,73.5,3,Truck,8,15,Yes,3.0,No,Low,No
43,Male,75370.0,Urban,63.9,1,SUV,5,19,No,1.0,Yes,Low,No
40,Male,117097.0,Urban,43.3,1,SUV,11,6,No,2.0,Yes,Medium,No
51,Female,81771.0,Urban,63.7,1,Sedan,4,3,Yes,5.0,Yes,Low,Yes
28,Male,117267.0,Urban,28.3,2,SUV,6,3,Yes,1.0,Yes,Low,No
42,Female,32578.0,Suburban,23.5,2,Sedan,6,9,Yes,1.0,Yes,Low,No
45,Male,174000.0,Urban,62.0,1,Sedan,5,4,Yes,1.0,Yes,Low,Yes
28,Male,78074.0,Urban,79.0,2,Sedan,14,3,No,1.0,Yes,High,No
69,Male,93084.0,Suburban,5.0,1,SUV,1,2,Yes,4.0,Yes,Low,Yes
52,Male,124296.0,Urban,41.4,2,Sedan,10,11,Yes,3.0,Yes,Low,Yes
41,Female,93314.0,Suburban,61.6,1,SUV,1,7,Yes,1.0,Yes,Low,Yes
34,Female,61973.0,Rural,16.2,3,Sedan,2,2,Yes,3.0,Yes,Low,No
51,Male,101113.0,Suburban,11.3,3,Sedan,1,8,Yes,3.0,Yes,Low,Yes
64,Male,30000.0,Suburban,43.7,1,SUV,0,6,Yes,3.0,Yes,Low,No
56,Male,111033.0,Urban,42.7,1,Sedan,3,19,Yes,4.0,Yes,Low,Yes
57,Male,68930.0,Urban,54.9,3,Hatchback,3,7,No,3.0,Yes,Medium,No
26,Female,137733.0,Suburban,50.4,1,SUV,4,9,Yes,3.0,Yes,Low,Yes
42,Female,42027.0,Suburban,24.4,1,Hatchback,3,6,Yes,2.0,Yes,Low,No
47,Male,80437.0,Rural,38.6,1,SUV,2,0,Yes,5.0,No,Low,No
48,Female,103351.0,Rural,70.7,1,SUV,2,2,No,3.0,No,Medium,No
47,Male,81876.0,Suburban,75.9,2,SUV,0,1,Yes,3.0,Yes,Medium,No
48,Male,69022.0,Rural,41.2,4,Sedan,2,2,Yes,1.0,No,Low,No
42,Male,89543.0,Suburban,5.0,1,Hatchback,2,4,Yes,2.0,Yes,Low,No
50,Female,127633.0,Urban,40.7,3,Sedan,5,4,Yes,1.0,No,Low,No
51,Female,57974.0,Rural,27.1,3,Hatchback,1,3,Yes,3.0,Yes,Low,No
67,Male,37942.0,Urban,15.0,2,SUV,3,5,No,3.0,Yes,Low,No
64,Female,70922.0,Rural,49.1,3,SUV,1,3,Yes,5.0,Yes,Low,Yes
25,Female,57308.0,Suburban,70.1,1,Hatchback,6,5,Yes,1.0,No,Low,No
36,Male,78447.0,Urban,66.0,2,Sedan,6,11,No,3.0,No,Medium,No
41,Male,109797.0,Urban,55.1,1,Hatchback,3,10,Yes,1.0,Yes,Low,No
35,Male,121716.0,Suburban,56.9,2,Hatchback,7,6,Yes,5.0,No,Low,Yes
27,Male,61366.0,Urban,58.1,2,SUV,8,3,No,1.0,Yes,Medium,No
54,Male,103507.0,Urban,25.0,2,SUV,7,8,Yes,3.0,No,Low,No
52,Male,43011.0,Urban,49.0,4,Hatchback,7,12,No,1.0,No,Low,No
66,Male,97980.0,Urban,31.5,2,Sedan,11,19,No,5.0,No,Low,No
27,Other,87070.0,Urban,23.3,3,Sedan,3,8,No,4.0,Yes,Low,No
51,Male,101793.0,Rural,10.2,1,SUV,2,0,Yes,3.0,Yes,Low,No
61,Male,53776.0,Urban,45.7,1,Truck,4,14,Yes,5.0,No,Low,Yes
69,Male,73212.0,Suburban,54.2,2,SUV,7,8,Yes,4.0,Yes,Low,No
35,Male,131181.0,Suburban,65.5,4,Sedan,1,1,Yes,4.0,Yes,Low,Yes
47,Male,76366.0,Urban,24.4,1,Hatchback,6,7,Yes,2.0,Yes,Low,No
65,Male,93585.0,Suburban,39.5,2,SUV,0,8,Yes,5.0,No,Low,No
44,Female,82670.0,Rural,27.9,3,Sedan,2,1,Yes,3.0,Yes,Low,No
46,Male,75512.0,Suburban,49.7,2,Hatchback,4,9,No,1.0,Yes,Medium,No
41,Male,163926.0,Urban,13.2,3,SUV,12,6,No,2.0,No,Low,No
45,Male,90830.0,Suburban,23.6,2,Hatchback,1,5,Yes,5.0,Yes,Low,Yes
59,Male,98546.0,Urban,21.2,1,Sedan,3,5,No,5.0,Yes,Low,Yes
27,Female,120287.0,Suburban,53.7,2,Sedan,3,4,Yes,4.0,No,Low,No
67,Male,61175.0,Urban,64.3,3,Truck,2,4,Yes,5.0,Yes,Low,No
45,Male,102429.0,Urban,37.4,2,Sedan,4,7,Yes,5.0,No,Low,No
41,Male,130030.0,Suburban,31.0,1,SUV,0,4,Yes,4.0,No,Low,No
66,Female,69804.0,Suburban,28.2,4,Sedan,2,2,Yes,1.0,No,Low,No
51,Male,141069.0,Suburban,34.5,2,Sedan,5,5,Yes,2.0,Yes,Low,No
69,Male,75980.0,Suburban,8.7,2,Sedan,7,7,Yes,3.0,No,Low,No
27,Male,51583.0,Urban,15.7,3,SUV,9,3,No,5.0,No,Medium,No
28,Male,105539.0,Suburban,53.1,1,SUV,7,6,No,3.0,Yes,Medium,No
47,Male,63889.0,Rural,20.9,2,SUV,0,3,Yes,2.0,No,Low,No
45,Male,52997.0,Urban,67.4,4,Hatchback,11,9,No,1.0,Yes,Medium,No
28,Female,143206.0,Suburban,47.4,2,Sedan,4,5,Yes,5.0,Yes,Low,Yes
65,Male,30000.0,Urban,42.6,3,SUV,7,7,Yes,2.0,Yes,Low,No
51,Male,30000.0,Urban,55.7,1,Hatchback,14,5,Yes,1.0,Yes,Low,No
32,Female,74898.0,Rural,34.6,3,Sedan,1,2,Yes,2.0,No,Low,No
69,Female,124429.0,Urban,30.9,1,Truck,2,6,Yes,3.0,No,Low,No
57,Female,89948.0,Rural,40.2,3,Hatchback,1,3,Yes,2.0,No,Low,No
53,Male,119892.0,Suburban,15.9,1,Sedan,4,8,Yes,1.0,No,Low,No
42,Female,119963.0,Suburban,35.0,2,SUV,0,5,Yes,5.0,No,Low,No
33,Female,117631.0,Suburban,41.0,1,SUV,0,5,Yes,3.0,Yes,Low,No
43,Male,30000.0,Suburban,18.4,4,SUV,7,7,Yes,5.0,No,Low,No
63,Male,77400.0,Suburban,35.75,2,SUV,4,8,Yes,2.0,No,Low,No
62,Male,126595.0,Suburban,58.6,2,SUV,2,7,Yes,2.0,Yes,Low,No
32,Female,80054.0,Rural,79.7,1,SUV,1,1,Yes,5.0,Yes,Low,Yes
63,Male,126994.0,Urban,13.6,3,Sedan,4,6,Yes,4.0,Yes,Low,Yes
34,Male,106635.0,Suburban,50.8,2,Sedan,2,7,Yes,4.0,Yes,Low,Yes
39,Male,47973.0,Urban,42.6,2,Sedan,14,7,No,1.0,No,Low,No
44,Female,104262.0,Urban,68.3,2,Sedan,4,10,No,5.0,No,Medium,No
25,Male,94282.0,Urban,24.5,3,Hatchback,10,4,No,5.0,Yes,Medium,No
30,Male,30000.0,Suburban,28.8,1,SUV,6,5,Yes,1.0,No,Low,No
49,Male,123852.0,Suburban,24.5,2,SUV,7,7,Yes,5.0,Yes,Low,No
47,Male,40100.0,Rural,15.7,1,SUV,1,3,Yes,5.0,No,Low,No
61,Male,163870.0,Suburban,22.3,1,Truck,1,6,Yes,4.0,Yes,Low,Yes
64,Male,51561.0,Suburban,53.5,2,SUV,0,2,Yes,2.0,No,Low,No
58,Female,138387.0,Urban,31.5,1,Hatchback,4,12,Yes,1.0,Yes,Low,Yes
68,Male,30000.0,Urban,25.8,2,Sedan,11,15,No,2.0,No,Low,No
39,Male,111622.0,Urban,77.0,2,Truck,11,11,Yes,1.0,Yes,Low,No
68,Male,147529.0,Rural,61.5,1,Truck,0,3,Yes,5.0,No,Low,No
41,Male,135478.0,Urban,45.0,1,SUV,3,14,No,2.0,Yes,Low,No
37,Male,85878.0,Rural,19.8,2,Hatchback,2,0,Yes,4.0,Yes,Low,No
45,Male,50799.0,Rural,30.1,4,Sedan,0,1,Yes,3.0,Yes,Low,No
43,Female,88339.0,Urban,38.5,2,SUV,13,19,Yes,4.0,Yes,Low,No
64,Female,35410.0,Urban,24.7,1,Sedan,9,15,Yes,1.0,Yes,Low,No
29,Male,89299.0,Urban,42.4,1,Sedan,8,19,No,4.0,Yes,Low,No
43,Male,76268.0,Rural,5.0,1,Sedan,1,2,Yes,5.0,Yes,Low,No
36,Male,99187.0,Rural,5.0,4,SUV,2,1,No,3.0,No,Low,No
49,Male,105631.0,Suburban,10.2,3,Hatchback,6,6,Yes,3.0,No,Low,No
27,Female,55535.0,Urban,29.9,1,Truck,12,13,No,3.0,Yes,Low,Yes
30,Male,94338.0,Suburban,52.7,2,SUV,4,6,Yes,4.0,Yes,Low,No
36,Female,115941.0,Urban,32.3,2,Truck,11,6,No,1.0,No,Medium,No
66,Male,108126.0,Urban,29.8,1,SUV,6,10,No,4.0,Yes,Low,No
68,Female,84287.0,Urban,5.0,2,Sedan,6,3,No,3.0,No,Medium,No
69,Female,99102.0,Urban,61.9,2,Hatchback,8,18,Yes,3.0,Yes,Low,Yes
61,Male,79524.0,Urban,41.05,1,Sedan,10,19,Yes,5.0,Yes,Low,Yes
45,Female,90667.0,Urban,71.5,3,Sedan,14,14,Yes,3.0,Yes,Low,No
58,Male,123466.0,Urban,37.0,1,Sedan,7,5,No,4.0,Yes,Medium,No
29,Female,81304.0,Urban,60.4,1,Sedan,6,13,No,5.0,No,Medium,No
40,Male,75573.0,Urban,5.0,2,Sedan,13,7,No,4.0,Yes,Low,No
45,Male,53253.0,Urban,13.2,1,Sedan,10,12,Yes,2.0,Yes,Low,No
46,Female,74071.0,Suburban,5.0,2,SUV,3,9,Yes,2.0,Yes,Low,No
47,Female,94589.0,Urban,44.0,1,Sedan,8,19,Yes,3.0,Yes,Low,No
57,Female,121085.0,Urban,25.3,3,SUV,7,15,No,2.0,Yes,Low,No
58,Male,63808.0,Urban,83.2,1,Hatchback,11,9,Yes,4.0,No,Low,No
43,Male,44133.0,Urban,54.0,3,Sedan,6,9,Yes,5.0,Yes,Low,No
64,Male,53658.0,Urban,32.3,2,Hatchback,9,14,No,5.0,Yes,Low,Yes
43,Female,85800.0,Rural,86.1,1,Sedan,2,3,Yes,5.0,Yes,Low,No
46,Female,87305.0,Suburban,21.7,2,Sedan,2,7,Yes,2.0,Yes,Low,No
47,Male,125012.0,Urban,47.0,2,SUV,13,14,No,3.0,Yes,Low,No
45,Female,120772.0,Urban,66.8,2,SUV,6,10,No,5.0,No,Medium,No
66,Female,101019.0,Urban,36.7,2,Truck,3,12,No,5.0,Yes,Low,Yes
35,Male,66172.0,Suburban,48.5,1,Sedan,7,4,Yes,3.0,No,Low,No
32,Male,48894.0,Urban,33.0,1,Truck,4,18,Yes,3.0,No,Low,No
57,Female,89170.0,Rural,76.3,2,SUV,2,2,Yes,5.0,Yes,Low,Yes
50,Male,87848.0,Suburban,7.9,1,Sedan,6,1,Yes,4.0,Yes,Low,No
65,Male,70011.0,Rural,22.9,2,Truck,1,0,Yes,4.0,No,Low,Yes
34,Female,78402.0,Rural,23.1,2,Truck,2,3,Yes,4.0,Yes,Low,Yes
35,Male,65624.0,Suburban,50.5,1,SUV,1,7,No,5.0,No,Medium,No
43,Female,30000.0,Urban,44.0,1,Sedan,9,4,No,5.0,Yes,Medium,No
66,Male,63750.0,Rural,26.5,1,SUV,0,0,Yes,4.0,Yes,Low,No
49,Male,111391.0,Urban,5.0,2,Truck,4,11,Yes,2.0,Yes,Low,No
55,Other,99189.0,Suburban,50.7,1,Sedan,3,1,Yes,3.0,Yes,Low,No
42,Male,102049.0,Urban,70.5,2,Sedan,2,4,No,3.0,Yes,High,No
55,Male,30000.0,Urban,57.0,3,Sedan,6,11,Yes,2.0,Yes,Low,No
36,Male,30000.0,Rural,55.3,3,Truck,1,1,Yes,5.0,No,Low,No
55,Female,131056.0,Urban,51.3,2,Sedan,10,5,Yes,1.0,No,Low,No
52,Female,30000.0,Suburban,90.4,1,Sedan,7,9,Yes,1.0,No,Low,No
62,Male,55303.0,Suburban,38.1,2,Hatchback,3,2,Yes,4.0,Yes,Low,No
45,Male,81438.0,Urban,6.1,2,Sedan,9,11,No,5.0,Yes,Low,No
39,Female,146064.0,Rural,13.1,2,SUV,2,1,Yes,1.0,No,Low,No
28,Male,111534.0,Suburban,50.1,3,Truck,7,4,No,5.0,Yes,Low,Yes
25,Male,80680.0,Suburban,38.8,4,Truck,0,1,Yes,5.0,No,Low,No
63,Female,41501.0,Urban,30.1,2,Truck,12,7,Yes,3.0,Yes,Low,No
27,Male,117587.0,Suburban,13.0,2,Truck,6,6,Yes,4.0,Yes,Low,Yes
46,Female,64731.0,Urban,62.6,4,Sedan,14,5,No,5.0,Yes,Medium,Yes
54,Female,74804.0,Suburban,5.0,1,SUV,5,8,No,5.0,Yes,Low,Yes
35,Male,121415.0,Urban,66.6,2,Sedan,5,8,Yes,3.0,No,Low,No
33,Female,74776.0,Suburban,36.1,1,SUV,7,6,Yes,1.0,Yes,Low,No
64,Male,89189.0,Suburban,46.4,1,Truck,1,5,No,1.0,Yes,Medium,No
39,Female,174000.0,Rural,17.4,1,Truck,2,1,Yes,3.0,Yes,Low,Yes
59,Female,81966.0,Suburban,38.3,1,SUV,0,9,Yes,4.0,No,Low,No
27,Female,118431.0,Suburban,49.1,4,Sedan,3,7,Yes,1.0,Yes,Low,Yes
36,Male,112179.0,Urban,30.0,2,SUV,13,15,No,3.0,No,Low,No
46,Female,84758.0,Urban,14.2,1,Sedan,14,6,Yes,1.0,Yes,Low,No
49,Male,93452.0,Urban,28.7,1,Sedan,3,10,Yes,4.0,No,Low,No
31,Male,62066.0,Urban,27.5,1,Sedan,12,11,Yes,1.0,Yes,Low,No
58,Female,85208.0,Suburban,20.9,2,Sedan,7,3,Yes,4.0,Yes,Low,Yes
67,Male,118610.0,Suburban,34.4,2,Sedan,4,7,Yes,4.0,No,Low,No
68,Male,75613.0,Rural,11.4,4,Sedan,0,1,Yes,5.0,Yes,Low,Yes
55,Female,95730.0,Urban,48.0,2,SUV,7,16,No,5.0,Yes,Medium,Yes
26,Female,34716.0,Suburban,83.9,1,Sedan,1,3,Yes,3.0,Yes,Medium,No
44,Female,71167.0,Urban,30.3,2,SUV,10,8,Yes,2.0,Yes,Low,Yes
43,Male,92031.0,Urban,48.4,3,SUV,10,19,No,5.0,No,Low,No
56,Male,97937.0,Urban,47.2,2,SUV,8,13,Yes,4.0,Yes,Low,Yes
35,Male,132749.0,Suburban,5.0,1,SUV,7,5,Yes,2.0,No,Low,No
59,Male,97011.0,Urban,64.4,2,SUV,5,14,No,4.0,No,Low,No
35,Male,122389.0,Suburban,71.8,1,Sedan,1,6,No,1.0,No,Medium,No
36,Male,93921.0,Urban,37.1,2,SUV,8,4,Yes,3.0,Yes,Low,No
25,Male,62225.0,Urban,35.8,1,SUV,13,8,No,4.0,Yes,Low,No
30,Male,129737.0,Urban,40.9,2,Sedan,14,11,Yes,2.0,No,Low,No
57,Female,54224.0,Suburban,79.4,2,SUV,7,2,Yes,4.0,No,Low,No
69,Male,122344.0,Urban,8.0,2,Hatchback,12,4,No,1.0,No,Low,No
49,Male,121786.0,Urban,41.2,2,Sedan,8,12,No,2.0,Yes,Medium,No
58,Male,30000.0,Suburban,5.1,1,Sedan,1,6,No,4.0,Yes,Medium,No
47,Female,119882.0,Urban,51.1,1,SUV,2,13,No,4.0,Yes,Medium,Yes
49,Female,110302.0,Suburban,48.7,1,Hatchback,4,7,Yes,4.0,No,Low,No
51,Female,56766.0,Rural,43.4,2,Truck,2,0,Yes,5.0,No,Low,No
65,Male,119545.0,Urban,49.4,1,SUV,6,17,Yes,4.0,No,Low,No
33,Male,82870.0,Urban,97.9,2,Sedan,13,7,No,3.0,No,Low,No
53,Female,160395.0,Suburban,5.0,1,Truck,6,4,Yes,3.0,Yes,Low,Yes
31,Male,99424.0,Suburban,41.7,3,Sedan,6,4,No,5.0,Yes,Medium,No
27,Other,122934.0,Urban,5.0,3,Truck,11,3,No,5.0,Yes,Low,No
50,Female,71019.0,Rural,28.6,2,SUV,2,0,Yes,3.0,Yes,Low,No
41,Female,93919.0,Suburban,41.4,1,Sedan,1,1,Yes,2.0,Yes,Low,No
49,Male,119449.0,Suburban,6.1,2,SUV,5,4,Yes,1.0,Yes,Low,No
28,Female,61405.0,Urban,42.1,1,Sedan,4,3,No,3.0,Yes,Medium,No
56,Male,81956.0,Urban,5.0,1,SUV,9,12,Yes,2.0,Yes,Low,No
49,Male,40487.0,Suburban,52.6,3,Hatchback,4,7,No,4.0,Yes,Medium,Yes
42,Female,40212.0,Suburban,35.0,3,Truck,7,2,No,1.0,Yes,Low,No
36,Male,114956.0,Rural,5.0,1,SUV,2,2,Yes,1.0,No,Low,No
44,Male,87823.0,Rural,104.6,1,Hatchback,2,2,Yes,3.0,Yes,Low,No
63,Other,54198.0,Urban,7.1,1,Truck,14,7,Yes,3.0,No,Low,No
54,Male,112484.0,Rural,29.4,2,Sedan,2,1,Yes,2.0,No,Low,No
66,Male,77162.0,Rural,14.9,1,SUV,0,0,Yes,3.0,Yes,Low,No
67,Female,30000.0,Suburban,5.0,3,Hatchback,2,2,Yes,1.0,No,Low,No
46,Male,95299.0,Suburban,76.2,1,Hatchback,4,8,No,5.0,Yes,Medium,Yes
62,Female,98147.0,Suburban,62.5,1,Truck,7,8,Yes,1.0,Yes,Low,No
38,Female,54001.0,Rural,71.2,2,Sedan,1,3,No,2.0,No,Medium,No
51,Male,54721.0,Rural,27.6,3,Sedan,1,2,Yes,5.0,Yes,Low,Yes
60,Male,96488.0,Urban,33.8,3,Sedan,9,19,No,3.0,Yes,Low,No
45,Female,84287.0,Urban,89.0,2,Sedan,5,6,No,3.0,No,Medium,No
39,Female,77897.0,Suburban,86.1,3,Truck,4,5,Yes,2.0,No,Low,No
48,Female,99512.0,Suburban,72.9,1,Sedan,7,6,Yes,2.0,Yes,Low,No
48,Female,82440.0,Suburban,70.5,1,Sedan,6,6,Yes,1.0,Yes,Low,No
51,Female,119750.0,Urban,35.7,3,Sedan,10,3,No,1.0,Yes,Low,No
64,Male,124712.0,Rural,36.9,1,Sedan,1,0,Yes,5.0,Yes,Low,Yes
49,Male,106268.0,Urban,28.0,1,SUV,10,9,Yes,4.0,No,Low,No
65,Female,143987.0,Urban,46.6,1,SUV,7,17,No,2.0,Yes,Low,No
41,Female,30000.0,Urban,58.6,4,SUV,3,12,No,5.0,No,Medium,No
59,Female,92411.0,Suburban,34.6,3,Truck,7,8,Yes,3.0,Yes,Low,No
66,Male,117502.0,Rural,88.9,1,Sedan,1,3,Yes,2.0,No,Low,No
67,Male,92277.0,Suburban,28.2,2,Truck,4,3,Yes,4.0,Yes,Low,No
56,Female,75069.0,Urban,51.1,2,Sedan,10,19,No,4.0,Yes,Low,Yes
36,Female,100627.0,Urban,52.4,2,Hatchback,14,13,Yes,3.0,Yes,Low,No
29,Male,103587.0,Urban,96.0,2,SUV,2,7,No,2.0,Yes,High,No
53,Male,96759.0,Urban,5.0,2,Hatchback,3,6,No,1.0,No,Medium,No
29,Male,128123.0,Suburban,5.0,2,SUV,1,8,No,5.0,No,Low,No
32,Male,91684.0,Urban,7.0,2,SUV,6,19,Yes,5.0,No,Low,No
37,Male,91883.0,Suburban,18.8,3,Sedan,2,7,No,1.0,No,Medium,No
68,Female,148255.0,Urban,18.6,1,Sedan,8,12,No,4.0,Yes,Low,Yes
33,Male,104558.0,Urban,48.3,1,SUV,6,19,No,3.0,Yes,Low,Yes
31,Male,158001.0,Suburban,29.4,1,Sedan,0,3,No,1.0,Yes,Medium,No
35,Male,113072.0,Urban,56.1,2,Sedan,2,5,No,3.0,No,Medium,No
47,Female,76018.0,Suburban,64.3,1,SUV,4,1,Yes,1.0,No,Low,No
62,Male,85517.0,Urban,17.7,2,Sedan,10,16,No,4.0,No,Low,No
44,Male,94495.0,Urban,47.3,4,SUV,7,14,Yes,1.0,Yes,Low,No
43,Male,54825.0,Suburban,14.4,2,Sedan,3,6,Yes,2.0,No,Low,No
30,Female,109783.0,Suburban,83.2,3,Sedan,1,4,No,3.0,No,High,No
60,Male,30000.0,Suburban,89.4,2,Truck,4,7,Yes,4.0,Yes,Low,No
67,Male,149582.0,Urban,12.5,1,Hatchback,10,5,No,3.0,No,Low,No
45,Female,123921.0,Urban,5.0,1,Sedan,14,8,No,1.0,Yes,Low,No
28,Male,106219.0,Urban,44.4,3,Sedan,2,19,Yes,2.0,No,Low,No
25,Female,93066.0,Urban,68.0,2,Sedan,9,14,Yes,4.0,No,Low,No
57,Female,96061.0,Suburban,72.2,2,Sedan,6,9,Yes,5.0,No,Low,No
30,Female,96601.0,Suburban,71.3,2,Sedan,6,8,Yes,2.0,Yes,Low,No
29,Male,92134.0,Rural,36.2,4,SUV,1,1,Yes,3.0,Yes,Low,No
40,Male,109448.0,Rural,51.0,2,Sedan,0,2,Yes,5.0,Yes,Low,No
51,Female,105911.0,Suburban,79.7,3,Sedan,6,8,Yes,4.0,Yes,Low,Yes
63,Male,92155.0,Rural,29.6,2,SUV,2,2,Yes,4.0,Yes,Low,Yes
36,Male,92897.0,Urban,5.0,3,Sedan,11,5,No,1.0,Yes,Low,No
57,Female,67245.0,Suburban,26.9,2,SUV,7,9,Yes,3.0,No,Low,No
55,Male,78511.0,Suburban,47.0,1,Sedan,3,7,Yes,3.0,Yes,Low,No
53,Male,89832.0,Rural,33.8,2,Truck,1,1,Yes,1.0,Yes,Low,No
27,Male,72005.0,Suburban,91.6,2,SUV,5,1,No,3.0,No,Medium,No
64,Male,139859.0,Urban,60.4,4,Truck,5,3,Yes,1.0,No,Low,No
26,Male,117090.0,Suburban,48.3,2,Sedan,7,1,Yes,1.0,Yes,Low,No
68,Female,94906.0,Urban,29.8,1,Truck,9,15,No,2.0,Yes,Low,No
32,Male,34051.0,Urban,24.5,1,SUV,9,4,Yes,5.0,No,Low,No
55,Other,93989.0,Rural,48.8,1,Sedan,0,2,Yes,3.0,No,Low,No
41,Male,46515.0,Urban,29.0,2,Hatchback,6,10,No,3.0,No,Medium,No
51,Male,90554.0,Urban,37.25,2,SUV,13,11,Yes,5.0,Yes,Low,Yes
43,Female,122864.0,Suburban,51.2,1,SUV,1,9,Yes,5.0,No,Low,Yes
35,Female,90519.0,Suburban,26.8,2,Sedan,2,5,Yes,1.0,No,Low,No
27,Male,84287.0,Urban,5.0,2,Sedan,11,7,No,1.0,Yes,Low,No
40,Male,84337.0,Urban,52.2,2,SUV,3,12,Yes,3.0,No,Low,No
35,Female,156183.0,Urban,41.0,3,Sedan,11,19,No,2.0,Yes,Low,No
34,Female,137282.0,Suburban,22.9,1,Truck,4,2,Yes,5.0,No,Low,No
69,Female,91548.0,Suburban,32.8,1,Truck,2,8,No,4.0,Yes,Medium,No
51,Female,85019.0,Suburban,17.1,2,Hatchback,4,6,Yes,5.0,Yes,Low,Yes
33,Male,93678.0,Urban,46.7,2,SUV,14,11,No,2.0,Yes,Low,No
58,Male,30000.0,Urban,48.3,1,SUV,4,11,Yes,2.0,No,Low,No
54,Male,70386.0,Suburban,66.3,2,Hatchback,7,3,Yes,3.0,Yes,Low,Yes
47,Male,55035.0,Urban,5.0,2,SUV,4,17,No,3.0,Yes,Low,No
26,Male,88178.0,Rural,76.4,2,Sedan,2,3,Yes,5.0,No,Low,No
28,Male,119002.0,Rural,71.1,1,Sedan,1,3,Yes,1.0,No,Low,No
26,Female,49568.0,Suburban,33.7,4,SUV,5,6,Yes,5.0,No,Low,No
27,Female,69047.0,Suburban,52.1,1,Truck,6,8,No,1.0,Yes,Low,No
54,Female,101563.0,Urban,35.3,2,SUV,5,4,Yes,3.0,No,Low,No
46,Female,90284.0,Suburban,38.8,1,Sedan,1,3,Yes,5.0,Yes,Low,Yes
40,Female,130001.0,Urban,65.4,1,Sedan,13,10,Yes,5.0,Yes,Low,Yes
27,Female,73250.0,Urban,32.5,2,Sedan,7,5,No,2.0,No,Low,No
56,Female,88627.0,Urban,23.4,2,SUV,4,5,No,3.0,No,High,No
68,Male,149088.0,Suburban,23.1,2,SUV,3,4,Yes,3.0,No,Low,No
36,Male,107154.0,Urban,35.4,2,SUV,11,17,Yes,1.0,Yes,Low,No
28,Male,59275.0,Suburban,46.8,3,SUV,6,9,Yes,4.0,Yes,Low,No
58,Other,92355.0,Suburban,59.1,1,Sedan,0,5,Yes,3.0,No,Low,No
35,Male,119665.0,Urban,31.8,2,Hatchback,13,15,No,1.0,No,Low,No
36,Male,61121.0,Urban,69.4,1,Truck,14,14,No,3.0,Yes,Medium,No
49,Female,39976.0,Urban,40.0,2,SUV,8,8,No,3.0,Yes,Medium,No
28,Male,78727.0,Urban,67.9,1,SUV,13,13,Yes,5.0,Yes,Low,Yes
45,Female,73023.0,Suburban,18.3,2,SUV,7,2,Yes,1.0,Yes,Low,No
63,Male,65678.0,Rural,47.0,1,Hatchback,2,3,Yes,4.0,Yes,Low,No
26,Male,30000.0,Urban,49.2,1,Sedan,6,13,No,5.0,No,Low,No
68,Female,104154.0,Urban,34.4,2,Hatchback,6,16,No,4.0,No,Low,No
51,Male,63398.0,Urban,7.3,1,Sedan,4,7,Yes,3.0,Yes,Low,No
56,Female,55879.0,Rural,5.0,1,SUV,2,3,Yes,2.0,No,Low,No
36,Male,84287.0,Suburban,5.0,2,Sedan,6,6,Yes,4.0,No,Low,No
66,Male,104075.0,Urban,83.9,2,Sedan,8,5,Yes,5.0,Yes,Low,No
25,Female,83533.0,Urban,71.3,1,Sedan,7,15,No,2.0,Yes,Low,No
66,Male,53674.0,Suburban,82.7,3,Hatchback,2,5,Yes,1.0,Yes,Low,No
67,Female,30000.0,Rural,88.8,1,Sedan,1,3,Yes,1.0,No,Medium,No
48,Male,138167.0,Urban,10.0,1,SUV,7,5,No,5.0,No,Medium,No
60,Male,90149.0,Urban,7.0,1,SUV,6,14,Yes,2.0,No,Low,No
39,Female,82998.0,Suburban,5.0,3,Truck,7,5,No,4.0,No,Low,No
34,Male,114667.0,Suburban,59.6,3,Hatchback,2,4,Yes,2.0,Yes,Low,Yes
69,Female,102368.0,Urban,17.0,1,Truck,7,17,No,1.0,No,Low,No
52,Male,30000.0,Urban,40.1,2,Sedan,11,17,No,3.0,Yes,Low,No
26,Other,33647.0,Rural,58.2,2,SUV,2,3,No,5.0,Yes,Low,Yes
61,Male,132871.0,Urban,62.1,2,Hatchback,14,15,Yes,1.0,No,Low,No
63,Male,48731.0,Urban,5.1,2,Sedan,5,14,Yes,5.0,Yes,Low,Yes
49,Female,119765.0,Urban,27.0,2,Sedan,11,4,No,3.0,No,Low,No
52,Male,30000.0,Urban,20.9,2,Sedan,10,14,No,1.0,No,Low,No
63,Male,70185.0,Urban,50.4,1,Sedan,11,3,No,3.0,No,Medium,No
37,Male,133551.0,Rural,46.6,2,SUV,0,0,Yes,1.0,No,Low,No
26,Male,110132.0,Rural,32.7,1,SUV,2,3,Yes,1.0,Yes,Low,No
38,Male,107706.0,Suburban,72.4,2,Sedan,5,4,Yes,2.0,No,Low,No
39,Other,32334.0,Suburban,57.1,1,Sedan,2,7,Yes,3.0,Yes,Low,No
31,Male,30000.0,Urban,53.3,4,Hatchback,13,16,Yes,1.0,Yes,Low,No
43,Female,139891.0,Suburban,63.4,1,Sedan,5,8,Yes,5.0,No,Low,No
42,Male,49005.0,Urban,52.2,2,Hatchback,10,5,Yes,1.0,Yes,Low,No
62,Male,131029.0,Suburban,12.1,4,Sedan,0,4,No,5.0,No,Medium,No
42,Male,124469.0,Urban,42.0,2,SUV,9,10,No,2.0,No,Low,No
34,Male,40299.0,Urban,39.6,4,Hatchback,12,18,No,4.0,Yes,Low,No
43,Female,103838.0,Urban,5.0,1,SUV,8,10,No,4.0,Yes,Low,No
32,Female,49172.0,Urban,28.5,1,Hatchback,3,14,Yes,1.0,Yes,Low,No
57,Male,49828.0,Urban,46.5,2,Sedan,6,16,No,1.0,Yes,Low,No
28,Male,97909.0,Urban,28.1,2,SUV,3,12,Yes,1.0,Yes,Low,No
34,Male,50003.0,Urban,37.6,1,Truck,3,18,No,1.0,Yes,Low,No
32,Female,55918.0,Rural,49.1,1,SUV,2,1,Yes,1.0,Yes,Low,No
66,Male,83198.0,Suburban,36.8,2,Sedan,7,3,Yes,1.0,No,Low,No
51,Female,127674.0,Suburban,21.8,2,Sedan,0,4,Yes,2.0,No,Low,No
66,Male,57898.0,Urban,18.8,2,SUV,14,17,No,3.0,Yes,Low,No
64,Female,128992.0,Urban,67.4,1,Truck,7,5,No,4.0,No,Low,No
63,Female,107950.0,Suburban,50.3,3,Sedan,4,7,Yes,4.0,No,Low,No
53,Male,88807.0,Suburban,29.6,1,Hatchback,2,6,Yes,4.0,Yes,Low,No
48,Male,78493.0,Urban,24.2,3,SUV,4,6,No,5.0,Yes,Medium,No
65,Female,88877.0,Urban,47.5,1,Sedan,13,6,No,4.0,Yes,Medium,No
51,Female,50093.0,Suburban,29.4,1,SUV,3,7,Yes,5.0,Yes,Low,Yes
59,Male,127077.0,Urban,66.1,1,SUV,13,16,No,2.0,Yes,Low,No
61,Male,59709.0,Urban,47.0,2,Truck,8,10,No,3.0,Yes,Low,No
54,Male,50839.0,Rural,5.0,1,Hatchback,2,3,Yes,5.0,Yes,Low,Yes
64,Female,106274.0,Urban,52.1,2,SUV,8,14,Yes,3.0,No,Low,No
56,Male,119719.0,Rural,5.0,1,Sedan,0,3,Yes,2.0,Yes,Low,No
26,Other,49056.0,Urban,5.0,3,Truck,3,14,No,4.0,Yes,Low,No
65,Other,58338.0,Suburban,70.0,2,Sedan,2,1,Yes,1.0,Yes,Low,No
62,Female,99663.0,Urban,32.0,2,SUV,6,15,No,2.0,Yes,Low,Yes
59,Male,96146.0,Rural,27.1,2,SUV,1,1,Yes,4.0,No,Low,No
46,Male,68533.0,Urban,66.6,1,SUV,6,12,No,4.0,No,Medium,No
52,Female,65766.0,Rural,5.0,2,Hatchback,1,0,Yes,3.0,No,Low,No
61,Female,30000.0,Suburban,41.7,2,Sedan,0,5,Yes,3.0,Yes,Low,No
25,Male,79116.0,Suburban,23.8,2,Sedan,3,5,Yes,1.0,Yes,Low,No
59,Female,103482.0,Rural,44.2,1,Sedan,0,1,Yes,1.0,Yes,Medium,No
42,Female,78915.0,Suburban,68.5,3,SUV,5,5,Yes,4.0,Yes,Low,Yes
46,Male,152366.0,Rural,33.6,1,Sedan,0,2,Yes,4.0,Yes,Low,Yes
27,Female,56935.0,Suburban,14.3,4,Hatchback,5,8,No,2.0,No,Low,No
48,Female,111707.0,Suburban,33.0,2,SUV,3,7,Yes,5.0,No,Low,No
55,Male,99806.0,Urban,71.0,1,Sedan,12,17,No,1.0,Yes,Low,No
66,Female,113882.0,Suburban,7.2,2,Sedan,3,2,Yes,4.0,No,Low,Yes
58,Male,66765.0,Suburban,5.0,2,SUV,2,4,No,1.0,Yes,Low,No
31,Male,81716.0,Urban,36.8,2,Sedan,3,10,No,3.0,No,Low,No
67,Female,144325.0,Urban,50.8,1,SUV,7,18,Yes,1.0,No,Low,No
41,Male,115750.0,Urban,92.5,3,SUV,14,6,No,3.0,Yes,Medium,No
64,Female,63737.0,Urban,18.0,2,SUV,8,14,No,2.0,Yes,Low,No
61,Female,112772.0,Rural,5.0,1,SUV,2,1,Yes,5.0,No,Low,No
36,Male,147974.0,Urban,65.3,1,SUV,9,4,No,3.0,Yes,Low,Yes
42,Female,127746.0,Urban,30.3,2,SUV,11,3,No,5.0,Yes,Low,Yes
47,Male,117786.0,Rural,30.9,3,Hatchback,0,1,Yes,5.0,No,Low,No
38,Female,61211.0,Urban,41.2,2,Sedan,3,18,No,3.0,Yes,Low,No
54,Male,39948.0,Suburban,45.1,3,Sedan,2,1,Yes,5.0,No,Low,No
49,Female,84287.0,Suburban,41.8,2,SUV,6,9,Yes,3.0,Yes,Low,No
56,Female,46947.0,Urban,26.4,2,Sedan,12,3,No,4.0,Yes,Medium,No
59,Male,71040.0,Suburban,18.2,3,SUV,3,8,Yes,3.0,No,Low,No
52,Male,30000.0,Suburban,5.0,2,Hatchback,0,1,Yes,1.0,No,Low,No
39,Male,59447.0,Urban,28.3,2,SUV,7,18,No,4.0,Yes,Medium,No
44,Female,85743.0,Urban,74.7,2,Sedan,9,5,No,1.0,No,Medium,No
56,Female,43206.0,Suburban,39.7,3,Sedan,5,8,Yes,1.0,Yes,Low,No
30,Male,118899.0,Urban,56.7,3,Sedan,11,11,No,3.0,No,Low,No
59,Male,60996.0,Urban,37.3,2,Hatchback,9,6,No,3.0,Yes,Low,Yes
45,Male,95477.0,Urban,48.9,1,Truck,14,6,No,4.0,No,Low,No
39,Male,86924.0,Urban,69.4,1,Truck,13,13,Yes,5.0,Yes,Low,Yes
51,Male,112148.0,Urban,40.2,1,SUV,13,12,No,3.0,Yes,Low,Yes
37,Female,47036.0,Suburban,15.0,2,Sedan,0,4,Yes,4.0,No,Low,No
59,Male,50518.0,Urban,40.2,2,SUV,11,12,No,5.0,No,Medium,No
27,Female,86989.0,Urban,13.1,3,Hatchback,6,7,No,4.0,No,Low,No
39,Male,30000.0,Rural,36.2,1,Truck,1,0,No,5.0,No,High,No
37,Male,84410.0,Urban,24.9,2,Hatchback,5,16,No,5.0,Yes,Medium,No
46,Female,30000.0,Urban,5.0,1,Hatchback,2,9,No,3.0,Yes,Low,No
41,Female,119903.0,Urban,30.2,1,SUV,13,16,Yes,5.0,No,Low,No
45,Female,134373.0,Rural,63.0,4,Sedan,0,1,Yes,3.0,No,Low,No
34,Male,39224.0,Suburban,66.5,3,Truck,0,4,Yes,2.0,Yes,Low,No
37,Female,129874.0,Suburban,20.9,1,SUV,4,8,Yes,1.0,Yes,Low,No
42,Male,119973.0,Suburban,5.0,1,Sedan,1,3,Yes,2.0,No,Low,No
62,Male,100316.0,Urban,49.0,2,SUV,3,4,No,5.0,Yes,Low,Yes
34,Male,91813.0,Urban,28.4,2,SUV,7,13,No,3.0,No,Medium,No
55,Male,109113.0,Urban,71.6,2,SUV,9,13,Yes,1.0,No,Low,No
58,Male,56835.0,Suburban,63.7,3,Hatchback,4,8,Yes,4.0,No,Low,No
50,Male,105173.0,Suburban,7.1,1,SUV,1,4,Yes,2.0,Yes,Low,No
52,Male,95720.0,Urban,30.4,2,SUV,13,14,No,5.0,No,Low,No
50,Female,93942.0,Suburban,79.0,2,SUV,6,2,Yes,5.0,Yes,Low,Yes
61,Male,118984.0,Suburban,15.9,2,Sedan,1,5,Yes,1.0,Yes,Low,No
60,Female,30000.0,Urban,65.1,1,SUV,11,18,Yes,4.0,No,Low,No
43,Other,116348.0,Rural,24.2,2,Sedan,0,1,Yes,5.0,Yes,Low,Yes
59,Male,87528.0,Suburban,19.4,2,Truck,5,1,Yes,3.0,Yes,Low,No
39,Female,90901.0,Urban,78.3,2,SUV,5,4,No,4.0,Yes,Medium,No
65,Male,113361.0,Suburban,63.2,1,SUV,7,9,No,1.0,No,Low,No
48,Female,77242.0,Urban,31.7,1,Sedan,2,6,Yes,3.0,No,Low,No
67,Male,72465.0,Suburban,20.8,4,Sedan,0,8,Yes,5.0,Yes,Low,No
48,Male,68439.0,Suburban,79.9,2,Hatchback,4,2,Yes,2.0,Yes,Low,No
62,Female,100234.0,Suburban,49.8,3,Truck,0,1,Yes,2.0,No,Low,No
64,Female,41118.0,Rural,10.8,2,SUV,0,3,Yes,2.0,Yes,Low,No
28,Male,112150.0,Rural,50.6,2,SUV,1,2,Yes,4.0,Yes,Low,Yes
40,Male,43199.0,Suburban,11.9,1,SUV,5,7,Yes,1.0,No,Low,No
43,Other,30000.0,Urban,5.0,2,Sedan,4,12,No,1.0,Yes,Low,No
26,Female,97144.0,Urban,25.9,3,Sedan,4,9,No,2.0,No,Low,No
42,Male,50220.0,Urban,53.8,3,SUV,13,14,No,1.0,No,Low,No
41,Male,103198.0,Urban,40.6,1,Sedan,13,15,Yes,3.0,Yes,Low,No
28,Male,145125.0,Rural,54.1,1,Truck,0,1,Yes,4.0,Yes,Low,Yes
54,Female,68243.0,Suburban,33.5,2,SUV,6,5,Yes,1.0,No,Low,No
38,Female,139597.0,Suburban,27.1,1,Sedan,3,6,Yes,2.0,No,Low,No
28,Male,62481.0,Suburban,21.3,3,Truck,7,3,Yes,4.0,Yes,Low,No
30,Male,44664.0,Urban,39.9,3,Sedan,3,7,Yes,1.0,Yes,Low,No
64,Female,31802.0,Rural,40.9,2,SUV,1,1,Yes,1.0,No,Low,No
49,Female,95896.0,Rural,72.8,1,SUV,1,2,Yes,4.0,Yes,Low,No
54,Male,111819.0,Suburban,40.2,3,Sedan,7,8,Yes,3.0,No,Low,No
47,Male,96130.0,Suburban,14.7,2,Hatchback,0,3,Yes,1.0,Yes,Low,No
43,Male,121400.0,Rural,44.6,4,Hatchback,0,1,Yes,1.0,No,Low,No
43,Male,84758.0,Urban,53.6,1,Sedan,13,5,No,5.0,Yes,Low,No
59,Female,139014.0,Suburban,16.5,2,SUV,6,4,Yes,3.0,Yes,Low,Yes
59,Male,61610.0,Rural,69.0,2,SUV,0,0,Yes,3.0,Yes,Low,No
64,Female,57809.0,Rural,43.7,1,Sedan,0,0,Yes,4.0,Yes,Low,No
39,Female,101431.0,Urban,64.9,4,Sedan,11,12,Yes,5.0,Yes,Low,Yes
56,Male,54018.0,Urban,5.0,4,Truck,3,8,Yes,1.0,Yes,Low,No
47,Male,141870.0,Suburban,63.6,1,SUV,4,9,Yes,5.0,No,Low,Yes
38,Female,92193.0,Suburban,84.8,2,SUV,4,5,Yes,3.0,No,Low,No
50,Male,87555.0,Rural,5.0,1,Sedan,2,2,Yes,2.0,Yes,Low,Yes
67,Female,99640.0,Urban,5.0,1,Hatchback,7,12,No,5.0,Yes,Low,Yes
60,Male,85434.0,Suburban,22.4,1,Sedan,0,2,No,3.0,No,Low,No
39,Female,78453.0,Urban,26.0,1,Hatchback,9,9,No,1.0,Yes,Low,No
26,Male,150085.0,Suburban,31.7,2,SUV,7,3,Yes,3.0,No,Low,No
43,Male,157509.0,Suburban,96.3,3,Sedan,5,9,Yes,4.0,No,Low,No
54,Male,73145.0,Urban,59.2,1,SUV,5,5,No,3.0,Yes,Medium,No
37,Female,127284.0,Rural,27.9,2,Hatchback,0,3,Yes,2.0,No,Low,No
39,Female,95431.0,Suburban,5.0,2,Hatchback,6,5,Yes,3.0,Yes,Low,Yes
33,Male,30000.0,Suburban,18.9,3,Sedan,5,4,Yes,5.0,No,Low,No
57,Female,148883.0,Suburban,41.0,1,SUV,6,6,No,5.0,Yes,Medium,Yes
27,Female,72700.0,Rural,13.7,1,Sedan,0,1,Yes,3.0,Yes,Low,No
54,Female,106382.0,Urban,37.3,1,Truck,11,12,No,2.0,Yes,Low,No
49,Male,80942.0,Rural,19.9,2,Sedan,0,2,Yes,5.0,Yes,Low,Yes
57,Other,81958.0,Urban,82.9,4,Hatchback,5,11,No,4.0,Yes,Low,Yes
31,Female,76967.0,Suburban,43.1,2,Sedan,5,7,Yes,2.0,Yes,Low,No
55,Male,144604.0,Suburban,63.1,1,Hatchback,7,8,No,1.0,Yes,High,No
41,Female,69169.0,Suburban,61.9,1,Sedan,6,2,Yes,4.0,No,Low,No
59,Female,63353.0,Urban,28.6,2,Hatchback,11,13,No,4.0,No,Low,No
68,Male,72243.0,Suburban,58.4,2,Hatchback,1,6,Yes,3.0,No,Low,No
26,Male,125309.0,Suburban,59.5,1,Truck,5,9,Yes,2.0,Yes,Low,No
41,Male,133511.0,Urban,38.0,3,Sedan,7,4,No,1.0,Yes,Low,No
36,Female,91412.0,Suburban,70.3,2,SUV,0,7,Yes,3.0,Yes,Low,No
66,Male,40804.0,Suburban,29.2,2,Hatchback,4,9,Yes,3.0,No,Low,No
25,Other,32379.0,Suburban,11.8,1,Hatchback,1,7,Yes,2.0,Yes,Low,No
29,Female,134339.0,Suburban,38.3,3,Truck,1,5,Yes,1.0,Yes,Low,No
64,Male,143117.0,Urban,46.4,2,SUV,8,17,No,4.0,Yes,Low,Yes
41,Male,70591.0,Suburban,55.7,1,Truck,0,1,Yes,2.0,Yes,Low,No
58,Male,109160.0,Urban,54.1,2,Truck,14,7,Yes,5.0,No,Low,Yes
51,Male,85652.0,Urban,13.4,3,Hatchback,11,11,No,3.0,Yes,Low,No
27,Male,115353.0,Suburban,83.4,2,SUV,0,9,Yes,1.0,No,Low,No
52,Male,76360.0,Suburban,54.1,4,Sedan,3,2,Yes,3.0,Yes,Low,Yes
68,Male,78308.0,Urban,36.4,1,Sedan,9,19,Yes,2.0,Yes,Low,No
25,Female,114372.0,Urban,39.15,3,Truck,3,3,Yes,1.0,Yes,Low,No
35,Male,100972.0,Urban,16.1,3,Hatchback,12,12,Yes,4.0,Yes,Low,Yes
34,Female,63007.0,Urban,28.3,2,Truck,6,11,No,1.0,Yes,Medium,No
35,Male,55586.0,Urban,42.9,2,Sedan,12,13,No,4.0,Yes,Low,No
67,Female,48080.0,Suburban,57.2,2,SUV,5,1,No,1.0,Yes,Medium,No
56,Male,31549.0,Urban,57.0,2,Sedan,6,19,No,3.0,Yes,Low,No
45,Female,55879.0,Suburban,69.7,1,Truck,7,4,Yes,5.0,Yes,Low,No
51,Male,71747.0,Urban,88.3,1,SUV,3,7,Yes,3.0,Yes,Low,No
66,Male,112358.0,Suburban,86.1,1,Sedan,3,8,No,1.0,Yes,Medium,No
58,Male,126680.0,Rural,38.1,4,SUV,2,0,Yes,3.0,No,Low,No
32,Male,82433.0,Suburban,54.2,1,SUV,7,5,Yes,1.0,No,Low,No
46,Female,139562.0,Urban,79.9,4,Sedan,6,14,Yes,3.0,Yes,Low,Yes
57,Male,30000.0,Rural,58.0,3,Sedan,2,1,Yes,4.0,Yes,Low,No
35,Male,81159.0,Suburban,45.7,1,SUV,4,8,Yes,5.0,Yes,Low,Yes
34,Female,95819.0,Urban,40.4,1,Truck,8,19,Yes,5.0,No,Low,No
27,Female,76087.0,Rural,66.2,1,Sedan,1,3,No,3.0,Yes,Medium,No
52,Male,91167.0,Urban,5.0,3,Truck,12,11,No,4.0,No,Low,No
57,Female,98671.0,Urban,43.9,3,Truck,4,16,No,4.0,No,Medium,No
43,Female,93353.0,Suburban,8.2,1,Sedan,2,4,Yes,3.0,Yes,Low,No
41,Female,71890.0,Suburban,16.8,1,SUV,0,7,Yes,5.0,Yes,Low,Yes
68,Male,91879.0,Suburban,45.6,1,SUV,1,9,Yes,4.0,No,Low,No
42,Female,30000.0,Suburban,26.7,2,Hatchback,4,5,Yes,1.0,No,Low,No
50,Male,88615.0,Urban,57.9,2,SUV,12,14,No,1.0,No,Low,No
32,Female,106745.0,Suburban,56.9,1,Hatchback,0,4,Yes,1.0,No,Low,No
68,Female,132058.0,Urban,65.4,1,SUV,3,16,No,4.0,No,Low,No
31,Female,34295.0,Rural,73.4,2,Truck,2,3,Yes,1.0,No,Low,No
44,Male,73799.0,Rural,106.0,1,Sedan,0,3,No,5.0,No,Medium,No
54,Female,102428.0,Rural,31.1,2,SUV,2,1,Yes,1.0,Yes,Low,No
69,Male,38605.0,Suburban,99.4,2,SUV,3,7,Yes,4.0,Yes,Low,Yes
42,Female,50593.0,Urban,42.8,1,Sedan,10,14,No,1.0,No,Low,No
39,Female,98447.0,Suburban,52.0,1,Sedan,0,6,No,2.0,No,Medium,No
44,Male,30000.0,Urban,5.0,2,SUV,5,7,Yes,4.0,Yes,Low,No
44,Female,30886.0,Urban,16.8,2,Truck,10,16,No,5.0,No,Low,No
39,Female,69998.0,Urban,44.5,2,Sedan,14,17,Yes,2.0,No,Low,No
68,Female,100248.0,Suburban,24.8,2,Sedan,6,5,Yes,3.0,No,Low,No
42,Female,121368.0,Rural,49.0,1,SUV,0,3,No,4.0,Yes,Medium,No
35,Male,57177.0,Rural,21.5,1,Sedan,2,3,Yes,2.0,No,Low,No
61,Male,49223.0,Urban,7.0,2,Sedan,12,11,Yes,2.0,No,Low,No
45,Male,96256.0,Urban,52.3,4,Sedan,11,4,Yes,4.0,Yes,Low,Yes
54,Male,84758.0,Urban,60.6,1,Sedan,2,17,No,3.0,Yes,Low,No
39,Female,111811.0,Urban,17.8,1,Hatchback,5,3,No,2.0,Yes,Medium,No
63,Male,57307.0,Suburban,66.6,2,Sedan,4,3,Yes,1.0,No,Low,No
37,Female,88653.0,Urban,34.3,3,Sedan,12,5,No,2.0,Yes,Low,No
26,Male,118145.0,Suburban,25.0,1,SUV,6,2,No,5.0,Yes,Low,No
60,Female,90077.0,Urban,32.8,1,SUV,6,12,No,1.0,Yes,Low,No
52,Male,133736.0,Urban,34.7,1,SUV,14,19,No,3.0,Yes,Low,No
51,Male,72955.0,Rural,62.9,1,SUV,0,2,No,2.0,No,High,No
49,Male,101925.0,Urban,47.4,2,SUV,13,19,No,2.0,Yes,Low,No
60,Female,57337.0,Urban,50.5,1,SUV,14,6,No,4.0,No,Medium,No
51,Male,84701.0,Suburban,33.4,3,Sedan,1,5,No,5.0,No,Medium,No
67,Male,96213.0,Suburban,26.4,1,Hatchback,4,8,Yes,3.0,Yes,Low,No
45,Female,89171.0,Rural,5.0,2,Sedan,0,1,Yes,4.0,No,Low,No
68,Female,57473.0,Urban,53.3,2,Truck,5,6,No,4.0,Yes,Medium,No
46,Male,85527.0,Urban,17.8,1,Sedan,6,8,Yes,1.0,Yes,Low,No
35,Male,78497.0,Urban,34.6,1,Hatchback,11,3,Yes,2.0,No,Low,No
39,Male,83635.0,Suburban,77.0,3,SUV,0,9,Yes,1.0,No,Low,No
60,Male,83809.0,Urban,81.8,2,SUV,5,3,No,2.0,Yes,Medium,No
62,Male,97589.0,Rural,50.7,1,Sedan,1,1,Yes,5.0,Yes,Low,Yes
42,Female,90283.0,Urban,59.3,3,Sedan,12,4,No,3.0,Yes,Low,Yes
51,Male,35607.0,Suburban,30.7,2,Sedan,1,4,Yes,1.0,No,Medium,No
39,Female,104885.0,Rural,28.4,1,Hatchback,0,0,Yes,4.0,Yes,Low,No
31,Female,54072.0,Rural,36.3,1,SUV,0,3,Yes,4.0,No,Low,No
38,Male,52533.0,Suburban,62.2,2,SUV,1,5,Yes,4.0,Yes,Low,No
66,Other,74902.0,Suburban,22.9,1,Sedan,5,9,Yes,2.0,No,Low,No
50,Male,74682.0,Suburban,97.4,1,SUV,1,9,Yes,4.0,Yes,Low,No
42,Male,30000.0,Suburban,5.0,1,Hatchback,0,4,No,2.0,No,Medium,No
27,Other,124432.0,Urban,79.0,2,SUV,8,18,No,5.0,No,Low,Yes
36,Male,30000.0,Suburban,22.0,1,Sedan,5,8,Yes,3.0,Yes,Low,No
27,Male,99822.0,Urban,21.0,3,SUV,8,12,No,1.0,No,Low,No
45,Female,30000.0,Rural,28.9,2,SUV,1,2,Yes,2.0,Yes,Low,No
48,Female,105596.0,Urban,11.7,2,Truck,7,16,No,5.0,No,Low,Yes
47,Male,71709.0,Suburban,50.0,1,SUV,6,9,Yes,2.0,No,Low,No
67,Female,83314.0,Urban,22.1,2,Sedan,5,13,No,3.0,No,Low,No
61,Male,48457.0,Urban,75.7,1,Sedan,13,18,No,3.0,Yes,Low,No
47,Female,103503.0,Urban,64.0,2,Sedan,13,11,No,1.0,Yes,Medium,No
41,Male,96250.0,Suburban,41.2,2,SUV,4,7,No,3.0,Yes,Low,Yes
45,Male,168654.0,Urban,48.1,1,Sedan,11,19,No,2.0,Yes,Low,No
25,Male,76070.0,Suburban,14.4,2,SUV,6,8,Yes,1.0,Yes,Low,No
50,Female,105292.0,Urban,28.2,3,SUV,3,8,No,5.0,Yes,Medium,No
25,Female,113276.0,Urban,21.8,2,Sedan,3,3,No,5.0,No,Medium,No
32,Male,89578.0,Suburban,47.2,2,Hatchback,7,4,Yes,2.0,Yes,Low,No
62,Male,74639.0,Suburban,49.6,1,Sedan,6,7,Yes,2.0,Yes,Low,No
54,Male,145514.0,Urban,25.3,1,Hatchback,12,3,Yes,3.0,No,Low,No
47,Male,75015.0,Suburban,67.6,3,SUV,7,3,Yes,4.0,Yes,Low,No
29,Female,30000.0,Suburban,36.7,2,Sedan,7,1,Yes,1.0,Yes,Low,No
66,Female,56003.0,Rural,5.0,3,Sedan,0,1,Yes,2.0,No,Low,No
65,Female,33799.0,Rural,59.9,2,SUV,0,0,No,5.0,Yes,Medium,No
59,Male,78418.0,Suburban,51.1,1,Truck,7,3,Yes,4.0,Yes,Low,No
69,Male,102547.0,Urban,15.7,1,Sedan,12,11,Yes,4.0,No,Low,No
35,Male,99161.0,Rural,27.0,2,Hatchback,2,3,Yes,1.0,Yes,Low,No
29,Other,119625.0,Urban,46.7,2,Sedan,6,12,No,2.0,Yes,Low,No
27,Male,64393.0,Rural,35.3,1,Truck,1,2,Yes,1.0,Yes,Low,No
47,Male,91201.0,Suburban,22.6,2,Sedan,5,8,Yes,3.0,No,Low,No
66,Female,40429.0,Urban,48.4,2,SUV,13,6,No,1.0,Yes,Low,No
65,Female,71331.0,Urban,5.0,2,Hatchback,11,9,No,2.0,Yes,Low,No
49,Female,121886.0,Urban,31.5,4,Sedan,12,5,Yes,1.0,Yes,Low,No
30,Male,44002.0,Suburban,40.1,1,Sedan,7,1,Yes,4.0,Yes,Low,No
57,Male,120381.0,Suburban,46.4,3,SUV,4,9,Yes,3.0,No,Low,No
61,Male,66199.0,Suburban,46.7,3,Hatchback,0,2,Yes,4.0,No,Low,No
64,Male,96295.0,Rural,60.5,1,Hatchback,1,2,Yes,1.0,Yes,Low,No
48,Male,97859.0,Urban,17.6,1,Truck,7,14,Yes,3.0,Yes,Low,Yes
31,Female,40145.0,Suburban,38.5,2,SUV,0,3,Yes,2.0,No,Low,No
33,Female,40522.0,Urban,28.7,2,Hatchback,5,15,No,5.0,Yes,Low,No
25,Male,94210.0,Urban,18.5,1,Hatchback,10,18,Yes,3.0,Yes,Low,No
67,Female,52568.0,Urban,48.6,3,SUV,7,12,Yes,1.0,Yes,Low,No
35,Female,91262.0,Suburban,37.0,2,Truck,1,3,Yes,4.0,No,Low,No
57,Female,127439.0,Suburban,5.0,1,Sedan,1,3,Yes,2.0,Yes,Low,No
27,Female,134051.0,Suburban,32.5,2,Sedan,1,6,No,1.0,Yes,Low,No
25,Male,88137.0,Suburban,39.15,2,SUV,7,6,Yes,3.0,No,Low,No
46,Male,31946.0,Urban,65.3,2,Sedan,11,6,No,3.0,Yes,Low,No
57,Female,136025.0,Urban,16.1,2,Truck,12,9,No,5.0,Yes,Low,Yes
38,Male,87649.0,Urban,55.0,2,SUV,4,8,Yes,4.0,No,Low,No
52,Male,105640.0,Urban,33.1,1,SUV,12,17,Yes,4.0,Yes,Low,No
55,Male,59845.0,Urban,48.7,2,Sedan,3,12,Yes,1.0,Yes,Low,No
52,Other,64505.0,Suburban,70.6,1,SUV,3,3,Yes,2.0,Yes,Low,No
27,Male,55988.0,Rural,46.6,1,SUV,0,1,Yes,3.0,No,Low,No
62,Female,72874.0,Urban,37.5,2,Sedan,13,15,Yes,5.0,No,Low,Yes
33,Female,55447.0,Urban,73.5,1,Sedan,12,8,No,4.0,Yes,Low,No
28,Male,67519.0,Suburban,5.0,1,Sedan,3,1,No,3.0,Yes,Medium,No
42,Male,30000.0,Suburban,53.4,2,Hatchback,1,8,Yes,2.0,No,Low,No
65,Male,100055.0,Urban,42.4,2,SUV,2,12,No,2.0,Yes,Low,No
58,Female,122986.0,Rural,27.6,4,SUV,0,2,No,2.0,Yes,Medium,No
66,Male,71909.0,Urban,25.6,1,Sedan,8,6,No,3.0,No,Low,No
30,Female,77421.0,Urban,44.0,3,SUV,3,16,No,1.0,No,Low,No
68,Male,32447.0,Suburban,25.5,1,Hatchback,5,6,Yes,5.0,No,Low,No
38,Male,61984.0,Urban,17.4,1,SUV,8,19,Yes,3.0,Yes,Low,No
63,Male,75311.0,Rural,23.3,1,SUV,0,3,Yes,2.0,No,Low,No
35,Male,68743.0,Suburban,54.0,1,Sedan,0,1,No,1.0,Yes,High,No
40,Female,77331.0,Suburban,5.0,3,Sedan,6,3,Yes,5.0,Yes,Low,Yes
26,Male,164769.0,Urban,51.8,2,SUV,9,11,No,1.0,No,Low,No
62,Male,119934.0,Suburban,53.7,3,SUV,4,6,Yes,5.0,Yes,Low,Yes
49,Female,75308.0,Urban,41.0,1,Sedan,14,3,Yes,3.0,Yes,Low,Yes
28,Female,66292.0,Urban,61.5,1,Truck,12,5,Yes,4.0,Yes,Low,No
37,Male,78447.0,Urban,102.5,3,Hatchback,11,6,No,3.0,No,Medium,No
63,Male,134502.0,Urban,72.8,1,Sedan,14,14,No,2.0,Yes,Low,Yes
33,Female,146423.0,Rural,44.4,2,Hatchback,1,1,Yes,5.0,Yes,Low,Yes
29,Female,59721.0,Suburban,28.8,2,Truck,5,1,Yes,2.0,Yes,Low,No
61,Male,42424.0,Urban,27.3,3,Sedan,8,18,Yes,1.0,Yes,Low,No
35,Male,86543.0,Suburban,30.1,3,SUV,4,6,No,3.0,Yes,Low,Yes
37,Female,153545.0,Urban,30.7,2,SUV,5,8,No,4.0,Yes,Medium,No
52,Female,30000.0,Suburban,90.1,3,Truck,3,1,No,1.0,Yes,Medium,No
46,Male,104084.0,Urban,5.0,4,Sedan,7,8,No,2.0,Yes,Low,No
65,Female,62240.0,Suburban,99.8,2,Hatchback,3,6,Yes,1.0,No,Low,No
57,Male,69396.0,Suburban,5.0,1,Sedan,3,9,No,3.0,Yes,Low,No
37,Female,105796.0,Suburban,31.1,1,SUV,3,3,Yes,5.0,Yes,Low,Yes
41,Female,94869.0,Suburban,12.8,1,SUV,6,2,Yes,2.0,Yes,Low,No
67,Female,59715.0,Urban,33.1,2,Truck,10,18,No,4.0,Yes,Low,No
27,Female,103331.0,Urban,74.2,2,Sedan,10,11,No,4.0,Yes,Low,No
56,Male,174000.0,Suburban,23.9,2,Sedan,6,1,No,1.0,Yes,Medium,No
46,Male,39084.0,Urban,52.4,3,SUV,3,9,Yes,4.0,Yes,Low,Yes
38,Female,102063.0,Urban,36.0,3,Sedan,6,4,No,5.0,Yes,Low,Yes
39,Male,66013.0,Urban,45.8,1,SUV,8,18,No,2.0,No,Low,No
26,Male,109965.0,Suburban,34.2,2,Sedan,3,1,Yes,3.0,No,Low,No
49,Male,42323.0,Urban,57.9,2,SUV,4,9,No,1.0,Yes,Low,No
66,Male,59798.0,Urban,37.4,1,SUV,8,17,No,1.0,No,Medium,No
34,Male,91589.0,Rural,7.7,1,Hatchback,2,1,Yes,4.0,No,Low,No
33,Male,63155.0,Suburban,59.6,2,SUV,6,5,Yes,3.0,Yes,Low,Yes
42,Female,86896.0,Rural,23.1,2,Sedan,1,2,Yes,5.0,No,Low,No
60,Male,119036.0,Urban,23.9,2,Sedan,9,9,No,2.0,Yes,Medium,No
48,Male,78544.0,Urban,50.0,1,SUV,5,3,No,3.0,No,Medium,No
61,Male,49395.0,Urban,15.9,2,Hatchback,8,17,Yes,3.0,No,Low,No
42,Male,132951.0,Suburban,12.9,2,Sedan,6,1,Yes,1.0,No,Low,No
48,Female,67079.0,Suburban,43.8,3,Hatchback,3,8,Yes,1.0,Yes,Low,No
62,Male,124071.0,Suburban,18.5,1,Hatchback,3,7,No,2.0,No,Low,No
63,Female,80653.0,Suburban,21.0,3,SUV,4,2,Yes,5.0,No,Low,No
50,Female,59539.0,Urban,56.4,2,SUV,2,6,Yes,2.0,Yes,Low,Yes
55,Male,142863.0,Suburban,10.6,1,Hatchback,1,5,Yes,4.0,Yes,Low,Yes
41,Male,79989.0,Urban,53.9,2,Hatchback,13,15,Yes,3.0,No,Low,No
55,Female,56777.0,Suburban,10.1,3,Sedan,3,5,Yes,2.0,No,Low,No
67,Male,138014.0,Suburban,5.0,2,SUV,1,7,Yes,4.0,Yes,Low,Yes
39,Male,174000.0,Urban,15.1,1,Sedan,10,11,No,2.0,Yes,Low,Yes
28,Male,54917.0,Urban,82.0,2,SUV,11,10,No,5.0,Yes,Low,Yes
27,Male,111495.0,Suburban,6.0,1,Sedan,4,1,Yes,4.0,No,Low,No
60,Male,97483.0,Urban,26.4,1,Truck,4,8,No,4.0,Yes,Low,No
68,Female,30000.0,Urban,16.3,2,SUV,14,5,No,5.0,Yes,Low,Yes
33,Female,51321.0,Rural,70.1,3,SUV,2,0,Yes,1.0,Yes,Low,No
54,Male,163475.0,Urban,47.4,1,Hatchback,11,10,Yes,3.0,No,Low,No
67,Female,107396.0,Urban,79.7,3,SUV,12,19,Yes,2.0,Yes,Low,No
69,Female,94270.0,Urban,26.1,2,Sedan,9,7,No,2.0,No,Medium,No
64,Male,51903.0,Rural,57.6,3,SUV,1,0,Yes,4.0,No,Low,No
59,Male,53210.0,Suburban,76.3,1,SUV,7,1,No,3.0,Yes,High,No
66,Male,111034.0,Urban,58.7,2,Sedan,13,18,No,5.0,Yes,Low,Yes
60,Male,85131.0,Suburban,51.4,2,SUV,6,8,Yes,4.0,No,Low,No
50,Female,47873.0,Suburban,51.4,1,SUV,1,1,No,2.0,No,Medium,No
29,Male,58816.0,Rural,31.3,2,Sedan,1,0,Yes,3.0,Yes,Low,No
52,Female,72896.0,Urban,14.7,2,Sedan,14,10,Yes,2.0,No,Low,No
43,Female,96710.0,Urban,45.7,3,Sedan,13,17,Yes,1.0,No,Low,No
53,Male,44623.0,Rural,41.5,3,Sedan,1,0,Yes,1.0,No,Low,No
37,Male,82601.0,Urban,14.5,2,Truck,12,12,No,4.0,Yes,Low,Yes
46,Female,64522.0,Rural,38.5,3,SUV,1,2,Yes,4.0,Yes,Low,Yes
53,Female,76270.0,Urban,28.9,2,Sedan,4,4,Yes,3.0,Yes,Low,No
29,Male,71980.0,Urban,23.6,2,SUV,3,17,No,5.0,Yes,Low,No
30,Female,61505.0,Suburban,35.3,2,Truck,6,1,Yes,5.0,No,Low,No
61,Female,88124.0,Rural,45.8,3,Sedan,0,0,Yes,5.0,Yes,Low,Yes
54,Male,111091.0,Suburban,52.3,3,SUV,7,8,Yes,4.0,Yes,Low,No
59,Male,30000.0,Urban,69.0,4,Hatchback,6,14,Yes,5.0,Yes,Low,No
58,Female,128491.0,Suburban,26.6,2,Truck,3,1,Yes,4.0,Yes,Low,No
36,Male,56023.0,Urban,43.2,2,SUV,10,13,No,1.0,Yes,Low,No
58,Male,108788.0,Suburban,17.1,2,Sedan,2,3,Yes,5.0,No,Low,No
60,Male,60022.0,Urban,42.8,2,Sedan,9,10,No,2.0,No,Low,No
68,Female,30000.0,Suburban,44.0,3,Sedan,4,5,Yes,4.0,Yes,Low,No
39,Female,30000.0,Urban,21.0,2,Hatchback,11,9,Yes,5.0,No,Low,No
35,Male,132715.0,Urban,43.7,2,SUV,9,8,No,2.0,Yes,Low,Yes
58,Other,142687.0,Urban,12.3,2,Sedan,10,11,No,5.0,No,Low,Yes
61,Female,91184.0,Urban,46.8,2,SUV,3,3,No,3.0,No,Medium,No
59,Male,104473.0,Rural,5.0,2,Hatchback,2,2,Yes,2.0,Yes,Low,No
55,Male,89657.0,Suburban,5.0,4,Truck,7,3,Yes,3.0,Yes,Low,No
25,Female,30000.0,Rural,5.0,1,Sedan,2,3,Yes,4.0,Yes,Low,Yes
46,Female,72604.0,Urban,28.4,1,Sedan,14,15,Yes,2.0,Yes,Low,No
45,Male,39370.0,Urban,43.4,2,SUV,14,6,Yes,5.0,Yes,Low,No
51,Female,119154.0,Rural,41.8,1,SUV,1,2,Yes,4.0,Yes,Low,Yes
25,Other,92387.0,Suburban,48.4,3,SUV,2,1,Yes,5.0,No,Low,No
29,Female,46590.0,Suburban,47.9,3,Sedan,0,8,Yes,2.0,Yes,Low,No
58,Male,30000.0,Suburban,18.3,1,Sedan,2,9,Yes,3.0,No,Low,No
52,Male,59242.0,Suburban,46.8,2,Sedan,7,2,Yes,3.0,Yes,Low,No
29,Male,30000.0,Urban,68.2,1,Hatchback,8,16,No,5.0,Yes,Medium,No
57,Female,107919.0,Urban,5.0,1,Truck,10,13,No,3.0,No,Low,No
35,Male,113501.0,Suburban,34.8,1,SUV,0,7,Yes,4.0,Yes,Low,No
68,Male,88069.0,Urban,12.6,2,SUV,5,9,Yes,5.0,No,Low,Yes
39,Female,38577.0,Urban,65.1,1,Hatchback,3,12,No,4.0,No,Low,No
31,Male,120429.0,Urban,43.8,1,Sedan,10,10,No,2.0,No,Medium,No
29,Male,78174.0,Urban,24.1,1,Truck,4,4,Yes,5.0,No,Low,No
32,Male,119183.0,Urban,103.7,3,Sedan,5,10,No,2.0,No,Medium,No
34,Female,70221.0,Urban,66.6,2,Truck,4,16,No,1.0,No,Low,No
49,Female,41430.0,Urban,34.5,1,Hatchback,11,10,No,4.0,No,Low,No
51,Female,88890.0,Urban,87.6,1,Truck,8,9,Yes,4.0,Yes,Low,Yes
61,Male,107565.0,Urban,71.6,1,Sedan,3,16,Yes,3.0,Yes,Low,Yes
38,Male,38657.0,Urban,106.0,1,Sedan,6,15,Yes,5.0,Yes,Low,Yes
55,Male,99357.0,Urban,30.2,3,Sedan,6,15,No,1.0,Yes,Low,No
48,Female,84070.0,Suburban,67.0,1,SUV,0,9,Yes,5.0,Yes,Low,Yes
69,Male,84207.0,Urban,33.7,1,Sedan,6,15,No,5.0,No,Low,No
43,Female,156163.0,Rural,30.1,1,Sedan,2,2,Yes,4.0,Yes,Low,Yes
57,Male,58922.0,Urban,5.0,2,SUV,10,17,Yes,3.0,Yes,Low,No
39,Male,44563.0,Rural,57.2,1,SUV,2,2,Yes,2.0,No,Low,No
54,Male,30000.0,Rural,8.7,2,Hatchback,2,0,Yes,1.0,No,Low,No
52,Male,140211.0,Suburban,41.6,1,Sedan,5,8,Yes,1.0,Yes,Low,No
57,Male,76033.0,Urban,37.7,3,Sedan,6,8,Yes,4.0,Yes,Low,No
68,Female,110621.0,Rural,5.0,1,Hatchback,0,0,Yes,2.0,No,Low,No
62,Male,58748.0,Urban,22.9,3,SUV,14,3,No,4.0,No,Low,No
69,Female,114161.0,Urban,92.7,1,Sedan,9,11,No,3.0,Yes,Medium,No
53,Male,45093.0,Suburban,60.1,2,Truck,0,7,Yes,4.0,Yes,Low,Yes
45,Male,81701.0,Urban,35.8,2,Sedan,14,17,No,2.0,No,Low,No
50,Other,48561.0,Urban,36.1,1,Hatchback,6,17,Yes,4.0,No,Low,No
44,Female,55977.0,Urban,47.3,1,SUV,10,18,No,2.0,No,Low,No
49,Male,46213.0,Urban,49.1,2,SUV,12,3,Yes,3.0,Yes,Low,No
28,Male,85022.0,Urban,75.1,2,Hatchback,13,10,Yes,4.0,Yes,Low,Yes
49,Male,96658.0,Urban,40.5,2,SUV,11,9,No,3.0,Yes,Low,No
69,Male,83686.0,Urban,16.1,2,Sedan,3,9,Yes,5.0,Yes,Low,No
31,Female,30000.0,Suburban,66.3,2,Sedan,3,8,Yes,4.0,Yes,Low,No
25,Male,51651.0,Urban,69.1,2,SUV,13,15,No,1.0,Yes,Medium,No
61,Female,83171.0,Urban,5.0,1,SUV,14,7,Yes,5.0,Yes,Low,No
55,Female,85465.0,Suburban,38.8,2,SUV,0,7,Yes,3.0,Yes,Low,No
34,Female,96007.0,Urban,29.8,3,Hatchback,7,5,No,5.0,No,Medium,No
49,Male,84758.0,Rural,51.7,1,SUV,0,2,Yes,3.0,Yes,Low,No
32,Other,157107.0,Urban,7.6,3,SUV,9,19,No,5.0,Yes,Low,Yes
48,Male,56830.0,Urban,5.0,4,Sedan,7,15,No,4.0,Yes,Low,Yes
41,Female,33108.0,Urban,35.0,1,SUV,11,3,No,1.0,No,Low,No
37,Male,120741.0,Urban,8.5,3,Truck,2,13,No,1.0,Yes,Medium,No
30,Female,101897.0,Rural,29.6,4,Sedan,2,3,Yes,1.0,No,Low,No
50,Female,123609.0,Suburban,22.7,2,SUV,1,7,Yes,4.0,Yes,Low,Yes
56,Male,47348.0,Rural,27.5,1,Sedan,0,3,Yes,4.0,Yes,Low,Yes
34,Female,31915.0,Urban,36.4,3,SUV,7,15,No,5.0,No,Low,No
39,Female,74657.0,Suburban,99.7,1,Sedan,3,9,Yes,3.0,Yes,Low,No
52,Male,68933.0,Urban,47.6,3,SUV,5,7,No,5.0,No,Medium,No
34,Female,105286.0,Suburban,5.0,2,Sedan,7,9,Yes,3.0,No,Low,No
48,Female,45616.0,Suburban,51.9,1,SUV,4,1,Yes,3.0,No,Low,No
47,Male,50650.0,Suburban,74.0,2,Sedan,2,4,Yes,4.0,Yes,Low,Yes
60,Female,57328.0,Urban,25.8,2,Sedan,8,17,Yes,5.0,Yes,Low,Yes
45,Female,62838.0,Urban,76.1,2,Sedan,9,6,No,1.0,Yes,Medium,No
36,Female,139003.0,Urban,40.5,1,Truck,8,7,Yes,3.0,Yes,Low,No
35,Male,41468.0,Rural,48.2,2,Sedan,0,2,Yes,4.0,No,Low,No
40,Female,79594.0,Urban,51.6,1,SUV,14,8,No,5.0,Yes,Medium,No
33,Male,126365.0,Urban,69.5,2,SUV,7,15,No,1.0,No,Low,No
68,Male,108643.0,Rural,54.9,1,Hatchback,0,1,Yes,2.0,Yes,Low,No
54,Male,64507.0,Urban,56.3,1,SUV,9,8,No,5.0,Yes,Low,No
57,Male,90090.0,Urban,80.6,2,SUV,5,5,No,3.0,No,Medium,No
29,Female,74709.0,Urban,37.1,1,Sedan,11,19,Yes,4.0,No,Low,No
28,Female,134223.0,Suburban,31.4,1,SUV,1,2,No,1.0,Yes,Medium,No
50,Male,72892.0,Rural,45.5,1,Sedan,2,0,Yes,4.0,No,Low,No
30,Other,91108.0,Suburban,30.7,1,Hatchback,1,1,Yes,2.0,Yes,Low,No
58,Female,57473.0,Urban,33.0,1,Truck,10,6,No,2.0,No,Low,No
46,Male,130651.0,Urban,62.1,1,Sedan,14,8,Yes,2.0,No,Low,No
33,Female,67409.0,Urban,54.9,2,Hatchback,10,6,Yes,4.0,Yes,Low,No
59,Female,116461.0,Urban,19.3,1,Sedan,2,19,No,4.0,Yes,Low,Yes
50,Female,30000.0,Urban,11.7,3,SUV,8,4,No,1.0,No,Low,No
50,Male,117106.0,Urban,16.0,2,Hatchback,2,8,No,4.0,Yes,Low,Yes
51,Male,77368.0,Urban,32.0,2,SUV,6,10,No,3.0,No,High,No
53,Female,168349.0,Urban,22.7,3,SUV,3,6,Yes,3.0,No,Low,Yes
62,Male,136752.0,Suburban,37.9,2,Sedan,6,7,No,1.0,Yes,Medium,No
60,Male,80192.0,Suburban,43.7,2,Sedan,0,3,Yes,1.0,No,Low,No
39,Female,133070.0,Urban,31.0,1,Hatchback,13,7,Yes,5.0,Yes,Low,Yes
34,Male,73727.0,Urban,50.4,1,Sedan,11,19,No,2.0,Yes,Low,No
36,Male,69083.0,Suburban,22.6,2,SUV,5,2,No,1.0,No,Medium,No
43,Male,102542.0,Suburban,73.8,1,SUV,7,4,Yes,1.0,No,Low,No
28,Female,97667.0,Suburban,42.6,1,Hatchback,4,7,Yes,2.0,Yes,Low,No
58,Female,78757.0,Suburban,25.1,2,Sedan,3,7,No,5.0,No,Low,No
38,Female,44910.0,Urban,71.9,1,Hatchback,10,17,Yes,2.0,Yes,Low,No
65,Female,52624.0,Suburban,82.9,2,Sedan,7,8,No,4.0,Yes,Low,No
31,Male,30000.0,Urban,65.8,2,Truck,14,18,Yes,1.0,No,Low,No
66,Female,98846.0,Suburban,27.1,2,Sedan,7,9,No,3.0,Yes,Low,Yes
33,Male,92649.0,Suburban,17.6,2,Sedan,7,8,No,1.0,Yes,Low,No
48,Female,58928.0,Urban,46.8,4,Sedan,6,6,Yes,4.0,Yes,Low,No
66,Female,97238.0,Urban,31.4,1,Sedan,11,7,Yes,4.0,No,Low,No
52,Female,78424.0,Rural,31.5,2,Sedan,2,0,Yes,3.0,Yes,Low,No
48,Female,66428.0,Suburban,52.4,3,Hatchback,5,4,Yes,3.0,Yes,Low,No
53,Male,104551.0,Urban,69.1,3,Sedan,3,7,Yes,5.0,No,Low,No
33,Female,118544.0,Rural,73.1,2,SUV,1,3,Yes,3.0,Yes,Low,No
54,Male,93899.0,Urban,37.7,1,Sedan,8,14,Yes,5.0,Yes,Low,Yes
67,Female,121286.0,Suburban,31.5,2,Truck,2,5,No,1.0,Yes,Low,No
27,Male,50513.0,Urban,48.6,1,SUV,2,7,No,2.0,Yes,Medium,No
50,Female,91282.0,Suburban,5.0,2,Truck,0,2,Yes,5.0,Yes,Low,Yes
32,Female,162631.0,Suburban,52.3,2,Sedan,3,1,Yes,4.0,Yes,Low,Yes
54,Female,104276.0,Suburban,47.9,1,Sedan,4,3,Yes,1.0,Yes,Low,No
61,Female,94957.0,Rural,30.7,2,Truck,0,1,No,2.0,No,Low,No
61,Female,134348.0,Urban,51.1,1,Sedan,8,8,Yes,5.0,Yes,Low,Yes
29,Female,47339.0,Suburban,70.6,3,Sedan,3,2,No,3.0,Yes,Low,No
51,Female,129257.0,Suburban,59.2,3,Sedan,4,8,No,4.0,No,Medium,No
43,Male,74499.0,Urban,60.7,2,Sedan,11,14,Yes,4.0,No,Low,No
31,Male,78595.0,Urban,41.1,2,Sedan,10,18,Yes,3.0,Yes,Low,No
27,Male,99073.0,Suburban,16.8,4,Sedan,4,1,Yes,4.0,Yes,Low,Yes
67,Female,115841.0,Suburban,87.8,2,SUV,4,6,Yes,5.0,Yes,Low,Yes
30,Female,109048.0,Suburban,5.0,3,SUV,0,7,Yes,2.0,Yes,Low,No
36,Female,107333.0,Rural,52.0,3,Sedan,0,3,Yes,3.0,Yes,Low,No
28,Male,68629.0,Suburban,55.8,2,Sedan,3,8,Yes,4.0,Yes,Low,Yes
62,Female,106588.0,Urban,40.7,1,SUV,11,6,No,5.0,Yes,Low,Yes
37,Female,47631.0,Urban,8.4,1,SUV,4,8,Yes,5.0,Yes,Low,No
26,Male,48910.0,Suburban,37.8,2,Truck,6,8,No,1.0,No,Medium,No
56,Female,78659.0,Suburban,66.6,1,Sedan,2,4,Yes,4.0,Yes,Low,No
62,Male,36404.0,Rural,62.1,2,SUV,1,2,Yes,2.0,Yes,Medium,No
50,Other,54887.0,Urban,79.2,4,Hatchback,5,18,Yes,3.0,No,Low,No
44,Female,46959.0,Rural,58.5,1,SUV,2,3,Yes,5.0,Yes,Low,No
50,Female,123304.0,Urban,40.2,1,SUV,2,3,Yes,3.0,Yes,Low,Yes
37,Male,49042.0,Urban,69.1,2,SUV,13,3,Yes,4.0,No,Low,No
36,Female,87128.0,Rural,38.5,2,Hatchback,1,0,Yes,1.0,Yes,Low,No
55,Male,36972.0,Suburban,46.5,1,SUV,0,3,Yes,1.0,Yes,Low,No
34,Male,67712.0,Rural,60.7,1,Truck,1,1,Yes,5.0,Yes,Low,Yes
56,Female,100732.0,Urban,49.0,1,SUV,2,12,No,3.0,Yes,Medium,No
46,Male,106432.0,Urban,5.0,2,SUV,2,18,No,4.0,Yes,Low,Yes
56,Male,81825.0,Suburban,37.4,2,Truck,6,6,Yes,5.0,Yes,Low,No
43,Female,114407.0,Suburban,6.1,2,Sedan,6,9,Yes,3.0,Yes,Low,Yes
50,Female,90508.0,Rural,61.7,1,Sedan,0,0,Yes,2.0,Yes,Low,Yes
60,Male,65726.0,Suburban,19.8,1,SUV,3,5,Yes,2.0,No,Low,No
41,Male,31124.0,Suburban,64.1,2,SUV,3,7,Yes,2.0,No,Low,No
42,Male,73377.0,Urban,5.9,3,Sedan,3,3,No,2.0,Yes,Low,No
48,Male,105020.0,Urban,43.3,3,SUV,4,9,Yes,4.0,Yes,Low,Yes
64,Female,75739.0,Suburban,28.5,2,Sedan,2,5,Yes,2.0,Yes,Low,No
41,Male,102406.0,Suburban,78.9,2,Truck,0,5,Yes,5.0,Yes,Low,Yes
64,Female,49618.0,Suburban,5.0,2,Sedan,5,4,Yes,1.0,No,Low,No
30,Male,45391.0,Urban,58.4,4,Truck,8,5,No,1.0,Yes,Medium,No
33,Male,53598.0,Urban,94.0,4,Sedan,13,6,Yes,5.0,No,Low,No
55,Female,123899.0,Urban,78.1,1,Truck,11,11,No,4.0,Yes,Medium,No
64,Male,77060.0,Urban,40.0,1,Sedan,10,9,No,3.0,Yes,Low,No
25,Male,66474.0,Suburban,62.6,3,SUV,4,5,Yes,5.0,Yes,Low,No
36,Male,73881.0,Urban,23.6,1,SUV,3,9,Yes,5.0,Yes,Low,Yes
32,Male,87466.0,Urban,52.4,3,Sedan,14,19,No,2.0,Yes,Medium,No
56,Male,109025.0,Suburban,37.4,2,Sedan,2,8,Yes,5.0,Yes,Low,Yes
29,Male,121827.0,Urban,37.3,1,Truck,6,8,Yes,4.0,No,Low,No
63,Male,45896.0,Suburban,10.8,1,SUV,1,8,No,3.0,Yes,Low,No
55,Male,112363.0,Urban,56.9,1,SUV,3,12,No,3.0,No,Low,No
68,Female,105309.0,Urban,44.5,2,Sedan,14,14,No,4.0,Yes,Low,Yes
42,Female,71149.0,Urban,25.9,2,SUV,9,10,No,2.0,Yes,Low,No
33,Female,75081.0,Urban,35.9,1,Sedan,5,3,Yes,4.0,Yes,Low,Yes
56,Male,106837.0,Urban,46.4,1,SUV,5,15,No,4.0,No,Low,No
61,Female,85277.0,Suburban,21.1,2,SUV,4,8,Yes,3.0,Yes,Low,No
28,Male,84758.0,Suburban,5.0,1,Sedan,5,4,Yes,4.0,No,Low,No
56,Male,128316.0,Suburban,52.1,2,Truck,5,2,Yes,4.0,Yes,Low,No
63,Male,79965.0,Suburban,54.8,2,SUV,6,9,Yes,2.0,No,Low,No
38,Female,130569.0,Urban,20.7,2,Hatchback,7,5,Yes,1.0,No,Low,No
54,Female,85224.0,Rural,9.5,2,Hatchback,1,0,Yes,3.0,No,Low,No
62,Male,51483.0,Urban,68.4,2,Hatchback,11,19,Yes,1.0,Yes,Low,No
42,Male,57076.0,Urban,58.8,1,SUV,14,6,No,3.0,No,Medium,No
25,Male,54322.0,Urban,10.3,2,Sedan,6,9,No,4.0,No,Medium,No
30,Male,60401.0,Urban,60.8,1,Sedan,14,12,Yes,1.0,No,Low,No
44,Female,84889.0,Suburban,25.9,3,SUV,7,4,Yes,2.0,No,Low,No
42,Female,75943.0,Suburban,18.8,2,SUV,2,1,Yes,4.0,Yes,Low,Yes
53,Male,109841.0,Suburban,37.0,1,SUV,5,6,Yes,1.0,Yes,Low,No
36,Male,88125.0,Urban,41.7,2,SUV,7,9,No,2.0,Yes,Low,No
42,Female,88041.0,Suburban,27.2,2,SUV,1,7,No,5.0,No,High,No
66,Male,47905.0,Urban,38.2,2,Sedan,8,9,Yes,2.0,No,Low,No
26,Female,95772.0,Rural,31.9,3,Sedan,2,0,Yes,4.0,Yes,Low,No
39,Male,101193.0,Rural,86.8,3,Truck,1,1,No,1.0,Yes,Medium,No
54,Male,66341.0,Urban,79.6,4,Hatchback,12,15,No,5.0,Yes,Medium,No
58,Male,113010.0,Urban,54.3,3,Hatchback,11,17,No,3.0,Yes,Low,No
67,Male,40316.0,Urban,22.3,4,Truck,5,18,No,4.0,No,Low,No
48,Male,68356.0,Suburban,20.1,2,Sedan,6,9,No,2.0,Yes,Low,No
41,Female,52451.0,Urban,26.4,3,Sedan,6,17,No,5.0,Yes,Low,No
29,Male,134433.0,Suburban,52.4,2,Sedan,0,3,No,2.0,No,Medium,No
29,Male,49857.0,Suburban,35.8,2,SUV,7,2,Yes,2.0,Yes,Low,No
33,Female,81751.0,Suburban,41.9,2,SUV,5,3,Yes,3.0,Yes,Low,No
27,Female,56520.0,Urban,25.8,2,Hatchback,10,14,No,2.0,No,Low,No
65,Female,66889.0,Suburban,32.6,1,Truck,2,7,Yes,4.0,No,Low,No
28,Male,53730.0,Suburban,46.5,2,Truck,4,6,Yes,4.0,No,Low,No
45,Male,94445.0,Suburban,100.3,1,SUV,0,6,Yes,3.0,No,Low,No
45,Female,78320.0,Urban,53.7,1,Sedan,10,10,No,1.0,No,Low,No
52,Female,102123.0,Urban,21.7,2,SUV,7,17,No,2.0,No,Medium,No
51,Male,53746.0,Urban,39.7,3,Hatchback,5,4,Yes,4.0,Yes,Low,No
29,Male,115744.0,Urban,8.3,1,Hatchback,2,15,No,2.0,No,Low,No
55,Female,155959.0,Rural,25.8,1,Sedan,2,3,Yes,2.0,Yes,Low,Yes
62,Female,41450.0,Suburban,5.0,2,Hatchback,4,5,Yes,4.0,Yes,Low,No
49,Female,70309.0,Suburban,5.0,2,Sedan,1,4,Yes,5.0,Yes,Low,Yes
28,Male,90396.0,Suburban,58.9,1,Hatchback,2,1,No,1.0,No,High,No
40,Male,30888.0,Suburban,45.1,2,SUV,1,8,Yes,3.0,No,Low,No
65,Male,86033.0,Urban,44.1,1,Truck,3,12,No,2.0,No,Medium,No
53,Male,106769.0,Rural,40.0,1,SUV,1,3,Yes,4.0,No,Low,No
48,Female,68445.0,Rural,36.5,1,SUV,1,1,Yes,5.0,No,Low,No
62,Male,84287.0,Rural,87.9,2,Truck,1,1,Yes,3.0,No,Low,No
64,Male,152758.0,Rural,31.4,1,SUV,0,3,Yes,2.0,Yes,Low,No
32,Male,119835.0,Urban,52.0,1,Sedan,5,13,No,3.0,No,Low,No
27,Male,76793.0,Suburban,38.8,3,Sedan,0,3,Yes,2.0,Yes,Low,No
67,Male,39812.0,Urban,27.8,2,Sedan,3,15,No,5.0,No,Low,No
55,Male,69687.0,Suburban,78.5,1,SUV,5,6,Yes,5.0,Yes,Low,Yes
29,Female,88556.0,Suburban,22.4,1,Hatchback,7,6,Yes,4.0,Yes,Low,No
46,Male,108860.0,Urban,43.3,2,SUV,11,5,No,1.0,Yes,Low,No
32,Female,142042.0,Suburban,23.7,3,SUV,5,6,Yes,3.0,Yes,Low,Yes
31,Male,80647.0,Urban,32.9,1,Sedan,10,11,Yes,3.0,Yes,Low,No
54,Male,30000.0,Suburban,41.2,2,SUV,3,7,Yes,4.0,Yes,Medium,No
38,Male,49277.0,Urban,28.3,3,SUV,7,8,No,5.0,Yes,High,No
47,Male,86126.0,Urban,34.8,3,Sedan,4,11,Yes,2.0,No,Low,No
69,Male,46845.0,Suburban,15.4,1,SUV,1,9,No,4.0,Yes,Low,No
31,Male,97646.0,Urban,36.6,3,Sedan,3,9,No,1.0,No,Medium,No
40,Male,82499.0,Suburban,52.4,1,Sedan,6,6,Yes,2.0,No,Low,No
57,Female,68192.0,Suburban,48.5,2,Hatchback,5,6,Yes,3.0,No,Low,No
43,Female,66085.0,Urban,52.2,2,Sedan,14,7,Yes,3.0,Yes,Low,Yes
60,Female,95277.0,Urban,5.0,1,Hatchback,13,11,No,4.0,No,Low,No
60,Female,121433.0,Suburban,40.9,1,Hatchback,0,5,No,5.0,Yes,Medium,No
34,Male,132884.0,Urban,41.9,3,Hatchback,9,11,No,3.0,Yes,Low,No
45,Female,87572.0,Urban,16.3,2,SUV,6,3,Yes,3.0,No,Low,No
38,Female,125011.0,Urban,52.9,2,Sedan,14,11,Yes,5.0,Yes,Low,Yes
27,Male,111935.0,Urban,89.7,3,Sedan,5,7,No,1.0,No,Medium,No
38,Female,115922.0,Urban,55.4,2,Sedan,2,7,No,2.0,Yes,Medium,No
68,Male,85372.0,Urban,28.1,4,Hatchback,11,3,No,2.0,Yes,Medium,No
25,Female,70358.0,Urban,5.6,1,Sedan,9,14,No,2.0,Yes,Low,No
63,Female,108681.0,Urban,19.5,2,SUV,6,7,No,5.0,Yes,Medium,No
26,Male,55413.0,Urban,69.0,2,SUV,6,5,Yes,4.0,Yes,Low,No
46,Male,85015.0,Suburban,77.3,2,SUV,1,8,Yes,1.0,Yes,Low,No
25,Female,84906.0,Urban,5.0,3,Sedan,2,14,Yes,1.0,No,Low,No
53,Female,103451.0,Suburban,49.0,3,SUV,6,5,Yes,2.0,Yes,Low,No
51,Male,172047.0,Rural,23.0,1,SUV,1,3,Yes,4.0,No,Low,No
26,Male,88903.0,Suburban,59.5,4,Sedan,7,5,Yes,3.0,No,Low,No
66,Female,112038.0,Rural,23.0,2,Truck,2,0,Yes,5.0,Yes,Low,Yes
31,Female,92880.0,Suburban,45.1,3,Sedan,7,8,Yes,3.0,No,Low,No
58,Female,114404.0,Rural,39.4,2,Sedan,2,0,Yes,5.0,Yes,Low,Yes
31,Male,75073.0,Urban,51.4,3,Truck,7,16,Yes,1.0,Yes,Low,No
56,Male,102031.0,Suburban,57.5,1,Sedan,6,3,Yes,1.0,No,Low,No
39,Male,32860.0,Suburban,7.9,2,Hatchback,2,1,Yes,3.0,Yes,Low,No
36,Male,88614.0,Suburban,28.6,2,Sedan,7,6,Yes,4.0,Yes,Low,No
49,Female,108193.0,Urban,60.0,1,Hatchback,3,17,Yes,2.0,Yes,Low,No
52,Male,67376.0,Rural,55.6,1,SUV,1,1,Yes,2.0,Yes,Low,No
65,Female,66159.0,Suburban,54.2,1,SUV,6,3,Yes,3.0,No,Low,No
35,Male,60627.0,Urban,52.5,2,Sedan,4,19,Yes,1.0,No,Low,No
34,Female,30000.0,Urban,55.4,1,Truck,2,10,No,4.0,Yes,Medium,No
61,Male,78415.0,Rural,35.2,2,Sedan,2,1,Yes,3.0,Yes,Low,No
42,Male,100262.0,Urban,49.9,1,Sedan,2,11,Yes,2.0,Yes,Low,No
38,Male,97515.0,Suburban,44.2,2,Hatchback,1,7,No,4.0,No,Medium,No
36,Male,75142.0,Suburban,38.349999999999994,4,Truck,7,5,No,4.0,Yes,Medium,No
66,Male,38962.0,Urban,41.8,1,Hatchback,3,16,No,1.0,Yes,Low,No
52,Male,78737.0,Urban,20.1,2,SUV,6,3,No,5.0,No,Medium,No
48,Female,84451.0,Suburban,55.0,1,SUV,1,3,Yes,3.0,No,Low,No
40,Other,98616.0,Urban,5.5,1,Truck,10,13,No,1.0,No,Low,No
66,Male,85906.0,Urban,41.75,2,SUV,10,10,No,3.0,Yes,Low,No
39,Female,105886.0,Urban,82.6,1,SUV,2,8,Yes,5.0,No,Low,Yes
45,Female,89091.0,Urban,29.3,2,SUV,7,8,Yes,4.0,Yes,Low,No
45,Female,88252.0,Suburban,34.3,2,SUV,5,9,Yes,3.0,Yes,Low,Yes
47,Male,111768.0,Suburban,27.8,2,Truck,2,7,Yes,2.0,No,Low,No
40,Female,84906.0,Rural,34.0,3,Hatchback,0,0,Yes,2.0,Yes,Low,Yes
50,Other,104614.0,Urban,91.5,2,SUV,7,9,Yes,2.0,Yes,Low,No
29,Female,101730.0,Suburban,62.7,3,SUV,2,7,Yes,1.0,No,Low,No
45,Male,106036.0,Urban,26.3,1,SUV,5,11,No,5.0,Yes,Low,Yes
63,Male,104912.0,Urban,87.6,1,Sedan,13,13,Yes,4.0,Yes,Low,Yes
27,Male,55757.0,Urban,68.1,2,Truck,9,9,Yes,2.0,Yes,Low,No
56,Female,95484.0,Urban,5.0,2,Sedan,8,14,No,1.0,Yes,Low,No
34,Male,149469.0,Urban,39.5,2,Hatchback,11,10,No,1.0,Yes,Low,No
60,Female,126575.0,Suburban,5.0,1,Sedan,7,7,Yes,2.0,Yes,Low,No
29,Female,94103.0,Suburban,66.7,1,Truck,5,8,Yes,4.0,Yes,Low,No
57,Male,102260.0,Rural,68.6,1,Sedan,1,0,Yes,2.0,Yes,Low,No
54,Female,83113.0,Rural,30.3,2,SUV,1,2,No,1.0,Yes,High,No
36,Male,62721.0,Suburban,8.9,3,SUV,6,5,No,2.0,Yes,Low,No
56,Female,30000.0,Rural,25.3,1,Sedan,1,0,Yes,4.0,No,Low,No
33,Female,83912.0,Suburban,31.7,2,SUV,6,6,Yes,4.0,No,Low,No
28,Male,57366.0,Suburban,70.1,3,SUV,5,3,No,2.0,Yes,High,No
50,Male,69483.0,Suburban,25.8,1,SUV,6,3,Yes,4.0,Yes,Low,Yes
26,Male,118953.0,Urban,87.5,3,Sedan,9,19,No,3.0,Yes,Low,Yes
69,Female,34278.0,Suburban,34.3,2,SUV,6,6,Yes,3.0,Yes,Low,No
27,Female,174000.0,Suburban,25.4,1,Sedan,3,9,Yes,5.0,Yes,Low,Yes
55,Male,95493.0,Rural,28.0,2,SUV,0,2,Yes,2.0,Yes,Low,No
68,Female,118522.0,Suburban,34.9,2,Hatchback,4,1,Yes,3.0,Yes,Low,Yes
69,Male,41733.0,Rural,23.1,1,Sedan,1,0,No,1.0,Yes,Medium,No
48,Female,35874.0,Urban,41.2,2,Sedan,10,7,Yes,5.0,Yes,Low,Yes
68,Male,132704.0,Urban,31.9,2,Sedan,8,15,No,1.0,Yes,Low,No
46,Male,66688.0,Suburban,68.5,2,Sedan,6,9,Yes,4.0,No,Low,No
30,Male,98064.0,Suburban,22.6,1,SUV,7,3,Yes,3.0,Yes,Low,Yes
37,Male,30000.0,Suburban,5.9,1,SUV,5,6,Yes,5.0,No,Low,No
65,Female,126834.0,Suburban,8.2,3,Sedan,4,4,Yes,5.0,Yes,Low,Yes
28,Female,58940.0,Urban,99.9,2,Sedan,12,5,No,2.0,Yes,Low,No
44,Male,168609.0,Urban,27.7,1,Sedan,9,15,No,1.0,Yes,Low,No
49,Female,82872.0,Urban,40.7,1,Hatchback,7,7,No,1.0,Yes,Medium,No
35,Male,77428.0,Urban,16.0,2,Sedan,14,4,No,1.0,Yes,Low,No
32,Female,82150.0,Suburban,14.6,2,Sedan,5,8,Yes,5.0,No,Low,No
62,Female,54006.0,Urban,55.1,2,SUV,12,14,No,4.0,Yes,Low,No
68,Male,30000.0,Suburban,47.2,2,SUV,0,6,Yes,3.0,Yes,Low,No
25,Female,101579.0,Urban,12.1,1,SUV,6,17,No,1.0,No,Low,No
63,Male,41088.0,Suburban,38.8,3,SUV,5,6,Yes,3.0,Yes,Low,No
68,Male,85426.0,Rural,31.4,1,Sedan,2,1,Yes,3.0,No,Low,No
67,Male,107090.0,Suburban,20.9,2,Sedan,0,1,Yes,1.0,Yes,Low,No
41,Male,44912.0,Suburban,16.6,3,Sedan,3,3,No,3.0,Yes,Medium,No
35,Male,84901.0,Suburban,55.7,2,SUV,6,4,Yes,5.0,Yes,Low,No
37,Male,114304.0,Urban,59.0,3,SUV,11,12,No,2.0,Yes,Low,No
67,Male,70258.0,Urban,52.5,2,SUV,9,6,Yes,1.0,Yes,Low,No
49,Other,38372.0,Rural,24.0,1,Truck,1,1,Yes,1.0,No,Low,No
69,Male,107652.0,Urban,57.2,2,Truck,10,5,Yes,4.0,Yes,Low,No
67,Female,127183.0,Suburban,38.6,2,Hatchback,3,8,Yes,4.0,Yes,Low,Yes
37,Male,30000.0,Rural,40.2,3,Sedan,1,2,Yes,2.0,Yes,Low,No
27,Female,94752.0,Suburban,5.0,3,Sedan,0,9,Yes,5.0,Yes,Low,Yes
59,Male,108929.0,Urban,47.0,2,SUV,8,8,No,5.0,No,Low,No
67,Male,121433.0,Urban,48.7,1,Sedan,8,4,No,4.0,No,High,No
41,Female,53279.0,Urban,19.3,2,Sedan,2,14,No,1.0,No,Low,No
47,Male,97267.0,Rural,88.7,4,Hatchback,0,1,Yes,2.0,No,Low,No
47,Male,85224.0,Suburban,72.1,3,Sedan,2,7,Yes,5.0,No,Low,Yes
56,Male,76795.0,Urban,78.2,2,SUV,9,17,Yes,5.0,No,Low,No
68,Female,74846.0,Suburban,55.3,2,Hatchback,4,5,No,5.0,Yes,Medium,No
54,Female,99297.0,Urban,88.2,1,SUV,13,12,Yes,2.0,Yes,Low,Yes
44,Female,140091.0,Urban,73.9,2,Hatchback,11,10,No,2.0,No,Low,No
54,Female,87830.0,Urban,65.0,3,Hatchback,4,18,No,1.0,Yes,Low,No
28,Female,70932.0,Suburban,48.1,1,SUV,0,9,Yes,5.0,Yes,Low,Yes
57,Female,66792.0,Rural,34.6,3,Sedan,0,3,Yes,1.0,No,Low,No
51,Male,67669.0,Urban,55.4,2,SUV,5,5,No,1.0,No,Medium,No
36,Male,103053.0,Suburban,61.7,1,Sedan,0,7,Yes,3.0,Yes,Low,No
69,Male,47899.0,Rural,19.0,1,Truck,2,3,Yes,5.0,Yes,Low,Yes
62,Male,84531.0,Urban,23.9,3,Sedan,7,17,Yes,5.0,Yes,Low,Yes
45,Female,107233.0,Suburban,45.9,1,Sedan,2,6,Yes,3.0,Yes,Low,No
49,Male,82345.0,Rural,15.6,1,Hatchback,2,3,Yes,4.0,Yes,Low,No
40,Female,78731.0,Urban,57.0,1,Truck,11,6,Yes,1.0,No,Low,No
26,Female,88902.0,Urban,28.7,1,SUV,11,13,Yes,3.0,Yes,Low,No
65,Male,131649.0,Urban,40.7,2,Hatchback,9,19,No,2.0,Yes,Low,No
38,Female,35531.0,Urban,8.6,2,SUV,5,17,Yes,5.0,Yes,Low,No
66,Male,86571.0,Urban,46.0,2,Sedan,9,16,No,3.0,Yes,Low,No
42,Female,30000.0,Rural,59.2,1,Truck,0,2,Yes,3.0,No,Low,No
68,Male,117448.0,Suburban,57.0,1,Sedan,3,5,Yes,3.0,No,Low,No
56,Male,123144.0,Rural,45.5,3,Sedan,2,0,Yes,3.0,Yes,Low,Yes
31,Male,105642.0,Suburban,35.2,1,Hatchback,5,4,No,5.0,No,Medium,No
47,Male,58657.0,Urban,51.0,2,SUV,9,14,Yes,3.0,No,Low,No
25,Male,89162.0,Urban,72.8,4,Sedan,11,11,No,1.0,Yes,Low,No
64,Male,69282.0,Urban,50.3,2,SUV,10,15,Yes,2.0,No,Low,No
37,Male,44745.0,Urban,40.3,4,Hatchback,7,4,Yes,1.0,Yes,Low,No
59,Male,87487.0,Suburban,51.5,1,Sedan,7,8,Yes,2.0,Yes,Low,No
55,Female,108065.0,Suburban,12.4,1,SUV,1,2,Yes,1.0,Yes,Low,Yes
56,Female,98629.0,Urban,29.3,2,Sedan,11,3,No,2.0,No,Low,No
67,Male,150673.0,Urban,85.8,1,Sedan,8,5,No,1.0,No,Medium,No
57,Male,33592.0,Suburban,47.5,2,Hatchback,7,5,Yes,5.0,No,Low,No
60,Male,56855.0,Suburban,46.1,2,Hatchback,1,5,Yes,4.0,Yes,Low,Yes
63,Female,51353.0,Urban,18.1,3,SUV,5,17,Yes,4.0,Yes,Low,No
63,Male,63600.0,Suburban,20.4,2,Sedan,3,7,Yes,5.0,No,Low,No
32,Male,30000.0,Urban,58.7,2,Truck,10,11,No,3.0,No,Low,No
68,Female,92836.0,Suburban,95.2,2,Hatchback,0,6,Yes,4.0,Yes,Low,No
61,Male,100920.0,Urban,30.8,1,Hatchback,3,13,No,1.0,No,Medium,No
63,Female,69817.0,Urban,14.9,3,SUV,7,15,No,1.0,No,Low,No
59,Male,55538.0,Urban,86.4,2,SUV,14,12,No,2.0,No,Low,No
69,Female,35937.0,Urban,82.7,1,Sedan,4,16,Yes,3.0,Yes,Low,No
65,Male,80051.0,Suburban,66.7,3,Hatchback,5,3,Yes,4.0,Yes,Low,Yes
54,Female,90191.0,Suburban,65.6,2,SUV,1,2,Yes,4.0,No,Low,No
39,Female,79563.0,Urban,5.3,2,SUV,4,6,Yes,4.0,No,Low,No
50,Male,163504.0,Suburban,49.5,4,Truck,2,6,No,3.0,Yes,Medium,No
28,Female,90981.0,Urban,59.4,2,Sedan,4,13,Yes,1.0,Yes,Low,No
56,Female,93479.0,Urban,66.8,1,SUV,8,9,Yes,1.0,Yes,Low,No
56,Male,119602.0,Suburban,56.8,1,SUV,6,6,Yes,1.0,No,Low,No
42,Female,69434.0,Urban,5.0,2,Truck,11,10,No,2.0,Yes,Low,No
48,Male,60403.0,Suburban,5.0,2,SUV,1,6,Yes,3.0,Yes,Low,No
62,Male,41946.0,Rural,58.6,2,Sedan,1,2,Yes,5.0,No,Low,No
36,Male,72660.0,Suburban,26.8,1,SUV,4,9,Yes,1.0,No,Low,No
60,Male,83017.0,Suburban,37.2,1,Sedan,2,5,No,5.0,No,Medium,No
61,Female,101620.0,Urban,5.0,2,SUV,12,4,No,3.0,No,Medium,No
30,Male,107129.0,Urban,24.7,2,Sedan,9,4,Yes,3.0,Yes,Low,No
27,Female,90422.0,Urban,26.7,1,SUV,8,12,No,1.0,No,Low,No
54,Female,151328.0,Rural,5.0,1,Hatchback,1,2,Yes,2.0,No,Low,No
51,Male,87611.0,Urban,5.0,1,Hatchback,9,15,No,3.0,Yes,Low,Yes
65,Female,155870.0,Rural,55.3,1,Sedan,2,2,Yes,1.0,Yes,Low,No
38,Male,101583.0,Urban,13.3,2,Hatchback,12,3,No,1.0,Yes,Medium,No
64,Male,79678.0,Suburban,40.9,3,SUV,1,6,Yes,3.0,No,Low,No
41,Female,40883.0,Rural,5.0,4,Hatchback,2,0,Yes,4.0,Yes,Low,No
58,Other,72815.0,Urban,30.1,2,SUV,3,5,No,3.0,Yes,Medium,No
39,Female,33819.0,Urban,62.7,2,Sedan,7,18,No,2.0,Yes,Medium,No
30,Male,104376.0,Urban,71.9,1,Hatchback,12,4,No,2.0,No,Medium,No
45,Male,52808.0,Suburban,27.5,2,Sedan,4,1,Yes,1.0,Yes,Low,No
28,Male,112925.0,Suburban,40.3,2,Sedan,0,9,No,1.0,No,Medium,No
39,Female,115516.0,Suburban,99.4,2,SUV,4,5,Yes,3.0,Yes,Low,Yes
61,Female,69320.0,Urban,37.7,2,SUV,14,16,No,1.0,No,Low,No
27,Female,85416.0,Suburban,66.9,2,Sedan,4,1,Yes,5.0,No,Low,No
38,Male,110851.0,Urban,25.0,2,SUV,2,13,Yes,3.0,Yes,Low,No
63,Male,67451.0,Rural,26.8,3,Sedan,0,2,Yes,5.0,No,Low,No
42,Male,49256.0,Urban,18.0,1,Sedan,9,8,No,1.0,Yes,Low,No
59,Female,46755.0,Suburban,35.5,1,SUV,4,9,Yes,3.0,Yes,Low,Yes
26,Female,70613.0,Urban,12.3,4,Sedan,4,11,Yes,4.0,Yes,Low,Yes
28,Male,33528.0,Urban,9.4,2,Sedan,5,17,No,4.0,Yes,Low,No
35,Male,78599.0,Rural,54.6,2,Hatchback,0,2,Yes,1.0,No,Low,No
27,Male,83782.0,Suburban,81.4,2,Hatchback,0,5,Yes,4.0,Yes,Low,No
30,Other,90372.0,Urban,18.1,2,Sedan,4,7,Yes,3.0,No,Low,No
27,Female,104886.0,Urban,40.1,2,SUV,2,9,No,1.0,Yes,Medium,No
69,Male,87216.0,Suburban,5.0,2,Sedan,6,4,Yes,1.0,Yes,Low,No
31,Female,44954.0,Suburban,5.0,1,SUV,7,9,Yes,4.0,Yes,Low,No
40,Male,40750.0,Suburban,61.2,4,Sedan,6,7,Yes,5.0,No,Low,No
28,Female,138530.0,Suburban,57.6,2,SUV,7,8,Yes,1.0,Yes,Low,No
38,Male,46471.0,Urban,37.1,3,SUV,10,12,No,3.0,No,Low,No
34,Male,74089.0,Urban,64.4,2,SUV,7,4,Yes,3.0,Yes,Low,No
43,Female,142525.0,Urban,21.4,1,Sedan,4,7,No,2.0,No,Medium,No
41,Female,97597.0,Urban,5.0,2,SUV,10,14,Yes,1.0,Yes,Low,No
50,Female,46679.0,Urban,21.4,1,Sedan,2,9,Yes,1.0,Yes,Low,No
48,Female,46407.0,Urban,5.0,3,Sedan,2,10,No,2.0,No,Medium,No
64,Male,90742.0,Urban,79.1,1,Sedan,8,14,No,3.0,Yes,Low,Yes
38,Female,116799.0,Urban,34.0,2,Sedan,6,17,Yes,4.0,No,Low,No
30,Female,63433.0,Urban,39.7,3,Truck,7,15,Yes,1.0,No,Low,No
67,Male,91148.0,Urban,74.1,1,Sedan,9,16,Yes,4.0,Yes,Low,Yes
64,Other,99312.0,Urban,34.8,1,Sedan,11,9,Yes,4.0,Yes,Low,No
39,Male,117280.0,Urban,75.4,1,Truck,9,3,No,5.0,No,Medium,No
30,Female,36742.0,Urban,73.4,3,Sedan,7,11,Yes,1.0,No,Low,No
52,Female,32779.0,Suburban,50.4,1,SUV,4,4,Yes,3.0,Yes,Low,No
42,Male,74183.0,Rural,42.8,1,Truck,1,1,Yes,4.0,Yes,Low,Yes
35,Female,44561.0,Suburban,57.9,1,Sedan,0,2,Yes,5.0,No,Medium,No
49,Other,81590.0,Urban,40.3,2,SUV,6,16,No,2.0,No,Low,No
53,Male,99721.0,Suburban,32.1,1,SUV,0,8,Yes,5.0,Yes,Low,Yes
56,Male,89464.0,Suburban,26.1,2,SUV,5,7,Yes,2.0,Yes,Low,No
44,Male,30000.0,Suburban,81.7,1,Sedan,7,2,Yes,3.0,Yes,Low,No
51,Other,119858.0,Urban,59.3,4,Hatchback,2,4,Yes,3.0,Yes,Low,No
56,Male,113258.0,Urban,20.3,2,Sedan,4,7,Yes,4.0,No,Low,Yes
69,Male,30000.0,Rural,26.3,2,SUV,0,1,Yes,5.0,No,Low,No
33,Male,54438.0,Suburban,23.3,1,Sedan,0,2,Yes,4.0,Yes,Low,No
33,Female,80476.0,Urban,46.1,1,Sedan,6,12,No,4.0,No,Medium,No
37,Male,52147.0,Urban,21.6,4,Sedan,2,3,Yes,3.0,No,Low,No
60,Male,144313.0,Urban,33.0,1,Sedan,9,4,No,1.0,Yes,Medium,No
35,Male,101041.0,Urban,5.0,2,SUV,4,9,No,3.0,Yes,Medium,No
46,Female,34740.0,Suburban,5.0,1,SUV,1,4,No,4.0,No,Low,No
27,Male,59053.0,Rural,34.1,2,Sedan,1,3,Yes,5.0,Yes,Low,No
25,Male,44981.0,Urban,25.9,2,SUV,13,5,No,2.0,Yes,Low,No
66,Female,107289.0,Urban,53.5,2,Sedan,2,4,No,3.0,No,Medium,No
68,Female,119742.0,Urban,69.7,3,Sedan,6,14,No,5.0,No,Medium,No
59,Female,84758.0,Urban,39.0,1,Sedan,11,14,No,2.0,No,Low,No
34,Male,79497.0,Urban,77.2,3,Hatchback,8,3,No,1.0,Yes,Medium,No
33,Male,80044.0,Suburban,18.0,1,Truck,0,7,Yes,4.0,No,Low,No
59,Male,46629.0,Urban,37.4,2,SUV,14,5,No,4.0,Yes,Low,No
33,Other,166549.0,Suburban,20.0,2,Truck,5,7,Yes,3.0,Yes,Low,Yes
30,Female,116959.0,Urban,27.9,1,Hatchback,13,18,Yes,1.0,No,Low,No
26,Female,31527.0,Urban,65.4,4,Hatchback,4,6,No,1.0,No,Medium,No
48,Female,30000.0,Urban,36.1,1,Hatchback,3,11,Yes,4.0,Yes,Low,No
34,Male,145388.0,Urban,54.9,2,Sedan,6,6,No,2.0,Yes,Medium,No
58,Male,130953.0,Suburban,70.4,1,Sedan,6,4,Yes,2.0,No,Low,No
44,Female,80545.0,Urban,22.0,1,SUV,11,14,No,2.0,Yes,Low,No
29,Male,84287.0,Suburban,56.5,2,SUV,5,7,Yes,3.0,No,Low,No
35,Female,108459.0,Suburban,28.1,3,SUV,6,5,Yes,4.0,Yes,Low,No
55,Female,86877.0,Suburban,58.0,4,Sedan,4,7,Yes,4.0,Yes,Low,Yes
63,Other,147727.0,Suburban,45.8,1,Hatchback,3,1,Yes,2.0,No,Low,No
42,Male,106101.0,Rural,59.1,4,SUV,1,3,Yes,3.0,Yes,Low,Yes
46,Male,70905.0,Suburban,41.4,2,Sedan,3,9,Yes,3.0,No,Low,No
59,Male,134429.0,Suburban,36.1,2,Truck,6,1,Yes,4.0,Yes,Low,No
60,Female,106718.0,Urban,82.6,3,SUV,13,11,No,3.0,No,Low,No
62,Female,156522.0,Urban,68.7,3,Sedan,11,13,No,3.0,No,Low,No
35,Female,121391.0,Urban,33.1,1,Sedan,3,14,Yes,1.0,Yes,Low,No
40,Female,108214.0,Rural,42.7,2,Hatchback,2,1,Yes,4.0,Yes,Low,Yes
31,Male,106844.0,Urban,40.2,3,Sedan,9,6,No,5.0,Yes,Low,Yes
32,Male,41363.0,Suburban,54.8,1,SUV,7,4,No,5.0,Yes,Medium,No
59,Male,108909.0,Rural,74.6,1,Sedan,2,1,Yes,3.0,No,Medium,No
43,Male,130864.0,Suburban,31.6,4,Hatchback,7,8,Yes,2.0,Yes,Low,No
48,Female,66259.0,Rural,100.7,3,Truck,0,1,Yes,4.0,No,Low,No
27,Male,88899.0,Rural,55.6,1,Truck,0,1,Yes,4.0,Yes,Low,No
41,Male,71199.0,Urban,48.2,1,Sedan,6,17,No,2.0,No,Low,No
27,Male,148459.0,Suburban,55.9,1,Sedan,6,9,Yes,5.0,Yes,Low,Yes
48,Male,145041.0,Urban,47.7,2,Sedan,2,11,No,5.0,Yes,Medium,No
51,Female,84758.0,Urban,42.1,1,SUV,8,18,No,1.0,Yes,Medium,No
55,Female,48280.0,Rural,14.5,1,Hatchback,2,3,Yes,5.0,Yes,Low,Yes
30,Male,78527.0,Urban,17.2,2,Sedan,3,14,Yes,4.0,No,Low,No
62,Male,30000.0,Suburban,44.5,1,Sedan,6,3,No,1.0,Yes,High,No
37,Male,70377.0,Suburban,83.4,2,Sedan,4,2,Yes,4.0,No,Low,No
40,Female,107198.0,Urban,13.7,1,Sedan,11,3,No,5.0,Yes,Low,Yes
56,Male,108194.0,Urban,39.7,2,SUV,6,17,No,3.0,Yes,Low,No
26,Female,65414.0,Urban,49.0,1,SUV,3,14,No,2.0,Yes,Low,No
30,Other,106330.0,Urban,65.1,1,Sedan,8,13,No,5.0,Yes,Medium,Yes
38,Male,82325.0,Urban,32.5,1,Sedan,13,6,Yes,5.0,Yes,Low,Yes
64,Male,90285.0,Urban,47.1,1,SUV,7,5,No,3.0,Yes,Low,No
51,Female,35292.0,Urban,38.2,3,Sedan,3,17,Yes,2.0,Yes,Low,No
34,Male,94936.0,Suburban,15.5,2,SUV,4,6,No,1.0,Yes,Low,No
69,Female,111797.0,Rural,76.7,3,Hatchback,2,3,Yes,3.0,Yes,Low,No
68,Female,131054.0,Urban,71.5,2,Sedan,13,18,Yes,4.0,Yes,Low,No
62,Male,148144.0,Urban,7.1,1,Hatchback,12,9,No,2.0,No,Low,No
51,Male,104253.0,Suburban,59.3,2,Truck,7,3,Yes,4.0,No,Low,No
52,Male,46092.0,Suburban,24.2,2,Sedan,4,8,Yes,2.0,Yes,Low,No
31,Other,104975.0,Rural,47.5,2,SUV,2,0,Yes,5.0,Yes,Medium,No
35,Male,95906.0,Urban,30.8,1,Truck,4,6,Yes,1.0,Yes,Low,No
36,Male,74155.0,Rural,5.0,1,Sedan,1,2,Yes,5.0,Yes,Low,Yes
43,Female,98465.0,Urban,60.9,2,SUV,7,13,Yes,2.0,Yes,Low,No
44,Female,74183.0,Rural,48.1,2,SUV,0,3,Yes,5.0,No,Low,No
26,Other,86146.0,Rural,89.0,1,SUV,0,0,Yes,3.0,Yes,Low,Yes
60,Male,129625.0,Rural,52.0,1,Hatchback,0,0,Yes,1.0,Yes,Low,No
57,Male,92660.0,Urban,58.2,3,Hatchback,12,12,Yes,5.0,No,Low,No
25,Female,81051.0,Urban,77.7,2,Sedan,4,16,No,4.0,Yes,Low,Yes
33,Female,69955.0,Suburban,36.9,1,Sedan,4,5,Yes,5.0,Yes,Low,Yes
43,Female,61559.0,Suburban,44.9,2,Hatchback,6,8,Yes,1.0,No,Low,No
63,Male,65546.0,Urban,49.6,2,SUV,14,6,No,4.0,Yes,Medium,No
64,Female,93987.0,Suburban,10.8,3,Sedan,6,5,Yes,3.0,Yes,Low,No
36,Female,58919.0,Urban,58.8,1,Sedan,4,7,No,1.0,No,Medium,No
45,Male,95543.0,Urban,59.1,2,SUV,7,15,No,3.0,Yes,Low,No
48,Male,98740.0,Suburban,64.7,3,Hatchback,5,1,Yes,3.0,Yes,Low,No
60,Male,91766.0,Rural,30.5,1,SUV,1,1,Yes,2.0,Yes,Low,No
48,Female,134466.0,Urban,15.1,3,SUV,9,14,Yes,4.0,No,Low,No
64,Female,66928.0,Rural,32.7,1,Sedan,1,1,Yes,4.0,Yes,Low,No
65,Male,84287.0,Suburban,54.9,2,Sedan,5,9,Yes,1.0,Yes,Low,No
61,Male,72029.0,Rural,10.6,2,Sedan,0,3,No,2.0,No,Medium,No
68,Female,90367.0,Suburban,7.2,2,Sedan,3,1,Yes,4.0,Yes,Low,Yes
54,Male,131123.0,Urban,31.0,2,Sedan,9,18,No,5.0,Yes,Low,Yes
40,Female,84103.0,Urban,32.4,3,Truck,11,17,Yes,4.0,No,Low,No
63,Male,108419.0,Suburban,70.5,1,Sedan,6,1,Yes,3.0,Yes,Low,No
69,Male,173199.0,Suburban,40.3,2,SUV,1,2,No,5.0,No,Low,Yes
61,Male,99999.0,Urban,6.1,3,Sedan,11,16,No,2.0,No,Medium,No
68,Female,54394.0,Suburban,43.4,1,SUV,6,9,No,3.0,Yes,Medium,No
55,Female,87468.0,Urban,35.3,3,SUV,3,13,Yes,3.0,Yes,Low,No
34,Male,94878.0,Urban,42.1,2,SUV,2,9,No,3.0,Yes,Medium,No
60,Female,84150.0,Urban,91.5,4,Sedan,12,3,No,3.0,Yes,Medium,No
67,Male,99648.0,Rural,5.0,1,SUV,0,3,No,5.0,No,Medium,No
53,Male,84575.0,Suburban,49.0,1,SUV,2,2,No,5.0,Yes,Low,Yes
38,Female,118260.0,Urban,10.9,2,SUV,13,12,Yes,2.0,No,Low,No
43,Male,54325.0,Urban,58.1,1,Sedan,2,17,Yes,1.0,Yes,Low,No
45,Male,92121.0,Rural,5.0,2,SUV,0,1,Yes,2.0,Yes,Low,Yes
56,Female,45487.0,Rural,22.2,2,Hatchback,2,2,Yes,1.0,Yes,Low,No
28,Male,110624.0,Suburban,62.3,1,Sedan,0,8,Yes,5.0,Yes,Low,Yes
27,Female,51344.0,Urban,5.0,1,Truck,10,10,Yes,5.0,Yes,Low,No
68,Male,89501.0,Urban,5.0,3,SUV,6,8,Yes,2.0,No,Low,No
56,Male,90598.0,Urban,68.3,2,Hatchback,10,7,No,3.0,Yes,Low,Yes
68,Female,147642.0,Suburban,46.4,1,Sedan,6,6,Yes,5.0,No,Low,No
52,Male,115676.0,Urban,53.2,3,Sedan,4,8,No,3.0,Yes,Medium,No
66,Female,30000.0,Urban,30.1,3,Truck,13,18,Yes,4.0,Yes,Low,No
31,Female,48657.0,Rural,78.9,2,Sedan,1,2,Yes,4.0,No,Low,No
37,Female,141599.0,Urban,33.8,2,Hatchback,2,17,Yes,5.0,Yes,Low,Yes
40,Female,50298.0,Rural,51.0,4,SUV,2,2,Yes,1.0,Yes,Low,No
60,Female,56564.0,Rural,33.5,2,Hatchback,0,1,Yes,1.0,Yes,Low,No
46,Female,76430.0,Urban,44.7,1,SUV,4,13,No,1.0,Yes,Medium,No
51,Other,120355.0,Urban,72.8,3,SUV,6,3,No,1.0,No,Medium,No
57,Female,43166.0,Suburban,12.5,1,Sedan,0,9,Yes,2.0,No,Low,No
44,Female,101737.0,Suburban,16.9,3,SUV,7,4,Yes,3.0,No,Low,No
50,Female,62318.0,Urban,45.2,1,SUV,5,15,No,1.0,Yes,Low,No
45,Male,57174.0,Suburban,5.4,1,Sedan,5,1,Yes,5.0,Yes,Low,No
53,Male,53265.0,Urban,52.7,2,SUV,14,9,Yes,2.0,Yes,Low,No
64,Male,90034.0,Urban,68.6,2,SUV,2,14,No,5.0,Yes,High,No
42,Male,66638.0,Urban,5.0,1,Sedan,5,13,Yes,3.0,Yes,Low,No
27,Male,114050.0,Rural,64.1,1,SUV,0,3,Yes,2.0,Yes,Low,No
31,Female,50013.0,Urban,42.4,1,Sedan,4,10,No,3.0,No,Medium,No
31,Female,56342.0,Rural,47.9,4,Truck,1,1,Yes,2.0,No,Low,No
35,Male,56060.0,Suburban,14.4,1,Truck,7,1,No,1.0,Yes,Low,No
37,Male,73346.0,Urban,48.0,2,Sedan,3,11,No,2.0,Yes,Medium,No
64,Male,94707.0,Urban,27.9,1,Sedan,8,19,Yes,1.0,Yes,Low,No
45,Female,47163.0,Urban,57.7,1,Sedan,11,6,No,4.0,No,Medium,No
63,Male,174000.0,Suburban,36.7,1,SUV,7,3,Yes,5.0,Yes,Low,Yes
47,Male,111891.0,Urban,22.0,2,Sedan,13,18,Yes,2.0,Yes,Low,No
29,Female,30000.0,Suburban,17.0,1,Sedan,2,5,Yes,2.0,Yes,Low,No
63,Female,108464.0,Urban,23.3,2,Truck,12,10,No,4.0,Yes,Low,No
35,Female,110235.0,Urban,5.4,1,Truck,3,8,No,5.0,Yes,Low,Yes
51,Male,83557.0,Urban,18.2,2,Sedan,4,10,No,3.0,Yes,Low,No
38,Female,131332.0,Rural,39.4,2,Sedan,1,0,Yes,2.0,No,Low,No
62,Female,86415.0,Urban,19.4,2,SUV,3,10,No,3.0,Yes,Low,Yes
54,Female,51442.0,Suburban,25.0,1,Hatchback,3,9,Yes,1.0,No,Low,No
49,Female,77166.0,Suburban,22.2,2,Sedan,7,5,No,1.0,Yes,Medium,No
30,Female,161743.0,Urban,11.5,2,SUV,9,18,Yes,4.0,No,Low,No
35,Female,85794.0,Urban,25.0,1,Hatchback,9,17,No,5.0,No,Low,No
35,Female,129918.0,Rural,83.1,2,Sedan,0,1,Yes,2.0,Yes,Low,Yes
33,Male,78066.0,Suburban,72.5,1,Truck,4,5,Yes,2.0,Yes,Low,No
52,Female,116862.0,Suburban,38.5,1,Hatchback,6,7,Yes,1.0,Yes,Low,No
28,Male,134064.0,Urban,57.3,2,Hatchback,12,4,Yes,5.0,Yes,Low,Yes
25,Male,56396.0,Urban,58.4,2,Hatchback,4,14,No,2.0,Yes,Medium,No
28,Male,83745.0,Urban,34.0,2,SUV,14,8,No,3.0,Yes,Low,No
65,Male,45590.0,Urban,21.2,4,Truck,3,4,No,3.0,Yes,Medium,No
37,Female,32357.0,Suburban,26.4,2,Sedan,6,1,No,3.0,No,Low,No
66,Male,99498.0,Suburban,49.3,1,Truck,5,5,Yes,1.0,No,Low,No
55,Female,106765.0,Suburban,5.0,2,Sedan,5,3,Yes,1.0,No,Low,No
26,Female,84209.0,Suburban,5.0,2,Sedan,4,9,Yes,2.0,Yes,Low,No
44,Male,76848.0,Urban,52.2,1,Sedan,9,16,No,3.0,Yes,Low,No
60,Male,36044.0,Urban,41.0,1,Truck,2,11,No,3.0,Yes,Medium,No
64,Female,86042.0,Urban,5.0,3,Sedan,12,16,No,1.0,Yes,Low,No
42,Male,83386.0,Suburban,58.3,2,Truck,5,5,Yes,3.0,No,Low,No
26,Male,119214.0,Rural,52.1,4,SUV,1,1,Yes,3.0,Yes,Low,No
49,Female,61026.0,Urban,17.7,1,Truck,4,4,No,2.0,No,Medium,No
62,Male,65228.0,Rural,47.7,1,Hatchback,2,1,Yes,2.0,No,Low,No
30,Male,103070.0,Suburban,7.0,1,Sedan,7,3,No,1.0,Yes,Low,No
67,Female,35289.0,Urban,57.1,3,SUV,10,14,No,1.0,Yes,Low,No
49,Female,86986.0,Suburban,8.9,1,Sedan,4,7,Yes,5.0,No,Low,No
68,Female,64197.0,Suburban,10.8,2,SUV,0,3,Yes,4.0,No,Low,No
31,Female,103256.0,Urban,72.2,4,Sedan,14,18,No,2.0,No,Low,No
45,Male,76954.0,Urban,55.3,1,Sedan,6,7,Yes,3.0,Yes,Low,No
52,Male,48565.0,Suburban,56.7,2,SUV,5,2,Yes,1.0,Yes,Low,No
55,Male,67401.0,Suburban,82.5,2,Hatchback,2,2,Yes,3.0,Yes,Low,Yes
46,Male,30000.0,Urban,33.8,2,Truck,6,18,Yes,5.0,No,Low,No
35,Female,66987.0,Urban,28.9,2,SUV,12,13,Yes,1.0,No,Low,No
69,Female,30000.0,Urban,27.7,1,Hatchback,11,9,No,5.0,Yes,Low,Yes
58,Female,124823.0,Urban,70.8,2,Truck,12,8,Yes,4.0,Yes,Low,No
42,Male,91899.0,Urban,33.4,1,SUV,7,9,No,1.0,Yes,Low,No
59,Male,33091.0,Urban,27.9,2,Sedan,9,13,No,3.0,No,Low,No
49,Male,101286.0,Suburban,58.3,2,SUV,0,5,Yes,1.0,No,Low,No
56,Female,82195.0,Urban,15.8,2,SUV,4,3,No,2.0,Yes,High,No
68,Female,62482.0,Suburban,28.5,3,Sedan,0,3,No,4.0,Yes,High,No
50,Female,52573.0,Rural,40.7,1,SUV,2,2,No,5.0,Yes,Medium,No
43,Female,93420.0,Suburban,101.1,2,SUV,6,1,Yes,4.0,Yes,Medium,No
45,Male,101498.0,Urban,23.5,1,Sedan,11,6,Yes,3.0,Yes,Low,Yes
47,Male,69551.0,Suburban,8.7,2,SUV,6,2,Yes,2.0,No,Low,No
61,Female,80595.0,Suburban,55.0,1,SUV,3,6,No,4.0,Yes,High,No
57,Female,94598.0,Suburban,27.0,1,Sedan,5,4,Yes,2.0,Yes,Low,No
64,Female,43427.0,Suburban,49.3,2,SUV,2,4,Yes,5.0,Yes,Medium,No
46,Male,69622.0,Rural,37.9,1,Truck,1,0,Yes,2.0,Yes,Low,No
68,Female,42077.0,Urban,49.8,2,SUV,7,9,No,2.0,No,Low,No
58,Female,122455.0,Suburban,11.6,2,Hatchback,0,7,Yes,4.0,Yes,Low,Yes
64,Male,88813.0,Urban,40.9,2,Sedan,14,7,Yes,1.0,Yes,Low,No
33,Female,95846.0,Urban,42.7,1,SUV,2,11,Yes,1.0,Yes,Low,No
58,Male,87341.0,Urban,78.3,1,Hatchback,13,10,No,2.0,No,High,No
31,Male,30000.0,Suburban,79.3,1,SUV,0,7,Yes,5.0,Yes,Medium,No
48,Male,97627.0,Urban,38.4,2,Hatchback,4,7,No,3.0,No,Low,No
25,Female,30000.0,Suburban,43.6,1,Hatchback,4,3,No,5.0,Yes,Medium,No
33,Female,30000.0,Suburban,46.7,3,SUV,5,5,Yes,1.0,Yes,Low,No
32,Female,88179.0,Suburban,13.0,4,Sedan,6,8,No,1.0,No,Low,No
29,Female,121387.0,Urban,52.5,2,SUV,5,19,Yes,5.0,No,Low,No
33,Female,145079.0,Urban,82.7,3,Truck,12,9,Yes,4.0,Yes,Low,Yes
48,Female,116743.0,Suburban,79.7,3,SUV,5,2,Yes,3.0,Yes,Low,Yes
47,Male,75470.0,Rural,46.8,3,Sedan,0,0,Yes,1.0,No,Low,No
65,Female,120191.0,Suburban,70.1,2,SUV,5,6,Yes,5.0,Yes,Low,Yes
26,Male,132360.0,Rural,36.4,1,Sedan,2,1,Yes,1.0,Yes,Low,No
30,Female,108724.0,Suburban,5.0,3,Sedan,5,3,Yes,4.0,No,Low,No
35,Male,30000.0,Urban,90.8,1,Truck,6,9,No,2.0,No,Medium,No
43,Male,129781.0,Urban,28.1,1,Sedan,7,9,No,1.0,Yes,Low,No
56,Male,30000.0,Suburban,35.6,3,Sedan,1,9,Yes,3.0,Yes,Low,Yes
62,Female,74231.0,Suburban,55.6,1,SUV,6,1,Yes,2.0,Yes,Low,No
27,Male,161662.0,Rural,11.2,1,SUV,0,0,Yes,4.0,Yes,Low,No
54,Male,100740.0,Urban,69.8,3,Hatchback,12,5,Yes,1.0,No,Low,No
37,Female,77364.0,Urban,11.1,1,SUV,14,8,Yes,3.0,No,Low,No
61,Male,137570.0,Rural,43.6,1,Sedan,0,2,Yes,4.0,Yes,Low,Yes
46,Male,98064.0,Suburban,5.0,2,SUV,2,4,Yes,3.0,No,Low,No
35,Male,101152.0,Suburban,44.4,4,Hatchback,1,9,No,5.0,No,Medium,No
54,Female,102762.0,Suburban,5.9,1,Sedan,0,8,Yes,3.0,No,Low,No
31,Female,91412.0,Suburban,46.6,2,Sedan,6,8,No,2.0,No,Low,No
46,Male,138714.0,Suburban,33.6,4,Sedan,7,5,Yes,1.0,Yes,Low,Yes
67,Male,93105.0,Urban,40.3,2,Truck,7,5,No,1.0,No,Low,No
67,Male,46799.0,Urban,46.6,3,Truck,2,9,No,4.0,Yes,Medium,No
46,Male,46094.0,Urban,47.4,3,SUV,10,3,No,2.0,Yes,Low,No
45,Male,52127.0,Suburban,12.4,3,Truck,3,9,No,1.0,Yes,Low,No
58,Male,84906.0,Urban,29.0,3,SUV,8,5,Yes,1.0,No,Low,No
34,Female,96419.0,Suburban,82.5,1,Sedan,4,9,Yes,1.0,No,Low,No
44,Female,65003.0,Suburban,30.4,2,Sedan,5,3,Yes,5.0,No,Low,No
46,Male,93234.0,Urban,25.6,2,Sedan,4,12,No,5.0,No,Low,No
27,Female,114491.0,Urban,16.6,1,SUV,6,16,Yes,1.0,No,Low,No
48,Male,90493.0,Urban,5.0,2,SUV,2,5,Yes,1.0,Yes,Low,No
61,Female,51280.0,Suburban,6.6,1,Sedan,6,4,Yes,5.0,Yes,Low,No
48,Male,84868.0,Rural,44.7,1,Sedan,2,2,Yes,5.0,Yes,Low,Yes
43,Male,157270.0,Urban,32.2,1,Truck,7,17,No,3.0,Yes,Low,Yes
28,Male,91374.0,Urban,43.5,1,Hatchback,5,5,Yes,3.0,No,Low,No
37,Male,73742.0,Urban,40.8,2,Truck,5,12,Yes,1.0,Yes,Low,No
30,Female,76920.0,Urban,18.2,2,Sedan,5,18,Yes,3.0,No,Low,No
38,Female,46018.0,Urban,80.3,2,Sedan,4,8,Yes,2.0,Yes,Medium,No
62,Male,31972.0,Urban,106.0,2,Sedan,11,11,Yes,1.0,Yes,Low,No
49,Male,85627.0,Urban,20.3,2,SUV,3,13,Yes,5.0,Yes,Low,Yes
58,Male,137940.0,Suburban,60.6,2,Sedan,4,3,No,1.0,Yes,High,No
27,Male,39254.0,Urban,28.4,3,Hatchback,7,11,No,1.0,No,Low,No
39,Male,158013.0,Urban,56.0,1,SUV,12,7,Yes,2.0,No,Low,No
50,Male,119480.0,Urban,47.6,2,Sedan,7,14,No,1.0,Yes,Low,No
37,Female,50361.0,Urban,66.2,3,SUV,4,12,No,1.0,No,Medium,No
66,Male,84532.0,Rural,32.4,2,SUV,0,3,Yes,1.0,No,Low,No
55,Female,52072.0,Suburban,38.2,1,Sedan,0,9,Yes,3.0,Yes,Low,No
45,Female,116397.0,Suburban,83.9,2,Sedan,3,4,Yes,1.0,No,Low,No
43,Other,95471.0,Suburban,26.1,4,Truck,0,3,Yes,3.0,No,Low,No
27,Female,62597.0,Suburban,73.3,1,Hatchback,3,6,Yes,5.0,Yes,Low,Yes
38,Male,87352.0,Urban,5.0,3,SUV,3,7,No,3.0,No,Low,No
49,Male,113601.0,Rural,77.5,1,SUV,0,0,Yes,3.0,Yes,Low,No
26,Male,107709.0,Urban,34.5,4,Sedan,2,16,Yes,5.0,Yes,Low,Yes
39,Female,130914.0,Suburban,68.4,1,Hatchback,4,4,Yes,1.0,Yes,Low,No
58,Male,62674.0,Urban,35.2,1,SUV,4,8,Yes,5.0,No,Low,No
56,Male,48991.0,Suburban,68.6,2,Sedan,4,5,Yes,5.0,Yes,Low,Yes
69,Male,73467.0,Rural,25.4,2,Sedan,2,0,Yes,4.0,Yes,Low,Yes
57,Male,121363.0,Suburban,19.5,1,Sedan,7,2,No,2.0,Yes,Medium,No
49,Male,92254.0,Rural,21.1,2,Sedan,0,1,No,3.0,Yes,Low,No
30,Female,45980.0,Urban,5.0,3,Hatchback,4,18,Yes,1.0,Yes,Low,No
37,Female,50167.0,Urban,66.3,2,Truck,5,8,No,3.0,Yes,Low,No
42,Male,71865.0,Suburban,5.0,1,Sedan,6,5,No,1.0,Yes,Medium,No
65,Male,81557.0,Urban,26.3,3,Sedan,8,19,Yes,2.0,No,Low,No
50,Male,31911.0,Urban,10.8,4,SUV,3,14,Yes,2.0,Yes,Low,No
27,Female,119040.0,Suburban,48.1,1,SUV,1,8,No,1.0,No,Medium,No
26,Female,78973.0,Suburban,48.0,1,Sedan,3,3,Yes,5.0,No,Low,No
44,Male,122876.0,Urban,52.8,3,Sedan,7,19,Yes,4.0,No,Low,No
32,Female,30000.0,Suburban,16.6,1,Sedan,6,7,Yes,4.0,No,Low,No
67,Male,122975.0,Urban,36.7,2,Sedan,5,8,No,4.0,Yes,Medium,No
34,Other,86407.0,Suburban,70.7,2,SUV,5,6,Yes,2.0,Yes,Low,No
36,Male,90662.0,Urban,34.4,2,SUV,10,6,No,2.0,Yes,Low,Yes
51,Female,117402.0,Urban,31.7,2,Sedan,3,7,No,4.0,No,Medium,No
56,Female,97571.0,Urban,38.6,1,Sedan,7,6,No,2.0,No,Low,No
32,Female,142955.0,Urban,50.3,1,Hatchback,5,7,No,3.0,Yes,Medium,No
67,Female,97425.0,Suburban,27.8,2,SUV,2,5,Yes,3.0,Yes,Low,No
30,Female,34531.0,Urban,70.9,2,Hatchback,9,12,No,4.0,Yes,Low,Yes
29,Female,134665.0,Suburban,24.2,3,SUV,4,7,No,3.0,No,Low,No
62,Male,165687.0,Urban,26.6,2,Sedan,3,3,Yes,2.0,Yes,Low,No
42,Female,133662.0,Suburban,64.3,3,Hatchback,1,1,Yes,2.0,No,Low,No
47,Male,50967.0,Urban,14.3,1,Hatchback,5,13,No,5.0,Yes,Low,Yes
26,Male,30000.0,Suburban,21.9,1,SUV,0,4,No,4.0,Yes,Medium,No
67,Female,76030.0,Urban,40.1,1,Sedan,12,11,No,3.0,No,Low,No
55,Female,123595.0,Urban,34.8,3,SUV,14,3,Yes,1.0,No,Low,No
54,Male,84287.0,Urban,62.9,2,Sedan,8,13,No,4.0,No,Low,No
35,Male,79298.0,Suburban,6.8,2,Sedan,7,4,No,5.0,Yes,Low,Yes
46,Male,67840.0,Rural,8.5,2,Hatchback,1,0,Yes,4.0,Yes,Low,Yes
26,Male,100402.0,Rural,29.3,2,Hatchback,2,0,Yes,5.0,Yes,Low,Yes
57,Female,109146.0,Urban,69.4,1,Sedan,12,8,No,4.0,Yes,Medium,No
28,Male,99308.0,Urban,47.9,1,Sedan,13,12,No,3.0,No,Low,No
37,Female,91330.0,Urban,22.6,4,Hatchback,4,5,No,4.0,No,Low,No
51,Male,148464.0,Urban,19.8,2,Sedan,14,14,No,5.0,No,Low,Yes
65,Male,86532.0,Suburban,42.4,2,Sedan,3,1,Yes,4.0,No,Low,No
63,Female,82437.0,Suburban,36.3,1,SUV,3,1,Yes,2.0,Yes,Low,No
49,Female,35012.0,Suburban,83.7,1,Sedan,5,2,No,2.0,No,Medium,No
58,Male,65800.0,Suburban,5.0,2,Sedan,1,3,Yes,1.0,No,Low,No
31,Male,91159.0,Urban,7.9,3,SUV,11,13,Yes,5.0,Yes,Low,Yes
38,Male,66606.0,Rural,44.9,1,SUV,0,2,Yes,3.0,No,Low,No
33,Male,51437.0,Urban,62.4,2,Sedan,6,8,No,2.0,No,Medium,No
60,Male,59522.0,Urban,76.1,3,Truck,11,11,No,3.0,Yes,Medium,No
66,Male,109479.0,Rural,52.7,2,Sedan,1,3,Yes,3.0,Yes,Low,No
29,Male,77550.0,Urban,50.6,3,SUV,8,6,No,1.0,No,Medium,No
33,Female,58561.0,Urban,68.9,2,Sedan,13,3,No,4.0,Yes,Medium,Yes
63,Male,80590.0,Suburban,46.4,2,SUV,0,2,Yes,4.0,No,Low,No
39,Female,130470.0,Urban,34.6,3,Sedan,3,6,Yes,4.0,Yes,Low,Yes
25,Female,53762.0,Urban,38.0,1,Sedan,4,11,No,5.0,Yes,Medium,No
30,Male,30000.0,Suburban,82.3,2,Truck,6,9,Yes,4.0,Yes,Low,No
41,Male,104635.0,Urban,28.9,1,Sedan,8,11,No,3.0,Yes,Low,No
26,Female,102280.0,Urban,5.0,2,SUV,8,12,No,3.0,Yes,Low,No
42,Male,131214.0,Suburban,10.8,2,SUV,4,9,No,4.0,No,Low,No
53,Male,77515.0,Urban,35.4,2,Hatchback,9,12,Yes,2.0,Yes,Low,No
27,Male,129551.0,Urban,30.9,1,Sedan,9,11,No,2.0,Yes,Low,Yes
46,Female,104916.0,Suburban,78.2,1,Sedan,0,7,Yes,2.0,No,Low,No
32,Male,126645.0,Suburban,67.5,1,Truck,0,4,Yes,3.0,No,Low,No
52,Female,69693.0,Urban,27.6,2,SUV,11,16,Yes,1.0,Yes,Low,No
44,Female,30000.0,Suburban,18.7,4,SUV,5,7,Yes,4.0,No,Low,No
34,Female,78051.0,Urban,42.3,1,Sedan,9,3,No,3.0,Yes,Medium,No
55,Male,144679.0,Rural,5.2,1,SUV,2,1,Yes,5.0,No,Low,Yes
28,Male,126955.0,Rural,53.9,3,Sedan,0,3,Yes,3.0,Yes,Medium,No
33,Female,75402.0,Urban,96.7,1,Truck,14,8,No,4.0,No,Low,No
49,Female,65359.0,Urban,60.0,2,Sedan,6,4,No,4.0,Yes,Medium,No
29,Female,125124.0,Urban,64.2,2,Sedan,6,13,Yes,1.0,Yes,Low,No
47,Female,82844.0,Urban,76.7,2,Truck,5,6,No,5.0,Yes,Medium,Yes
50,Male,37020.0,Urban,88.4,3,Truck,5,8,No,3.0,Yes,Medium,No
62,Female,122680.0,Suburban,39.3,2,Sedan,7,8,Yes,2.0,Yes,Low,No
56,Male,114733.0,Urban,59.2,2,SUV,8,10,No,4.0,Yes,Low,Yes
58,Male,84758.0,Suburban,60.1,1,SUV,3,3,No,2.0,Yes,Medium,No
44,Female,83682.0,Suburban,31.6,3,Truck,2,3,Yes,3.0,Yes,Low,No
52,Female,90030.0,Urban,15.7,2,Sedan,7,3,No,5.0,Yes,Medium,Yes
31,Male,68806.0,Urban,82.5,2,SUV,7,17,No,5.0,Yes,Low,Yes
57,Male,171467.0,Urban,5.0,2,SUV,10,13,Yes,2.0,Yes,Low,Yes
47,Other,97982.0,Suburban,98.2,3,Sedan,3,6,Yes,5.0,No,Low,No
25,Male,133279.0,Urban,61.7,1,Truck,7,11,Yes,4.0,Yes,Low,No
65,Male,91435.0,Urban,47.4,2,Sedan,12,9,No,3.0,No,Low,No
34,Female,42659.0,Urban,33.1,1,Truck,10,13,No,1.0,Yes,Low,No
60,Female,65579.0,Suburban,48.7,1,Sedan,7,1,Yes,3.0,No,Low,No
54,Male,46833.0,Urban,5.6,2,SUV,2,8,No,2.0,No,Low,No
36,Female,58877.0,Urban,5.0,2,SUV,5,3,No,2.0,Yes,Medium,No
52,Female,85889.0,Suburban,36.6,2,Sedan,6,3,No,5.0,Yes,Low,Yes
64,Female,84287.0,Suburban,58.5,2,Sedan,6,5,No,4.0,Yes,Medium,No
65,Male,45419.0,Urban,36.7,2,Sedan,7,4,No,5.0,Yes,Low,Yes
45,Male,30000.0,Suburban,45.2,3,Truck,4,4,Yes,5.0,Yes,Low,No
66,Female,34091.0,Suburban,29.6,2,Hatchback,2,8,Yes,4.0,Yes,Low,Yes
53,Male,68372.0,Urban,5.0,3,Sedan,10,18,No,2.0,Yes,Low,No
65,Male,83658.0,Urban,67.4,1,Sedan,5,14,Yes,4.0,No,Low,No
63,Female,96508.0,Urban,5.0,1,Sedan,11,11,No,4.0,No,Low,No
42,Male,169534.0,Rural,58.2,1,Sedan,2,0,Yes,3.0,Yes,Low,No
27,Female,137450.0,Urban,56.9,4,Sedan,11,15,Yes,5.0,No,Low,Yes
35,Female,95119.0,Urban,31.6,3,Hatchback,7,6,No,1.0,Yes,Low,No
37,Female,30000.0,Urban,49.9,2,Hatchback,14,17,Yes,3.0,Yes,Low,No
28,Male,132101.0,Suburban,33.3,1,SUV,7,9,Yes,4.0,No,Low,No
33,Female,67836.0,Suburban,43.5,2,SUV,2,1,Yes,4.0,No,Low,No
65,Other,83796.0,Suburban,42.4,1,Truck,5,1,Yes,2.0,Yes,Low,No
34,Male,75850.0,Urban,38.7,3,SUV,6,6,No,1.0,Yes,Medium,No
35,Male,108330.0,Rural,69.3,1,SUV,1,1,Yes,5.0,No,Low,No
54,Female,83766.0,Suburban,5.0,1,Hatchback,7,8,No,2.0,No,Low,No
59,Male,31505.0,Urban,28.8,1,SUV,9,12,No,1.0,Yes,Low,No
52,Male,123536.0,Urban,52.9,2,Truck,12,8,No,5.0,No,Medium,No
54,Female,118810.0,Urban,5.0,2,Hatchback,5,16,Yes,1.0,Yes,Low,No
38,Male,122042.0,Urban,34.1,2,SUV,11,18,No,2.0,Yes,Low,No
56,Male,114943.0,Suburban,5.0,2,SUV,0,1,Yes,5.0,Yes,Low,Yes
28,Male,34520.0,Urban,68.5,2,Sedan,4,7,Yes,3.0,No,Low,No
45,Male,42465.0,Suburban,62.0,1,Sedan,5,2,Yes,4.0,Yes,Low,No
52,Male,30000.0,Urban,55.6,3,SUV,8,13,No,2.0,No,Medium,No
30,Other,38857.0,Urban,44.0,2,Sedan,3,17,Yes,2.0,Yes,Low,No
64,Male,73344.0,Rural,43.0,4,Hatchback,1,3,Yes,2.0,Yes,Low,No
45,Male,43018.0,Urban,8.5,2,SUV,12,8,Yes,2.0,Yes,Low,No
63,Female,78129.0,Rural,85.3,2,SUV,1,1,Yes,3.0,Yes,Low,No
53,Male,41344.0,Rural,51.3,1,Hatchback,2,3,Yes,4.0,No,Low,No
55,Female,101437.0,Suburban,24.4,1,SUV,7,7,No,4.0,No,Low,No
56,Male,30000.0,Urban,5.0,2,SUV,5,8,No,1.0,No,Low,No
27,Female,92266.0,Urban,43.5,1,Sedan,9,11,No,1.0,Yes,Medium,No
26,Male,76650.0,Urban,14.2,2,Hatchback,13,11,No,2.0,Yes,Low,No
31,Male,53089.0,Urban,75.6,1,Truck,2,8,No,4.0,Yes,Medium,Yes
55,Female,126966.0,Suburban,36.8,1,Sedan,6,1,Yes,3.0,Yes,Low,Yes
66,Female,113067.0,Suburban,40.4,2,SUV,2,5,Yes,5.0,Yes,Low,Yes
59,Female,49766.0,Suburban,30.3,1,Truck,4,5,No,2.0,Yes,Low,No
38,Female,121445.0,Rural,70.9,3,SUV,0,2,Yes,4.0,Yes,Low,No
55,Male,92901.0,Rural,69.4,2,SUV,2,0,Yes,2.0,No,Low,No
34,Male,72043.0,Rural,19.6,2,Sedan,1,1,Yes,2.0,Yes,Low,No
52,Male,87026.0,Rural,38.6,2,Sedan,0,0,No,1.0,No,Medium,No
66,Male,69920.0,Suburban,5.0,2,SUV,6,4,No,4.0,Yes,Low,No
60,Male,30000.0,Rural,5.0,2,SUV,0,2,Yes,2.0,No,Low,No
44,Male,32644.0,Suburban,38.2,1,SUV,1,8,Yes,4.0,No,Low,No
46,Female,110550.0,Urban,9.8,2,SUV,5,16,No,2.0,Yes,Low,Yes
64,Male,93655.0,Suburban,51.8,1,SUV,2,5,Yes,4.0,No,Low,No
59,Male,111031.0,Suburban,28.0,1,SUV,1,2,No,5.0,Yes,Medium,Yes
35,Male,98078.0,Urban,48.5,1,Sedan,4,15,Yes,1.0,Yes,Low,No
56,Female,86255.0,Rural,12.4,1,Hatchback,1,1,Yes,4.0,Yes,Low,Yes
38,Male,87809.0,Rural,65.9,3,SUV,1,2,Yes,3.0,Yes,Low,No
67,Male,62154.0,Suburban,52.3,3,Truck,3,4,Yes,2.0,Yes,Low,No
59,Male,130734.0,Rural,33.9,1,Sedan,1,1,No,4.0,Yes,Medium,No
44,Male,46477.0,Rural,5.0,3,Truck,0,3,Yes,2.0,Yes,Low,No
25,Female,100440.0,Urban,46.0,1,Truck,12,10,Yes,2.0,Yes,Low,No
52,Female,80006.0,Urban,6.2,1,Sedan,13,7,No,5.0,No,Low,No
51,Female,92614.0,Suburban,50.3,2,Sedan,0,6,No,3.0,No,Medium,No
52,Female,78278.0,Suburban,26.5,1,Sedan,4,5,Yes,5.0,No,Low,No
26,Male,58804.0,Urban,59.0,2,Sedan,13,13,Yes,3.0,Yes,Low,Yes
46,Female,115154.0,Rural,11.9,2,Hatchback,1,0,Yes,1.0,Yes,Low,No
31,Male,51921.0,Suburban,63.2,2,SUV,2,4,Yes,4.0,Yes,Low,Yes
69,Male,30000.0,Rural,40.1,1,SUV,0,0,Yes,2.0,No,Low,No
38,Male,63655.0,Suburban,24.3,1,SUV,7,1,Yes,5.0,Yes,Low,No
66,Female,86877.0,Urban,5.0,4,Sedan,6,8,Yes,2.0,Yes,Low,No
62,Male,107519.0,Urban,29.3,1,Sedan,5,15,No,1.0,No,Low,No
61,Male,89740.0,Suburban,57.1,3,SUV,6,3,Yes,4.0,Yes,Low,No
58,Male,94493.0,Rural,5.0,1,Sedan,0,1,Yes,2.0,No,Low,No
34,Male,108875.0,Urban,57.5,1,Sedan,11,19,Yes,1.0,Yes,Low,No
64,Male,74568.0,Suburban,62.0,1,SUV,4,5,Yes,3.0,Yes,Low,No
52,Male,104297.0,Suburban,73.5,2,Truck,7,8,Yes,5.0,Yes,Low,No
44,Female,59429.0,Suburban,42.2,1,Hatchback,2,7,Yes,1.0,No,Low,No
62,Male,39370.0,Suburban,28.8,2,Sedan,3,6,No,4.0,No,Low,No
28,Female,30000.0,Urban,75.0,2,Hatchback,13,16,Yes,1.0,Yes,Low,No
37,Female,30000.0,Rural,5.0,3,SUV,1,2,Yes,4.0,Yes,Low,Yes
29,Female,77530.0,Suburban,81.3,3,Sedan,5,7,No,3.0,Yes,Medium,No
45,Male,94303.0,Urban,64.2,1,Hatchback,13,17,No,4.0,Yes,Low,No
69,Male,100336.0,Urban,56.7,1,Sedan,7,11,No,4.0,Yes,Low,Yes
33,Female,68679.0,Suburban,49.0,1,Sedan,0,6,No,3.0,No,Medium,No
61,Male,104378.0,Suburban,48.5,1,SUV,0,3,Yes,2.0,Yes,Low,No
53,Male,128558.0,Suburban,90.6,1,SUV,6,2,Yes,5.0,Yes,Low,Yes
35,Male,78834.0,Urban,18.3,1,Sedan,10,5,No,1.0,Yes,Low,No
38,Male,124531.0,Urban,30.7,1,Sedan,6,17,Yes,2.0,Yes,Low,No
27,Male,84758.0,Urban,78.1,1,Sedan,11,11,No,5.0,No,Low,No
66,Female,84734.0,Urban,63.2,1,SUV,9,5,Yes,3.0,No,Low,No
47,Male,117506.0,Suburban,42.2,1,Sedan,5,1,Yes,3.0,Yes,Low,No
62,Female,74797.0,Urban,36.4,2,Sedan,10,11,No,2.0,No,Low,No
39,Female,52373.0,Urban,57.2,1,SUV,12,11,No,3.0,Yes,Low,No
52,Male,112176.0,Suburban,5.0,1,Sedan,2,1,Yes,1.0,No,Low,No
34,Male,61360.0,Suburban,19.0,1,SUV,4,1,No,4.0,No,Medium,No
30,Female,65757.0,Urban,63.0,1,Sedan,12,8,No,2.0,Yes,Low,No
39,Male,131725.0,Suburban,29.4,3,SUV,2,8,No,3.0,Yes,Low,Yes
37,Female,106618.0,Urban,38.5,2,Hatchback,6,15,Yes,3.0,Yes,Low,No
52,Female,41811.0,Urban,5.0,1,Sedan,8,4,No,1.0,Yes,Medium,No
47,Female,81353.0,Suburban,46.9,3,SUV,2,5,Yes,2.0,No,Low,No
36,Male,96021.0,Suburban,50.7,3,SUV,2,1,No,5.0,No,Medium,No
41,Female,49646.0,Urban,69.2,2,Hatchback,2,11,No,1.0,Yes,Low,No
44,Female,158214.0,Suburban,27.4,2,Truck,2,6,Yes,4.0,No,Low,No
42,Female,82313.0,Urban,40.1,1,SUV,10,8,No,2.0,No,Low,No
58,Female,89281.0,Suburban,57.6,1,Sedan,3,8,No,2.0,Yes,Low,Yes
42,Male,114059.0,Suburban,29.2,1,Sedan,0,7,No,3.0,No,Low,No
46,Male,48527.0,Urban,58.7,2,Hatchback,2,6,Yes,3.0,Yes,Low,No
42,Female,72886.0,Urban,35.0,2,Sedan,8,8,No,2.0,No,Low,No
61,Female,121896.0,Urban,29.9,4,SUV,2,10,No,3.0,Yes,Low,No
47,Female,160711.0,Suburban,25.9,4,Sedan,1,7,Yes,3.0,No,Low,No
39,Male,116931.0,Suburban,61.4,2,Sedan,5,4,Yes,5.0,No,Low,No
44,Other,35457.0,Rural,48.4,1,Hatchback,1,1,Yes,5.0,No,Low,No
47,Male,71627.0,Urban,57.1,2,SUV,4,16,No,2.0,Yes,Low,No
66,Male,36388.0,Rural,5.0,1,SUV,1,2,Yes,2.0,Yes,Low,No
68,Male,99661.0,Suburban,47.8,1,SUV,1,5,Yes,5.0,Yes,Low,Yes
66,Female,115813.0,Rural,39.0,2,Hatchback,1,1,No,4.0,No,Medium,No
56,Female,96954.0,Urban,32.5,2,SUV,11,11,Yes,1.0,Yes,Low,No
47,Male,130024.0,Suburban,39.5,2,SUV,6,7,Yes,4.0,Yes,Low,No
45,Male,151724.0,Urban,23.0,3,Sedan,9,19,No,3.0,Yes,Low,Yes
27,Female,92451.0,Urban,101.6,1,Sedan,10,10,No,1.0,No,Medium,No
29,Female,122568.0,Suburban,24.2,2,Sedan,0,4,Yes,4.0,No,Low,No
44,Male,30000.0,Urban,21.5,3,SUV,12,6,Yes,1.0,Yes,Low,No
28,Other,82942.0,Suburban,19.2,2,Sedan,5,3,Yes,4.0,No,Low,No
47,Male,61127.0,Suburban,19.5,3,Hatchback,1,8,Yes,2.0,Yes,Low,No
43,Male,78815.0,Rural,5.0,2,SUV,0,3,Yes,3.0,Yes,Low,No
35,Male,105706.0,Suburban,31.7,2,SUV,7,3,Yes,3.0,Yes,Low,No
49,Male,103167.0,Rural,37.0,2,SUV,0,2,Yes,1.0,No,Low,No
58,Male,38921.0,Rural,5.0,3,SUV,0,0,Yes,4.0,Yes,Low,No
51,Male,103616.0,Urban,40.6,2,SUV,13,5,No,5.0,Yes,Low,Yes
66,Male,125685.0,Urban,41.5,3,SUV,8,10,Yes,1.0,Yes,Low,No
66,Male,86448.0,Rural,6.2,1,Sedan,1,0,Yes,2.0,Yes,Low,No
27,Male,84906.0,Urban,45.2,3,Sedan,14,8,Yes,4.0,No,Low,No
33,Female,132695.0,Rural,7.2,3,SUV,2,0,Yes,1.0,Yes,Low,No
39,Female,34335.0,Urban,50.9,3,Sedan,12,3,Yes,3.0,Yes,Low,Yes
35,Male,61328.0,Urban,30.5,2,Sedan,10,16,No,5.0,No,Low,No
38,Female,103058.0,Urban,50.7,1,SUV,14,16,No,5.0,Yes,Low,Yes
49,Male,82805.0,Urban,27.8,1,SUV,12,14,No,5.0,Yes,Low,Yes
61,Female,73436.0,Suburban,65.4,1,Truck,6,6,Yes,4.0,No,Low,No
68,Male,62869.0,Urban,87.7,2,Sedan,4,4,Yes,3.0,No,Low,No
30,Male,96811.0,Suburban,24.3,1,Sedan,0,3,Yes,1.0,Yes,Low,No
34,Female,61669.0,Suburban,35.4,4,SUV,7,1,Yes,3.0,No,Low,No
29,Male,104125.0,Suburban,82.7,2,SUV,4,8,Yes,2.0,Yes,Low,No
66,Female,66492.0,Rural,84.9,2,Sedan,0,3,Yes,5.0,Yes,Low,No
25,Female,96458.0,Urban,31.0,2,Sedan,7,19,Yes,2.0,Yes,Low,No
30,Female,52416.0,Suburban,50.3,2,Hatchback,4,5,Yes,5.0,No,Low,No
47,Female,117793.0,Urban,32.9,2,Sedan,10,5,No,5.0,Yes,Low,No
54,Female,91566.0,Suburban,9.9,1,Truck,7,8,No,3.0,No,Low,No
48,Female,73882.0,Suburban,20.1,1,Sedan,6,4,Yes,5.0,No,Low,No
34,Female,30000.0,Urban,8.7,3,SUV,7,5,Yes,3.0,No,Low,No
29,Male,96347.0,Urban,93.6,2,SUV,6,17,Yes,4.0,Yes,Low,Yes
28,Female,30000.0,Suburban,20.4,1,SUV,7,5,Yes,5.0,No,Low,No
48,Male,77202.0,Urban,48.3,2,SUV,4,4,Yes,1.0,No,Low,No
68,Female,86068.0,Urban,45.5,3,SUV,9,16,No,5.0,Yes,Low,Yes
40,Female,82640.0,Urban,45.8,2,Sedan,7,5,Yes,1.0,No,Low,No
25,Other,88725.0,Urban,18.8,4,Sedan,4,16,Yes,2.0,No,Low,No
42,Male,116243.0,Rural,89.0,2,SUV,1,3,No,4.0,Yes,High,No
37,Female,57076.0,Urban,70.6,2,Sedan,9,6,No,5.0,Yes,Low,No
65,Female,90257.0,Suburban,31.0,2,SUV,0,5,Yes,1.0,Yes,Low,No
60,Female,41269.0,Rural,5.0,1,Sedan,1,3,Yes,2.0,Yes,Low,No
32,Female,30000.0,Urban,5.0,3,Sedan,7,17,No,2.0,Yes,Low,No
34,Female,165571.0,Urban,39.7,1,Hatchback,3,14,No,2.0,No,Medium,No
48,Male,87109.0,Suburban,15.0,1,SUV,7,7,Yes,4.0,Yes,Low,Yes
30,Female,125599.0,Suburban,49.5,2,SUV,6,9,Yes,3.0,Yes,Low,Yes
36,Female,49077.0,Urban,38.349999999999994,1,Sedan,4,16,Yes,3.0,Yes,Low,No
55,Female,107430.0,Rural,53.2,1,Sedan,2,2,Yes,1.0,Yes,Low,No
48,Male,46678.0,Rural,81.3,1,Hatchback,1,1,No,5.0,Yes,High,No
25,Male,93957.0,Urban,66.0,2,Truck,11,16,Yes,5.0,No,Low,No
35,Male,30000.0,Rural,5.0,1,Truck,2,3,Yes,2.0,Yes,Low,No
63,Female,104567.0,Urban,80.3,2,SUV,11,14,Yes,2.0,No,Low,No
44,Female,48469.0,Urban,42.2,4,Sedan,13,10,No,1.0,Yes,Low,No
58,Female,121098.0,Urban,12.6,2,Sedan,14,19,No,4.0,No,Low,No
43,Male,70809.0,Suburban,67.5,3,Hatchback,4,8,Yes,1.0,Yes,Low,No
59,Female,36126.0,Urban,23.1,1,SUV,4,17,No,5.0,Yes,Low,Yes
25,Male,135047.0,Suburban,30.1,2,Sedan,1,3,No,4.0,Yes,Medium,No
31,Female,63682.0,Urban,67.7,1,Hatchback,5,5,No,5.0,Yes,Medium,No
46,Male,119848.0,Suburban,77.6,1,SUV,4,6,Yes,3.0,No,Low,No
33,Male,107087.0,Rural,49.0,2,SUV,0,0,Yes,4.0,Yes,Low,No
65,Female,33767.0,Suburban,73.2,3,Sedan,6,1,Yes,2.0,Yes,Low,No
28,Male,57150.0,Rural,76.3,2,Hatchback,0,0,Yes,2.0,No,Low,No
58,Male,98559.0,Urban,15.5,1,SUV,3,13,Yes,2.0,Yes,Low,No
48,Female,112294.0,Suburban,72.7,1,Truck,0,2,Yes,5.0,Yes,Low,Yes
38,Male,97107.0,Urban,38.7,3,SUV,5,11,No,5.0,Yes,Medium,Yes
26,Female,147723.0,Rural,55.7,4,SUV,0,1,Yes,2.0,Yes,Low,No
54,Male,39917.0,Urban,60.4,4,Sedan,10,7,No,1.0,Yes,Low,No
65,Female,77795.0,Urban,9.2,2,Sedan,11,18,Yes,5.0,No,Low,No
25,Male,51918.0,Urban,5.0,2,SUV,9,19,No,4.0,No,Low,No
69,Female,55780.0,Urban,10.3,2,SUV,6,11,No,1.0,No,Low,No
51,Male,123800.0,Urban,55.3,2,SUV,6,8,No,1.0,Yes,Low,No
25,Female,104649.0,Suburban,32.7,2,Truck,3,3,Yes,1.0,No,Low,No
54,Male,65864.0,Rural,44.7,1,Sedan,1,0,Yes,1.0,Yes,Low,No
58,Female,97639.0,Urban,43.2,1,Sedan,5,12,No,1.0,No,Low,No
44,Female,73356.0,Suburban,35.0,1,Sedan,5,9,No,3.0,Yes,Low,No
42,Male,87755.0,Rural,21.2,3,Sedan,2,3,Yes,1.0,Yes,Low,No
48,Male,30000.0,Suburban,5.0,2,Sedan,2,9,Yes,5.0,Yes,Low,No
30,Male,92288.0,Suburban,38.9,1,SUV,4,7,Yes,1.0,No,Low,No
58,Male,84173.0,Urban,39.3,1,SUV,7,5,Yes,4.0,Yes,Low,No
46,Male,79548.0,Urban,5.4,2,Hatchback,11,13,Yes,3.0,Yes,Low,Yes
41,Female,75771.0,Suburban,7.0,1,Sedan,4,6,Yes,5.0,No,Low,No
50,Male,51978.0,Urban,5.0,3,Truck,10,6,Yes,2.0,Yes,Low,Yes
44,Female,139077.0,Urban,72.8,2,SUV,10,3,No,3.0,Yes,Low,Yes
66,Female,124119.0,Urban,49.4,3,Sedan,2,17,Yes,1.0,Yes,Low,No
39,Male,37132.0,Suburban,20.1,1,Hatchback,5,2,Yes,2.0,Yes,Low,No
51,Other,134900.0,Suburban,58.1,1,Hatchback,3,8,Yes,4.0,No,Low,No
30,Male,83827.0,Suburban,48.0,1,Sedan,0,4,Yes,4.0,Yes,Low,No
48,Male,132305.0,Suburban,64.7,1,Hatchback,0,9,No,5.0,Yes,Medium,Yes
69,Male,102300.0,Suburban,75.9,2,Sedan,4,4,Yes,4.0,Yes,Low,Yes
58,Male,92265.0,Urban,33.0,4,SUV,6,15,No,2.0,Yes,Low,No
53,Other,131789.0,Urban,34.7,3,Hatchback,10,5,No,5.0,Yes,Low,Yes
33,Male,91569.0,Urban,18.6,2,SUV,6,10,Yes,4.0,No,Low,No
34,Female,104447.0,Suburban,77.4,2,Sedan,5,4,Yes,2.0,Yes,Low,No
44,Male,63516.0,Urban,55.1,1,SUV,8,13,Yes,1.0,No,Low,No
40,Female,51776.0,Urban,59.3,1,SUV,10,16,No,4.0,Yes,Medium,No
28,Female,71025.0,Urban,52.5,3,SUV,2,14,No,5.0,Yes,Low,No
49,Female,74034.0,Suburban,31.5,2,Sedan,4,5,Yes,4.0,No,Low,No
60,Female,82934.0,Urban,27.1,2,Truck,4,16,No,5.0,Yes,Low,No
32,Female,79204.0,Urban,47.1,2,Hatchback,3,8,No,3.0,Yes,Medium,No
26,Male,67411.0,Urban,32.9,2,Truck,13,6,No,1.0,No,Medium,No
57,Male,30000.0,Urban,10.0,3,Sedan,8,3,No,5.0,Yes,Low,No
57,Female,63291.0,Urban,61.9,3,Sedan,2,18,Yes,1.0,Yes,Low,No
54,Female,30000.0,Urban,14.2,1,Sedan,9,11,No,2.0,No,Low,No
33,Male,110314.0,Suburban,76.0,2,Sedan,0,4,Yes,4.0,Yes,Low,No
43,Male,103578.0,Rural,76.9,2,Truck,1,0,Yes,3.0,Yes,Low,No
35,Female,74450.0,Urban,18.0,1,SUV,10,7,No,2.0,No,Low,No
27,Female,117771.0,Rural,30.2,1,Sedan,2,2,Yes,1.0,Yes,Low,No
44,Female,131085.0,Suburban,10.2,4,SUV,0,2,Yes,5.0,No,Low,No
40,Male,125937.0,Suburban,70.5,3,Sedan,4,9,No,3.0,Yes,Medium,No
51,Female,74686.0,Urban,65.5,1,Truck,12,17,No,1.0,No,Medium,No
42,Male,69116.0,Urban,73.2,2,Hatchback,6,10,No,1.0,No,Low,No
48,Female,147691.0,Urban,59.9,2,Truck,12,16,No,5.0,No,Medium,No
63,Female,107497.0,Urban,35.1,1,Sedan,13,6,Yes,3.0,No,Low,No
30,Female,63072.0,Suburban,82.6,3,Sedan,7,6,Yes,4.0,Yes,Low,No
67,Male,61160.0,Rural,41.0,1,SUV,0,1,Yes,3.0,No,Low,No
55,Female,42727.0,Suburban,61.5,1,Sedan,1,6,Yes,4.0,Yes,Low,No
55,Male,36612.0,Suburban,46.5,2,Sedan,4,4,Yes,1.0,Yes,Low,No
48,Female,53673.0,Suburban,33.7,1,SUV,3,2,Yes,4.0,No,Low,No
45,Female,87447.0,Urban,33.8,1,SUV,4,18,No,5.0,Yes,Low,No
66,Male,95408.0,Suburban,29.2,3,Truck,2,9,Yes,3.0,Yes,Low,No
52,Female,87835.0,Suburban,40.5,2,Sedan,1,9,Yes,1.0,Yes,Low,No
69,Male,30000.0,Suburban,50.0,1,Sedan,3,2,Yes,1.0,Yes,Low,No
49,Male,30000.0,Suburban,70.1,3,Sedan,4,2,No,3.0,No,Medium,No
61,Female,77770.0,Rural,66.3,1,SUV,0,2,Yes,3.0,Yes,Low,No
67,Male,75626.0,Rural,49.3,2,SUV,2,0,Yes,2.0,Yes,Low,No
41,Female,62659.0,Urban,11.1,1,Hatchback,2,10,Yes,1.0,No,Low,No
69,Female,88251.0,Urban,36.4,1,Sedan,11,19,Yes,5.0,Yes,Low,Yes
41,Female,75864.0,Urban,27.8,2,SUV,3,5,No,4.0,Yes,High,No
60,Male,98736.0,Urban,8.8,3,Hatchback,5,18,Yes,5.0,No,Low,No
43,Male,57010.0,Urban,51.5,2,Hatchback,14,17,No,1.0,No,Low,No
30,Male,141884.0,Urban,86.2,4,Sedan,14,18,Yes,5.0,No,Low,No
32,Female,78890.0,Urban,27.4,1,Hatchback,5,13,No,1.0,No,Medium,No
47,Male,83016.0,Urban,45.1,1,SUV,4,9,No,1.0,No,High,No
51,Male,30000.0,Urban,29.0,1,Truck,13,18,Yes,3.0,No,Low,No
59,Female,60796.0,Rural,69.8,2,Truck,0,2,Yes,4.0,Yes,Low,Yes
59,Male,53422.0,Suburban,51.7,1,Truck,2,7,Yes,2.0,No,Low,No
38,Female,61677.0,Urban,38.7,3,SUV,11,4,No,2.0,Yes,Low,No
41,Male,96877.0,Suburban,38.8,4,Sedan,4,9,Yes,3.0,Yes,Low,No
28,Male,104899.0,Urban,15.7,1,Truck,7,11,No,2.0,Yes,Low,No
41,Female,107944.0,Suburban,13.4,1,Truck,4,3,No,1.0,Yes,Low,No
33,Male,44738.0,Suburban,13.4,2,Sedan,6,1,No,4.0,No,Medium,No
63,Female,66100.0,Suburban,5.0,4,Truck,1,9,Yes,3.0,No,Low,No
48,Male,123460.0,Urban,41.2,2,Hatchback,3,7,Yes,5.0,Yes,Low,Yes
45,Female,64404.0,Suburban,28.4,4,Hatchback,0,5,Yes,3.0,Yes,Low,No
43,Male,102753.0,Urban,42.9,2,SUV,11,10,Yes,2.0,Yes,Low,Yes
54,Female,102189.0,Urban,12.8,3,Sedan,9,10,Yes,4.0,Yes,Low,Yes
45,Male,30000.0,Suburban,29.2,3,Sedan,6,4,Yes,2.0,Yes,Low,No
62,Male,123797.0,Urban,15.0,2,Sedan,12,19,Yes,4.0,Yes,Low,No
58,Male,69060.0,Urban,53.4,2,Sedan,8,18,No,2.0,Yes,Low,No
61,Female,79777.0,Urban,66.6,2,SUV,5,6,No,5.0,Yes,Medium,No
66,Female,41676.0,Urban,65.4,2,SUV,11,11,Yes,1.0,Yes,Low,No
43,Female,84426.0,Urban,35.6,1,Sedan,12,7,No,1.0,Yes,Low,No
67,Female,74769.0,Urban,5.0,1,Truck,9,9,Yes,2.0,Yes,Low,No
44,Female,30222.0,Suburban,5.0,3,Sedan,4,3,Yes,1.0,Yes,Low,No
44,Male,92244.0,Urban,41.150000000000006,2,Sedan,2,7,No,1.0,No,Low,No
45,Male,33977.0,Suburban,68.4,3,SUV,6,1,Yes,1.0,Yes,Low,No
31,Female,112232.0,Urban,24.7,2,Truck,14,9,Yes,1.0,Yes,Low,No
34,Female,102923.0,Urban,25.3,2,SUV,13,7,No,4.0,Yes,Low,No
39,Male,87431.0,Suburban,22.8,2,Sedan,4,7,Yes,5.0,No,Low,No
50,Male,95640.0,Urban,76.2,1,Sedan,12,9,Yes,4.0,No,Low,No
53,Male,65589.0,Urban,11.4,3,Sedan,13,5,Yes,3.0,Yes,Low,No
63,Female,110367.0,Rural,5.0,2,Sedan,2,3,Yes,4.0,Yes,Low,Yes
29,Male,65730.0,Suburban,95.8,3,Sedan,6,6,Yes,4.0,Yes,Low,Yes
54,Female,69061.0,Urban,55.9,1,Sedan,6,17,Yes,3.0,No,Low,No
56,Male,84758.0,Suburban,48.5,1,SUV,5,3,Yes,4.0,No,Low,No
44,Male,43898.0,Urban,67.9,1,Hatchback,7,17,Yes,4.0,Yes,Low,No
65,Male,46799.0,Suburban,33.5,2,Sedan,4,9,Yes,1.0,Yes,Low,No
57,Female,100703.0,Suburban,5.0,1,Sedan,0,8,Yes,4.0,Yes,Low,Yes
34,Male,59076.0,Suburban,55.4,2,Hatchback,1,3,No,5.0,Yes,High,No
64,Male,76657.0,Urban,41.3,3,SUV,5,10,No,4.0,Yes,Medium,No
28,Male,64290.0,Suburban,70.9,2,Truck,5,7,Yes,3.0,No,Low,No
26,Female,53414.0,Rural,17.2,1,Sedan,0,3,Yes,4.0,Yes,Low,No
36,Male,81785.0,Urban,23.9,1,Sedan,7,3,No,2.0,Yes,Low,No
50,Female,74407.0,Rural,9.8,3,Sedan,2,0,Yes,2.0,Yes,Low,No
69,Male,65444.0,Urban,26.2,1,SUV,4,6,No,3.0,No,Low,No
55,Male,88182.0,Suburban,49.1,2,Truck,4,3,Yes,4.0,Yes,Low,Yes
49,Female,84287.0,Suburban,68.5,2,SUV,1,2,Yes,2.0,Yes,Low,No
65,Female,90544.0,Suburban,14.3,1,Hatchback,0,5,Yes,4.0,No,Low,No
59,Male,72424.0,Rural,12.7,2,Sedan,1,0,Yes,5.0,Yes,Low,No
51,Male,70230.0,Suburban,37.4,2,Sedan,4,7,No,5.0,Yes,Medium,No
56,Male,97563.0,Urban,5.0,2,Hatchback,6,9,No,4.0,No,Low,No
64,Male,91756.0,Urban,17.7,1,SUV,3,18,No,4.0,No,Low,No
40,Female,97769.0,Urban,60.7,1,SUV,7,12,No,5.0,Yes,Low,Yes
52,Male,131018.0,Urban,25.3,3,SUV,4,12,Yes,5.0,No,Low,Yes
32,Male,94118.0,Urban,53.4,2,SUV,5,15,No,1.0,Yes,Medium,No
53,Male,86048.0,Suburban,54.2,1,Hatchback,2,6,Yes,5.0,Yes,Low,Yes
26,Male,47752.0,Urban,65.6,3,Hatchback,3,13,No,4.0,Yes,Medium,No
59,Female,174000.0,Rural,75.8,2,SUV,0,3,Yes,2.0,No,Low,No
37,Female,84287.0,Suburban,46.5,2,Sedan,1,9,Yes,1.0,Yes,Low,No
26,Male,122318.0,Urban,65.3,2,SUV,11,8,No,4.0,Yes,Medium,No
57,Male,80632.0,Suburban,39.7,2,Sedan,7,3,Yes,5.0,Yes,Low,No
26,Male,112134.0,Rural,46.4,1,Truck,2,1,Yes,2.0,No,Low,No
33,Female,85804.0,Suburban,90.7,1,SUV,4,4,No,2.0,No,Medium,No
55,Female,55530.0,Urban,34.3,3,Sedan,13,7,No,5.0,No,Low,No
43,Male,104851.0,Rural,5.0,2,SUV,0,0,No,2.0,Yes,Low,No
32,Female,71387.0,Suburban,37.2,1,Sedan,3,3,Yes,3.0,No,Low,No
39,Male,73254.0,Urban,32.0,3,SUV,5,11,Yes,2.0,Yes,Low,No
65,Male,105952.0,Urban,61.8,1,SUV,13,12,Yes,4.0,No,Low,No
69,Male,111311.0,Urban,72.5,1,Sedan,2,4,Yes,2.0,No,Low,No
68,Male,151713.0,Suburban,73.2,2,Sedan,0,3,Yes,1.0,Yes,Low,No
53,Male,56826.0,Urban,27.6,1,SUV,3,17,No,5.0,Yes,Medium,No
46,Female,41209.0,Suburban,5.0,2,SUV,5,1,Yes,1.0,Yes,Low,No
43,Male,108125.0,Urban,26.3,2,Truck,13,18,Yes,1.0,Yes,Low,No
41,Male,84683.0,Rural,77.6,2,SUV,0,1,Yes,2.0,Yes,Low,No
27,Male,56589.0,Urban,33.6,2,Truck,7,7,No,3.0,Yes,Medium,No
36,Other,114624.0,Urban,55.8,1,Hatchback,4,13,Yes,5.0,No,Low,Yes
32,Other,94720.0,Urban,59.0,2,Sedan,7,3,No,4.0,Yes,Low,Yes
42,Male,117719.0,Urban,30.6,2,Sedan,13,17,No,1.0,Yes,Low,No
63,Male,121067.0,Urban,36.1,1,Truck,12,3,Yes,2.0,No,Low,No
40,Male,30000.0,Suburban,11.7,1,SUV,2,9,Yes,2.0,Yes,Low,No
36,Female,105103.0,Suburban,30.8,1,Sedan,0,7,Yes,5.0,No,Low,No
69,Male,92431.0,Suburban,68.4,1,SUV,2,4,No,4.0,Yes,Medium,No
55,Male,77366.0,Rural,7.3,3,Sedan,0,2,Yes,5.0,Yes,Low,Yes
29,Female,32410.0,Urban,81.1,2,SUV,10,18,Yes,2.0,No,Low,No
61,Male,111380.0,Rural,41.4,2,Truck,0,0,Yes,4.0,Yes,Low,No
65,Male,56441.0,Urban,6.9,2,SUV,9,6,Yes,5.0,Yes,Low,No
32,Male,84287.0,Rural,15.4,2,Sedan,0,0,Yes,5.0,Yes,Low,Yes
47,Female,102390.0,Suburban,57.2,3,Sedan,2,8,Yes,4.0,Yes,Low,No
37,Male,138717.0,Urban,62.6,1,Sedan,12,5,No,4.0,No,Low,No
32,Male,132902.0,Suburban,31.7,2,Sedan,3,3,Yes,3.0,Yes,Low,No
34,Female,77462.0,Urban,47.0,1,Hatchback,12,12,No,3.0,No,Low,No
29,Female,117723.0,Urban,28.0,1,SUV,13,7,No,2.0,No,Low,No
45,Female,64530.0,Urban,6.5,1,Sedan,3,14,Yes,3.0,Yes,Low,Yes
65,Female,35506.0,Suburban,45.9,3,Sedan,7,9,Yes,5.0,Yes,Low,No
51,Male,53845.0,Urban,69.5,1,Sedan,2,6,No,2.0,No,Medium,No
60,Male,52876.0,Urban,5.0,1,Sedan,9,14,Yes,5.0,Yes,Low,Yes
41,Male,46399.0,Rural,32.9,3,Hatchback,1,2,Yes,4.0,No,Low,No
45,Male,103642.0,Suburban,21.1,2,Sedan,3,8,Yes,5.0,Yes,Low,No
25,Male,106569.0,Urban,59.0,3,Sedan,4,15,Yes,5.0,No,Low,No
48,Female,30000.0,Urban,48.0,2,SUV,5,13,No,5.0,No,Low,No
38,Male,52590.0,Rural,28.9,1,SUV,1,1,Yes,3.0,Yes,Low,No
31,Other,83396.0,Urban,5.0,3,SUV,11,15,No,2.0,Yes,Low,No
30,Female,76796.0,Urban,52.4,4,Truck,6,11,No,4.0,Yes,Low,Yes
43,Female,85724.0,Suburban,68.6,1,Sedan,7,1,Yes,2.0,Yes,Low,No
35,Other,86938.0,Urban,13.0,2,SUV,11,13,No,4.0,No,Low,Yes
52,Male,125048.0,Urban,18.7,1,SUV,6,3,Yes,4.0,No,Low,No
34,Male,98425.0,Urban,5.0,1,SUV,14,9,No,4.0,No,Low,No
47,Male,132267.0,Suburban,47.9,3,SUV,5,6,Yes,1.0,Yes,Low,No
62,Male,75436.0,Rural,53.3,3,Truck,2,2,Yes,5.0,No,Low,No
60,Female,144932.0,Rural,23.3,2,Sedan,0,2,Yes,3.0,No,Low,No
54,Female,117550.0,Suburban,14.6,2,SUV,5,6,Yes,3.0,No,Low,No
38,Male,50103.0,Suburban,23.9,2,Truck,0,9,Yes,3.0,Yes,Low,No
65,Male,42298.0,Urban,10.7,2,Sedan,2,16,Yes,5.0,No,Low,Yes
69,Male,83489.0,Suburban,44.5,1,Sedan,1,6,Yes,3.0,No,Low,No
33,Male,102503.0,Suburban,29.0,2,Sedan,1,9,Yes,3.0,Yes,Low,No
68,Male,38726.0,Urban,11.6,1,SUV,7,13,Yes,3.0,Yes,Low,No
50,Female,95579.0,Urban,32.9,2,Hatchback,14,19,No,1.0,No,Low,No
42,Female,50529.0,Urban,5.0,1,SUV,6,8,No,4.0,No,Low,No
55,Female,98444.0,Suburban,33.0,1,SUV,0,9,No,1.0,No,Medium,No
56,Male,92047.0,Urban,26.3,2,Hatchback,2,15,Yes,1.0,Yes,Low,No
56,Female,74481.0,Suburban,54.0,1,Hatchback,5,1,Yes,1.0,Yes,Low,No
35,Female,36947.0,Suburban,89.3,2,Sedan,2,9,Yes,4.0,Yes,Low,No
53,Female,113390.0,Urban,34.0,2,Sedan,4,3,Yes,1.0,No,Low,No
60,Male,33888.0,Urban,21.1,1,SUV,9,6,Yes,5.0,Yes,Low,No
59,Female,60438.0,Suburban,7.0,2,SUV,7,3,Yes,3.0,No,Low,No
40,Other,106031.0,Urban,63.5,2,Truck,11,3,No,3.0,Yes,Medium,No
28,Male,113372.0,Rural,52.2,2,SUV,2,2,Yes,3.0,No,Low,No
25,Male,118610.0,Rural,35.4,2,Sedan,0,0,Yes,2.0,Yes,Low,No
50,Male,59262.0,Rural,87.6,2,Hatchback,1,1,Yes,4.0,No,Low,No
37,Male,55952.0,Suburban,12.0,2,Truck,7,3,Yes,2.0,Yes,Low,No
65,Male,73261.0,Urban,42.1,1,Sedan,6,10,No,5.0,No,Low,No
47,Male,119457.0,Suburban,19.7,1,Hatchback,5,6,No,2.0,Yes,Low,No
36,Female,69082.0,Urban,71.7,2,SUV,6,10,No,2.0,Yes,Low,No
31,Male,111035.0,Suburban,54.3,3,Sedan,1,7,Yes,5.0,No,Low,No
61,Female,30000.0,Suburban,45.3,3,SUV,1,5,No,3.0,Yes,Medium,No
26,Female,138706.0,Suburban,67.7,2,SUV,0,8,Yes,4.0,Yes,Low,Yes
49,Female,97640.0,Suburban,26.2,2,Sedan,7,8,Yes,5.0,Yes,Low,No
65,Male,45078.0,Rural,67.8,1,SUV,0,2,Yes,2.0,Yes,Low,No
44,Female,68480.0,Suburban,67.4,3,SUV,2,3,Yes,2.0,Yes,Low,No
32,Male,62056.0,Urban,106.0,3,SUV,4,5,No,2.0,Yes,Medium,No
61,Female,75989.0,Suburban,33.1,1,Sedan,2,4,Yes,5.0,Yes,Low,Yes
60,Female,71997.0,Urban,47.2,4,Sedan,14,13,Yes,4.0,Yes,Low,No
59,Female,71198.0,Suburban,5.0,1,Sedan,5,4,Yes,2.0,Yes,Low,No
62,Male,63576.0,Urban,5.0,3,SUV,6,5,Yes,1.0,Yes,Low,No
34,Male,107854.0,Urban,65.7,1,Sedan,9,9,No,5.0,No,Low,No
47,Female,51258.0,Urban,5.0,2,Truck,12,17,Yes,4.0,No,Low,No
61,Male,134948.0,Urban,22.8,4,Sedan,4,12,Yes,5.0,Yes,Low,Yes
66,Male,126168.0,Urban,57.5,2,Sedan,8,7,No,5.0,Yes,Low,Yes
36,Female,101407.0,Rural,5.0,1,SUV,2,1,No,1.0,Yes,Medium,No
65,Female,83573.0,Urban,5.0,4,Truck,8,18,Yes,3.0,No,Low,No
30,Male,90724.0,Suburban,41.2,3,Sedan,5,1,Yes,2.0,No,Low,No
34,Male,46684.0,Urban,66.0,2,Sedan,4,17,No,1.0,Yes,Medium,No
49,Male,30521.0,Suburban,53.5,1,SUV,3,6,No,1.0,Yes,High,No
65,Female,94384.0,Urban,59.3,2,SUV,3,13,No,4.0,Yes,Low,Yes
55,Female,111861.0,Urban,57.0,1,Hatchback,5,6,Yes,3.0,Yes,Low,No
35,Female,111873.0,Rural,74.0,2,SUV,0,0,Yes,5.0,Yes,Low,No
47,Male,91758.0,Urban,70.9,1,Hatchback,13,16,No,3.0,No,Low,No
48,Male,96767.0,Suburban,71.0,1,Hatchback,1,2,Yes,1.0,Yes,Low,No
41,Male,78957.0,Rural,73.1,3,SUV,0,3,Yes,3.0,No,Low,No
51,Male,109214.0,Suburban,19.6,2,SUV,0,9,No,2.0,Yes,Low,No
37,Male,68336.0,Urban,41.7,2,Hatchback,10,12,Yes,5.0,Yes,Low,Yes
27,Male,63771.0,Suburban,56.0,3,Truck,5,1,Yes,2.0,Yes,Low,No
46,Male,101877.0,Urban,8.9,2,Sedan,7,6,Yes,3.0,Yes,Low,No
65,Female,30000.0,Suburban,85.0,2,SUV,2,7,Yes,3.0,Yes,Low,No
25,Male,63503.0,Suburban,44.7,1,Sedan,6,2,Yes,2.0,No,Low,No
28,Male,53784.0,Suburban,9.9,1,Sedan,2,2,Yes,4.0,Yes,Low,Yes
28,Male,84469.0,Urban,12.6,2,SUV,12,9,Yes,1.0,No,Low,No
46,Female,44355.0,Rural,28.6,1,SUV,1,3,No,3.0,Yes,Medium,No
65,Male,121947.0,Rural,10.6,2,Sedan,1,3,Yes,2.0,Yes,Low,No
30,Male,118346.0,Suburban,32.5,2,SUV,0,8,No,2.0,Yes,Low,No
44,Other,68037.0,Urban,76.9,1,Truck,3,4,Yes,4.0,Yes,Low,Yes
62,Male,57063.0,Rural,11.0,2,SUV,1,3,No,5.0,No,Medium,No
47,Male,88714.0,Suburban,5.0,1,SUV,2,5,Yes,1.0,No,Low,No
28,Female,106071.0,Urban,43.9,2,SUV,2,12,Yes,4.0,Yes,Low,No
55,Other,119512.0,Suburban,22.4,2,SUV,1,2,Yes,4.0,No,Low,No
43,Male,100872.0,Suburban,54.0,4,SUV,1,7,Yes,1.0,Yes,Low,No
48,Male,56682.0,Urban,50.1,1,Hatchback,8,4,Yes,3.0,Yes,Low,No
59,Female,64869.0,Suburban,49.1,1,Sedan,0,9,Yes,5.0,No,Low,No
57,Male,30000.0,Urban,12.9,2,Sedan,10,17,Yes,4.0,Yes,Low,No
47,Male,94686.0,Urban,70.8,1,Sedan,2,18,No,4.0,No,Medium,No
36,Female,77425.0,Suburban,6.2,3,Sedan,0,6,Yes,1.0,Yes,Low,No
49,Male,82469.0,Urban,9.6,1,Hatchback,4,8,No,2.0,No,Medium,No
48,Male,129828.0,Rural,50.2,2,SUV,1,2,Yes,1.0,No,Low,No
39,Male,95850.0,Urban,24.8,2,SUV,2,14,No,4.0,No,Low,No
25,Male,94049.0,Suburban,39.15,1,SUV,2,1,Yes,2.0,No,Low,No
27,Male,66034.0,Rural,86.6,3,Sedan,1,0,Yes,4.0,Yes,Low,No
52,Male,78911.0,Suburban,31.1,3,SUV,2,5,Yes,1.0,No,Low,No
63,Male,98784.0,Suburban,17.9,3,Sedan,0,6,Yes,1.0,No,Low,No
43,Male,70348.0,Urban,5.0,1,Truck,13,4,No,4.0,No,Low,No
46,Female,74597.0,Suburban,25.4,3,Truck,5,8,Yes,4.0,Yes,Low,Yes
34,Male,123098.0,Urban,36.2,2,Truck,12,10,No,1.0,Yes,Low,No
42,Male,117790.0,Suburban,54.4,3,Sedan,1,1,Yes,5.0,Yes,Low,Yes
58,Male,86877.0,Urban,39.1,4,SUV,9,17,No,2.0,No,Low,No
43,Female,101911.0,Urban,13.5,1,Hatchback,3,12,No,3.0,No,Low,No
60,Female,112761.0,Urban,22.3,3,Sedan,8,14,Yes,4.0,Yes,Low,Yes
63,Female,77607.0,Urban,74.2,2,Sedan,13,4,No,1.0,Yes,Medium,No
37,Female,116041.0,Rural,26.8,2,SUV,1,1,Yes,4.0,No,Low,No
40,Male,94443.0,Suburban,55.7,2,Sedan,7,9,Yes,4.0,No,Low,No
35,Female,69477.0,Urban,34.3,1,SUV,13,19,No,2.0,No,Medium,No
34,Male,30000.0,Suburban,54.6,3,Sedan,5,2,Yes,3.0,No,Low,No
46,Female,57669.0,Suburban,43.1,1,SUV,5,7,Yes,3.0,Yes,Low,No
54,Male,122922.0,Urban,33.3,1,Sedan,7,7,No,4.0,No,Medium,No
62,Female,123832.0,Suburban,31.1,2,Sedan,5,3,No,4.0,No,High,No
48,Other,52736.0,Suburban,5.0,2,Hatchback,0,8,Yes,3.0,Yes,Low,No
56,Male,31595.0,Suburban,38.0,4,SUV,6,8,Yes,4.0,Yes,Low,No
55,Female,91619.0,Urban,33.2,4,Truck,6,7,No,3.0,Yes,Low,No
29,Female,88465.0,Urban,41.8,1,Sedan,12,9,No,2.0,Yes,Medium,No
33,Female,92325.0,Suburban,70.8,1,Sedan,3,3,Yes,2.0,Yes,Medium,No
44,Female,77902.0,Urban,38.0,1,Sedan,3,17,Yes,2.0,Yes,Low,No
46,Female,39384.0,Urban,62.7,2,SUV,9,15,Yes,3.0,Yes,Low,Yes
52,Male,96984.0,Rural,35.3,2,Sedan,2,0,Yes,2.0,Yes,Low,No
30,Female,30000.0,Urban,36.9,2,Sedan,13,4,No,4.0,Yes,Medium,No
39,Female,76280.0,Urban,34.3,1,Hatchback,3,8,Yes,3.0,Yes,Low,No
44,Female,64223.0,Urban,78.8,1,Truck,3,4,Yes,5.0,Yes,Low,Yes
31,Male,81573.0,Suburban,57.3,1,Sedan,3,6,No,2.0,No,Medium,No
54,Male,42038.0,Urban,53.1,2,SUV,6,7,No,5.0,Yes,Medium,No
32,Female,50108.0,Urban,37.1,2,Sedan,9,4,No,5.0,No,Medium,No
67,Male,77673.0,Suburban,16.0,1,Hatchback,0,9,No,3.0,No,Medium,No
55,Male,81093.0,Urban,51.1,3,Hatchback,3,10,No,4.0,Yes,Medium,No
33,Male,126753.0,Urban,88.6,1,SUV,14,13,Yes,1.0,Yes,Low,No
59,Male,100704.0,Urban,75.3,2,Sedan,14,7,No,1.0,Yes,Low,No
57,Other,84758.0,Suburban,43.9,1,SUV,0,2,Yes,5.0,Yes,Low,No
49,Female,130744.0,Urban,15.1,1,Truck,11,14,Yes,4.0,No,Low,No
44,Male,88005.0,Suburban,41.150000000000006,2,Hatchback,2,3,Yes,4.0,Yes,Low,Yes
32,Female,88889.0,Urban,64.0,2,Truck,3,12,Yes,5.0,Yes,Low,No
31,Male,115823.0,Urban,5.6,1,SUV,7,13,No,2.0,No,Low,No
48,Male,85746.0,Rural,32.0,1,Sedan,0,3,Yes,1.0,Yes,Low,No
65,Female,136533.0,Suburban,33.5,1,Sedan,5,4,Yes,2.0,Yes,Low,No
47,Male,80266.0,Urban,42.2,1,Hatchback,12,7,No,4.0,Yes,Low,No
37,Female,126784.0,Urban,23.9,2,SUV,10,18,No,3.0,Yes,Low,No
61,Male,103850.0,Urban,5.0,1,Sedan,3,4,No,3.0,Yes,Medium,No
55,Male,110258.0,Rural,22.1,2,Hatchback,0,0,Yes,2.0,No,Low,No
64,Female,57073.0,Rural,57.7,1,SUV,0,1,Yes,5.0,Yes,Low,No
56,Female,64324.0,Urban,80.3,1,SUV,13,7,Yes,5.0,Yes,Low,Yes
56,Male,70572.0,Urban,74.6,4,Truck,5,14,No,1.0,No,Low,No
41,Male,61588.0,Urban,92.4,2,Sedan,8,9,Yes,3.0,Yes,Low,No
66,Male,137031.0,Urban,40.8,2,Sedan,13,15,Yes,3.0,Yes,Low,Yes
29,Female,30000.0,Urban,5.0,2,Sedan,14,16,No,3.0,Yes,Low,Yes
57,Female,73725.0,Suburban,42.9,2,Hatchback,3,7,Yes,3.0,No,Low,No
68,Male,121879.0,Suburban,45.2,2,SUV,6,6,Yes,5.0,Yes,Low,Yes
67,Female,50427.0,Suburban,5.7,2,SUV,3,5,Yes,2.0,No,Low,No
61,Female,85607.0,Suburban,74.7,1,SUV,7,5,Yes,3.0,Yes,Low,No
61,Male,30000.0,Suburban,23.9,1,SUV,7,3,No,3.0,Yes,Low,No
53,Male,57931.0,Suburban,106.0,1,Hatchback,4,6,Yes,1.0,No,Low,No
67,Male,92250.0,Urban,39.0,3,SUV,3,8,Yes,5.0,No,Low,Yes
67,Female,60520.0,Urban,25.8,2,Hatchback,4,18,No,5.0,Yes,Low,No
61,Male,102244.0,Suburban,5.0,1,Sedan,4,6,Yes,1.0,No,Low,No
53,Female,41387.0,Suburban,47.6,1,Sedan,4,1,Yes,3.0,Yes,Low,No
40,Female,136457.0,Suburban,49.2,2,SUV,4,9,Yes,2.0,No,Low,No
61,Male,125157.0,Rural,49.5,1,SUV,0,2,Yes,1.0,No,Medium,No
59,Female,60973.0,Urban,18.8,1,Sedan,4,19,Yes,3.0,Yes,Low,No
31,Male,74585.0,Urban,41.6,2,SUV,7,14,Yes,4.0,Yes,Low,Yes
59,Male,54371.0,Urban,64.1,1,Sedan,10,14,Yes,2.0,No,Low,No
26,Female,104303.0,Urban,76.8,2,Hatchback,7,8,No,5.0,Yes,Medium,No
25,Male,45772.0,Urban,39.5,2,Sedan,2,5,Yes,3.0,No,Low,No
63,Male,76869.0,Suburban,59.0,3,Sedan,4,7,Yes,4.0,No,Low,No
28,Female,106795.0,Urban,31.2,3,Sedan,9,15,Yes,5.0,Yes,Low,Yes
54,Other,83620.0,Suburban,47.2,4,Hatchback,4,6,Yes,1.0,No,Low,No
46,Male,38338.0,Suburban,13.1,3,SUV,7,3,No,1.0,No,Medium,No
31,Female,50525.0,Urban,24.6,3,Sedan,11,4,No,1.0,Yes,Low,No
46,Female,41438.0,Suburban,58.0,2,SUV,3,1,Yes,4.0,Yes,Low,Yes
62,Female,78434.0,Urban,57.8,2,Sedan,8,11,No,3.0,Yes,Low,No
44,Female,137855.0,Suburban,36.4,4,Hatchback,5,6,Yes,3.0,Yes,Low,Yes
43,Male,90425.0,Suburban,67.8,3,Hatchback,1,2,Yes,3.0,No,Low,No
67,Other,107060.0,Urban,22.8,2,Sedan,8,9,No,3.0,No,Low,No
30,Female,123066.0,Urban,60.1,1,Truck,8,7,Yes,2.0,No,Low,No
32,Female,54727.0,Rural,22.0,1,SUV,2,1,Yes,2.0,No,Low,No
39,Male,48002.0,Suburban,73.2,1,SUV,4,8,No,3.0,Yes,Medium,No
53,Female,77584.0,Suburban,69.0,2,Sedan,0,9,Yes,3.0,No,Low,No
31,Male,49877.0,Suburban,40.3,2,SUV,4,7,Yes,5.0,Yes,Low,No
41,Female,57266.0,Urban,31.2,2,SUV,14,5,Yes,1.0,Yes,Low,No
43,Male,84589.0,Suburban,75.8,4,Truck,3,3,No,1.0,No,Medium,No
35,Male,65971.0,Urban,69.7,1,Sedan,6,3,No,1.0,Yes,Medium,No
44,Male,86136.0,Rural,59.1,1,SUV,0,1,Yes,3.0,Yes,Low,No
53,Male,84575.0,Urban,59.6,1,SUV,3,19,No,5.0,Yes,Low,Yes
31,Male,113526.0,Urban,27.6,2,Sedan,7,10,Yes,1.0,No,Low,No
58,Male,52776.0,Suburban,50.6,1,SUV,0,3,Yes,3.0,Yes,Low,No
52,Female,121182.0,Suburban,43.2,3,Sedan,0,9,Yes,4.0,Yes,Low,No
68,Female,59724.0,Urban,31.5,1,SUV,7,19,Yes,2.0,Yes,Low,No
43,Other,92207.0,Urban,17.7,2,SUV,3,14,Yes,1.0,Yes,Low,No
67,Female,104618.0,Suburban,47.0,3,SUV,3,4,Yes,1.0,No,Low,No
43,Female,46239.0,Urban,78.6,1,Sedan,7,13,Yes,5.0,Yes,Low,Yes
26,Male,148581.0,Suburban,13.9,1,SUV,3,8,Yes,3.0,No,Low,No
52,Female,103464.0,Suburban,49.5,2,Hatchback,5,7,Yes,2.0,Yes,Low,No
41,Female,106164.0,Urban,43.0,1,SUV,5,14,Yes,4.0,No,Low,No
50,Female,109002.0,Suburban,21.4,1,Hatchback,7,7,Yes,4.0,No,Low,No
35,Male,60881.0,Suburban,29.4,3,Hatchback,7,2,Yes,3.0,Yes,Low,Yes
60,Female,60127.0,Suburban,69.3,1,Sedan,2,3,No,1.0,Yes,Medium,No
38,Female,75908.0,Suburban,61.9,2,Sedan,3,6,Yes,1.0,Yes,Low,No
61,Female,30000.0,Suburban,61.0,2,Sedan,3,8,Yes,1.0,Yes,Low,No
43,Female,37525.0,Suburban,73.2,4,SUV,6,2,Yes,4.0,Yes,Low,No
38,Female,60287.0,Suburban,53.2,3,Sedan,7,1,Yes,2.0,No,Low,No
62,Female,76342.0,Suburban,65.8,3,SUV,5,4,Yes,1.0,No,Low,No
69,Female,46111.0,Suburban,23.6,2,Sedan,6,1,No,4.0,No,Medium,No
30,Female,110636.0,Suburban,43.9,2,Truck,2,5,Yes,4.0,No,Low,No
44,Male,69144.0,Suburban,73.7,4,Sedan,5,6,Yes,3.0,No,Low,No
51,Male,153682.0,Urban,5.0,2,Sedan,4,12,No,5.0,Yes,Low,Yes
39,Female,101047.0,Rural,53.5,1,SUV,1,3,Yes,3.0,Yes,Low,No
56,Male,52502.0,Urban,67.4,3,SUV,9,11,Yes,1.0,Yes,Low,No
39,Female,74109.0,Urban,5.0,1,SUV,5,9,No,3.0,Yes,Low,Yes
50,Female,30000.0,Urban,26.7,2,SUV,8,8,No,5.0,Yes,Medium,No
61,Female,117702.0,Suburban,11.9,1,SUV,3,5,Yes,2.0,Yes,Low,No
41,Male,83601.0,Urban,21.4,2,SUV,6,8,Yes,5.0,Yes,Low,No
42,Female,129767.0,Suburban,75.8,2,SUV,3,2,Yes,5.0,Yes,Low,Yes
64,Female,143145.0,Urban,44.0,2,SUV,7,13,Yes,3.0,Yes,Low,No
52,Male,78722.0,Suburban,54.4,1,Sedan,7,3,Yes,3.0,No,Low,No
63,Female,65108.0,Suburban,38.7,1,SUV,1,2,Yes,2.0,Yes,Low,No
50,Male,101361.0,Urban,57.5,2,Sedan,5,11,Yes,2.0,Yes,Low,No
65,Male,114827.0,Suburban,37.7,4,SUV,3,9,Yes,2.0,No,Low,No
66,Male,87249.0,Urban,52.2,3,SUV,10,18,No,5.0,No,Low,Yes
65,Female,114079.0,Suburban,14.9,2,Sedan,5,1,Yes,4.0,No,Low,No
52,Female,53181.0,Urban,39.5,1,Sedan,12,6,No,3.0,Yes,Low,No
27,Male,105052.0,Suburban,5.0,1,Hatchback,0,4,Yes,5.0,Yes,Low,Yes
40,Female,121697.0,Suburban,59.0,2,Truck,3,7,Yes,3.0,No,Low,No
31,Male,30000.0,Suburban,10.3,1,SUV,5,3,Yes,4.0,Yes,Low,No
29,Female,34217.0,Suburban,55.6,2,Truck,7,5,No,2.0,Yes,Low,No
69,Male,40474.0,Suburban,38.3,1,Truck,4,1,Yes,1.0,Yes,Low,No
29,Male,127732.0,Suburban,51.0,1,Hatchback,0,3,Yes,3.0,Yes,Low,No
68,Female,97172.0,Suburban,20.9,2,SUV,4,7,Yes,4.0,Yes,Low,No
55,Female,67229.0,Suburban,53.8,2,Truck,4,7,Yes,4.0,No,Low,No
40,Male,57236.0,Suburban,83.4,2,Sedan,1,3,Yes,5.0,Yes,Low,Yes
25,Female,139937.0,Rural,19.8,3,Sedan,0,2,Yes,2.0,Yes,Low,Yes
56,Male,64008.0,Suburban,36.6,2,Sedan,4,5,Yes,4.0,No,Low,No
56,Female,78102.0,Rural,44.8,1,Truck,0,2,Yes,3.0,Yes,Low,No
51,Male,94473.0,Urban,98.3,1,SUV,10,10,No,4.0,Yes,High,No
43,Female,104988.0,Suburban,33.4,3,Sedan,3,3,No,4.0,Yes,Low,No
31,Female,127291.0,Urban,82.4,1,SUV,10,10,Yes,1.0,No,Low,No
35,Male,103847.0,Suburban,18.8,2,Sedan,3,7,Yes,1.0,Yes,Low,No
43,Female,90756.0,Urban,50.6,3,SUV,12,14,Yes,5.0,No,Low,No
49,Female,45068.0,Rural,44.4,3,SUV,0,3,Yes,3.0,No,Low,No
64,Female,106563.0,Urban,21.1,1,Hatchback,14,12,No,3.0,Yes,Low,Yes
38,Female,81143.0,Urban,35.3,2,Truck,6,15,Yes,2.0,No,Low,No
63,Female,90750.0,Urban,21.8,3,Sedan,2,13,No,1.0,No,Medium,No
33,Male,52391.0,Urban,44.6,2,SUV,5,15,No,3.0,No,Low,No
63,Male,84701.0,Urban,5.0,3,Sedan,10,19,Yes,3.0,Yes,Low,No
69,Male,30000.0,Suburban,49.5,2,Sedan,0,1,Yes,5.0,No,Low,No
41,Female,68784.0,Urban,36.7,1,Sedan,2,10,Yes,4.0,No,Low,No
25,Other,111698.0,Urban,69.1,2,SUV,10,7,Yes,5.0,Yes,Low,Yes
50,Female,125641.0,Urban,73.2,3,Truck,12,10,No,2.0,Yes,Low,No
38,Male,54150.0,Suburban,43.1,2,Sedan,3,7,Yes,1.0,Yes,Low,No
65,Female,64077.0,Urban,17.0,2,Sedan,13,8,Yes,1.0,Yes,Low,No
69,Male,121363.0,Suburban,75.9,1,Sedan,4,9,Yes,2.0,No,Low,No
42,Female,94976.0,Urban,5.0,2,Sedan,14,9,No,1.0,No,Low,No
37,Male,44697.0,Suburban,69.9,3,Hatchback,2,5,Yes,1.0,Yes,Low,No
47,Male,112624.0,Urban,63.8,2,Hatchback,9,16,No,1.0,Yes,Low,No
37,Female,96570.0,Rural,40.6,1,SUV,2,3,Yes,4.0,Yes,Low,Yes
47,Male,122699.0,Rural,35.3,2,Hatchback,2,1,Yes,4.0,Yes,Low,No
36,Female,116621.0,Urban,5.0,2,Sedan,11,13,No,4.0,Yes,Low,Yes
65,Female,111397.0,Suburban,61.4,1,Sedan,1,8,Yes,1.0,No,Low,No
64,Female,84768.0,Suburban,5.0,2,Hatchback,3,8,Yes,1.0,Yes,Low,No
53,Female,174000.0,Suburban,42.5,1,Hatchback,6,1,Yes,3.0,No,Low,No
28,Male,112185.0,Suburban,5.0,2,Hatchback,0,2,Yes,5.0,Yes,Low,No
46,Male,76623.0,Urban,5.0,1,Truck,7,10,No,3.0,Yes,Low,No
29,Male,96256.0,Urban,22.9,3,Hatchback,14,18,Yes,2.0,No,Low,No
57,Female,75828.0,Rural,42.5,1,Hatchback,1,1,Yes,1.0,Yes,Low,Yes
32,Male,54587.0,Urban,75.7,2,SUV,7,3,No,5.0,Yes,Low,No
45,Male,92645.0,Suburban,43.7,1,SUV,5,1,Yes,5.0,Yes,Low,Yes
61,Male,128414.0,Urban,20.4,2,SUV,10,15,No,2.0,Yes,Low,Yes
47,Male,69923.0,Urban,50.7,1,Sedan,7,5,No,1.0,No,Medium,No
69,Female,76082.0,Rural,50.5,2,Sedan,2,0,No,3.0,Yes,Medium,No
65,Female,84906.0,Suburban,60.7,3,Sedan,5,4,Yes,1.0,No,Low,No
57,Male,98421.0,Rural,31.2,2,SUV,1,0,Yes,3.0,Yes,Low,No
47,Female,62342.0,Suburban,48.4,2,Sedan,6,8,No,1.0,Yes,Medium,No
46,Male,108480.0,Urban,45.6,3,SUV,4,15,No,4.0,No,Low,No
49,Male,51836.0,Urban,34.4,1,SUV,9,9,Yes,3.0,No,Low,No
42,Female,127366.0,Urban,38.6,2,Sedan,9,6,No,3.0,No,Low,No
48,Female,125341.0,Urban,17.6,1,Sedan,5,13,No,5.0,No,Low,No
29,Male,99234.0,Suburban,70.6,1,SUV,1,8,Yes,5.0,Yes,Low,Yes
48,Female,76014.0,Urban,24.8,2,Hatchback,14,17,No,1.0,No,Low,No
51,Female,129919.0,Suburban,5.0,2,Truck,6,2,No,3.0,No,Low,No
66,Female,93425.0,Suburban,5.0,2,Sedan,2,8,Yes,1.0,Yes,Low,No
67,Female,93427.0,Rural,75.7,3,Sedan,2,2,Yes,5.0,No,Low,No
66,Male,125358.0,Urban,31.3,3,SUV,12,6,No,4.0,Yes,Medium,Yes
47,Female,52078.0,Suburban,11.6,2,Sedan,5,6,Yes,4.0,Yes,Low,No
33,Female,154871.0,Urban,5.0,1,SUV,12,17,Yes,1.0,Yes,Low,No
63,Female,97779.0,Suburban,17.8,1,SUV,3,7,No,2.0,Yes,Low,No
39,Male,110540.0,Suburban,5.0,1,SUV,2,9,Yes,1.0,Yes,Low,No
45,Male,50332.0,Urban,46.3,1,Hatchback,10,3,No,2.0,Yes,Low,No
51,Female,77941.0,Suburban,49.3,3,Sedan,1,6,No,1.0,Yes,High,No
29,Male,117276.0,Urban,24.0,2,Sedan,5,10,Yes,3.0,Yes,Low,No
65,Male,59414.0,Rural,25.7,2,Sedan,2,2,No,4.0,No,Medium,No
34,Female,119449.0,Urban,91.7,1,Truck,8,15,No,4.0,Yes,Medium,No
60,Male,160836.0,Urban,5.0,2,Hatchback,7,18,Yes,5.0,No,Low,No
51,Female,76678.0,Urban,43.2,2,Truck,5,8,Yes,1.0,Yes,Low,No
38,Female,174000.0,Suburban,54.0,1,Sedan,4,8,No,2.0,Yes,High,No
48,Male,30000.0,Urban,69.6,1,SUV,9,13,No,5.0,Yes,Low,Yes
53,Male,33779.0,Urban,37.4,2,SUV,2,18,No,2.0,Yes,Low,No
30,Female,93957.0,Urban,84.0,2,SUV,11,12,Yes,1.0,Yes,Low,No
63,Male,73619.0,Suburban,52.2,3,Sedan,6,3,Yes,4.0,Yes,Low,Yes
36,Female,81478.0,Suburban,27.9,1,Sedan,6,7,Yes,2.0,No,Low,No
52,Male,78845.0,Urban,24.0,3,SUV,12,17,No,4.0,Yes,Low,No
59,Male,120306.0,Rural,50.5,1,Sedan,2,1,Yes,2.0,Yes,Low,No
59,Female,98861.0,Suburban,73.9,2,Hatchback,6,9,No,4.0,Yes,Medium,No
30,Male,159843.0,Suburban,66.6,2,Sedan,4,4,No,4.0,Yes,Medium,Yes
68,Male,99546.0,Urban,65.7,2,Sedan,8,11,No,5.0,No,Medium,No
36,Male,94781.0,Suburban,50.5,1,SUV,1,7,No,3.0,Yes,Medium,No
25,Female,90047.0,Suburban,33.7,2,Sedan,4,2,Yes,4.0,No,Low,No
63,Female,137153.0,Urban,32.7,1,Sedan,6,9,No,3.0,Yes,Medium,No
37,Female,72715.0,Urban,5.0,1,SUV,9,11,Yes,3.0,Yes,Low,Yes
47,Male,95593.0,Urban,33.9,3,Hatchback,7,4,No,4.0,Yes,Medium,Yes
34,Male,94951.0,Suburban,39.9,3,Sedan,5,4,Yes,5.0,No,Low,No
57,Male,95000.0,Suburban,67.9,1,Sedan,2,9,Yes,4.0,No,Low,No
35,Male,30000.0,Rural,95.1,1,Sedan,0,3,Yes,3.0,No,Low,No
32,Male,108501.0,Rural,12.3,2,Hatchback,2,0,Yes,1.0,Yes,Low,No
52,Female,81041.0,Urban,19.8,1,Sedan,3,4,No,2.0,Yes,Low,No
64,Female,87916.0,Urban,75.5,4,SUV,7,10,Yes,2.0,Yes,Low,No
49,Male,134628.0,Urban,28.0,2,Truck,8,15,No,2.0,Yes,Low,No
32,Male,115396.0,Suburban,81.1,2,Hatchback,1,7,Yes,5.0,No,Low,No
46,Female,92046.0,Suburban,15.9,2,Sedan,7,7,No,4.0,No,Low,No
68,Female,66929.0,Rural,5.0,2,SUV,2,2,Yes,4.0,No,Low,Yes
49,Other,78015.0,Urban,31.3,2,Sedan,9,9,No,4.0,No,Medium,No
39,Female,83229.0,Urban,44.4,2,Sedan,9,17,No,3.0,Yes,Low,Yes
30,Male,60562.0,Rural,43.8,1,Hatchback,1,1,Yes,4.0,Yes,Low,Yes
63,Male,108245.0,Suburban,5.0,1,Hatchback,0,9,Yes,1.0,No,Low,No
64,Female,43266.0,Urban,48.9,2,Sedan,7,6,Yes,5.0,Yes,Low,No
35,Female,123950.0,Urban,50.2,2,SUV,4,11,No,5.0,Yes,Medium,Yes
37,Female,72676.0,Rural,55.7,3,SUV,1,2,Yes,5.0,No,Low,No
64,Female,42223.0,Rural,39.1,1,SUV,1,0,Yes,1.0,No,Low,No
41,Male,109097.0,Rural,58.9,2,Sedan,0,1,Yes,3.0,Yes,Low,No
46,Male,75534.0,Suburban,64.8,2,Sedan,4,1,Yes,5.0,No,Low,No
48,Male,130875.0,Suburban,74.8,1,Hatchback,7,4,Yes,3.0,No,Low,No
55,Other,48671.0,Urban,29.8,3,SUV,14,18,Yes,1.0,Yes,Low,No
29,Female,146301.0,Suburban,51.4,3,SUV,7,2,Yes,2.0,No,Low,No
59,Male,145682.0,Rural,14.0,3,Hatchback,1,2,Yes,4.0,No,Low,No
25,Female,64637.0,Urban,32.5,2,SUV,10,10,Yes,1.0,Yes,Low,No
61,Female,84049.0,Urban,61.9,1,Sedan,13,17,Yes,1.0,Yes,Low,No
28,Male,90920.0,Urban,68.4,2,Truck,8,13,No,3.0,Yes,Medium,No
32,Male,55465.0,Suburban,62.3,3,Sedan,3,2,Yes,1.0,Yes,Low,No
40,Male,87910.0,Urban,24.0,3,Hatchback,6,14,No,5.0,No,Low,No
65,Female,50834.0,Suburban,83.8,2,Sedan,7,6,Yes,4.0,Yes,Low,No
43,Male,59895.0,Suburban,73.4,2,Sedan,5,9,Yes,5.0,Yes,Low,Yes
39,Female,59059.0,Urban,5.8,1,SUV,10,12,No,4.0,No,Low,No
41,Male,69073.0,Urban,41.2,3,SUV,4,3,Yes,2.0,No,Low,No
30,Female,95470.0,Urban,32.6,2,SUV,4,11,No,1.0,No,Low,No
44,Other,91053.0,Urban,28.3,2,SUV,7,5,Yes,1.0,No,Low,No
55,Male,61133.0,Urban,70.5,2,Sedan,9,4,Yes,4.0,Yes,Low,No
37,Male,59495.0,Urban,5.5,1,Hatchback,14,7,Yes,4.0,No,Low,No
59,Male,93383.0,Suburban,85.5,2,Sedan,2,7,Yes,1.0,No,Low,No
51,Male,67794.0,Rural,66.8,2,Sedan,1,2,Yes,3.0,No,Low,No
44,Female,114645.0,Suburban,38.6,1,Sedan,1,9,Yes,2.0,No,Low,No
32,Female,41139.0,Urban,76.2,1,Sedan,5,14,Yes,1.0,Yes,Low,No
30,Female,34876.0,Suburban,50.2,2,Sedan,5,2,Yes,4.0,Yes,Low,No
41,Male,98614.0,Suburban,52.3,2,SUV,7,4,No,1.0,Yes,Medium,No
57,Female,78516.0,Suburban,69.8,1,Sedan,1,7,Yes,4.0,No,Low,No
56,Male,70523.0,Suburban,52.6,4,SUV,4,7,Yes,4.0,Yes,Low,No
55,Male,85330.0,Suburban,67.3,1,SUV,6,6,No,3.0,No,Medium,No
48,Male,42147.0,Suburban,29.7,2,Hatchback,3,6,Yes,3.0,Yes,Low,No
38,Male,80658.0,Urban,38.8,1,Sedan,7,5,Yes,5.0,Yes,Low,Yes
66,Female,61010.0,Rural,5.0,2,Sedan,2,1,Yes,4.0,Yes,Low,Yes
67,Male,64638.0,Suburban,5.0,2,Hatchback,6,2,Yes,3.0,Yes,Low,No
37,Female,121836.0,Rural,66.4,1,Hatchback,2,1,Yes,3.0,Yes,Low,No
57,Female,104150.0,Urban,50.2,3,Sedan,6,11,Yes,2.0,No,Low,No
55,Female,83735.0,Urban,13.4,1,Sedan,3,4,Yes,4.0,Yes,Low,No
51,Female,115811.0,Suburban,37.25,1,Sedan,2,9,No,2.0,No,Medium,No
36,Male,95766.0,Suburban,13.8,1,Sedan,7,2,Yes,1.0,Yes,Low,No
48,Other,30000.0,Urban,52.6,1,Sedan,11,14,Yes,1.0,Yes,Low,No
31,Male,77190.0,Urban,44.8,2,Sedan,10,8,No,5.0,Yes,Low,No
60,Other,30000.0,Urban,21.0,1,SUV,4,8,No,4.0,Yes,Low,No
64,Male,125664.0,Suburban,58.5,3,Hatchback,5,1,No,1.0,No,Medium,No
35,Male,73154.0,Rural,45.2,2,SUV,1,1,Yes,1.0,Yes,Low,No
59,Female,61828.0,Urban,70.3,1,Sedan,11,18,Yes,5.0,Yes,Low,Yes
65,Female,105117.0,Suburban,32.3,1,Sedan,7,5,Yes,1.0,No,Low,No
30,Male,79803.0,Rural,47.4,1,Hatchback,2,1,Yes,4.0,Yes,Low,No
41,Female,100756.0,Urban,64.8,2,Sedan,14,17,No,3.0,Yes,Low,No
54,Male,31545.0,Suburban,30.6,2,Hatchback,3,4,Yes,2.0,Yes,Low,No
54,Female,84287.0,Urban,22.7,2,Sedan,2,14,No,5.0,Yes,Low,No
25,Male,79943.0,Urban,9.4,2,Hatchback,5,16,Yes,1.0,No,Low,No
54,Male,109570.0,Urban,21.8,2,SUV,13,16,No,2.0,No,Low,No
47,Male,41558.0,Urban,26.3,2,SUV,12,11,Yes,4.0,Yes,Low,Yes
52,Male,68323.0,Suburban,31.2,1,SUV,5,4,No,3.0,No,Low,No
63,Male,131397.0,Urban,52.7,1,SUV,12,12,No,2.0,Yes,Low,No
67,Female,45572.0,Rural,62.4,2,Truck,1,1,Yes,3.0,Yes,Low,Yes
59,Male,41293.0,Suburban,11.1,4,Sedan,4,1,Yes,1.0,Yes,Low,No
25,Female,111904.0,Suburban,89.1,2,SUV,1,1,Yes,4.0,Yes,Low,No
36,Male,146688.0,Suburban,42.4,1,SUV,2,4,Yes,5.0,Yes,Low,Yes
43,Male,53181.0,Suburban,7.0,2,Truck,7,6,No,3.0,Yes,Low,No
28,Male,80560.0,Suburban,60.9,2,SUV,7,9,Yes,3.0,No,Low,No
48,Female,70729.0,Urban,38.1,1,Sedan,13,5,No,5.0,Yes,Low,No
32,Female,84287.0,Suburban,39.3,2,SUV,0,9,Yes,5.0,No,Low,No
62,Male,91295.0,Urban,32.2,3,SUV,5,16,Yes,5.0,Yes,Low,No
54,Male,99930.0,Rural,43.1,1,Hatchback,1,3,Yes,3.0,Yes,Low,Yes
58,Female,74634.0,Urban,51.4,4,Truck,10,5,No,2.0,No,Low,No
44,Female,48584.0,Urban,25.4,1,SUV,7,4,Yes,3.0,Yes,Low,No
55,Male,32427.0,Urban,55.2,2,Hatchback,8,11,No,2.0,No,Medium,No
67,Male,53521.0,Urban,14.0,3,SUV,14,8,No,5.0,Yes,Low,No
33,Male,116054.0,Suburban,39.0,2,Truck,2,5,Yes,3.0,Yes,Low,No
55,Male,30000.0,Urban,48.7,2,SUV,6,13,No,2.0,No,Medium,No
28,Female,148167.0,Urban,67.8,1,SUV,14,15,Yes,2.0,No,Low,No
45,Male,90520.0,Urban,36.4,2,SUV,2,12,Yes,4.0,Yes,Low,No
65,Male,149854.0,Suburban,73.5,1,SUV,7,2,Yes,5.0,Yes,Low,Yes
26,Female,81929.0,Suburban,54.0,1,SUV,1,2,Yes,3.0,No,Low,No
34,Male,40203.0,Rural,106.0,1,Sedan,2,3,Yes,3.0,No,Low,No
25,Female,113026.0,Urban,18.3,1,SUV,12,15,No,3.0,Yes,Low,No
28,Female,70404.0,Urban,89.7,2,SUV,6,7,No,3.0,Yes,Medium,No
33,Female,62546.0,Rural,40.6,1,Hatchback,1,3,Yes,4.0,Yes,Low,No
41,Male,35007.0,Suburban,34.1,3,Hatchback,0,9,Yes,1.0,No,Low,No
50,Female,95898.0,Suburban,18.6,3,Truck,0,5,Yes,4.0,No,Low,No
50,Male,104379.0,Rural,12.9,1,SUV,2,3,Yes,2.0,No,Low,No
59,Male,92797.0,Urban,22.3,2,Truck,12,10,Yes,5.0,Yes,Low,Yes
26,Male,93430.0,Urban,84.4,1,Truck,5,13,No,2.0,No,Low,No
48,Female,147870.0,Suburban,47.6,1,SUV,2,8,Yes,3.0,No,Low,No
66,Female,98683.0,Suburban,14.5,1,SUV,1,3,Yes,4.0,Yes,Low,Yes
67,Male,75528.0,Suburban,71.5,1,Sedan,3,3,Yes,3.0,Yes,Low,No
33,Male,47645.0,Rural,59.3,1,Truck,2,3,No,3.0,Yes,Medium,No
55,Male,78822.0,Rural,87.9,2,SUV,2,3,No,2.0,Yes,High,No
35,Female,73130.0,Urban,81.2,3,Hatchback,3,6,Yes,3.0,No,Low,No
54,Male,137845.0,Suburban,74.9,2,SUV,0,6,Yes,1.0,Yes,Low,No
56,Female,132490.0,Rural,30.3,2,SUV,0,0,Yes,1.0,Yes,Low,Yes
39,Female,66635.0,Suburban,46.0,1,SUV,1,4,Yes,3.0,Yes,Low,No
69,Female,79668.0,Rural,43.0,1,SUV,0,1,Yes,2.0,Yes,Low,No
54,Male,89502.0,Urban,57.4,2,SUV,5,18,Yes,4.0,No,Low,No
40,Male,132255.0,Urban,23.1,2,SUV,9,14,No,2.0,No,Low,No
25,Male,87739.0,Urban,5.0,1,Hatchback,14,9,Yes,5.0,Yes,Low,Yes
27,Male,35903.0,Urban,68.7,4,Truck,7,11,Yes,3.0,No,Low,No
53,Female,148252.0,Urban,62.5,1,Truck,11,6,No,3.0,Yes,Medium,No
45,Female,131280.0,Urban,60.4,2,Sedan,11,17,No,4.0,No,Low,No
46,Female,91542.0,Urban,67.5,3,SUV,14,8,No,2.0,Yes,Low,No
48,Male,118225.0,Urban,47.6,1,Sedan,5,12,No,2.0,Yes,Low,No
69,Female,59110.0,Urban,40.1,2,Sedan,9,3,No,2.0,No,Low,No
30,Male,156000.0,Urban,14.6,1,Sedan,9,4,No,4.0,Yes,Medium,Yes
39,Female,107845.0,Urban,20.2,2,SUV,10,19,No,5.0,No,Low,No
28,Female,33413.0,Urban,36.4,3,Sedan,5,10,No,3.0,No,Low,No
43,Male,168270.0,Urban,37.3,1,SUV,11,9,Yes,5.0,Yes,Low,Yes
50,Female,106653.0,Urban,17.7,1,SUV,6,18,No,3.0,No,Low,No
48,Male,35785.0,Urban,48.5,1,Hatchback,14,14,Yes,1.0,No,Low,No
26,Male,84758.0,Suburban,17.6,1,SUV,4,9,Yes,5.0,Yes,Low,No
31,Female,72963.0,Rural,46.7,1,Sedan,2,0,Yes,2.0,No,Low,No
30,Male,66694.0,Rural,50.0,2,SUV,2,2,No,2.0,No,High,No
38,Male,136259.0,Urban,21.3,1,Sedan,13,17,No,4.0,No,Low,No
27,Male,94091.0,Urban,60.8,1,Truck,2,4,No,1.0,Yes,Medium,No
50,Female,102935.0,Suburban,55.6,1,Hatchback,5,8,Yes,5.0,No,Low,No
50,Male,80465.0,Suburban,31.4,1,Sedan,2,1,No,1.0,Yes,Medium,No
65,Female,57912.0,Urban,46.4,2,SUV,3,13,No,2.0,No,Medium,No
25,Male,94258.0,Urban,22.1,1,Sedan,7,19,No,3.0,Yes,Low,Yes
52,Male,89125.0,Suburban,11.2,1,Sedan,2,6,Yes,4.0,Yes,Low,Yes
43,Female,46726.0,Rural,5.0,4,Truck,0,2,Yes,4.0,Yes,Low,No
39,Female,85760.0,Urban,35.5,1,SUV,7,8,No,5.0,No,Low,No
37,Female,77473.0,Urban,43.8,2,Sedan,10,15,No,4.0,No,Medium,No
68,Female,84832.0,Urban,37.9,3,Hatchback,9,11,Yes,1.0,No,Low,No
60,Male,90481.0,Suburban,61.9,3,SUV,3,6,Yes,5.0,No,Low,No
36,Female,174000.0,Suburban,36.1,3,Sedan,6,9,No,2.0,Yes,Low,Yes
36,Female,98174.0,Suburban,32.0,2,Sedan,3,1,No,3.0,Yes,High,No
68,Female,52077.0,Urban,56.9,1,SUV,3,18,No,1.0,Yes,Low,No
48,Female,84287.0,Suburban,50.9,2,SUV,0,2,Yes,3.0,Yes,Low,No
28,Male,94814.0,Suburban,28.5,1,Hatchback,4,7,Yes,3.0,Yes,Low,No
69,Female,95987.0,Suburban,5.0,1,SUV,3,7,Yes,2.0,No,Low,No
36,Male,62786.0,Urban,69.3,1,Sedan,10,9,No,3.0,No,Medium,No
28,Female,30000.0,Suburban,82.0,3,Truck,0,5,Yes,5.0,Yes,Low,No
62,Male,30000.0,Urban,24.7,3,SUV,13,19,No,2.0,Yes,Low,No
45,Female,40123.0,Urban,87.1,2,Sedan,9,11,Yes,2.0,No,Low,No
42,Male,59741.0,Rural,66.1,1,Sedan,1,0,Yes,5.0,Yes,Low,No
58,Male,106424.0,Urban,5.0,2,SUV,5,5,No,2.0,No,Medium,No
45,Female,87936.0,Urban,7.1,3,SUV,8,16,Yes,4.0,Yes,Low,No
42,Female,93038.0,Suburban,23.6,2,Sedan,0,5,Yes,5.0,Yes,Low,Yes
51,Male,94414.0,Urban,52.2,1,SUV,9,8,No,4.0,Yes,Medium,No
47,Female,98561.0,Urban,88.0,1,SUV,14,18,Yes,3.0,No,Low,No
64,Female,42937.0,Urban,34.8,1,Truck,3,11,No,3.0,Yes,Low,No
65,Male,84758.0,Rural,66.2,1,Hatchback,0,1,Yes,4.0,Yes,Low,No
55,Female,84758.0,Suburban,14.9,1,Hatchback,6,8,No,3.0,Yes,Medium,No
30,Male,54060.0,Suburban,35.2,3,SUV,2,1,Yes,1.0,No,Low,No
51,Female,84287.0,Suburban,24.1,2,SUV,0,3,Yes,3.0,No,Low,No
69,Male,30000.0,Suburban,53.5,2,SUV,2,4,Yes,2.0,No,Low,No
60,Female,76638.0,Urban,39.2,4,Hatchback,4,15,No,4.0,No,Low,No
69,Female,131789.0,Urban,31.0,3,Sedan,11,17,No,3.0,No,Low,No
30,Male,30000.0,Urban,47.2,3,Hatchback,8,8,No,2.0,No,Low,No
53,Male,147602.0,Urban,57.3,1,SUV,13,17,Yes,4.0,Yes,Low,Yes
55,Female,65135.0,Urban,38.2,2,SUV,9,17,No,1.0,Yes,Low,No
66,Male,123749.0,Rural,56.3,1,Hatchback,2,3,Yes,2.0,Yes,Low,No
61,Other,71241.0,Urban,18.8,1,Hatchback,5,12,No,2.0,Yes,Low,No
43,Female,30000.0,Urban,75.3,1,Sedan,6,12,Yes,5.0,Yes,Low,No
60,Male,109218.0,Rural,38.7,4,SUV,2,1,Yes,2.0,Yes,Low,No
29,Female,164922.0,Suburban,63.6,4,SUV,3,7,Yes,3.0,Yes,Low,No
45,Male,124186.0,Suburban,15.2,2,Sedan,0,8,Yes,2.0,No,Low,No
36,Male,108302.0,Urban,77.0,1,Sedan,2,18,No,3.0,Yes,Low,Yes
59,Male,89216.0,Suburban,25.5,2,Hatchback,2,6,Yes,3.0,Yes,Low,No
67,Male,166819.0,Suburban,38.95,1,Sedan,7,5,Yes,4.0,No,Low,No
40,Male,115403.0,Suburban,40.7,1,SUV,5,2,Yes,4.0,No,Low,No
40,Male,82180.0,Urban,40.0,1,Truck,6,17,No,5.0,Yes,Low,No
45,Male,74968.0,Rural,40.3,2,SUV,0,1,Yes,4.0,No,Low,No
28,Male,57585.0,Urban,50.3,2,Sedan,9,18,No,4.0,Yes,Low,No
58,Female,138328.0,Urban,70.6,2,Sedan,4,9,Yes,3.0,Yes,Low,Yes
67,Female,43618.0,Suburban,37.0,1,SUV,1,3,No,5.0,Yes,Medium,Yes
43,Male,131374.0,Urban,14.4,1,Sedan,14,8,Yes,2.0,Yes,Low,No
28,Male,87326.0,Suburban,51.8,2,Hatchback,2,6,Yes,3.0,Yes,Low,Yes
40,Male,56810.0,Urban,20.1,1,Hatchback,13,11,Yes,3.0,Yes,Low,No
27,Female,120261.0,Urban,5.0,1,Hatchback,14,4,No,4.0,Yes,Low,Yes
47,Male,30000.0,Suburban,38.6,3,Sedan,4,3,Yes,3.0,No,Low,No
57,Other,102477.0,Suburban,43.7,3,Truck,1,6,Yes,4.0,Yes,Low,Yes
54,Female,65210.0,Rural,46.9,1,Truck,1,0,Yes,5.0,Yes,Low,Yes
46,Male,98135.0,Rural,53.0,1,Truck,0,3,Yes,4.0,Yes,Low,Yes
48,Male,95035.0,Urban,5.0,1,SUV,3,8,Yes,3.0,No,Low,No
32,Male,95707.0,Urban,5.0,1,Truck,5,8,No,4.0,Yes,Medium,No
26,Male,140397.0,Suburban,78.8,4,SUV,0,1,Yes,2.0,Yes,Low,Yes
39,Female,39148.0,Suburban,55.9,3,Hatchback,5,2,No,4.0,No,Medium,No
29,Male,95603.0,Urban,63.1,1,Sedan,6,9,No,2.0,Yes,Low,No
67,Male,96286.0,Suburban,64.4,1,Sedan,1,3,Yes,2.0,Yes,Low,No
67,Male,89418.0,Suburban,41.3,2,Sedan,4,3,Yes,5.0,No,Low,No
26,Male,46517.0,Suburban,30.1,2,Hatchback,2,6,No,4.0,Yes,Medium,No
66,Female,82383.0,Suburban,54.0,2,SUV,2,7,Yes,5.0,Yes,Low,Yes
42,Other,79795.0,Suburban,85.2,2,SUV,6,5,Yes,2.0,Yes,Low,No
35,Female,114353.0,Urban,25.5,2,Sedan,11,16,Yes,5.0,No,Low,No
49,Male,93930.0,Urban,73.7,1,Hatchback,12,18,Yes,1.0,Yes,Low,No
38,Female,64225.0,Suburban,34.1,3,Hatchback,0,2,Yes,1.0,Yes,Low,No
34,Male,52505.0,Suburban,39.7,3,SUV,4,2,Yes,3.0,No,Low,No
50,Male,68640.0,Suburban,11.6,4,Sedan,7,3,Yes,5.0,Yes,Low,Yes
47,Female,64666.0,Urban,16.8,3,SUV,7,7,No,2.0,No,Medium,No
50,Other,65461.0,Urban,40.0,1,SUV,12,9,No,5.0,No,Low,No
57,Female,30000.0,Urban,61.6,2,Hatchback,2,13,No,5.0,Yes,Medium,No
45,Female,73275.0,Suburban,46.0,4,SUV,7,7,Yes,5.0,Yes,Low,Yes
57,Female,93820.0,Urban,18.3,2,SUV,3,11,Yes,5.0,Yes,Low,Yes
49,Female,65351.0,Urban,37.0,3,Truck,7,6,Yes,2.0,No,Low,No
55,Male,30000.0,Urban,9.7,3,Sedan,14,18,No,5.0,Yes,Low,No
59,Male,56355.0,Suburban,38.2,1,Sedan,7,1,Yes,5.0,Yes,Low,Yes
67,Female,74914.0,Urban,69.3,1,Sedan,3,12,No,2.0,Yes,Medium,No
40,Female,79956.0,Suburban,45.6,1,SUV,7,1,Yes,5.0,No,Low,No
30,Male,84917.0,Urban,38.9,2,SUV,10,9,Yes,4.0,No,Low,Yes
26,Female,89980.0,Urban,44.1,2,Truck,3,6,No,3.0,Yes,Low,Yes
56,Female,120720.0,Suburban,16.6,1,SUV,7,6,Yes,4.0,Yes,Low,Yes
26,Female,94289.0,Rural,77.2,2,Truck,0,3,Yes,4.0,Yes,Low,No
65,Male,80401.0,Rural,57.2,2,SUV,2,2,Yes,4.0,No,Low,No
63,Female,30000.0,Urban,50.0,1,SUV,12,13,Yes,4.0,No,Low,No
31,Female,84287.0,Suburban,33.0,2,Truck,1,6,Yes,4.0,Yes,Low,No
68,Female,89753.0,Suburban,20.4,2,Sedan,2,3,Yes,5.0,Yes,Low,Yes
26,Female,89269.0,Suburban,42.6,2,Truck,1,2,Yes,2.0,No,Low,No
36,Female,114048.0,Urban,46.4,2,SUV,4,7,Yes,4.0,No,Low,No
67,Female,86187.0,Urban,7.7,2,SUV,6,16,Yes,2.0,Yes,Low,No
61,Male,64673.0,Suburban,17.2,4,Truck,6,6,Yes,1.0,No,Low,No
46,Female,44357.0,Suburban,37.3,2,Hatchback,3,8,Yes,3.0,Yes,Low,No
47,Female,118939.0,Urban,21.3,1,SUV,11,19,Yes,4.0,No,Low,No
59,Male,122280.0,Suburban,50.3,4,SUV,2,8,No,4.0,No,Medium,No
56,Male,115473.0,Rural,34.4,2,Sedan,0,0,Yes,1.0,Yes,Low,No
30,Male,140343.0,Urban,8.5,1,Hatchback,2,18,Yes,5.0,No,Low,Yes
51,Male,76089.0,Urban,38.4,2,SUV,3,5,No,5.0,Yes,Low,Yes
49,Male,75196.0,Urban,69.5,3,Sedan,14,8,No,1.0,No,Low,No
25,Female,136508.0,Rural,15.5,2,Sedan,1,3,Yes,2.0,No,Low,No
31,Female,31003.0,Suburban,5.0,2,Sedan,1,9,No,1.0,No,Low,No
34,Male,123274.0,Suburban,64.4,3,Sedan,6,3,No,2.0,Yes,Low,No
28,Female,46468.0,Urban,38.8,3,Truck,3,4,Yes,1.0,Yes,Low,No
42,Male,30000.0,Urban,7.8,2,Truck,9,19,Yes,4.0,Yes,Low,No
32,Female,43018.0,Urban,5.0,4,SUV,7,18,Yes,4.0,No,Low,No
38,Female,52223.0,Urban,60.5,1,Truck,11,13,No,2.0,Yes,Low,No
36,Female,94582.0,Urban,28.0,2,SUV,14,5,No,4.0,Yes,Medium,No
39,Male,151186.0,Urban,27.8,1,Sedan,3,3,Yes,2.0,Yes,Low,No
68,Female,79744.0,Urban,62.5,1,SUV,8,4,Yes,1.0,No,Low,No
43,Other,88402.0,Suburban,30.7,2,Sedan,7,6,Yes,1.0,Yes,Low,No
39,Male,130289.0,Rural,9.3,2,SUV,1,2,Yes,2.0,No,Low,No
56,Female,67665.0,Urban,30.7,3,Truck,9,18,No,5.0,Yes,Low,Yes
37,Male,30000.0,Urban,35.3,4,SUV,9,11,No,2.0,Yes,Low,No
36,Male,58629.0,Urban,38.0,2,SUV,12,12,No,2.0,Yes,Low,No
66,Male,77589.0,Urban,13.7,3,SUV,4,5,No,5.0,Yes,Medium,No
69,Male,37486.0,Urban,27.4,1,Sedan,9,13,No,2.0,No,Medium,No
40,Female,53806.0,Suburban,81.5,3,Sedan,1,6,Yes,1.0,Yes,Low,No
62,Female,76549.0,Suburban,31.2,2,Hatchback,2,6,Yes,1.0,Yes,Low,No
67,Female,101016.0,Urban,51.3,2,SUV,11,10,No,3.0,No,Medium,No
31,Female,90621.0,Urban,57.0,2,Hatchback,3,3,Yes,1.0,Yes,Low,No
64,Female,40225.0,Urban,36.2,2,SUV,11,18,No,5.0,No,Low,Yes
42,Female,71608.0,Suburban,34.1,3,Sedan,3,3,Yes,3.0,No,Low,No
35,Female,78447.0,Suburban,27.4,1,Sedan,0,1,Yes,2.0,No,Low,No
29,Female,65753.0,Suburban,57.7,2,Sedan,1,8,Yes,4.0,No,Low,No
28,Male,154110.0,Rural,32.1,1,SUV,1,0,Yes,3.0,No,Low,No
65,Male,65275.0,Urban,91.2,2,Truck,3,6,No,2.0,Yes,Medium,No
40,Male,89221.0,Urban,72.6,1,Sedan,8,3,No,3.0,Yes,Medium,No
53,Male,123987.0,Urban,12.6,4,Hatchback,9,13,No,3.0,Yes,Low,No
43,Male,76411.0,Suburban,85.1,1,Sedan,7,7,Yes,2.0,Yes,Low,No
32,Female,129056.0,Rural,50.6,4,SUV,2,0,Yes,3.0,Yes,Low,Yes
52,Female,100720.0,Urban,15.7,2,Sedan,11,8,Yes,5.0,No,Low,Yes
31,Male,85244.0,Suburban,41.1,3,SUV,7,6,Yes,1.0,No,Low,No
60,Male,91628.0,Rural,47.4,2,Sedan,0,0,Yes,5.0,Yes,Low,Yes
29,Male,30000.0,Suburban,52.6,1,SUV,1,3,Yes,4.0,Yes,Low,No
48,Male,103925.0,Suburban,34.0,1,Truck,5,7,Yes,3.0,Yes,Low,No
61,Male,132032.0,Urban,11.1,1,Sedan,9,14,No,1.0,Yes,Low,No
60,Female,111951.0,Suburban,19.8,2,Truck,2,3,Yes,1.0,Yes,Low,No
26,Male,30018.0,Suburban,47.2,1,Sedan,1,6,Yes,2.0,No,Low,No
39,Female,90354.0,Suburban,49.2,3,Sedan,5,5,Yes,4.0,No,Low,No
67,Female,89059.0,Urban,8.3,2,Sedan,3,13,No,2.0,Yes,Low,No
36,Female,115798.0,Suburban,66.5,1,SUV,4,8,Yes,3.0,Yes,Low,No
43,Male,76566.0,Suburban,29.7,3,SUV,0,5,Yes,3.0,Yes,Low,No
60,Female,75358.0,Suburban,27.3,1,Hatchback,4,7,Yes,4.0,Yes,Low,Yes
61,Female,46623.0,Urban,62.4,1,SUV,3,14,Yes,2.0,Yes,Low,Yes
43,Male,41391.0,Suburban,56.1,2,Sedan,1,8,Yes,2.0,No,Low,No
39,Female,107146.0,Urban,55.9,2,Hatchback,12,13,No,4.0,Yes,Medium,No
36,Male,105235.0,Urban,61.8,1,Hatchback,9,16,No,3.0,Yes,Low,No
52,Female,146903.0,Urban,47.8,4,SUV,3,8,No,5.0,No,Medium,No
47,Male,78652.0,Urban,25.6,1,Sedan,4,16,No,4.0,No,Medium,No
60,Other,74474.0,Urban,43.9,3,Sedan,7,7,No,5.0,No,Low,No
67,Female,70041.0,Rural,31.3,3,Sedan,0,0,Yes,3.0,Yes,Medium,No
52,Male,32892.0,Rural,36.6,1,SUV,1,0,Yes,3.0,Yes,Low,No
29,Female,67715.0,Rural,78.2,2,Sedan,1,3,Yes,1.0,Yes,Low,No
49,Male,75450.0,Urban,44.1,2,SUV,10,8,No,2.0,Yes,Low,No
69,Male,39764.0,Urban,28.4,3,SUV,3,6,No,5.0,Yes,Medium,Yes
52,Female,68799.0,Urban,90.0,2,SUV,11,6,Yes,2.0,Yes,Low,No
44,Female,142081.0,Urban,47.7,1,Hatchback,13,5,No,1.0,No,Low,No
49,Female,30000.0,Urban,33.1,1,SUV,8,16,Yes,1.0,Yes,Low,No
36,Female,127391.0,Urban,96.3,2,Sedan,3,13,No,5.0,No,Medium,No
45,Male,113927.0,Urban,24.8,1,Sedan,5,12,No,5.0,No,Medium,No
36,Female,61087.0,Urban,10.0,1,Hatchback,4,12,Yes,1.0,No,Low,No
37,Female,109200.0,Suburban,52.4,2,Sedan,6,2,Yes,3.0,Yes,Low,No
62,Female,88869.0,Urban,15.5,2,Sedan,5,14,No,4.0,No,Low,No
51,Female,53818.0,Urban,37.1,3,Sedan,7,13,Yes,1.0,Yes,Low,No
48,Male,74356.0,Urban,45.0,1,Hatchback,14,18,No,3.0,Yes,Low,No
42,Female,134386.0,Urban,50.9,1,Truck,12,12,Yes,2.0,No,Low,No
67,Female,80713.0,Urban,16.1,3,SUV,9,11,No,3.0,Yes,Low,No
55,Female,104188.0,Urban,5.0,1,Truck,3,15,Yes,1.0,Yes,Low,No
41,Female,59428.0,Suburban,15.6,2,SUV,4,2,Yes,5.0,Yes,Low,No
44,Male,87895.0,Urban,75.2,2,Truck,13,18,No,4.0,Yes,Low,Yes
37,Female,133096.0,Urban,47.8,3,SUV,7,9,No,4.0,Yes,Low,No
37,Female,84758.0,Urban,91.8,1,Sedan,9,5,No,1.0,Yes,Medium,No
63,Female,80246.0,Suburban,67.0,2,Hatchback,7,7,No,1.0,Yes,Medium,No
25,Female,80827.0,Urban,53.0,1,SUV,4,10,No,2.0,Yes,Low,No
27,Male,92873.0,Urban,35.6,1,SUV,10,5,No,3.0,No,Low,No
46,Female,30000.0,Suburban,14.4,4,SUV,1,8,Yes,1.0,Yes,Low,No
68,Male,114182.0,Suburban,17.3,1,Sedan,3,9,Yes,4.0,Yes,Low,Yes
62,Male,64632.0,Suburban,61.3,2,SUV,3,3,Yes,1.0,No,Low,No
28,Male,93102.0,Urban,5.0,1,Sedan,5,9,No,5.0,No,Low,No
50,Female,81880.0,Urban,5.0,1,SUV,12,15,Yes,3.0,No,Low,No
56,Female,117434.0,Urban,38.8,1,SUV,4,5,No,2.0,Yes,Medium,No
34,Female,82394.0,Urban,58.3,2,SUV,4,14,Yes,2.0,Yes,Low,No
36,Male,65398.0,Rural,30.1,1,Sedan,0,3,Yes,2.0,No,Low,No
44,Female,125813.0,Rural,18.4,1,Sedan,2,3,Yes,4.0,No,Low,No
56,Male,65085.0,Rural,35.9,1,Hatchback,0,1,Yes,2.0,Yes,Low,No
41,Female,67847.0,Suburban,21.7,2,Sedan,5,5,Yes,3.0,Yes,Low,No
40,Female,88380.0,Rural,54.9,1,Sedan,0,3,Yes,2.0,No,Low,No
69,Female,30000.0,Suburban,42.6,3,SUV,3,7,Yes,3.0,Yes,Low,No
46,Female,49248.0,Rural,22.7,3,Hatchback,1,2,Yes,5.0,Yes,Low,No
64,Female,90430.0,Urban,53.0,2,Sedan,7,16,Yes,5.0,No,Low,No
25,Male,87158.0,Rural,19.1,1,Hatchback,1,1,Yes,2.0,No,Low,No
30,Male,94274.0,Urban,39.0,4,SUV,4,13,Yes,5.0,Yes,Low,Yes
43,Female,119090.0,Urban,68.8,1,Sedan,3,9,No,3.0,Yes,Medium,No
55,Female,41300.0,Urban,32.3,1,SUV,9,10,No,5.0,No,Low,No
54,Female,104248.0,Urban,35.7,1,Sedan,7,18,Yes,2.0,No,Low,No
50,Female,33920.0,Rural,71.0,2,Sedan,1,0,Yes,4.0,Yes,Low,Yes
44,Male,33807.0,Suburban,25.8,3,Hatchback,4,3,Yes,1.0,Yes,Low,No
60,Male,51569.0,Urban,5.0,2,SUV,12,18,No,5.0,No,Low,No
27,Male,70702.0,Urban,34.9,2,Sedan,13,15,No,1.0,Yes,Low,No
33,Male,98001.0,Urban,34.9,4,Hatchback,4,8,No,2.0,No,Low,No
43,Male,87606.0,Urban,32.0,1,Sedan,5,16,No,1.0,Yes,Medium,No
43,Other,99265.0,Urban,21.2,3,SUV,11,12,Yes,4.0,Yes,Low,Yes
51,Female,72887.0,Rural,36.6,2,Hatchback,1,0,Yes,5.0,Yes,Low,Yes
61,Female,77466.0,Suburban,21.7,4,Sedan,5,5,Yes,4.0,Yes,Low,No
46,Female,107845.0,Urban,52.5,1,Sedan,6,5,No,1.0,No,Medium,No
57,Female,52439.0,Rural,7.3,1,SUV,1,1,Yes,3.0,Yes,Low,No
35,Female,67889.0,Suburban,36.0,1,Sedan,6,4,Yes,1.0,No,Low,No
69,Female,88966.0,Urban,71.8,2,SUV,9,4,No,5.0,Yes,Medium,Yes
52,Male,36850.0,Urban,49.4,4,Truck,13,6,No,1.0,No,Low,No
34,Female,70133.0,Rural,16.4,2,Sedan,1,2,Yes,3.0,Yes,Low,Yes
64,Male,113073.0,Rural,54.6,2,SUV,0,2,Yes,3.0,Yes,Low,No
40,Male,49751.0,Suburban,39.7,3,Sedan,4,9,Yes,2.0,Yes,Low,No
50,Male,169533.0,Suburban,51.5,3,Truck,2,1,Yes,3.0,Yes,Low,Yes
31,Male,64373.0,Suburban,26.5,2,SUV,1,6,No,5.0,No,Medium,No
38,Male,83459.0,Suburban,49.5,2,Sedan,7,7,Yes,1.0,No,Low,No
29,Male,70973.0,Suburban,69.9,1,SUV,7,2,No,2.0,Yes,Medium,No
26,Male,66391.0,Urban,46.5,2,Sedan,2,10,No,5.0,No,Medium,No
57,Female,95660.0,Rural,68.1,2,SUV,2,2,Yes,4.0,Yes,Low,Yes
65,Male,59962.0,Suburban,51.0,1,Sedan,0,2,No,5.0,No,Medium,No
47,Male,128985.0,Suburban,56.7,1,Hatchback,7,5,Yes,4.0,Yes,Low,Yes
50,Female,95583.0,Suburban,93.4,1,SUV,7,6,Yes,1.0,No,Low,No
54,Male,144174.0,Urban,23.8,4,Sedan,14,5,Yes,4.0,Yes,Low,No
65,Female,88778.0,Urban,34.7,2,Hatchback,9,9,No,3.0,No,Low,No
57,Male,66359.0,Urban,94.4,4,Truck,13,6,No,5.0,Yes,Medium,No
29,Male,63209.0,Suburban,15.9,1,Sedan,5,4,Yes,5.0,No,Low,No
27,Male,59883.0,Urban,35.3,1,Truck,13,12,Yes,5.0,Yes,Low,No
62,Female,88989.0,Rural,70.9,1,Hatchback,1,3,No,5.0,No,Medium,No
54,Female,91365.0,Suburban,5.0,2,SUV,2,7,Yes,4.0,Yes,Low,Yes
28,Male,91460.0,Urban,63.4,1,Truck,12,8,Yes,5.0,No,Low,No
62,Female,64999.0,Suburban,50.5,2,SUV,4,5,No,1.0,No,Low,No
28,Female,110632.0,Rural,5.0,1,Truck,1,0,Yes,3.0,No,Low,No
33,Male,99747.0,Rural,30.0,1,SUV,2,0,Yes,1.0,No,Low,No
41,Other,63561.0,Rural,57.7,2,Sedan,2,0,Yes,4.0,No,Low,No
42,Male,30000.0,Suburban,13.5,2,Sedan,3,1,Yes,3.0,Yes,Low,No
44,Male,64957.0,Urban,59.0,2,Hatchback,7,8,No,5.0,Yes,Low,No
64,Male,43761.0,Suburban,53.3,1,Sedan,0,4,No,3.0,No,High,No
65,Female,45988.0,Urban,71.2,1,Truck,11,8,No,5.0,No,Medium,No
62,Female,88328.0,Urban,5.0,3,SUV,13,19,Yes,5.0,No,Low,No
58,Male,100974.0,Urban,54.1,2,Sedan,11,10,No,5.0,No,Low,No
28,Male,84880.0,Urban,63.5,2,SUV,7,6,Yes,5.0,No,Low,No
44,Male,72769.0,Urban,28.0,1,SUV,3,10,Yes,3.0,Yes,Low,No
37,Female,150259.0,Suburban,54.5,3,Sedan,4,5,Yes,3.0,No,Low,No
40,Male,70471.0,Rural,24.5,2,Truck,2,2,Yes,4.0,No,Low,No
41,Male,128560.0,Urban,33.5,2,Sedan,8,8,No,3.0,Yes,Low,Yes
51,Male,85342.0,Urban,17.8,1,Hatchback,12,18,Yes,5.0,No,Low,No
33,Male,72415.0,Urban,27.0,1,Hatchback,5,7,No,1.0,No,Medium,No
39,Male,122116.0,Urban,82.1,2,Sedan,11,10,No,2.0,Yes,Medium,No
61,Male,75621.0,Suburban,106.0,1,Hatchback,1,3,Yes,4.0,Yes,Low,No
60,Male,80011.0,Urban,30.3,4,SUV,6,6,No,2.0,Yes,Medium,No
45,Female,100461.0,Rural,55.5,1,SUV,2,2,Yes,5.0,Yes,Low,Yes
34,Male,103108.0,Suburban,41.9,2,SUV,1,7,No,5.0,Yes,Low,Yes
64,Female,97000.0,Urban,5.0,2,Sedan,7,18,No,1.0,No,Low,No
39,Female,84287.0,Rural,47.1,2,Hatchback,1,2,Yes,5.0,Yes,Low,Yes
43,Male,44341.0,Urban,54.3,2,SUV,5,15,No,1.0,Yes,Medium,No
60,Male,68392.0,Urban,67.2,2,SUV,8,9,Yes,4.0,No,Low,No
59,Male,30000.0,Urban,35.4,2,Hatchback,11,12,Yes,1.0,Yes,Low,No
46,Female,59424.0,Rural,25.4,1,Sedan,2,0,No,3.0,No,Medium,No
43,Male,39673.0,Suburban,13.9,1,Sedan,3,2,Yes,5.0,No,Low,No
58,Other,69349.0,Urban,30.0,1,Sedan,5,4,No,5.0,Yes,Medium,No
66,Female,129148.0,Urban,36.9,1,SUV,4,6,No,4.0,No,Medium,No
27,Female,53904.0,Suburban,32.4,4,Truck,3,4,No,4.0,No,Medium,No
50,Female,31132.0,Urban,52.0,2,Hatchback,6,18,No,3.0,Yes,Medium,No
57,Female,102311.0,Suburban,16.6,2,Hatchback,0,1,Yes,4.0,No,Low,No
50,Male,153254.0,Suburban,78.8,2,Hatchback,4,8,Yes,1.0,No,Low,No
59,Female,123738.0,Suburban,27.7,2,Hatchback,2,4,No,2.0,Yes,High,No
32,Male,37218.0,Suburban,94.8,1,Hatchback,6,6,No,1.0,Yes,Medium,No
25,Male,81484.0,Urban,40.6,2,Truck,5,9,Yes,2.0,No,Low,No
31,Male,103642.0,Suburban,8.0,1,Sedan,7,3,No,1.0,No,Low,No
47,Female,54923.0,Urban,37.1,1,Sedan,5,16,No,2.0,Yes,Medium,No
50,Male,89820.0,Urban,52.9,2,Sedan,13,12,No,5.0,Yes,Low,Yes
66,Other,71478.0,Urban,50.3,2,SUV,11,19,Yes,3.0,Yes,Low,No
30,Female,44601.0,Suburban,46.3,2,Sedan,0,4,Yes,4.0,No,Low,No
67,Male,57482.0,Urban,45.8,3,Sedan,6,3,No,2.0,Yes,Low,No
39,Male,69628.0,Urban,62.6,1,Truck,14,13,No,3.0,Yes,Low,No
49,Female,87877.0,Urban,49.0,1,SUV,5,5,Yes,4.0,Yes,Low,Yes
59,Male,84287.0,Urban,48.2,2,Hatchback,11,15,No,1.0,Yes,Low,No
54,Female,104014.0,Urban,33.1,2,SUV,5,6,No,5.0,Yes,Low,Yes
64,Male,133381.0,Urban,43.4,1,Sedan,8,19,Yes,1.0,No,Low,No
30,Female,46289.0,Suburban,35.8,3,Truck,6,2,Yes,4.0,No,Low,No
61,Female,134591.0,Suburban,78.0,3,SUV,1,7,Yes,3.0,Yes,Low,No
65,Female,87102.0,Rural,36.4,2,SUV,0,0,Yes,3.0,Yes,Low,No
64,Male,105587.0,Suburban,5.0,3,Sedan,3,1,No,2.0,Yes,Medium,No
46,Female,95872.0,Urban,36.5,2,Sedan,11,5,Yes,4.0,Yes,Low,Yes
66,Female,113111.0,Urban,28.0,1,Sedan,4,19,No,4.0,Yes,Low,Yes
34,Female,100132.0,Urban,49.7,3,Sedan,13,16,No,2.0,Yes,Low,No
37,Male,66657.0,Urban,56.6,1,Sedan,8,7,No,1.0,Yes,Medium,No
38,Male,71241.0,Urban,31.3,1,Sedan,14,14,No,5.0,Yes,Low,Yes
65,Female,82786.0,Suburban,44.5,2,Sedan,0,6,No,3.0,Yes,Low,No
48,Female,95969.0,Urban,21.8,2,Truck,14,9,Yes,3.0,Yes,Low,No
66,Male,42861.0,Suburban,59.5,1,Sedan,5,8,Yes,5.0,Yes,Medium,No
68,Male,59160.0,Urban,69.4,1,SUV,3,3,Yes,1.0,Yes,Low,No
60,Male,144035.0,Urban,48.8,1,Sedan,7,4,No,4.0,Yes,Low,Yes
34,Female,49422.0,Urban,11.4,2,SUV,4,11,No,4.0,No,Low,No
54,Female,69450.0,Rural,5.0,1,SUV,1,1,Yes,4.0,Yes,Low,Yes
62,Female,110460.0,Suburban,39.4,1,SUV,6,8,Yes,5.0,Yes,Low,Yes
50,Female,51305.0,Urban,63.8,1,Sedan,11,14,Yes,3.0,No,Low,No
50,Female,103122.0,Urban,5.0,2,Truck,9,17,No,4.0,No,Low,No
33,Female,79209.0,Urban,10.4,2,SUV,2,5,Yes,5.0,Yes,Low,Yes
54,Male,30000.0,Suburban,64.9,1,Sedan,3,5,Yes,3.0,No,Low,No
57,Male,93999.0,Urban,13.5,2,Truck,4,6,Yes,5.0,No,Low,No
55,Female,129746.0,Urban,49.9,3,SUV,6,4,Yes,5.0,Yes,Low,No
38,Female,30000.0,Suburban,5.0,4,Sedan,4,9,Yes,5.0,No,Low,No
47,Male,104787.0,Rural,41.1,1,Sedan,0,2,Yes,5.0,Yes,Low,Yes
58,Female,123763.0,Urban,29.8,3,SUV,13,12,No,5.0,No,Low,No
27,Male,115618.0,Suburban,8.5,2,Sedan,7,2,Yes,2.0,Yes,Low,No
62,Male,51330.0,Suburban,46.8,1,SUV,3,3,Yes,1.0,Yes,Low,No
44,Female,134543.0,Suburban,67.7,3,SUV,4,4,No,4.0,Yes,Medium,No
30,Female,81984.0,Suburban,46.9,1,SUV,2,3,Yes,2.0,No,Low,No
36,Female,112172.0,Suburban,44.9,2,Sedan,6,9,Yes,4.0,Yes,Low,Yes
30,Male,80036.0,Urban,36.4,3,Hatchback,11,6,Yes,3.0,No,Low,No
29,Female,67626.0,Suburban,72.2,1,SUV,5,8,Yes,5.0,No,Low,No
28,Female,45702.0,Urban,42.6,1,SUV,9,12,No,4.0,No,Low,No
60,Male,104230.0,Urban,64.3,3,Sedan,3,11,No,1.0,No,Low,No
28,Male,77622.0,Urban,62.1,3,Truck,14,14,No,1.0,No,Medium,No
28,Male,55918.0,Urban,49.8,2,Sedan,8,18,No,3.0,Yes,Low,No
53,Female,67360.0,Urban,39.2,2,Sedan,14,19,Yes,1.0,Yes,Low,No
55,Female,83452.0,Suburban,44.9,1,SUV,6,3,Yes,4.0,Yes,Low,Yes
33,Female,61636.0,Urban,75.0,2,Hatchback,6,16,No,3.0,No,Low,No
25,Female,83977.0,Suburban,5.7,2,SUV,2,3,Yes,5.0,No,Low,No
35,Male,30000.0,Urban,45.1,2,Sedan,13,10,No,3.0,Yes,Low,No
67,Male,81844.0,Urban,76.8,4,Sedan,11,8,No,1.0,No,Medium,No
50,Male,55047.0,Suburban,9.9,1,Sedan,0,9,No,3.0,Yes,Medium,No
58,Male,133013.0,Suburban,31.1,2,SUV,3,3,Yes,4.0,No,Low,No
30,Male,47800.0,Rural,12.0,2,SUV,0,1,Yes,1.0,No,Low,No
68,Male,30000.0,Suburban,5.0,3,Sedan,1,3,Yes,3.0,Yes,Low,No
67,Male,63435.0,Urban,14.3,1,Sedan,4,11,No,2.0,Yes,Low,No
25,Female,114907.0,Urban,48.4,2,SUV,9,4,No,4.0,No,Low,No
49,Male,92867.0,Urban,61.3,3,SUV,13,12,No,1.0,No,Low,No
68,Female,129350.0,Urban,48.2,2,SUV,3,6,Yes,1.0,No,Low,No
42,Male,93486.0,Urban,16.0,1,Sedan,14,3,No,2.0,No,Low,No
68,Female,96100.0,Rural,5.0,2,Truck,1,1,Yes,5.0,No,Low,Yes
54,Male,122827.0,Suburban,46.0,1,SUV,1,5,Yes,4.0,No,Low,No
67,Male,85309.0,Suburban,5.0,1,SUV,7,9,Yes,1.0,Yes,Low,No
59,Male,100303.0,Suburban,47.0,2,Hatchback,5,7,Yes,4.0,No,Low,No
45,Male,94893.0,Urban,55.6,1,Sedan,2,4,No,2.0,Yes,Medium,No
49,Male,84287.0,Urban,66.9,2,SUV,10,7,Yes,3.0,No,Low,No
69,Female,150242.0,Urban,52.3,2,Hatchback,4,15,No,5.0,Yes,Low,Yes
47,Female,69060.0,Rural,50.7,3,Hatchback,1,3,No,5.0,No,Medium,No
61,Male,106335.0,Suburban,40.5,3,Hatchback,4,1,Yes,4.0,Yes,Low,Yes
60,Male,68769.0,Suburban,45.9,2,SUV,1,6,No,1.0,No,Low,No
30,Other,100959.0,Suburban,38.3,2,Truck,4,7,Yes,4.0,Yes,Low,No
66,Female,84906.0,Urban,59.3,3,Sedan,12,16,Yes,5.0,Yes,Low,No
35,Female,81000.0,Suburban,32.0,2,Truck,4,6,Yes,1.0,Yes,Low,No
43,Female,51934.0,Rural,5.0,1,SUV,2,0,Yes,5.0,Yes,Low,Yes
28,Male,136169.0,Urban,44.1,1,Sedan,9,15,No,2.0,Yes,Medium,No
58,Male,41729.0,Urban,54.1,2,SUV,11,12,Yes,1.0,Yes,Low,No
61,Female,103927.0,Urban,5.0,3,Truck,2,8,No,2.0,Yes,Low,No
36,Male,121916.0,Urban,67.4,2,Sedan,14,18,Yes,5.0,No,Low,No
38,Male,79157.0,Urban,52.3,1,Hatchback,4,18,No,1.0,Yes,Medium,No
50,Female,91983.0,Suburban,5.0,1,SUV,2,4,Yes,5.0,Yes,Low,Yes
48,Male,101116.0,Urban,7.9,2,SUV,8,3,No,2.0,Yes,Medium,No
65,Male,130329.0,Urban,27.2,3,Sedan,6,16,No,4.0,Yes,Low,No
66,Male,63446.0,Urban,46.3,2,Sedan,8,3,No,3.0,No,Low,No
41,Male,74555.0,Urban,5.0,2,Sedan,8,10,No,3.0,No,Low,No
64,Male,137959.0,Rural,59.8,2,Sedan,2,2,Yes,3.0,Yes,Low,Yes
54,Female,82440.0,Rural,5.0,1,Hatchback,2,2,No,5.0,No,Low,Yes
62,Male,30000.0,Urban,31.0,1,Sedan,6,16,No,1.0,Yes,Low,No
48,Male,78614.0,Suburban,44.0,4,Sedan,4,5,Yes,1.0,No,Low,No
65,Male,84287.0,Suburban,17.3,2,Sedan,7,6,Yes,2.0,Yes,Low,No
63,Female,123265.0,Urban,5.0,4,Sedan,4,7,Yes,3.0,No,Low,No
46,Male,30000.0,Urban,28.4,1,SUV,10,8,No,2.0,Yes,Medium,No
58,Female,96474.0,Suburban,52.0,2,Sedan,3,8,No,4.0,Yes,Medium,No
33,Female,84270.0,Urban,89.0,1,Sedan,2,6,Yes,5.0,Yes,Low,Yes
29,Male,120741.0,Suburban,52.3,4,Hatchback,6,7,Yes,1.0,No,Low,No
43,Female,95351.0,Suburban,8.9,3,SUV,7,7,Yes,3.0,Yes,Low,Yes
52,Female,81513.0,Suburban,44.2,3,Hatchback,7,5,Yes,1.0,Yes,Low,No
56,Male,77496.0,Urban,79.6,2,SUV,5,18,No,4.0,No,Medium,No
68,Female,58660.0,Suburban,67.2,1,Sedan,3,9,No,4.0,No,Medium,No
55,Male,56048.0,Urban,57.4,1,Sedan,12,6,No,5.0,No,Low,No
37,Male,83903.0,Suburban,58.5,2,SUV,0,4,No,5.0,Yes,Medium,Yes
62,Female,128894.0,Urban,37.8,2,SUV,3,6,No,2.0,Yes,High,No
27,Female,78531.0,Urban,40.7,1,SUV,2,16,Yes,2.0,Yes,Low,No
35,Female,149103.0,Suburban,67.3,1,SUV,7,1,Yes,3.0,No,Medium,No
62,Male,75018.0,Suburban,5.8,1,Sedan,3,8,No,1.0,No,Low,No
48,Male,54100.0,Urban,31.5,2,Sedan,4,13,Yes,5.0,Yes,Low,No
31,Female,58161.0,Rural,32.8,1,Sedan,1,3,Yes,5.0,No,Low,No
53,Male,169263.0,Urban,51.9,3,Truck,2,6,No,1.0,No,Medium,No
48,Female,75874.0,Suburban,69.8,2,Sedan,7,6,Yes,3.0,Yes,Low,No
32,Female,106741.0,Urban,21.4,1,Sedan,6,14,No,3.0,No,Medium,No
29,Female,56860.0,Suburban,63.4,3,SUV,1,1,Yes,2.0,Yes,Low,No
67,Male,126424.0,Suburban,68.0,1,SUV,5,9,No,4.0,No,Medium,No
28,Male,87492.0,Suburban,48.6,2,Hatchback,7,9,Yes,5.0,No,Low,No
28,Male,84758.0,Suburban,32.5,1,Truck,3,6,Yes,3.0,Yes,Low,No
52,Male,113828.0,Suburban,17.8,1,Sedan,4,5,No,3.0,Yes,Low,No
51,Female,124369.0,Urban,48.7,1,Sedan,4,18,Yes,3.0,Yes,Low,No
64,Male,140570.0,Urban,51.3,1,Sedan,4,18,No,2.0,Yes,Low,No
30,Male,101036.0,Urban,72.3,1,Hatchback,14,8,No,3.0,Yes,Low,No
45,Male,62938.0,Rural,5.0,1,Sedan,2,3,Yes,1.0,Yes,Low,No
25,Male,38557.0,Urban,29.1,4,Sedan,6,8,No,4.0,No,Medium,No
55,Male,89990.0,Rural,46.4,2,Sedan,2,0,Yes,4.0,Yes,Low,Yes
49,Male,143456.0,Urban,61.2,2,Sedan,5,19,No,1.0,Yes,Low,No
66,Female,109711.0,Suburban,51.2,1,SUV,3,3,Yes,3.0,Yes,Low,Yes
62,Female,94469.0,Urban,54.8,3,SUV,12,7,No,5.0,No,Low,Yes
51,Female,82502.0,Urban,43.9,2,SUV,8,10,No,4.0,Yes,Low,No
63,Female,81530.0,Rural,18.6,2,Truck,0,3,Yes,2.0,Yes,Low,No
38,Female,84758.0,Suburban,47.2,1,Hatchback,5,9,No,3.0,No,Low,No
57,Female,99136.0,Urban,28.8,2,SUV,6,16,No,3.0,No,Medium,No
38,Female,84906.0,Urban,48.0,3,Hatchback,4,10,Yes,4.0,Yes,Low,Yes
63,Male,30000.0,Urban,38.7,2,Sedan,2,13,No,3.0,No,Low,No
28,Female,68954.0,Suburban,5.0,2,Sedan,1,8,No,2.0,Yes,Medium,No
69,Male,101655.0,Urban,37.6,1,SUV,4,5,No,5.0,Yes,Medium,No
34,Female,108030.0,Urban,100.7,2,Sedan,5,14,Yes,2.0,Yes,Low,No
25,Female,85272.0,Suburban,17.2,2,Sedan,0,1,No,4.0,Yes,Medium,No
63,Female,93206.0,Suburban,49.5,4,Hatchback,5,2,No,1.0,No,Medium,No
62,Female,65393.0,Suburban,54.3,2,SUV,4,5,Yes,3.0,Yes,Low,No
47,Female,78817.0,Urban,33.7,1,Sedan,14,4,No,3.0,Yes,Low,No
53,Male,127678.0,Suburban,43.2,2,Sedan,5,7,Yes,3.0,No,Low,No
48,Male,113547.0,Rural,41.2,3,Truck,1,2,No,4.0,No,Medium,No
40,Male,91561.0,Rural,65.9,3,Hatchback,0,0,No,1.0,Yes,High,No
41,Female,94919.0,Suburban,8.0,1,SUV,0,8,Yes,1.0,Yes,Low,No
69,Female,84906.0,Rural,88.4,3,Truck,2,3,No,5.0,No,High,No
59,Male,65584.0,Rural,5.0,1,SUV,1,1,Yes,2.0,Yes,Low,No
36,Female,70980.0,Urban,5.0,2,SUV,8,13,Yes,5.0,Yes,Low,Yes
40,Male,84287.0,Suburban,30.3,2,SUV,3,1,Yes,4.0,Yes,Low,Yes
57,Male,86891.0,Urban,46.8,2,SUV,12,17,No,3.0,Yes,Low,No
32,Female,57628.0,Urban,33.1,2,Hatchback,6,10,Yes,2.0,No,Low,No
64,Male,145853.0,Urban,24.7,2,SUV,3,17,Yes,1.0,Yes,Low,No
29,Female,88101.0,Rural,46.3,3,SUV,0,2,Yes,2.0,Yes,Low,No
40,Male,104860.0,Urban,22.8,1,Sedan,2,19,Yes,2.0,Yes,Low,Yes
39,Female,126055.0,Urban,41.9,3,SUV,3,19,Yes,5.0,Yes,Low,Yes
35,Male,69095.0,Rural,55.3,1,SUV,0,2,Yes,5.0,Yes,Low,No
25,Female,30000.0,Urban,26.8,2,Sedan,4,17,No,3.0,Yes,Low,No
35,Female,69538.0,Urban,24.2,1,Sedan,3,10,No,4.0,Yes,Low,Yes
46,Male,91353.0,Rural,28.7,2,SUV,0,1,Yes,1.0,Yes,Low,No
28,Female,68420.0,Urban,43.4,2,Sedan,11,16,Yes,3.0,No,Low,No
64,Female,109999.0,Urban,56.2,3,Truck,7,3,No,3.0,Yes,Medium,No
62,Male,111206.0,Urban,39.1,2,Sedan,7,8,Yes,5.0,Yes,Low,No
58,Male,104777.0,Urban,44.4,2,Sedan,4,6,No,5.0,Yes,Medium,Yes
66,Male,94201.0,Urban,52.6,1,SUV,14,15,No,3.0,No,Low,No
55,Female,142496.0,Suburban,19.9,3,Truck,6,4,Yes,5.0,No,Low,No
62,Female,80270.0,Rural,7.0,2,Sedan,0,0,Yes,4.0,Yes,Low,No
67,Female,58764.0,Rural,88.4,4,Truck,0,3,Yes,1.0,No,Low,No
25,Male,37780.0,Suburban,28.7,1,SUV,2,3,Yes,5.0,No,Low,No
59,Male,43046.0,Suburban,5.0,1,SUV,0,2,Yes,3.0,Yes,Low,No
38,Male,101419.0,Urban,18.1,2,Sedan,7,8,No,4.0,No,Low,No
67,Male,64498.0,Urban,37.7,1,Truck,12,17,No,1.0,Yes,Low,No
50,Female,122474.0,Suburban,34.7,2,SUV,2,1,Yes,5.0,No,Low,No
28,Male,134640.0,Urban,33.9,2,Sedan,2,10,No,1.0,Yes,High,No
51,Male,174000.0,Urban,80.5,1,Sedan,13,13,Yes,3.0,Yes,Low,Yes
51,Male,102055.0,Urban,63.0,3,Truck,8,3,No,3.0,Yes,Medium,Yes
55,Male,100927.0,Urban,49.2,3,SUV,2,4,No,1.0,Yes,Low,No
56,Male,56522.0,Suburban,12.0,1,SUV,4,1,No,2.0,Yes,Low,No
55,Male,68755.0,Suburban,68.5,2,SUV,1,6,Yes,1.0,No,Low,No
59,Female,81029.0,Suburban,22.2,3,Sedan,2,3,Yes,5.0,No,Low,No
28,Female,84144.0,Urban,26.1,2,SUV,8,7,No,3.0,Yes,Low,No
39,Female,54314.0,Suburban,62.8,2,SUV,3,3,No,1.0,No,High,No
32,Female,52695.0,Urban,48.9,3,Sedan,14,17,No,4.0,No,Low,No
36,Female,89302.0,Urban,23.4,3,Sedan,5,14,No,2.0,Yes,Medium,No
33,Female,137198.0,Urban,67.9,1,Truck,12,16,No,1.0,No,Low,No
40,Male,94770.0,Urban,6.3,1,Sedan,4,18,No,2.0,No,Low,No
64,Female,85677.0,Suburban,84.2,2,Sedan,1,8,Yes,5.0,Yes,Low,Yes
56,Male,47167.0,Suburban,43.6,1,SUV,4,7,Yes,3.0,Yes,Low,No
64,Male,30487.0,Urban,40.9,3,SUV,2,13,Yes,4.0,No,Low,No
27,Male,119277.0,Urban,5.0,2,Sedan,6,6,No,3.0,No,Medium,No
54,Male,32996.0,Urban,45.3,2,Truck,3,14,Yes,5.0,No,Low,No
46,Male,45918.0,Urban,5.0,1,Hatchback,3,6,No,4.0,No,Medium,No
25,Female,99946.0,Urban,52.3,2,Truck,11,6,No,3.0,Yes,Low,No
38,Male,117006.0,Urban,38.1,1,SUV,13,16,No,2.0,No,Low,No
49,Male,84758.0,Urban,43.7,1,Sedan,11,17,No,1.0,Yes,Low,No
53,Female,58227.0,Rural,34.0,2,SUV,0,0,Yes,3.0,Yes,Low,No
41,Female,53244.0,Rural,90.9,2,SUV,1,3,Yes,4.0,No,Low,No
62,Male,70143.0,Urban,22.5,1,Sedan,10,19,No,2.0,Yes,Low,No
52,Female,92800.0,Urban,72.4,1,Hatchback,13,5,No,5.0,No,Low,No
47,Female,81240.0,Urban,46.6,2,SUV,11,14,No,3.0,Yes,Low,No
32,Female,150828.0,Urban,11.0,1,SUV,14,14,No,2.0,No,Low,No
27,Male,75053.0,Rural,32.7,1,Sedan,2,3,Yes,1.0,No,Low,No
53,Male,137165.0,Urban,31.2,2,Sedan,2,9,Yes,2.0,Yes,Low,No
59,Female,110158.0,Rural,11.7,1,SUV,1,2,Yes,2.0,No,Low,No
44,Female,103444.0,Urban,6.7,2,SUV,4,5,No,3.0,Yes,Medium,No
31,Female,134083.0,Suburban,21.8,2,SUV,4,2,Yes,4.0,Yes,Low,Yes
28,Male,80914.0,Suburban,42.6,1,Truck,3,5,No,3.0,Yes,Low,Yes
31,Male,64468.0,Urban,38.2,3,Sedan,3,13,Yes,1.0,No,Low,No
68,Female,64391.0,Urban,48.6,2,SUV,2,12,Yes,4.0,No,Low,No
39,Female,69697.0,Suburban,38.4,1,SUV,6,4,Yes,2.0,No,Low,No
36,Male,89622.0,Urban,69.7,2,SUV,4,9,No,2.0,Yes,Medium,No
58,Male,109427.0,Urban,58.2,1,Sedan,2,14,No,2.0,No,Medium,No
58,Male,53047.0,Rural,44.4,2,Sedan,1,1,Yes,3.0,Yes,Low,No
59,Male,81003.0,Urban,69.0,1,SUV,4,5,No,4.0,No,Medium,No
44,Male,138207.0,Suburban,15.1,3,Sedan,3,6,Yes,3.0,No,Low,Yes
49,Male,67393.0,Urban,50.6,1,Hatchback,12,14,Yes,3.0,No,Low,No
26,Male,88577.0,Urban,25.6,2,Sedan,13,12,No,2.0,Yes,Low,No
35,Male,41589.0,Rural,63.8,2,Sedan,1,0,Yes,4.0,No,Low,No
45,Male,154527.0,Urban,54.5,3,SUV,11,5,No,4.0,No,Low,No
64,Male,41113.0,Urban,7.2,3,Sedan,14,10,No,1.0,Yes,Low,No
35,Male,60336.0,Urban,5.0,3,Sedan,12,6,No,3.0,Yes,Medium,No
69,Male,120662.0,Suburban,66.3,3,Sedan,2,4,Yes,5.0,Yes,Low,Yes
60,Male,30000.0,Urban,48.5,3,Hatchback,2,15,No,5.0,Yes,Low,Yes
48,Male,43283.0,Suburban,32.3,2,Sedan,4,6,Yes,2.0,Yes,Low,No
33,Female,127392.0,Suburban,29.7,3,SUV,2,9,Yes,1.0,No,Low,No
65,Female,30000.0,Rural,42.4,1,Sedan,1,0,Yes,3.0,Yes,Low,No
64,Female,114183.0,Rural,54.7,1,Sedan,0,0,Yes,5.0,Yes,Medium,No
69,Male,51243.0,Rural,10.0,3,SUV,1,0,No,5.0,No,Medium,No
68,Male,31419.0,Urban,26.0,1,Sedan,4,15,Yes,4.0,No,Low,No
60,Female,91494.0,Urban,85.9,3,Hatchback,3,4,No,5.0,No,Medium,No
69,Male,30000.0,Suburban,43.6,1,SUV,1,6,Yes,2.0,Yes,Low,No
25,Female,68015.0,Urban,96.2,1,Truck,12,17,No,3.0,Yes,Low,No
26,Female,83544.0,Rural,43.6,1,SUV,1,3,Yes,3.0,Yes,Low,Yes
66,Female,58410.0,Urban,106.0,1,Hatchback,5,19,No,2.0,Yes,Medium,No
67,Male,111609.0,Urban,5.0,1,Sedan,8,6,Yes,2.0,No,Low,No
62,Female,69546.0,Suburban,47.4,1,Sedan,7,4,No,2.0,No,Low,No
54,Male,150063.0,Urban,55.2,3,Hatchback,5,4,No,5.0,Yes,Medium,Yes
36,Female,30000.0,Urban,27.9,2,SUV,10,13,Yes,2.0,Yes,Low,No
32,Male,30000.0,Rural,5.0,1,SUV,1,3,Yes,3.0,Yes,Low,No
44,Male,30000.0,Urban,58.7,2,SUV,6,11,No,1.0,No,Low,No
35,Female,93791.0,Suburban,60.5,1,Sedan,6,8,Yes,1.0,Yes,Low,No
26,Male,97232.0,Urban,5.0,2,SUV,10,11,No,4.0,Yes,Low,Yes
44,Male,93602.0,Urban,48.3,3,Sedan,14,7,No,1.0,Yes,Low,No
55,Male,40652.0,Urban,38.8,2,SUV,9,9,No,4.0,Yes,Medium,No
42,Female,131534.0,Suburban,31.6,2,Sedan,2,4,No,3.0,No,Medium,No
42,Male,75807.0,Suburban,58.3,3,Truck,1,2,No,1.0,No,Medium,No
36,Female,147943.0,Urban,6.6,4,Sedan,4,4,No,1.0,No,Low,No
38,Male,47796.0,Rural,54.7,2,SUV,2,1,Yes,1.0,No,Low,No
52,Male,49426.0,Urban,36.6,3,SUV,2,7,Yes,2.0,No,Low,No
36,Male,127934.0,Urban,90.9,1,SUV,2,13,No,5.0,Yes,Medium,No
36,Female,72828.0,Suburban,15.2,1,Truck,2,7,Yes,1.0,No,Low,No
48,Female,90740.0,Urban,39.3,1,SUV,12,13,Yes,1.0,Yes,Low,No
28,Female,113761.0,Urban,39.9,3,Sedan,7,11,No,5.0,Yes,Medium,Yes
51,Female,124587.0,Urban,48.6,2,Sedan,2,18,Yes,1.0,Yes,Low,No
51,Female,79342.0,Urban,21.7,2,SUV,14,11,No,4.0,Yes,Low,No
51,Female,110404.0,Suburban,37.25,1,SUV,6,1,No,5.0,Yes,Low,Yes
32,Female,61092.0,Urban,21.2,2,Sedan,14,4,Yes,2.0,No,Low,No
36,Other,30000.0,Rural,20.7,2,Sedan,1,2,Yes,1.0,Yes,Low,No
46,Male,92758.0,Urban,61.6,1,SUV,12,15,Yes,4.0,No,Low,No
59,Female,59081.0,Suburban,64.1,1,Sedan,3,8,Yes,5.0,No,Low,No
41,Female,98309.0,Suburban,5.0,2,Hatchback,7,4,Yes,4.0,No,Low,No
69,Female,92796.0,Urban,30.6,3,Sedan,12,5,No,1.0,No,Low,No
67,Female,44022.0,Urban,27.1,2,Hatchback,11,15,No,3.0,Yes,Low,No
49,Male,73497.0,Urban,58.3,3,Truck,14,14,No,4.0,Yes,Low,No
54,Male,110312.0,Rural,45.2,1,Sedan,1,2,Yes,4.0,Yes,Low,No
38,Male,171986.0,Suburban,40.849999999999994,3,Sedan,1,3,Yes,3.0,Yes,Low,Yes
30,Male,33211.0,Rural,27.7,2,Truck,2,2,Yes,4.0,Yes,Low,No
29,Male,86877.0,Rural,5.0,4,Sedan,2,0,Yes,3.0,Yes,Low,No
36,Male,65425.0,Urban,64.4,1,SUV,13,8,No,2.0,Yes,Low,No
34,Female,174000.0,Suburban,51.0,2,Sedan,0,7,Yes,2.0,No,Low,No
50,Female,98982.0,Rural,31.0,2,Sedan,1,1,Yes,2.0,Yes,Low,No
62,Female,60697.0,Rural,66.6,1,Sedan,1,2,Yes,3.0,Yes,Low,No
61,Male,71644.0,Urban,48.4,3,SUV,3,7,Yes,1.0,No,Low,No
37,Male,82990.0,Urban,29.8,1,SUV,3,17,Yes,2.0,No,Low,No
27,Male,160477.0,Suburban,85.2,2,Hatchback,3,5,Yes,3.0,Yes,Low,Yes
65,Male,100749.0,Urban,57.0,4,Sedan,4,7,No,2.0,Yes,Medium,No
57,Male,75721.0,Urban,47.5,3,Sedan,2,10,No,4.0,Yes,Medium,No
47,Female,75263.0,Rural,77.3,2,Sedan,1,0,Yes,3.0,Yes,Low,Yes
32,Female,108869.0,Urban,73.4,2,Sedan,11,15,Yes,3.0,No,Low,No
41,Male,71258.0,Urban,5.0,2,SUV,3,4,No,1.0,Yes,Low,No
33,Male,132292.0,Urban,5.0,2,Sedan,4,13,No,4.0,No,Low,No
31,Female,48735.0,Rural,16.4,3,SUV,2,0,Yes,1.0,Yes,Low,No
55,Male,30000.0,Rural,36.2,3,Hatchback,2,2,Yes,3.0,No,Low,No
57,Female,40157.0,Suburban,32.2,1,SUV,5,7,Yes,2.0,Yes,Low,No
25,Other,72926.0,Suburban,5.3,2,Sedan,6,4,Yes,3.0,No,Low,No
26,Male,113959.0,Suburban,7.6,1,SUV,4,4,Yes,4.0,No,Low,No
48,Other,82201.0,Suburban,53.4,2,Hatchback,5,1,Yes,1.0,No,Low,No
33,Female,82633.0,Rural,5.0,1,SUV,1,2,Yes,2.0,No,Low,No
39,Male,91652.0,Urban,41.3,1,Sedan,13,15,Yes,5.0,No,Low,No
49,Male,84287.0,Suburban,30.7,2,Hatchback,3,5,No,3.0,Yes,Medium,No
49,Male,111041.0,Suburban,36.6,3,Sedan,6,6,No,4.0,No,Medium,No
34,Female,113631.0,Rural,105.9,2,Hatchback,1,3,Yes,3.0,Yes,Low,Yes
40,Female,46209.0,Suburban,58.9,2,SUV,2,1,Yes,5.0,Yes,Low,No
53,Male,113826.0,Suburban,106.0,1,Sedan,5,1,No,3.0,Yes,Medium,Yes
57,Male,148415.0,Suburban,61.8,3,Hatchback,1,6,Yes,3.0,Yes,Low,No
65,Female,63383.0,Urban,51.8,2,SUV,8,16,Yes,4.0,Yes,Low,No
30,Male,94516.0,Urban,64.9,2,SUV,9,19,No,1.0,Yes,Low,No
43,Female,106014.0,Suburban,48.2,2,SUV,7,9,Yes,5.0,Yes,Low,Yes
68,Female,102325.0,Urban,72.7,1,SUV,14,3,No,5.0,No,Low,No
32,Female,93265.0,Urban,27.6,4,Hatchback,2,11,No,2.0,No,Low,No
69,Female,94782.0,Urban,56.2,1,SUV,14,12,No,1.0,No,Low,No
59,Female,111797.0,Rural,65.6,3,SUV,2,1,Yes,4.0,Yes,Low,Yes
36,Female,51951.0,Urban,13.2,2,Truck,7,14,No,1.0,Yes,Low,Yes
43,Male,119931.0,Rural,39.1,3,SUV,0,3,Yes,5.0,Yes,Low,No
29,Male,81488.0,Urban,5.0,3,Hatchback,11,4,Yes,5.0,Yes,Low,No
62,Male,114908.0,Suburban,41.2,3,SUV,1,3,Yes,3.0,Yes,Low,No
61,Female,58855.0,Suburban,32.7,3,Hatchback,3,5,Yes,5.0,No,Low,No
34,Male,110821.0,Urban,34.4,3,Sedan,14,8,No,3.0,Yes,Low,No
39,Male,138414.0,Urban,10.5,2,Truck,5,8,Yes,1.0,Yes,Low,No
36,Male,62090.0,Suburban,32.8,1,SUV,1,2,No,2.0,No,Medium,No
54,Female,150223.0,Urban,54.2,1,Sedan,11,7,Yes,1.0,Yes,Low,No
26,Female,174000.0,Suburban,26.3,2,Sedan,1,8,No,1.0,Yes,Low,Yes
50,Female,61039.0,Suburban,93.1,2,Truck,6,9,No,2.0,No,High,No
49,Male,82193.0,Suburban,75.2,2,SUV,7,8,Yes,1.0,No,Low,No
68,Female,51288.0,Urban,25.7,2,Truck,5,15,Yes,1.0,Yes,Low,No
45,Female,94858.0,Urban,65.9,1,SUV,5,7,Yes,2.0,No,Low,No
69,Male,43311.0,Urban,52.0,3,SUV,6,5,No,4.0,No,Medium,No
33,Male,160474.0,Urban,7.8,1,Hatchback,9,19,No,3.0,Yes,Low,No
59,Male,62671.0,Suburban,19.7,1,SUV,6,5,Yes,4.0,Yes,Low,No
44,Male,42845.0,Suburban,89.0,2,Sedan,6,4,Yes,4.0,Yes,Low,No
59,Male,113911.0,Suburban,52.6,1,Sedan,7,7,Yes,3.0,No,Low,No
60,Male,109397.0,Urban,12.8,4,Sedan,8,6,No,5.0,Yes,Low,No
25,Female,95638.0,Urban,59.6,1,Sedan,10,7,No,2.0,No,Low,No
69,Male,57549.0,Urban,75.5,1,SUV,9,17,No,3.0,No,Low,No
62,Female,115951.0,Suburban,5.0,1,Sedan,6,7,Yes,1.0,Yes,Low,No
62,Female,132932.0,Rural,27.4,3,Truck,2,1,Yes,4.0,Yes,Low,No
31,Male,119275.0,Urban,88.9,1,SUV,13,15,Yes,3.0,Yes,Low,No
63,Female,112674.0,Suburban,13.5,1,Hatchback,7,9,Yes,5.0,No,Low,No
52,Male,158829.0,Rural,62.8,2,SUV,2,3,Yes,2.0,Yes,Low,No
53,Male,76948.0,Urban,28.5,1,Sedan,13,13,No,1.0,Yes,Low,No
55,Male,94741.0,Suburban,5.0,1,SUV,1,6,Yes,1.0,Yes,Low,No
62,Male,83636.0,Rural,30.8,1,SUV,2,2,Yes,1.0,Yes,Low,No
68,Male,90558.0,Urban,38.0,1,Hatchback,8,5,Yes,1.0,Yes,Low,No
60,Male,61411.0,Urban,23.7,2,SUV,6,18,No,1.0,No,Low,No
54,Female,90673.0,Urban,36.7,2,Hatchback,12,12,No,3.0,No,Low,No
31,Female,30000.0,Suburban,39.5,2,Sedan,2,9,Yes,1.0,No,Low,No
44,Male,30000.0,Suburban,51.1,1,Sedan,3,9,Yes,3.0,No,Medium,No
57,Female,110413.0,Urban,26.6,3,Sedan,4,7,No,3.0,Yes,Medium,Yes
53,Female,87069.0,Suburban,15.0,2,Sedan,0,5,Yes,4.0,No,Low,No
37,Male,70614.0,Suburban,19.2,2,Hatchback,1,2,No,4.0,Yes,Medium,Yes
53,Female,95652.0,Urban,60.3,2,Truck,10,3,Yes,2.0,Yes,Low,No
67,Other,64745.0,Suburban,72.0,2,SUV,7,3,Yes,1.0,No,Low,No
37,Female,51593.0,Urban,57.4,2,SUV,6,6,No,4.0,Yes,Medium,No
35,Female,44119.0,Suburban,40.4,1,Hatchback,2,2,Yes,3.0,Yes,Low,No
56,Female,72034.0,Urban,19.4,1,Sedan,2,17,No,3.0,No,Low,No
30,Male,109026.0,Urban,25.5,2,Sedan,11,6,No,1.0,Yes,Low,No
37,Male,76268.0,Rural,67.4,1,Hatchback,2,0,Yes,2.0,Yes,Low,No
35,Male,31943.0,Urban,70.9,2,Sedan,10,16,Yes,4.0,No,Low,No
42,Female,43855.0,Urban,44.0,2,Sedan,3,8,No,3.0,Yes,Medium,No
32,Female,83073.0,Urban,5.0,3,Sedan,8,15,No,2.0,No,Low,No
43,Female,112579.0,Rural,83.4,1,Sedan,1,3,Yes,2.0,No,Low,No
36,Male,53856.0,Rural,38.3,1,Sedan,0,2,No,2.0,Yes,Medium,No
62,Female,120759.0,Urban,47.8,2,Sedan,3,4,No,5.0,No,Low,No
54,Female,51862.0,Suburban,68.8,2,SUV,2,3,Yes,3.0,Yes,Low,No
43,Male,79499.0,Urban,97.5,2,Sedan,12,11,Yes,2.0,Yes,Low,No
69,Male,74135.0,Urban,5.0,2,Sedan,2,10,No,4.0,Yes,Low,Yes
42,Male,85140.0,Suburban,5.0,2,Sedan,2,4,Yes,2.0,Yes,Low,Yes
67,Male,60347.0,Suburban,79.9,1,Truck,3,4,Yes,4.0,Yes,Medium,No
59,Female,77157.0,Rural,17.3,1,SUV,1,0,Yes,3.0,No,Low,No
41,Female,48021.0,Urban,31.5,3,Sedan,9,5,No,3.0,No,Low,No
34,Female,130325.0,Suburban,30.9,3,Hatchback,3,5,Yes,2.0,No,Low,No
54,Male,73414.0,Urban,40.5,1,Truck,13,19,Yes,2.0,Yes,Low,No
62,Male,98306.0,Urban,48.4,1,Truck,3,17,No,2.0,No,Low,No
36,Male,64878.0,Suburban,77.0,1,Sedan,0,8,No,4.0,Yes,High,No
51,Male,105534.0,Urban,65.3,1,Sedan,4,17,Yes,5.0,Yes,Low,Yes
64,Male,74774.0,Suburban,26.8,1,Sedan,1,2,Yes,4.0,Yes,Low,Yes
42,Male,93903.0,Urban,43.8,2,Truck,9,16,Yes,1.0,No,Low,No
59,Female,99620.0,Urban,40.8,2,SUV,9,8,Yes,3.0,No,Low,No
49,Female,61185.0,Suburban,22.4,1,Hatchback,3,9,Yes,3.0,No,Low,No
44,Male,55752.0,Urban,16.8,1,Hatchback,7,9,No,4.0,Yes,Low,No
35,Female,68578.0,Urban,54.5,1,Hatchback,5,13,Yes,4.0,No,Low,No
50,Female,60247.0,Suburban,36.7,2,Truck,1,8,Yes,4.0,Yes,Low,Yes
46,Male,55166.0,Urban,58.8,2,Hatchback,6,11,No,1.0,Yes,Low,No
63,Female,159832.0,Rural,28.9,1,Sedan,2,1,No,3.0,Yes,Low,Yes
38,Male,74609.0,Suburban,11.1,2,SUV,4,2,Yes,5.0,Yes,Low,Yes
63,Female,63805.0,Urban,93.0,3,Hatchback,4,8,Yes,1.0,Yes,Low,No
54,Male,122965.0,Urban,41.9,1,Sedan,7,8,No,3.0,No,Medium,No
43,Male,65987.0,Urban,56.6,2,Sedan,6,11,No,5.0,Yes,Low,No
32,Female,108323.0,Suburban,70.6,2,Sedan,0,4,Yes,5.0,No,Low,No
32,Female,82997.0,Urban,13.2,1,Hatchback,8,13,Yes,1.0,Yes,Low,No
56,Male,30000.0,Urban,11.7,2,Sedan,8,10,Yes,1.0,No,Low,No
67,Male,43483.0,Rural,31.6,1,Truck,2,2,No,5.0,Yes,Medium,No
59,Male,112343.0,Urban,58.7,1,Sedan,8,9,Yes,2.0,No,Low,No
62,Male,82818.0,Urban,5.0,2,Sedan,5,8,No,3.0,Yes,Low,Yes
46,Male,77282.0,Suburban,56.4,2,Sedan,0,7,Yes,5.0,Yes,Low,Yes
42,Male,59393.0,Urban,5.0,3,SUV,14,8,No,4.0,Yes,Low,No
39,Female,84199.0,Urban,64.2,2,Sedan,14,3,Yes,3.0,No,Low,No
46,Male,132776.0,Rural,38.8,1,Hatchback,2,2,Yes,3.0,Yes,Low,Yes
64,Female,125793.0,Urban,61.1,1,SUV,6,8,Yes,5.0,Yes,Low,Yes
62,Female,76049.0,Urban,36.2,1,Hatchback,6,19,No,1.0,No,Low,No
27,Male,81609.0,Urban,34.2,2,Sedan,5,16,No,1.0,Yes,Low,No
69,Female,138881.0,Suburban,39.6,2,Sedan,5,4,Yes,3.0,Yes,Low,No
55,Female,122345.0,Suburban,34.1,1,Hatchback,5,1,Yes,4.0,Yes,Low,Yes
57,Female,132111.0,Urban,55.4,1,Sedan,6,6,No,1.0,Yes,Medium,No
46,Female,88214.0,Suburban,76.4,1,Hatchback,5,4,Yes,5.0,No,Low,No
69,Other,74507.0,Urban,69.0,1,SUV,7,13,No,4.0,Yes,Medium,No
32,Female,80291.0,Urban,11.4,1,Sedan,14,3,Yes,3.0,Yes,Low,No
63,Male,84687.0,Urban,39.4,2,Sedan,12,19,No,4.0,No,Low,No
31,Female,56061.0,Urban,66.9,2,Sedan,5,7,Yes,3.0,Yes,Low,Yes
55,Female,72168.0,Suburban,16.6,1,Sedan,0,5,No,2.0,Yes,Medium,No
62,Female,58137.0,Suburban,58.4,2,SUV,6,7,Yes,4.0,Yes,Low,No
53,Male,87504.0,Urban,63.9,2,Hatchback,7,14,No,2.0,No,Low,No
44,Other,148375.0,Suburban,24.7,1,SUV,1,4,Yes,2.0,No,Low,No
40,Female,83950.0,Urban,34.8,1,Hatchback,10,19,No,3.0,No,Low,No
63,Male,47569.0,Urban,34.5,1,Sedan,5,12,Yes,1.0,Yes,Low,No
67,Female,120939.0,Rural,18.3,4,SUV,0,0,Yes,5.0,Yes,Low,Yes
61,Female,87249.0,Suburban,61.9,3,SUV,0,4,No,1.0,Yes,Medium,No
29,Male,94468.0,Rural,60.0,2,SUV,1,2,Yes,4.0,Yes,Low,Yes
57,Female,76838.0,Rural,56.0,2,SUV,2,2,Yes,5.0,Yes,Low,No
63,Male,102751.0,Suburban,36.9,1,Sedan,0,4,Yes,1.0,Yes,Low,No
55,Female,40851.0,Urban,46.3,2,SUV,2,15,Yes,1.0,No,Low,No
51,Male,66033.0,Urban,19.6,1,Truck,2,4,No,5.0,Yes,Low,Yes
55,Male,65318.0,Urban,59.5,1,Truck,9,11,No,1.0,Yes,Low,No
48,Male,77822.0,Urban,5.3,2,SUV,11,13,No,4.0,Yes,Low,Yes
66,Male,137848.0,Urban,48.5,3,SUV,9,14,No,1.0,Yes,Low,No
46,Male,118288.0,Rural,6.8,2,Truck,2,1,Yes,3.0,Yes,Low,No
35,Male,97861.0,Rural,39.5,4,SUV,1,1,Yes,3.0,No,Low,No
61,Female,69353.0,Suburban,71.0,2,SUV,2,4,Yes,3.0,No,Low,No
44,Female,106434.0,Rural,46.6,1,Sedan,2,1,No,5.0,No,Medium,No
68,Female,102781.0,Urban,5.0,1,SUV,10,12,Yes,5.0,No,Low,No
63,Male,58354.0,Suburban,18.1,4,SUV,2,5,Yes,1.0,No,Low,No
53,Male,43068.0,Urban,64.6,2,Sedan,6,13,No,5.0,No,Low,No
28,Female,30000.0,Suburban,32.7,2,Hatchback,7,4,Yes,2.0,Yes,Low,No
28,Female,67947.0,Urban,27.7,1,SUV,10,19,Yes,2.0,Yes,Low,No
56,Female,138730.0,Suburban,56.9,1,Hatchback,7,7,Yes,3.0,Yes,Low,Yes
49,Female,30000.0,Suburban,25.2,4,SUV,4,8,Yes,3.0,No,Low,No
38,Male,31285.0,Rural,82.5,1,Sedan,2,3,Yes,2.0,Yes,Low,No
27,Female,93028.0,Urban,33.0,2,Sedan,14,17,Yes,3.0,Yes,Low,No
62,Female,95311.0,Urban,5.0,4,Truck,3,9,Yes,3.0,Yes,Low,No
32,Male,123554.0,Urban,12.7,1,Sedan,10,18,No,2.0,Yes,Low,Yes
37,Male,43688.0,Rural,68.3,2,Sedan,2,0,Yes,3.0,Yes,Low,No
46,Female,31423.0,Suburban,52.0,2,SUV,5,6,No,5.0,Yes,Low,Yes
54,Male,47429.0,Suburban,26.6,4,Truck,2,5,Yes,3.0,Yes,Low,No
40,Female,43413.0,Rural,26.2,1,Hatchback,0,0,Yes,2.0,No,Low,No
29,Female,54795.0,Urban,18.6,2,SUV,12,10,No,4.0,Yes,Medium,No
56,Male,68618.0,Urban,42.7,2,Sedan,8,17,No,4.0,Yes,Low,No
56,Male,114088.0,Suburban,81.7,1,Sedan,6,3,Yes,3.0,No,Low,No
51,Female,32870.0,Urban,71.3,2,SUV,8,13,No,3.0,Yes,Low,No
58,Male,90909.0,Suburban,67.9,3,SUV,2,4,Yes,4.0,Yes,Low,No
54,Male,120446.0,Rural,21.9,1,Sedan,1,3,Yes,2.0,No,Low,No
26,Male,92385.0,Suburban,66.8,2,Hatchback,3,2,Yes,1.0,Yes,Low,No
40,Male,132388.0,Urban,20.3,1,Hatchback,5,18,Yes,1.0,Yes,Low,No
69,Female,105330.0,Suburban,32.9,2,Hatchback,5,9,Yes,2.0,No,Low,No
26,Female,36836.0,Rural,67.9,2,Sedan,1,0,Yes,4.0,Yes,Low,No
32,Male,72214.0,Urban,52.2,1,SUV,8,18,No,5.0,No,Low,Yes
29,Male,147613.0,Rural,37.3,2,SUV,1,0,Yes,3.0,Yes,Low,No
33,Female,41388.0,Urban,53.1,1,Sedan,11,18,No,2.0,No,Low,No
30,Male,67855.0,Urban,45.0,1,Hatchback,12,6,No,1.0,Yes,Low,No
44,Male,108638.0,Urban,70.5,3,Sedan,6,19,No,3.0,Yes,Low,Yes
61,Female,121669.0,Urban,26.3,1,SUV,2,19,Yes,5.0,No,Low,Yes
63,Male,48135.0,Rural,5.0,1,Sedan,2,1,Yes,1.0,No,Low,No
34,Female,111789.0,Rural,80.4,2,Sedan,1,3,Yes,3.0,No,Low,No
68,Female,107542.0,Suburban,77.9,1,Hatchback,0,2,Yes,5.0,No,Low,No
44,Female,119980.0,Urban,25.3,1,Sedan,11,15,No,4.0,No,Low,No
64,Male,134837.0,Rural,32.6,3,Sedan,1,2,Yes,5.0,No,Low,Yes
45,Female,98639.0,Suburban,48.1,1,SUV,2,9,No,2.0,Yes,Medium,No
38,Male,114883.0,Urban,42.6,1,Sedan,13,3,Yes,3.0,Yes,Low,Yes
27,Female,50023.0,Rural,47.8,2,SUV,0,1,Yes,4.0,Yes,Low,No
45,Female,139988.0,Urban,56.0,1,SUV,12,13,No,5.0,Yes,Low,Yes
46,Male,53576.0,Urban,12.0,1,SUV,7,15,Yes,2.0,No,Low,No
49,Female,55632.0,Suburban,14.4,3,Sedan,3,6,Yes,2.0,Yes,Low,No
62,Female,37681.0,Urban,31.8,1,SUV,13,16,Yes,2.0,Yes,Low,No
59,Female,74340.0,Urban,48.9,1,Sedan,10,12,Yes,3.0,Yes,Low,No
25,Male,78946.0,Suburban,72.7,3,Sedan,5,3,No,3.0,Yes,Low,No
44,Female,77697.0,Urban,30.1,3,SUV,13,8,Yes,2.0,No,Low,No
49,Male,53457.0,Suburban,53.9,1,Sedan,5,7,No,5.0,Yes,Medium,No
49,Male,86321.0,Suburban,39.9,2,Hatchback,4,5,Yes,5.0,Yes,Low,Yes
32,Male,63354.0,Urban,9.6,1,SUV,11,6,No,1.0,Yes,Medium,No
63,Female,30741.0,Urban,31.8,2,SUV,10,18,Yes,1.0,Yes,Low,No
62,Female,92341.0,Urban,32.7,1,SUV,6,17,No,1.0,Yes,Medium,No
50,Male,60934.0,Urban,9.9,3,Hatchback,12,6,No,1.0,Yes,Low,No
42,Male,107833.0,Urban,52.4,1,SUV,12,16,Yes,5.0,Yes,Low,Yes
65,Female,30000.0,Suburban,5.0,2,SUV,7,1,Yes,2.0,No,Low,No
39,Female,114164.0,Rural,14.9,1,Sedan,2,0,Yes,5.0,No,Low,Yes
54,Female,136480.0,Urban,60.3,2,Sedan,13,7,No,2.0,No,Low,No
35,Female,104888.0,Urban,30.6,3,SUV,11,11,Yes,4.0,Yes,Low,No
48,Female,73447.0,Suburban,18.8,1,Sedan,7,8,Yes,1.0,Yes,Low,No
47,Female,104094.0,Suburban,49.5,2,Sedan,5,9,Yes,5.0,Yes,Low,No
41,Male,68262.0,Urban,45.4,2,SUV,10,6,No,2.0,Yes,Medium,No
55,Male,148753.0,Rural,37.6,1,Hatchback,1,1,Yes,5.0,Yes,Low,Yes
61,Female,62171.0,Urban,32.4,2,Sedan,3,4,Yes,5.0,Yes,Low,No
58,Female,132261.0,Urban,48.3,3,Sedan,14,7,No,4.0,No,Low,No
61,Female,42819.0,Rural,29.4,3,SUV,2,0,Yes,1.0,Yes,Low,No
34,Female,100381.0,Rural,5.0,1,Sedan,1,0,Yes,3.0,No,Low,No
40,Male,80414.0,Urban,39.2,2,Sedan,11,10,Yes,3.0,Yes,Low,No
61,Male,124928.0,Urban,7.4,1,SUV,6,3,Yes,3.0,No,Low,No
26,Female,107319.0,Suburban,55.0,1,Sedan,0,5,Yes,5.0,Yes,Low,Yes
62,Male,89060.0,Urban,27.1,1,Sedan,6,8,Yes,2.0,No,Low,No
66,Male,110835.0,Suburban,46.4,2,SUV,4,6,Yes,1.0,Yes,Low,No
61,Female,115686.0,Rural,29.4,1,Hatchback,2,0,Yes,5.0,No,Low,No
42,Male,53552.0,Urban,58.5,1,Sedan,4,9,Yes,2.0,No,Low,No
53,Male,92556.0,Rural,21.8,4,Sedan,2,1,Yes,3.0,Yes,Low,No
45,Male,91306.0,Suburban,82.8,1,Sedan,1,5,Yes,4.0,Yes,Low,Yes
47,Male,121144.0,Urban,56.7,2,Sedan,2,13,No,5.0,No,Medium,No
64,Male,71224.0,Suburban,26.5,2,Sedan,0,6,Yes,3.0,Yes,Low,No
61,Female,131976.0,Urban,67.1,2,SUV,13,3,No,2.0,No,Medium,No
38,Female,134308.0,Urban,20.6,3,Hatchback,13,10,No,2.0,No,Low,No
50,Male,73055.0,Urban,20.8,2,Sedan,5,3,No,5.0,Yes,Medium,No
32,Male,110918.0,Urban,10.1,4,SUV,6,14,No,5.0,Yes,Low,Yes
58,Female,51710.0,Rural,79.3,4,SUV,2,1,Yes,4.0,No,Medium,No
32,Other,92123.0,Urban,45.0,1,SUV,6,10,No,3.0,No,Low,No
29,Female,78740.0,Rural,87.5,3,Truck,0,2,Yes,4.0,Yes,Medium,No
62,Female,84605.0,Urban,5.0,1,Sedan,13,4,No,2.0,Yes,Low,No
41,Female,118368.0,Urban,22.1,3,SUV,2,19,No,3.0,No,Low,No
35,Male,77390.0,Suburban,5.0,1,SUV,6,3,No,4.0,Yes,Low,Yes
49,Female,126334.0,Rural,7.7,3,Sedan,0,3,Yes,3.0,No,Low,No
41,Male,30000.0,Suburban,5.0,1,SUV,4,8,Yes,1.0,Yes,Low,No
49,Female,77005.0,Urban,5.0,1,Sedan,2,10,Yes,5.0,Yes,Low,Yes
48,Female,154119.0,Urban,11.9,2,Hatchback,14,7,Yes,2.0,Yes,Low,No
40,Female,76454.0,Urban,46.3,1,Hatchback,5,8,Yes,2.0,No,Low,No
38,Male,127193.0,Suburban,56.6,2,Sedan,0,3,Yes,4.0,Yes,Low,No
31,Female,147894.0,Rural,78.5,2,Truck,2,1,Yes,1.0,No,Low,No
55,Female,100276.0,Suburban,5.0,4,Hatchback,6,3,Yes,1.0,Yes,Low,No
29,Female,69859.0,Suburban,16.7,1,Sedan,7,7,No,2.0,Yes,High,No
56,Female,98795.0,Rural,5.0,2,Sedan,0,1,Yes,4.0,No,Low,No
37,Male,74690.0,Urban,60.6,1,SUV,4,11,Yes,5.0,Yes,Low,Yes
56,Male,64696.0,Suburban,38.8,2,SUV,5,1,Yes,3.0,Yes,Low,No
29,Male,91613.0,Urban,29.5,2,SUV,6,15,Yes,2.0,Yes,Low,No
29,Female,63820.0,Suburban,20.7,2,Truck,2,7,No,4.0,Yes,Low,No
66,Female,101197.0,Suburban,12.0,2,Sedan,7,8,Yes,2.0,Yes,Low,No
58,Female,30000.0,Urban,51.2,2,SUV,7,15,No,1.0,Yes,Low,No
30,Female,92109.0,Suburban,28.2,2,Sedan,5,9,Yes,5.0,Yes,Low,Yes
31,Male,68480.0,Rural,35.7,2,Sedan,2,2,Yes,1.0,No,Low,No
48,Female,37056.0,Urban,23.8,1,Sedan,2,18,No,1.0,Yes,Low,No
27,Male,46609.0,Suburban,47.6,1,SUV,7,8,Yes,1.0,Yes,Low,No
50,Female,50736.0,Urban,5.0,1,Sedan,11,15,Yes,2.0,Yes,Low,No
60,Male,84173.0,Suburban,45.9,2,Sedan,5,9,Yes,2.0,Yes,Low,No
35,Female,64180.0,Suburban,82.4,2,Truck,1,5,Yes,5.0,Yes,Low,Yes
44,Female,107381.0,Urban,62.6,2,Sedan,3,15,No,1.0,Yes,Medium,No
68,Female,90673.0,Urban,41.1,2,SUV,10,10,No,3.0,Yes,Low,No
55,Female,56809.0,Urban,86.6,1,Sedan,9,14,Yes,1.0,No,Low,No
69,Male,30000.0,Urban,49.0,1,Hatchback,11,4,Yes,1.0,No,Low,No
27,Male,148068.0,Rural,63.3,1,Hatchback,0,0,Yes,3.0,Yes,Low,No
51,Female,30000.0,Urban,5.0,2,Sedan,12,8,Yes,2.0,Yes,Low,No
60,Male,47630.0,Urban,46.5,2,Sedan,3,16,No,5.0,No,Low,No
42,Female,75092.0,Urban,48.9,2,Sedan,10,19,Yes,5.0,Yes,Low,Yes
36,Female,104763.0,Suburban,87.0,1,Hatchback,3,7,Yes,2.0,No,Low,No
31,Female,138028.0,Suburban,37.2,2,SUV,3,7,Yes,2.0,No,Low,No
61,Female,86429.0,Urban,14.4,2,Sedan,10,5,No,1.0,Yes,Low,No
34,Male,52736.0,Urban,44.5,4,SUV,10,14,No,1.0,Yes,Low,No
67,Male,73415.0,Rural,31.9,2,Sedan,2,0,Yes,4.0,Yes,Low,Yes
44,Male,113642.0,Suburban,36.4,2,Truck,0,6,Yes,5.0,No,Low,No
56,Male,107375.0,Urban,15.3,2,Hatchback,2,7,Yes,3.0,Yes,Low,No
47,Male,96607.0,Suburban,68.5,2,Sedan,4,8,Yes,2.0,Yes,Low,No
52,Female,64896.0,Suburban,40.0,2,Hatchback,1,8,Yes,4.0,Yes,Low,Yes
64,Other,100980.0,Urban,36.8,1,SUV,8,13,Yes,5.0,Yes,Low,No
58,Male,30000.0,Urban,58.2,2,Sedan,13,5,Yes,3.0,No,Low,No
41,Male,96782.0,Suburban,45.9,1,Truck,3,5,Yes,5.0,Yes,Low,Yes
45,Female,117759.0,Urban,64.6,2,SUV,7,11,No,1.0,No,High,No
51,Male,150777.0,Rural,27.4,4,SUV,2,2,Yes,1.0,Yes,Low,No
44,Female,64247.0,Urban,83.1,2,SUV,5,10,No,4.0,No,Medium,No
52,Male,85677.0,Rural,5.0,1,Hatchback,2,2,Yes,1.0,No,Low,No
29,Female,30000.0,Suburban,53.3,1,SUV,1,4,Yes,4.0,Yes,Low,No
39,Female,139780.0,Urban,29.2,1,SUV,8,16,Yes,5.0,Yes,Low,Yes
45,Male,84493.0,Urban,5.0,2,Truck,9,16,Yes,2.0,No,Low,No
43,Female,131589.0,Suburban,45.3,1,Sedan,0,1,No,1.0,No,Medium,No
61,Male,129971.0,Urban,41.05,2,SUV,6,14,Yes,2.0,Yes,Low,No
26,Female,30000.0,Urban,21.7,2,Sedan,4,10,No,4.0,No,Low,No
40,Male,90584.0,Urban,49.0,2,SUV,11,7,No,5.0,Yes,High,No
45,Male,30000.0,Urban,80.2,1,Sedan,11,12,No,2.0,No,Medium,No
32,Male,100435.0,Urban,7.4,2,SUV,6,13,No,3.0,No,Low,No
66,Female,30000.0,Suburban,28.4,1,Hatchback,0,9,Yes,5.0,Yes,Low,Yes
47,Female,58903.0,Urban,72.0,4,Sedan,13,8,Yes,3.0,Yes,Low,Yes
67,Male,118280.0,Urban,58.3,3,Hatchback,10,4,No,2.0,No,Medium,No
25,Female,60420.0,Suburban,48.4,1,Sedan,6,5,Yes,4.0,No,Low,No
60,Male,120890.0,Suburban,47.9,2,Hatchback,6,3,Yes,3.0,No,Low,No
52,Male,38209.0,Urban,70.6,1,Hatchback,4,8,No,5.0,Yes,Medium,No
42,Male,107755.0,Suburban,31.6,2,Sedan,0,9,Yes,4.0,No,Low,No
48,Female,89484.0,Urban,5.0,2,Truck,11,12,Yes,2.0,Yes,Low,No
33,Male,115976.0,Urban,22.9,1,SUV,3,11,Yes,5.0,No,Low,No
67,Female,95950.0,Urban,38.95,2,SUV,9,10,No,2.0,Yes,Low,No
59,Male,118460.0,Rural,33.9,2,Truck,1,1,Yes,4.0,No,Low,No
62,Male,70126.0,Suburban,43.4,1,Sedan,2,3,Yes,4.0,No,Low,No
32,Female,90238.0,Urban,60.3,2,Truck,3,13,No,1.0,Yes,Medium,No
35,Male,130776.0,Suburban,68.0,2,SUV,1,5,Yes,4.0,Yes,Low,Yes
25,Male,38262.0,Rural,71.2,2,Sedan,0,0,Yes,1.0,Yes,Low,No
50,Female,122977.0,Suburban,73.0,1,SUV,6,3,Yes,4.0,Yes,Low,Yes
47,Male,88861.0,Suburban,26.2,3,Sedan,0,3,Yes,1.0,Yes,Low,No
63,Male,107977.0,Rural,47.0,3,Sedan,2,2,Yes,3.0,No,Low,No
26,Female,57927.0,Suburban,32.2,2,Sedan,0,7,Yes,2.0,Yes,Low,No
47,Female,53131.0,Urban,64.8,2,Hatchback,4,3,No,2.0,Yes,Medium,No
54,Male,69166.0,Urban,71.1,1,SUV,7,11,No,3.0,No,Low,No
64,Male,87702.0,Suburban,44.0,3,Sedan,5,4,Yes,2.0,No,Low,No
28,Male,30000.0,Urban,42.6,3,SUV,13,15,No,3.0,No,Low,No
54,Male,61933.0,Suburban,5.7,1,Hatchback,6,5,No,2.0,Yes,Low,No
53,Male,51008.0,Suburban,48.4,3,SUV,1,3,No,4.0,Yes,Medium,No
65,Female,75871.0,Urban,42.4,3,SUV,11,14,Yes,3.0,Yes,Low,No
64,Female,80135.0,Suburban,20.9,1,SUV,0,1,Yes,5.0,No,Low,No
42,Female,34388.0,Urban,31.8,3,SUV,5,16,No,4.0,Yes,Low,Yes
31,Male,83280.0,Urban,78.2,2,SUV,12,3,No,1.0,Yes,Medium,No
56,Female,73556.0,Suburban,76.8,1,Sedan,5,4,No,1.0,No,Medium,No
32,Female,67866.0,Rural,5.0,2,SUV,2,1,Yes,1.0,Yes,Low,No
63,Male,57855.0,Urban,67.0,1,SUV,8,9,Yes,3.0,Yes,Low,No
27,Female,86090.0,Suburban,31.0,4,Sedan,2,6,No,1.0,No,Low,No
57,Male,92366.0,Suburban,56.0,1,Hatchback,2,9,Yes,3.0,Yes,Low,Yes
39,Male,49160.0,Suburban,65.9,2,Truck,1,3,Yes,5.0,No,Low,No
69,Male,40955.0,Urban,23.5,1,Hatchback,3,16,Yes,3.0,Yes,Low,No
59,Male,66729.0,Urban,51.6,1,Sedan,11,3,Yes,4.0,Yes,Low,No
26,Male,124958.0,Suburban,27.5,1,Sedan,0,6,Yes,3.0,Yes,Low,No
60,Female,96702.0,Urban,48.4,3,Sedan,14,14,Yes,5.0,No,Low,No
39,Male,104098.0,Suburban,5.4,1,Truck,7,5,No,4.0,No,Low,No
26,Female,46190.0,Urban,14.6,1,Sedan,9,14,No,2.0,Yes,Medium,No
58,Male,54316.0,Urban,44.5,2,SUV,2,12,Yes,2.0,Yes,Low,Yes
46,Female,91748.0,Urban,15.3,2,Hatchback,3,16,No,4.0,Yes,Low,No
54,Female,150609.0,Urban,35.1,1,Sedan,9,14,No,3.0,No,Low,Yes
51,Female,40060.0,Urban,71.4,2,Hatchback,12,10,No,2.0,No,Low,No
28,Male,83702.0,Urban,12.4,1,SUV,5,3,Yes,4.0,Yes,Low,No
40,Female,83691.0,Urban,51.4,2,SUV,6,14,No,1.0,Yes,Low,No
33,Male,109319.0,Suburban,54.9,2,Hatchback,1,7,Yes,4.0,Yes,Low,No
50,Female,43824.0,Suburban,42.9,2,Sedan,1,8,No,1.0,No,Medium,No
47,Male,89679.0,Urban,50.3,2,Truck,9,12,No,3.0,No,Low,No
59,Female,126691.0,Suburban,30.8,2,Sedan,7,7,Yes,1.0,Yes,Low,No
46,Female,97680.0,Suburban,9.5,3,SUV,5,7,No,5.0,Yes,Low,Yes
63,Male,63180.0,Suburban,30.5,1,Hatchback,5,4,Yes,4.0,No,Low,No
60,Male,84287.0,Urban,5.0,2,Sedan,11,5,No,1.0,Yes,Low,No
64,Female,105382.0,Suburban,78.9,2,Sedan,1,7,Yes,4.0,No,Low,No
56,Female,122397.0,Urban,51.5,1,Sedan,5,6,No,5.0,Yes,Low,No
50,Male,58091.0,Rural,46.2,2,Truck,2,2,Yes,5.0,No,Low,No
44,Female,65802.0,Urban,5.0,2,SUV,6,4,Yes,1.0,Yes,Low,No
64,Male,30000.0,Suburban,10.7,3,Hatchback,3,2,Yes,2.0,Yes,Low,No
69,Male,104848.0,Rural,60.5,1,Truck,2,2,Yes,2.0,Yes,Low,No
35,Male,84758.0,Urban,21.0,1,SUV,10,6,Yes,5.0,Yes,Low,Yes
47,Male,52622.0,Urban,46.6,3,Hatchback,13,10,Yes,2.0,Yes,Low,No
29,Male,105353.0,Urban,5.0,1,SUV,12,16,Yes,4.0,No,Low,No
37,Female,44767.0,Suburban,57.5,1,Hatchback,3,4,Yes,4.0,Yes,Low,No
67,Female,54215.0,Suburban,35.6,1,SUV,2,1,Yes,1.0,No,Low,No
49,Male,114172.0,Urban,10.3,2,Sedan,9,3,Yes,2.0,Yes,Low,No
38,Female,72126.0,Suburban,54.8,2,Sedan,5,5,Yes,5.0,Yes,Low,No
58,Female,40807.0,Suburban,63.9,3,Sedan,2,1,Yes,4.0,No,Low,No
44,Female,127341.0,Urban,33.3,2,SUV,7,6,No,3.0,No,Low,No
52,Female,98741.0,Urban,32.3,1,Sedan,5,5,Yes,1.0,Yes,Low,No
35,Female,140076.0,Urban,5.0,2,SUV,7,14,No,4.0,No,Low,No
64,Female,128596.0,Suburban,34.0,2,Sedan,2,3,Yes,3.0,Yes,Low,Yes
49,Male,109476.0,Suburban,39.9,2,SUV,7,5,Yes,1.0,Yes,Low,No
69,Female,40514.0,Suburban,76.2,1,SUV,1,9,Yes,5.0,No,Low,No
53,Male,110720.0,Urban,18.3,2,Sedan,6,15,Yes,3.0,No,Low,No
32,Male,127322.0,Urban,30.7,1,SUV,4,6,No,5.0,No,Low,No
42,Female,63356.0,Suburban,12.5,3,Sedan,0,7,Yes,4.0,No,Low,No
52,Female,99772.0,Suburban,51.0,1,Hatchback,5,4,Yes,3.0,No,Low,No
30,Male,106661.0,Urban,41.6,2,Sedan,9,3,No,3.0,No,Medium,No
52,Male,130642.0,Urban,51.8,2,Truck,9,18,Yes,3.0,Yes,Low,No
53,Female,98275.0,Urban,62.3,3,SUV,14,19,No,5.0,No,Low,No
39,Male,105373.0,Urban,11.1,1,Sedan,3,15,No,5.0,Yes,Low,Yes
61,Male,112511.0,Suburban,60.6,4,SUV,6,3,No,1.0,No,Low,No
42,Male,30000.0,Suburban,52.5,1,Truck,4,7,Yes,2.0,No,Low,No
34,Male,30000.0,Urban,5.0,1,Truck,11,7,Yes,4.0,Yes,Low,No
34,Male,84675.0,Suburban,16.7,1,Sedan,7,4,Yes,5.0,Yes,Low,No
56,Female,63067.0,Rural,64.3,3,SUV,1,3,Yes,5.0,Yes,Low,Yes
55,Male,83036.0,Urban,40.7,2,Sedan,3,12,Yes,3.0,No,Low,No
69,Male,76949.0,Suburban,41.9,1,SUV,7,7,Yes,4.0,No,Low,No
31,Male,30000.0,Suburban,64.7,1,Hatchback,6,5,Yes,2.0,Yes,Low,No
59,Male,30000.0,Suburban,59.8,2,SUV,4,7,Yes,3.0,Yes,Low,No
49,Male,70551.0,Urban,5.0,2,SUV,3,3,No,5.0,Yes,Low,Yes
44,Female,92372.0,Urban,30.7,1,Sedan,5,6,No,1.0,Yes,Medium,No
32,Female,84235.0,Rural,39.4,2,SUV,1,3,Yes,5.0,Yes,Low,No
66,Male,115422.0,Suburban,47.9,3,Sedan,7,3,Yes,3.0,Yes,Low,No
57,Male,131124.0,Suburban,32.1,2,Truck,3,5,No,1.0,Yes,Medium,No
42,Male,58274.0,Urban,25.6,2,Sedan,7,13,No,1.0,No,Medium,No
63,Female,44623.0,Urban,17.1,2,Sedan,13,6,No,4.0,Yes,Low,No
68,Male,140069.0,Urban,32.8,3,Sedan,4,14,No,2.0,No,Low,No
50,Female,99500.0,Rural,61.1,3,Sedan,0,3,Yes,3.0,No,Low,No
35,Female,41905.0,Urban,73.5,2,SUV,9,11,No,3.0,Yes,Medium,No
39,Male,118242.0,Rural,43.8,3,SUV,1,0,No,1.0,No,Medium,No
27,Male,119582.0,Suburban,5.0,2,Sedan,7,5,Yes,1.0,Yes,Low,No
34,Female,63118.0,Suburban,96.4,1,SUV,2,3,Yes,2.0,No,Low,No
55,Female,84211.0,Urban,20.9,3,Sedan,6,17,Yes,3.0,Yes,Low,No
49,Male,112173.0,Rural,63.4,3,Hatchback,0,2,Yes,5.0,Yes,Low,Yes
27,Female,161232.0,Urban,33.8,1,Sedan,2,5,No,2.0,Yes,Low,No
58,Female,99504.0,Urban,12.2,3,Hatchback,10,8,Yes,5.0,No,Low,No
66,Male,40924.0,Suburban,60.0,1,SUV,7,8,No,4.0,Yes,High,No
30,Female,68372.0,Urban,5.0,2,Sedan,6,5,No,1.0,Yes,Low,No
54,Male,107761.0,Rural,40.5,1,Sedan,1,3,Yes,1.0,Yes,Low,No
42,Female,147967.0,Suburban,53.2,1,SUV,2,9,Yes,2.0,No,Low,No
45,Male,166857.0,Urban,5.3,3,Sedan,6,13,Yes,5.0,No,Low,No
41,Female,66172.0,Urban,48.1,2,Hatchback,14,16,Yes,5.0,Yes,Low,Yes
46,Male,72563.0,Urban,64.3,1,Hatchback,8,7,No,3.0,Yes,Low,No
65,Female,91732.0,Suburban,61.1,1,Sedan,1,9,Yes,3.0,Yes,Low,No
46,Female,92662.0,Suburban,78.8,1,Truck,2,8,No,5.0,Yes,Medium,Yes
58,Male,111259.0,Suburban,25.1,2,Hatchback,5,2,Yes,1.0,Yes,Low,No
34,Female,88345.0,Urban,26.5,1,SUV,13,7,Yes,4.0,No,Low,No
68,Female,30000.0,Urban,15.4,1,SUV,10,5,No,4.0,Yes,Medium,No
60,Male,70653.0,Suburban,49.8,3,Sedan,0,6,Yes,4.0,Yes,Low,No
49,Female,109402.0,Rural,31.3,2,Hatchback,0,3,Yes,1.0,Yes,Low,No
25,Female,111154.0,Suburban,5.0,1,Sedan,0,3,Yes,4.0,No,Low,No
26,Male,73321.0,Urban,57.8,1,Sedan,5,5,No,2.0,Yes,Low,No
52,Female,65810.0,Suburban,59.3,2,Sedan,4,7,Yes,5.0,No,Low,No
41,Male,115665.0,Urban,52.7,2,SUV,9,4,No,5.0,No,Low,Yes
59,Male,93666.0,Suburban,59.2,3,Hatchback,7,9,Yes,4.0,No,Low,No
63,Male,96315.0,Urban,62.8,3,Sedan,13,17,No,2.0,Yes,Low,No
26,Male,108298.0,Suburban,57.5,1,Sedan,3,2,Yes,2.0,No,Low,No
35,Male,30000.0,Rural,52.8,2,Sedan,1,2,Yes,3.0,No,Low,No
61,Male,102776.0,Suburban,22.1,1,SUV,3,4,Yes,1.0,No,Low,No
54,Female,119873.0,Urban,44.0,2,SUV,5,16,No,2.0,No,Low,No
46,Male,49329.0,Suburban,16.5,2,Sedan,2,8,Yes,4.0,Yes,Low,No
47,Male,105027.0,Suburban,47.1,3,Sedan,6,8,Yes,1.0,Yes,Low,No
47,Female,30000.0,Suburban,33.8,2,SUV,0,9,Yes,2.0,Yes,Low,No
48,Male,36282.0,Suburban,47.8,2,Hatchback,6,2,Yes,4.0,Yes,Low,No
33,Female,96582.0,Suburban,53.3,1,Hatchback,1,9,Yes,3.0,Yes,Low,No
44,Male,86877.0,Urban,51.7,4,SUV,13,10,No,4.0,Yes,Low,Yes
63,Female,97259.0,Suburban,46.6,1,SUV,7,6,No,4.0,Yes,Medium,No
35,Female,115699.0,Urban,37.4,1,SUV,9,5,Yes,1.0,No,Low,No
64,Male,54009.0,Rural,20.3,1,Sedan,2,3,Yes,3.0,Yes,Low,No
37,Female,30000.0,Suburban,21.4,2,SUV,0,9,Yes,4.0,No,Low,No
40,Male,39102.0,Rural,33.5,2,SUV,1,3,Yes,4.0,No,Low,No
27,Female,90001.0,Urban,73.9,1,Hatchback,3,3,No,2.0,No,Medium,No
62,Female,120186.0,Urban,29.2,1,SUV,4,12,No,3.0,No,Low,No
52,Female,116795.0,Rural,28.6,1,Sedan,1,1,Yes,1.0,Yes,Low,No
62,Male,70342.0,Suburban,40.0,3,Hatchback,4,4,Yes,1.0,No,Low,No
69,Female,91338.0,Rural,9.5,3,SUV,0,0,Yes,3.0,Yes,Low,No
28,Female,78455.0,Suburban,59.6,1,Truck,2,1,Yes,3.0,No,Low,No
36,Male,121962.0,Suburban,5.0,1,Sedan,4,7,Yes,2.0,No,Low,No
64,Male,103284.0,Urban,37.0,1,SUV,12,13,Yes,5.0,No,Low,No
67,Female,115445.0,Suburban,29.7,3,SUV,2,7,Yes,3.0,Yes,Low,No
45,Female,95441.0,Urban,61.9,2,SUV,8,16,No,1.0,No,Low,No
38,Male,114564.0,Urban,58.4,1,Sedan,6,5,Yes,5.0,Yes,Low,Yes
42,Female,66017.0,Urban,5.0,2,SUV,3,6,No,3.0,Yes,Low,No
55,Male,117675.0,Suburban,9.5,1,Hatchback,6,3,Yes,3.0,Yes,Low,No
43,Female,74987.0,Urban,46.1,1,SUV,4,4,Yes,4.0,No,Low,No
34,Female,147690.0,Urban,14.1,3,Hatchback,12,11,No,3.0,No,Low,No
33,Male,82584.0,Suburban,59.0,1,Sedan,2,4,Yes,2.0,Yes,Low,No
41,Female,70829.0,Urban,35.8,2,SUV,8,16,No,3.0,No,Low,No
61,Male,30194.0,Urban,33.2,1,Sedan,11,10,Yes,5.0,Yes,Low,Yes
67,Female,30000.0,Suburban,38.95,1,Sedan,6,2,Yes,4.0,Yes,Low,No
33,Male,83475.0,Suburban,5.0,2,SUV,4,7,Yes,5.0,Yes,Low,No
38,Male,74369.0,Urban,69.6,2,Hatchback,7,13,No,4.0,Yes,Low,No
30,Female,161783.0,Urban,59.5,2,SUV,3,16,Yes,5.0,No,Low,No
33,Male,74002.0,Suburban,18.4,1,Sedan,5,6,Yes,3.0,No,Low,No
60,Female,77729.0,Suburban,24.0,1,Sedan,4,6,Yes,3.0,Yes,Low,No
27,Male,66728.0,Suburban,33.2,4,SUV,2,9,No,2.0,Yes,Medium,No
55,Other,70174.0,Suburban,53.0,3,Sedan,5,7,Yes,1.0,Yes,Low,No
44,Male,90205.0,Suburban,71.7,1,Truck,2,1,Yes,1.0,Yes,Low,No
61,Other,58127.0,Urban,43.8,3,SUV,8,15,Yes,4.0,No,Low,No
67,Male,30000.0,Suburban,47.8,1,Sedan,2,2,Yes,2.0,Yes,Low,No
35,Male,145677.0,Suburban,60.5,4,Sedan,0,3,Yes,1.0,No,Low,No
61,Male,57520.0,Suburban,97.1,1,Hatchback,5,4,Yes,5.0,Yes,Low,Yes
42,Male,65151.0,Suburban,34.2,1,Hatchback,4,3,Yes,2.0,Yes,Low,No
40,Female,101985.0,Suburban,43.8,2,SUV,4,6,Yes,1.0,No,Low,No
36,Male,30000.0,Suburban,56.4,1,Sedan,5,1,Yes,3.0,No,Low,No
32,Female,30000.0,Suburban,35.3,1,SUV,3,2,Yes,2.0,Yes,Low,No
30,Male,74981.0,Urban,65.9,1,Truck,9,18,No,4.0,No,Medium,No
48,Male,120813.0,Rural,35.7,3,Hatchback,1,3,Yes,1.0,No,Low,No
44,Female,56602.0,Urban,56.3,2,Hatchback,9,6,Yes,1.0,No,Low,No
28,Male,48892.0,Suburban,41.1,2,SUV,0,6,Yes,3.0,Yes,Low,No
54,Female,93173.0,Urban,54.9,2,SUV,4,14,Yes,5.0,Yes,Low,No
40,Male,114644.0,Suburban,64.8,1,Sedan,2,9,Yes,2.0,Yes,Low,No
65,Female,48981.0,Urban,41.9,2,Hatchback,9,3,No,3.0,Yes,Low,No
28,Female,62351.0,Suburban,29.5,2,Truck,2,2,Yes,4.0,No,Low,No
30,Female,61000.0,Urban,22.3,2,Sedan,13,5,No,3.0,Yes,Low,Yes
66,Male,106110.0,Urban,54.2,2,Truck,12,11,No,4.0,Yes,Medium,Yes
33,Female,73701.0,Urban,31.9,1,Sedan,10,7,No,5.0,Yes,Low,Yes
69,Female,82199.0,Suburban,10.0,1,Sedan,3,1,Yes,2.0,No,Low,No
50,Male,91283.0,Urban,43.9,4,Hatchback,4,4,Yes,3.0,No,Low,No
32,Male,118034.0,Suburban,57.9,1,SUV,3,3,Yes,1.0,Yes,Low,No
68,Male,54191.0,Rural,5.0,2,Hatchback,0,3,Yes,1.0,No,Low,No
54,Male,107609.0,Rural,18.9,1,Truck,0,3,Yes,2.0,Yes,Low,No
37,Male,40444.0,Rural,23.9,2,Sedan,0,1,Yes,1.0,Yes,Low,No
46,Male,82790.0,Urban,27.8,1,Sedan,13,4,No,5.0,Yes,Low,Yes
31,Female,44044.0,Suburban,46.9,3,Truck,6,3,Yes,4.0,Yes,Low,No
32,Male,86649.0,Urban,91.8,2,Sedan,7,10,No,5.0,No,Medium,Yes
58,Other,109578.0,Urban,78.1,3,Sedan,3,4,No,5.0,No,Medium,No
45,Male,121635.0,Urban,66.8,2,Truck,14,17,No,4.0,Yes,Low,Yes
63,Female,76879.0,Rural,45.4,1,SUV,0,1,Yes,1.0,Yes,Low,No
49,Female,123419.0,Suburban,79.1,1,SUV,4,8,Yes,4.0,No,Low,No
68,Female,136276.0,Urban,49.9,4,SUV,3,17,Yes,4.0,Yes,Low,Yes
54,Female,72342.0,Rural,68.6,2,SUV,1,3,Yes,2.0,No,Low,No
54,Male,103951.0,Rural,55.2,2,Sedan,1,0,Yes,2.0,Yes,Low,No
67,Male,40319.0,Suburban,28.0,3,Hatchback,5,7,No,1.0,Yes,Low,No
27,Male,61732.0,Urban,57.3,2,Sedan,14,13,Yes,1.0,Yes,Low,No
31,Male,174000.0,Urban,28.6,1,Sedan,14,14,Yes,5.0,Yes,Low,Yes
32,Female,81452.0,Suburban,56.0,2,Hatchback,3,7,Yes,3.0,No,Low,No
67,Male,67290.0,Suburban,59.1,1,Sedan,0,7,Yes,4.0,Yes,Low,No
68,Female,33394.0,Suburban,55.3,1,SUV,7,1,No,2.0,No,Medium,No
38,Female,89592.0,Urban,11.4,2,Truck,11,3,Yes,5.0,No,Low,No
61,Female,30000.0,Urban,20.1,2,Sedan,14,14,No,1.0,Yes,Low,No
48,Female,91824.0,Suburban,43.5,2,SUV,1,9,Yes,4.0,Yes,Low,Yes
39,Male,86701.0,Urban,41.9,2,SUV,12,15,Yes,2.0,Yes,Low,No
55,Female,66573.0,Urban,42.7,2,Hatchback,8,7,No,2.0,No,Low,No
28,Male,81979.0,Suburban,63.4,1,Sedan,7,4,Yes,4.0,No,Low,No
61,Male,93556.0,Suburban,32.4,1,SUV,4,3,Yes,5.0,No,Low,No
55,Female,50646.0,Suburban,87.2,1,Hatchback,6,8,Yes,3.0,Yes,Low,Yes
26,Male,42841.0,Suburban,45.5,3,Truck,1,4,Yes,3.0,Yes,Low,No
52,Male,83166.0,Suburban,56.4,1,SUV,6,5,Yes,5.0,No,Low,No
49,Male,30000.0,Urban,5.0,1,SUV,9,13,No,1.0,Yes,Medium,No
34,Male,102653.0,Urban,60.1,1,Sedan,11,16,Yes,3.0,Yes,Low,No
59,Male,68552.0,Urban,5.0,2,SUV,3,12,No,5.0,Yes,Low,Yes
61,Male,174000.0,Rural,12.2,3,Sedan,0,3,Yes,5.0,Yes,Low,Yes
25,Male,79104.0,Urban,64.9,1,Hatchback,9,7,Yes,2.0,No,Low,No
45,Male,128062.0,Suburban,91.3,3,Sedan,3,9,Yes,2.0,Yes,Low,No
67,Female,115026.0,Urban,46.2,1,SUV,6,18,No,5.0,Yes,Low,Yes
64,Male,113801.0,Urban,14.9,1,Hatchback,14,7,Yes,2.0,Yes,Low,No
29,Female,114768.0,Urban,61.6,3,Hatchback,5,7,Yes,3.0,Yes,Low,Yes
62,Female,49588.0,Suburban,52.4,2,SUV,6,1,Yes,3.0,Yes,Low,No
31,Female,62723.0,Urban,51.0,2,Sedan,2,4,No,4.0,No,Medium,No
26,Male,58734.0,Rural,47.5,1,Hatchback,1,1,Yes,1.0,No,Low,No
29,Female,30000.0,Suburban,51.4,3,Sedan,5,9,Yes,5.0,Yes,Low,Yes
42,Male,147903.0,Suburban,64.5,1,SUV,0,9,Yes,5.0,Yes,Low,No
59,Male,76233.0,Urban,58.2,2,Sedan,3,4,Yes,4.0,Yes,Low,No
51,Female,112032.0,Rural,36.3,3,SUV,0,1,No,3.0,No,Medium,No
48,Male,110411.0,Urban,31.9,2,Sedan,9,7,No,1.0,No,Low,No
60,Female,79130.0,Urban,76.4,3,SUV,10,16,No,5.0,Yes,Low,Yes
58,Male,62393.0,Suburban,16.0,2,Sedan,6,9,No,1.0,Yes,Low,No
41,Male,61726.0,Suburban,57.5,3,SUV,6,9,Yes,3.0,Yes,Low,No
47,Female,71578.0,Suburban,34.5,4,SUV,2,1,Yes,3.0,Yes,Low,No
43,Female,138077.0,Urban,38.1,1,Sedan,14,5,No,3.0,Yes,Medium,No
32,Male,101714.0,Suburban,5.0,2,SUV,6,9,No,5.0,Yes,Low,No
31,Female,30000.0,Urban,30.8,4,Hatchback,14,18,No,3.0,Yes,Low,No
55,Male,102331.0,Urban,34.8,2,Sedan,8,5,Yes,3.0,Yes,Low,No
67,Female,106895.0,Rural,16.0,1,Sedan,1,3,Yes,5.0,No,Low,No
51,Female,90888.0,Urban,60.2,1,Truck,12,3,No,4.0,No,Low,No
60,Female,133583.0,Urban,15.6,1,Sedan,2,9,No,1.0,Yes,Medium,No
56,Female,58772.0,Urban,30.4,2,Truck,2,14,No,4.0,No,Medium,No
43,Male,82668.0,Urban,44.0,2,Hatchback,10,11,No,4.0,No,Medium,No
63,Male,80042.0,Rural,68.2,2,Truck,1,1,Yes,2.0,Yes,Low,No
40,Male,92566.0,Suburban,43.8,1,Sedan,5,9,Yes,3.0,No,Low,No
65,Male,70990.0,Suburban,79.5,2,Sedan,1,9,Yes,4.0,Yes,Low,No
26,Male,98415.0,Rural,38.8,2,Sedan,0,1,Yes,5.0,No,Low,No
47,Male,72263.0,Urban,5.0,1,Truck,11,17,No,4.0,No,Low,No
49,Female,61055.0,Rural,51.7,2,SUV,0,3,Yes,2.0,Yes,Low,No
68,Male,131996.0,Suburban,70.0,4,Sedan,1,9,Yes,3.0,No,Low,No
60,Female,83314.0,Urban,42.3,1,SUV,4,12,No,5.0,Yes,Low,Yes
32,Female,103532.0,Urban,38.7,1,Sedan,10,8,Yes,1.0,Yes,Low,No
52,Female,84725.0,Urban,61.4,2,SUV,10,18,No,4.0,No,Medium,No
41,Female,107464.0,Urban,9.2,1,Sedan,10,17,No,4.0,Yes,Low,No
63,Male,42829.0,Suburban,47.6,2,SUV,1,8,No,1.0,Yes,Low,No
54,Male,46234.0,Urban,49.6,2,Hatchback,2,12,No,1.0,Yes,Medium,No
44,Male,52859.0,Urban,71.5,1,Hatchback,3,15,No,3.0,Yes,Medium,No
61,Male,73458.0,Rural,106.0,1,SUV,0,3,Yes,3.0,Yes,Medium,No
38,Male,75912.0,Suburban,42.4,1,SUV,4,8,No,1.0,No,Low,No
60,Other,135420.0,Suburban,74.8,1,Sedan,7,2,No,1.0,Yes,High,No
44,Female,46824.0,Suburban,19.4,2,SUV,1,6,No,1.0,No,Medium,No
54,Female,81648.0,Urban,13.9,1,Sedan,9,18,No,4.0,No,Low,No
52,Female,71357.0,Suburban,60.0,2,SUV,5,6,Yes,2.0,No,Low,No
35,Female,80362.0,Rural,33.0,1,SUV,1,0,Yes,1.0,Yes,Low,No
27,Male,100533.0,Suburban,22.0,2,Sedan,7,5,Yes,5.0,Yes,Low,Yes
65,Male,84287.0,Suburban,33.3,2,SUV,1,8,Yes,4.0,No,Low,No
42,Male,85667.0,Rural,74.5,2,Truck,1,2,Yes,3.0,No,Low,No
35,Female,153628.0,Urban,36.1,3,Hatchback,10,14,No,2.0,No,Low,No
63,Male,130101.0,Urban,57.3,2,Sedan,6,13,Yes,1.0,Yes,Low,Yes
44,Female,76086.0,Urban,48.1,3,Truck,11,5,Yes,5.0,No,Low,No
53,Male,117125.0,Rural,62.5,3,SUV,1,3,Yes,3.0,Yes,Low,Yes
30,Male,65881.0,Rural,43.1,1,Truck,2,1,Yes,1.0,Yes,Low,No
50,Female,66321.0,Urban,31.4,3,Sedan,11,3,Yes,2.0,Yes,Low,No
34,Male,59763.0,Suburban,24.3,1,Truck,6,9,No,1.0,Yes,Medium,No
48,Male,53321.0,Urban,65.0,1,Truck,3,11,No,1.0,Yes,Low,No
46,Female,89216.0,Suburban,33.0,1,Truck,2,2,Yes,3.0,Yes,Medium,No
27,Male,30000.0,Suburban,12.8,2,Sedan,4,3,Yes,1.0,Yes,Low,No
65,Female,100442.0,Urban,7.9,1,SUV,9,5,Yes,4.0,Yes,Low,No
58,Male,120448.0,Rural,5.0,3,Sedan,1,0,Yes,2.0,No,Low,No
53,Female,111111.0,Rural,54.3,2,SUV,2,1,Yes,4.0,Yes,Low,Yes
68,Male,120903.0,Suburban,66.8,1,SUV,7,7,Yes,1.0,Yes,Low,No
64,Male,96481.0,Suburban,32.9,1,SUV,4,3,Yes,3.0,No,Low,No
34,Female,88663.0,Suburban,38.4,1,Sedan,5,1,No,2.0,Yes,Medium,No
35,Male,31190.0,Suburban,46.2,2,Sedan,4,4,No,1.0,No,Medium,No
42,Female,30000.0,Urban,15.1,2,Truck,8,10,Yes,4.0,Yes,Low,Yes
44,Female,85405.0,Urban,82.4,3,Hatchback,13,9,No,4.0,Yes,Medium,No
42,Male,92494.0,Suburban,8.8,2,SUV,7,3,Yes,5.0,Yes,Low,Yes
61,Female,158030.0,Urban,58.7,3,SUV,10,10,No,2.0,Yes,Medium,No
56,Female,132812.0,Urban,15.2,2,Sedan,7,18,Yes,3.0,Yes,Low,No
33,Male,86595.0,Suburban,18.6,2,Truck,3,8,Yes,1.0,Yes,Low,No
34,Female,55512.0,Urban,33.3,3,Hatchback,2,19,No,3.0,Yes,Low,No
54,Male,30000.0,Suburban,47.6,2,Truck,7,9,Yes,5.0,No,Low,No
67,Female,109594.0,Urban,38.95,3,Sedan,2,18,No,1.0,Yes,Low,No
65,Female,109194.0,Rural,9.9,2,Sedan,2,1,Yes,4.0,Yes,Low,Yes
28,Female,90198.0,Rural,42.6,2,Sedan,0,2,Yes,2.0,No,Low,No
44,Female,138068.0,Suburban,41.150000000000006,2,SUV,0,2,Yes,5.0,No,Low,No
63,Male,30000.0,Suburban,36.5,3,Sedan,4,6,Yes,1.0,Yes,Low,No
60,Female,31022.0,Urban,31.9,2,SUV,8,3,Yes,3.0,Yes,Low,No
58,Male,81916.0,Urban,82.9,1,Sedan,3,17,Yes,4.0,Yes,Low,Yes
25,Female,48589.0,Urban,60.3,2,SUV,5,4,No,4.0,Yes,Medium,No
67,Male,48836.0,Urban,21.6,1,SUV,14,19,Yes,4.0,No,Low,No
38,Male,39544.0,Suburban,92.2,1,Hatchback,5,3,Yes,1.0,Yes,Low,No
38,Male,30000.0,Urban,52.0,2,SUV,11,18,No,5.0,Yes,Medium,No
46,Male,71119.0,Suburban,43.0,1,Sedan,4,5,Yes,5.0,No,Low,No
31,Male,48621.0,Urban,39.3,3,SUV,5,13,No,5.0,Yes,Low,No
38,Male,70485.0,Suburban,89.0,2,Sedan,3,6,No,5.0,No,Medium,No
52,Female,129898.0,Urban,88.9,2,Sedan,12,15,Yes,4.0,Yes,Low,No
50,Female,115880.0,Suburban,22.4,1,Sedan,5,1,Yes,1.0,No,Low,No
59,Female,44046.0,Urban,8.9,3,Hatchback,11,18,No,1.0,Yes,Low,No
56,Male,30103.0,Urban,22.4,2,Truck,12,13,Yes,3.0,No,Low,No
65,Male,100468.0,Suburban,63.1,1,SUV,6,9,Yes,4.0,No,Low,No
60,Female,106419.0,Rural,43.2,2,Sedan,1,0,Yes,2.0,No,Low,No
27,Male,100974.0,Rural,26.9,2,SUV,0,0,Yes,5.0,Yes,Low,Yes
33,Female,43954.0,Urban,57.4,4,SUV,2,17,No,1.0,No,Low,No
51,Male,58607.0,Urban,21.3,2,SUV,14,8,No,1.0,Yes,Low,No
63,Female,30000.0,Urban,11.8,1,SUV,10,8,Yes,2.0,Yes,Low,No
67,Male,66605.0,Suburban,53.3,1,SUV,5,6,Yes,3.0,Yes,Low,No
33,Male,141983.0,Urban,24.8,1,Hatchback,2,7,Yes,5.0,No,Low,No
34,Male,30000.0,Rural,76.4,1,Sedan,2,2,Yes,2.0,Yes,Low,No
68,Male,30000.0,Suburban,30.1,1,Sedan,1,8,Yes,2.0,No,Low,No
66,Male,93723.0,Urban,25.3,1,Sedan,6,10,No,4.0,No,Low,No
40,Female,102251.0,Urban,40.3,1,Sedan,2,12,No,2.0,No,Low,No
48,Male,54891.0,Urban,37.4,1,Sedan,9,12,No,2.0,Yes,Low,No
56,Other,68466.0,Urban,5.0,2,Sedan,12,6,No,4.0,Yes,Low,Yes
69,Male,111266.0,Urban,12.0,2,Sedan,9,16,Yes,2.0,Yes,Low,No
32,Male,58658.0,Suburban,45.8,2,Sedan,3,6,Yes,1.0,Yes,Low,No
45,Male,97831.0,Urban,42.3,2,Sedan,13,18,No,4.0,Yes,Low,No
40,Female,99103.0,Suburban,5.1,1,Hatchback,0,4,No,4.0,Yes,Medium,Yes
25,Female,30000.0,Urban,49.7,2,Sedan,2,9,No,3.0,Yes,Medium,No
51,Male,80820.0,Rural,20.2,2,Sedan,0,0,Yes,2.0,Yes,Low,No
62,Female,142020.0,Suburban,24.4,2,Hatchback,6,4,No,5.0,No,Low,No
35,Male,42895.0,Rural,64.1,1,SUV,2,2,Yes,4.0,Yes,Low,No
47,Female,71027.0,Rural,74.3,1,SUV,1,3,Yes,1.0,No,Low,No
66,Female,60855.0,Suburban,84.8,1,Sedan,6,9,Yes,2.0,No,Low,No
43,Male,159120.0,Urban,61.8,2,Sedan,14,13,No,3.0,Yes,Low,No
35,Female,96749.0,Suburban,21.0,3,Sedan,6,8,Yes,4.0,Yes,Low,No
25,Male,62712.0,Urban,36.8,3,Sedan,12,14,Yes,1.0,No,Low,No
38,Male,84906.0,Urban,27.3,3,Sedan,10,14,Yes,5.0,Yes,Low,Yes
56,Male,120451.0,Suburban,19.9,3,SUV,5,1,Yes,5.0,No,Low,No
29,Male,134307.0,Urban,40.8,1,Sedan,9,3,No,4.0,No,Medium,No
31,Male,30000.0,Suburban,23.7,2,SUV,5,3,No,2.0,No,Medium,No
52,Male,174000.0,Suburban,35.8,1,Sedan,2,6,Yes,5.0,Yes,Low,Yes
55,Male,93341.0,Urban,55.6,4,Truck,7,5,No,4.0,Yes,Medium,Yes
32,Male,135660.0,Rural,28.0,2,Sedan,1,1,Yes,3.0,No,Low,No
52,Male,135431.0,Suburban,57.3,1,SUV,4,8,Yes,1.0,Yes,Low,Yes
56,Male,131391.0,Urban,39.5,2,SUV,12,19,No,3.0,Yes,Medium,No
45,Male,77549.0,Urban,41.2,2,SUV,8,17,Yes,2.0,Yes,Low,No
39,Male,87699.0,Urban,12.2,2,Sedan,11,3,No,3.0,Yes,Low,No
42,Male,95997.0,Suburban,32.2,4,Sedan,0,2,No,2.0,Yes,Low,No
55,Female,108457.0,Suburban,6.2,1,SUV,0,8,No,1.0,No,Medium,No
50,Female,108370.0,Suburban,22.5,1,Sedan,0,6,Yes,2.0,No,Low,No
62,Female,89666.0,Suburban,18.6,1,Sedan,7,3,Yes,5.0,Yes,Low,Yes
35,Male,92051.0,Urban,56.8,2,Sedan,14,5,Yes,4.0,Yes,Low,No
61,Male,117441.0,Urban,57.1,2,Sedan,7,10,No,4.0,Yes,Medium,Yes
57,Male,125744.0,Urban,21.2,1,SUV,11,12,No,2.0,Yes,Low,No
44,Male,74087.0,Suburban,81.9,3,Sedan,6,8,No,3.0,No,Medium,No
43,Male,60555.0,Urban,17.1,3,Sedan,4,10,Yes,3.0,No,Low,No
54,Male,66971.0,Suburban,15.4,2,Hatchback,1,8,Yes,1.0,Yes,Low,No
61,Female,144610.0,Rural,70.6,2,Hatchback,1,1,Yes,5.0,No,Low,Yes
30,Female,75367.0,Suburban,5.0,1,Truck,1,9,Yes,2.0,No,Low,No
60,Male,91712.0,Suburban,21.3,1,Hatchback,6,2,No,4.0,Yes,Medium,No
42,Male,104589.0,Suburban,26.5,1,Sedan,3,6,Yes,4.0,Yes,Low,Yes
44,Female,84789.0,Suburban,65.4,1,Sedan,4,1,Yes,4.0,Yes,Low,Yes
54,Female,101735.0,Rural,24.4,3,SUV,1,3,Yes,4.0,Yes,Low,No
63,Male,85321.0,Urban,5.0,2,Hatchback,9,17,Yes,1.0,Yes,Low,No
45,Other,40127.0,Urban,33.0,3,SUV,3,9,Yes,1.0,Yes,Low,No
53,Male,92436.0,Suburban,53.7,2,Sedan,5,3,Yes,5.0,No,Low,No
65,Female,136801.0,Urban,69.4,2,Sedan,14,10,No,3.0,Yes,Low,Yes
65,Male,81418.0,Suburban,67.6,1,Sedan,5,3,Yes,1.0,No,Low,No
66,Male,84578.0,Rural,54.4,3,Truck,1,0,Yes,4.0,No,Low,No
25,Male,43148.0,Urban,46.8,2,Hatchback,2,11,Yes,3.0,Yes,Low,No
59,Female,74529.0,Suburban,47.0,2,Hatchback,5,6,Yes,3.0,No,Low,No
61,Female,59080.0,Suburban,50.8,4,Sedan,1,8,No,5.0,Yes,Medium,No
65,Male,130303.0,Suburban,32.6,4,Sedan,6,1,No,1.0,Yes,High,No
44,Female,89325.0,Urban,5.0,3,Truck,12,18,No,5.0,Yes,Low,No
42,Other,102455.0,Suburban,74.2,1,Sedan,6,2,Yes,1.0,Yes,Low,No
48,Female,59986.0,Suburban,54.5,2,SUV,0,4,No,5.0,Yes,Medium,No
68,Male,157522.0,Urban,60.4,2,Truck,3,14,No,3.0,Yes,Medium,No
66,Female,55415.0,Suburban,48.7,2,SUV,0,8,Yes,5.0,Yes,Low,No
56,Female,83622.0,Urban,36.0,3,Sedan,6,9,Yes,3.0,No,Low,No
63,Male,95950.0,Urban,34.3,1,SUV,12,8,No,1.0,No,Low,No
61,Female,63536.0,Urban,23.6,4,Sedan,11,6,Yes,4.0,No,Low,No
40,Male,52860.0,Urban,78.4,2,Sedan,12,3,Yes,1.0,No,Low,No
38,Male,66224.0,Suburban,5.0,1,Sedan,3,6,Yes,1.0,No,Low,No
64,Female,88201.0,Urban,32.5,1,Sedan,2,17,Yes,3.0,Yes,Low,No
52,Male,77963.0,Suburban,5.0,3,Sedan,1,8,Yes,2.0,No,Low,No
27,Female,91235.0,Urban,26.7,2,SUV,10,5,No,4.0,No,High,No
30,Female,69964.0,Suburban,32.7,2,Sedan,0,2,No,4.0,Yes,High,No
26,Female,78059.0,Urban,31.8,2,SUV,6,12,Yes,3.0,No,Low,No
60,Male,55192.0,Urban,39.2,2,Hatchback,13,19,No,1.0,Yes,Low,No
25,Female,67158.0,Urban,52.2,1,SUV,7,17,No,5.0,No,Low,No
68,Female,93321.0,Urban,62.5,1,SUV,3,17,No,3.0,No,Low,No
64,Female,30000.0,Urban,67.9,3,Truck,6,12,No,3.0,Yes,Low,No
26,Male,70759.0,Rural,57.6,2,SUV,0,1,Yes,4.0,Yes,Low,No
29,Male,62943.0,Urban,29.0,1,Sedan,4,15,No,3.0,Yes,Low,No
34,Male,50288.0,Urban,12.3,2,SUV,2,7,No,5.0,Yes,Medium,No
68,Female,141769.0,Urban,19.3,1,Truck,9,19,No,5.0,Yes,Low,Yes
59,Other,77215.0,Suburban,12.4,2,Sedan,0,1,Yes,2.0,Yes,Low,No
35,Female,115096.0,Suburban,28.6,2,Sedan,0,8,Yes,3.0,No,Low,No
52,Male,135703.0,Suburban,28.3,3,SUV,4,3,No,2.0,No,Medium,No
44,Male,99453.0,Urban,57.4,1,Sedan,7,15,Yes,4.0,Yes,Low,No
32,Female,90506.0,Urban,5.0,1,SUV,9,3,No,1.0,Yes,Low,No
34,Female,102779.0,Urban,21.6,2,Truck,5,6,No,5.0,Yes,Low,Yes
31,Male,88132.0,Urban,20.6,2,Sedan,9,14,No,5.0,No,Low,No
52,Female,132161.0,Suburban,54.9,2,Hatchback,2,7,Yes,5.0,No,Low,No
35,Female,70905.0,Suburban,89.8,1,SUV,0,1,Yes,5.0,Yes,Low,No
41,Female,66496.0,Rural,35.4,3,Sedan,2,3,Yes,4.0,Yes,Low,No
37,Male,56914.0,Urban,27.2,1,Sedan,5,4,No,3.0,Yes,Low,Yes
26,Other,131945.0,Urban,41.2,2,Sedan,2,3,No,1.0,No,High,No
53,Male,168878.0,Urban,5.0,2,Truck,7,3,Yes,3.0,Yes,Low,Yes
26,Female,75448.0,Urban,104.1,1,Sedan,12,8,No,5.0,No,Low,No
69,Male,106272.0,Urban,23.1,1,Sedan,7,12,No,3.0,No,Medium,No
26,Female,130540.0,Urban,26.8,3,Sedan,4,13,Yes,5.0,No,Low,No
68,Female,119981.0,Urban,46.7,2,Sedan,5,11,Yes,1.0,Yes,Low,No
69,Male,46087.0,Rural,61.9,1,Hatchback,1,0,Yes,4.0,No,Low,No
69,Female,121789.0,Urban,51.2,1,Sedan,8,6,Yes,2.0,No,Low,No
63,Female,31559.0,Urban,23.1,2,Truck,12,6,No,3.0,No,Low,No
28,Male,111282.0,Urban,67.9,2,Hatchback,14,6,No,5.0,Yes,Medium,No
58,Female,82725.0,Urban,5.0,1,Hatchback,6,17,No,1.0,No,Low,No
50,Male,84906.0,Urban,5.0,3,SUV,12,12,Yes,5.0,No,Low,No
65,Male,87606.0,Urban,46.5,3,Sedan,3,16,No,2.0,Yes,Low,No
69,Female,42515.0,Rural,60.9,3,Sedan,2,3,Yes,5.0,No,Low,No
62,Female,58683.0,Suburban,29.1,1,Hatchback,6,2,Yes,1.0,Yes,Low,No
63,Male,139945.0,Rural,24.5,1,Sedan,2,2,Yes,4.0,No,Low,No
34,Male,30000.0,Rural,11.2,1,SUV,1,0,Yes,3.0,No,Low,No
57,Male,56825.0,Urban,43.9,2,Sedan,14,15,Yes,1.0,Yes,Low,No
60,Male,60417.0,Urban,40.4,2,Sedan,5,6,No,4.0,Yes,Medium,No
62,Male,69910.0,Urban,76.2,1,Sedan,8,12,No,5.0,No,Low,No
39,Female,146966.0,Suburban,64.9,3,Hatchback,3,3,No,3.0,Yes,Medium,Yes
56,Male,45087.0,Urban,64.8,1,SUV,13,18,No,3.0,No,Low,No
66,Male,92880.0,Urban,17.1,1,SUV,2,19,No,3.0,Yes,Low,Yes
57,Male,84510.0,Urban,68.9,2,SUV,7,3,No,5.0,Yes,Low,No
57,Female,156980.0,Rural,21.0,1,Hatchback,1,2,Yes,2.0,Yes,Low,No
55,Male,113141.0,Urban,81.8,2,Truck,11,12,No,4.0,No,Medium,No
39,Male,111714.0,Suburban,54.4,2,Sedan,5,7,No,5.0,No,Medium,No
36,Male,149673.0,Rural,8.8,2,Sedan,2,2,Yes,5.0,No,Low,No
48,Male,77269.0,Urban,53.7,1,Sedan,5,9,No,3.0,No,Medium,No
26,Male,60604.0,Suburban,38.0,2,Sedan,3,4,Yes,4.0,No,Low,No
43,Male,83066.0,Urban,51.4,1,SUV,11,15,Yes,4.0,No,Low,No
37,Male,123397.0,Urban,72.9,1,SUV,7,18,Yes,3.0,Yes,Low,No
63,Male,91189.0,Suburban,12.7,1,SUV,1,5,Yes,2.0,Yes,Low,No
34,Male,122473.0,Rural,46.2,2,SUV,0,2,Yes,2.0,No,Low,No
54,Male,146935.0,Suburban,32.4,2,Sedan,6,8,Yes,3.0,Yes,Low,No
41,Female,88995.0,Urban,30.3,4,Sedan,12,15,Yes,3.0,No,Low,No
64,Female,120748.0,Urban,34.0,3,Hatchback,2,7,Yes,3.0,Yes,Low,Yes
25,Female,104573.0,Suburban,10.5,1,Sedan,3,5,Yes,3.0,No,Low,No
64,Female,102678.0,Urban,5.0,2,Sedan,12,12,Yes,3.0,No,Low,No
46,Female,101981.0,Urban,68.5,4,SUV,2,18,Yes,2.0,Yes,Low,No
26,Male,101130.0,Urban,17.7,2,Sedan,2,8,Yes,3.0,Yes,Low,No
43,Male,55109.0,Suburban,76.8,1,SUV,3,3,Yes,5.0,Yes,Low,No
64,Male,117350.0,Urban,44.4,2,Sedan,11,4,No,4.0,Yes,Medium,Yes
35,Female,84962.0,Suburban,36.9,1,SUV,1,6,Yes,4.0,Yes,Low,No
52,Male,149841.0,Rural,74.0,2,Truck,2,3,Yes,4.0,No,Low,No
64,Male,41477.0,Urban,17.6,1,Hatchback,11,3,Yes,1.0,No,Low,No
60,Female,75790.0,Urban,53.3,2,Truck,6,7,No,2.0,Yes,Low,No
40,Male,123035.0,Urban,37.6,1,SUV,5,4,No,3.0,Yes,Medium,Yes
65,Male,116025.0,Suburban,20.1,2,Sedan,3,9,Yes,2.0,No,Low,No
44,Male,30000.0,Urban,33.2,1,SUV,8,15,No,5.0,Yes,Medium,No
51,Male,67598.0,Suburban,36.3,1,SUV,1,8,Yes,5.0,Yes,Low,No
31,Male,84287.0,Suburban,56.7,2,Sedan,1,5,Yes,1.0,No,Low,No
34,Female,40963.0,Rural,37.1,4,Hatchback,1,2,Yes,5.0,Yes,Low,Yes
38,Male,30000.0,Urban,49.2,3,Sedan,11,9,Yes,1.0,No,Low,No
38,Female,58810.0,Suburban,21.9,2,SUV,5,6,Yes,4.0,Yes,Low,No
38,Female,149716.0,Urban,44.6,2,Truck,11,18,No,3.0,Yes,Low,Yes
60,Male,53114.0,Suburban,15.8,1,Sedan,1,8,No,4.0,Yes,Low,No
56,Other,128626.0,Urban,82.1,1,Hatchback,5,16,Yes,1.0,No,Low,No
29,Female,93478.0,Suburban,42.8,1,SUV,7,7,Yes,1.0,Yes,Low,No
60,Male,73577.0,Suburban,45.9,1,SUV,5,7,Yes,3.0,No,Low,No
60,Female,67470.0,Urban,58.5,2,Sedan,10,16,Yes,4.0,Yes,Low,No
43,Female,72454.0,Suburban,67.7,1,Hatchback,1,4,Yes,1.0,Yes,Low,No
27,Female,150632.0,Rural,16.6,1,SUV,1,3,Yes,4.0,No,Low,No
39,Female,120863.0,Suburban,82.9,1,SUV,1,1,Yes,3.0,Yes,Low,Yes
25,Male,95523.0,Suburban,9.2,2,Sedan,0,6,Yes,5.0,Yes,Low,No
50,Male,130275.0,Suburban,81.2,2,Sedan,5,4,No,3.0,No,Medium,No
34,Male,65331.0,Urban,63.3,2,SUV,9,11,No,1.0,Yes,Low,No
59,Female,30000.0,Urban,35.8,1,Sedan,13,8,No,4.0,No,Medium,No
50,Male,94363.0,Urban,62.6,1,Sedan,6,9,No,3.0,No,Low,No
34,Female,116204.0,Suburban,26.2,2,Hatchback,6,6,Yes,5.0,No,Low,Yes
59,Male,30000.0,Urban,72.1,2,Hatchback,5,3,Yes,2.0,Yes,Low,No
63,Other,126983.0,Rural,5.2,2,SUV,0,2,Yes,5.0,Yes,Low,Yes
50,Female,113668.0,Urban,15.1,1,Sedan,4,15,Yes,4.0,No,Low,No
35,Male,140855.0,Rural,32.1,2,Sedan,0,1,Yes,1.0,Yes,Low,No
61,Female,67111.0,Rural,35.1,2,Sedan,2,2,Yes,5.0,Yes,Low,Yes
50,Female,138950.0,Urban,54.1,1,Sedan,2,8,No,1.0,No,Medium,No
36,Female,81382.0,Rural,38.349999999999994,2,Truck,2,0,Yes,3.0,Yes,Low,No
47,Male,152552.0,Rural,5.0,1,Sedan,1,1,Yes,1.0,No,Low,No
54,Male,72147.0,Urban,45.0,2,SUV,5,14,No,3.0,No,Low,No
51,Female,81007.0,Urban,74.0,3,Hatchback,7,7,Yes,1.0,Yes,Low,No
61,Female,30000.0,Suburban,82.3,1,Sedan,0,3,Yes,1.0,Yes,Low,No
27,Male,83175.0,Urban,20.2,1,SUV,8,8,Yes,3.0,No,Low,No
58,Male,84949.0,Suburban,5.0,1,SUV,4,5,Yes,4.0,No,Low,No
52,Other,94888.0,Suburban,23.9,1,Truck,4,1,Yes,4.0,No,Low,No
45,Female,95917.0,Suburban,29.1,1,Sedan,2,1,Yes,3.0,Yes,Low,No
26,Female,37445.0,Urban,53.0,4,Sedan,9,17,No,4.0,Yes,Low,No
59,Female,77781.0,Suburban,58.2,1,Sedan,5,2,Yes,2.0,Yes,Low,No
44,Male,103724.0,Urban,7.0,1,Sedan,2,9,No,3.0,No,Low,No
33,Male,119534.0,Urban,36.3,2,SUV,13,8,Yes,3.0,Yes,Low,Yes
36,Female,30000.0,Urban,37.5,2,Sedan,4,16,No,5.0,Yes,Low,Yes
41,Female,86836.0,Suburban,36.5,1,Sedan,6,5,Yes,5.0,No,Low,No
60,Male,47412.0,Suburban,25.4,2,Sedan,4,9,Yes,2.0,Yes,Low,No
46,Male,105580.0,Suburban,38.8,3,Sedan,0,3,Yes,1.0,No,Low,No
36,Female,108462.0,Suburban,54.1,2,SUV,5,3,Yes,4.0,Yes,Low,No
25,Male,59461.0,Suburban,87.5,1,SUV,0,3,Yes,5.0,Yes,Low,Yes
38,Female,66535.0,Suburban,8.8,3,Sedan,2,4,No,1.0,Yes,Medium,No
30,Male,51655.0,Urban,30.1,2,Sedan,10,10,No,2.0,No,Low,No
43,Male,107384.0,Rural,29.0,3,Sedan,2,2,Yes,4.0,No,Low,No
67,Female,114031.0,Urban,32.5,1,Sedan,6,16,No,3.0,Yes,Low,Yes
36,Female,88644.0,Urban,5.0,1,Sedan,10,4,No,4.0,Yes,Low,No
56,Female,77379.0,Suburban,41.2,2,SUV,1,5,No,4.0,No,Medium,No
68,Male,148894.0,Suburban,104.8,3,SUV,6,3,Yes,4.0,Yes,Low,No
31,Female,112725.0,Urban,47.3,1,Sedan,9,18,Yes,2.0,Yes,Low,No
63,Female,106933.0,Suburban,52.2,1,Hatchback,4,4,Yes,5.0,No,Low,No
46,Female,86153.0,Rural,5.0,1,Sedan,0,2,Yes,1.0,Yes,Low,No
33,Male,110473.0,Suburban,53.7,1,Sedan,6,1,Yes,3.0,Yes,Low,Yes
45,Female,35176.0,Urban,47.0,2,Sedan,4,10,No,3.0,No,Low,No
53,Male,89564.0,Urban,8.5,1,Sedan,7,17,No,1.0,Yes,Low,No
29,Female,65800.0,Suburban,66.9,3,Sedan,7,7,No,2.0,Yes,Medium,No
57,Female,120156.0,Suburban,48.1,3,Sedan,7,1,Yes,2.0,Yes,Low,No
61,Male,54247.0,Suburban,28.6,2,Sedan,0,8,Yes,1.0,No,Low,No
38,Male,101369.0,Suburban,57.2,1,Sedan,2,1,Yes,1.0,Yes,Low,No
46,Female,30000.0,Rural,23.4,1,Hatchback,2,2,Yes,5.0,Yes,Low,No
55,Male,62769.0,Urban,5.0,1,SUV,5,18,Yes,4.0,No,Low,No
50,Female,93303.0,Rural,106.0,1,SUV,0,1,No,2.0,Yes,High,No
45,Female,43153.0,Suburban,58.7,1,Hatchback,7,6,Yes,3.0,No,Low,No
52,Female,123303.0,Rural,41.7,3,Truck,1,1,Yes,4.0,No,Low,Yes
36,Male,103161.0,Urban,71.3,3,Hatchback,7,16,No,2.0,Yes,Medium,No
60,Female,99032.0,Rural,67.7,3,Sedan,2,2,Yes,2.0,Yes,Low,No
60,Female,70897.0,Suburban,37.4,2,SUV,5,2,Yes,2.0,Yes,Low,No
51,Female,94670.0,Urban,14.4,2,Truck,2,6,Yes,5.0,No,Low,No
33,Female,30000.0,Rural,5.0,1,Hatchback,1,0,Yes,1.0,No,Low,No
40,Female,120446.0,Urban,87.4,2,Sedan,12,10,No,2.0,Yes,Low,No
50,Male,79736.0,Suburban,43.4,2,Truck,1,3,No,5.0,No,Medium,No
39,Female,99297.0,Urban,53.0,4,Sedan,3,10,Yes,2.0,No,Low,No
35,Female,140698.0,Urban,5.4,2,Sedan,13,16,No,2.0,Yes,Low,No
48,Female,60984.0,Urban,56.6,3,SUV,8,15,No,3.0,No,Low,No
29,Other,106516.0,Suburban,39.7,3,Sedan,0,4,No,3.0,Yes,Medium,No
30,Male,138598.0,Urban,23.1,2,Sedan,13,13,No,5.0,No,Low,No
41,Male,48214.0,Urban,20.6,1,Truck,4,12,Yes,3.0,No,Low,No
55,Male,80042.0,Suburban,7.2,2,Sedan,0,1,No,1.0,Yes,High,No
56,Male,32273.0,Suburban,55.7,1,Sedan,2,5,Yes,5.0,Yes,Low,Yes
34,Female,146184.0,Urban,84.1,1,SUV,9,18,Yes,2.0,Yes,Low,No
59,Female,94338.0,Urban,47.9,2,Sedan,3,16,No,3.0,No,Low,No
60,Male,79868.0,Urban,65.5,2,Truck,7,9,Yes,1.0,No,Low,No
47,Female,121802.0,Rural,25.3,3,Sedan,0,2,Yes,4.0,No,Low,Yes
60,Female,90173.0,Suburban,53.5,1,Hatchback,1,8,Yes,3.0,Yes,Low,No
28,Female,79472.0,Suburban,56.0,1,Sedan,5,9,Yes,4.0,Yes,Low,Yes
64,Male,78998.0,Rural,38.0,2,SUV,1,1,Yes,3.0,Yes,Low,Yes
55,Female,92259.0,Rural,29.8,1,SUV,1,1,No,2.0,Yes,Medium,No
47,Female,90912.0,Urban,20.7,2,Hatchback,5,14,No,3.0,Yes,Low,No
63,Male,109001.0,Urban,31.4,1,Hatchback,4,8,Yes,1.0,Yes,Low,No
34,Male,37082.0,Urban,38.8,1,Sedan,6,19,Yes,3.0,No,Low,No
27,Male,105917.0,Suburban,30.0,3,Hatchback,7,6,Yes,4.0,Yes,Low,No
40,Male,43739.0,Suburban,50.2,1,SUV,6,4,Yes,1.0,Yes,Low,No
33,Male,131655.0,Rural,52.8,1,SUV,2,3,Yes,5.0,Yes,Low,Yes
67,Female,77147.0,Urban,71.3,2,Sedan,12,6,No,2.0,Yes,Low,No
39,Female,50626.0,Suburban,55.9,1,SUV,4,6,Yes,2.0,Yes,Low,No
62,Female,114166.0,Suburban,74.3,3,Sedan,3,7,Yes,3.0,Yes,Low,No
26,Female,136151.0,Urban,41.5,2,Sedan,13,6,No,5.0,No,Low,No
68,Female,112979.0,Suburban,16.9,1,SUV,6,6,Yes,3.0,No,Low,No
69,Male,116449.0,Urban,5.0,1,Sedan,11,13,No,2.0,No,Low,No
42,Male,84225.0,Urban,21.2,1,Hatchback,6,17,Yes,5.0,No,Low,No
67,Other,69401.0,Suburban,37.0,1,Truck,0,2,Yes,3.0,Yes,Low,No
46,Female,58767.0,Urban,39.7,2,Truck,3,4,No,2.0,No,Medium,No
46,Female,99283.0,Rural,49.4,2,Truck,2,1,Yes,5.0,Yes,Low,No
53,Female,93598.0,Urban,69.8,1,Truck,7,14,No,3.0,Yes,Medium,No
31,Male,113219.0,Urban,30.7,1,Sedan,11,18,Yes,3.0,Yes,Low,No
45,Female,101844.0,Rural,67.3,1,SUV,1,2,Yes,2.0,No,Low,No
69,Female,45268.0,Urban,42.2,2,Sedan,6,17,No,1.0,Yes,Low,No
25,Male,74234.0,Urban,20.0,3,SUV,2,9,No,2.0,Yes,Low,No
45,Male,116370.0,Suburban,23.3,1,Sedan,0,1,Yes,3.0,Yes,Low,No
61,Male,105032.0,Urban,16.9,1,Sedan,13,17,No,4.0,No,Low,No
44,Male,83485.0,Urban,76.4,1,Sedan,12,12,No,5.0,Yes,Medium,No
47,Female,87722.0,Urban,5.0,1,Truck,5,6,Yes,3.0,Yes,Low,No
46,Male,85514.0,Suburban,81.1,1,SUV,6,7,Yes,2.0,Yes,Low,No
25,Female,103694.0,Suburban,59.9,2,Sedan,6,1,Yes,3.0,No,Low,No
29,Female,129157.0,Urban,67.0,2,Truck,3,3,No,4.0,No,Medium,No
54,Female,126575.0,Urban,31.5,1,Sedan,4,5,Yes,4.0,Yes,Low,Yes
41,Male,124357.0,Urban,28.9,2,Hatchback,8,8,Yes,2.0,Yes,Low,No
32,Male,56881.0,Rural,34.4,2,Sedan,1,2,Yes,4.0,No,Low,No
34,Female,117488.0,Suburban,34.9,1,Sedan,3,3,Yes,4.0,No,Low,No
66,Male,92384.0,Suburban,72.7,1,SUV,7,6,Yes,5.0,No,Low,No
69,Male,40122.0,Rural,37.8,2,Hatchback,0,1,Yes,1.0,No,Low,No
42,Female,84287.0,Rural,34.3,2,Sedan,2,2,Yes,1.0,Yes,Low,No
57,Female,89327.0,Urban,50.5,2,Hatchback,11,18,No,3.0,Yes,Low,No
45,Female,39678.0,Urban,66.0,4,Sedan,12,11,No,1.0,No,Medium,No
29,Male,34315.0,Suburban,79.5,2,Sedan,0,9,Yes,3.0,Yes,Low,No
27,Other,30000.0,Urban,24.9,1,SUV,12,9,No,3.0,Yes,Low,Yes
25,Male,64187.0,Urban,36.8,2,Sedan,11,14,No,3.0,Yes,Low,No
44,Male,87682.0,Urban,27.4,1,Hatchback,4,9,Yes,3.0,Yes,Low,No
62,Female,88278.0,Urban,16.2,2,SUV,6,14,No,4.0,Yes,Low,Yes
56,Male,60389.0,Urban,30.1,1,Sedan,12,15,Yes,1.0,No,Low,No
52,Male,65080.0,Urban,30.8,2,SUV,9,14,Yes,3.0,No,Low,No
66,Male,174000.0,Rural,98.3,3,SUV,0,2,No,4.0,Yes,High,No
37,Male,149878.0,Suburban,39.4,2,Sedan,5,7,Yes,5.0,No,Low,No
61,Female,101392.0,Suburban,32.4,1,Sedan,3,1,Yes,1.0,Yes,Low,No
53,Male,30000.0,Urban,50.5,1,Sedan,10,5,No,5.0,Yes,Medium,No
53,Male,76347.0,Urban,40.8,4,Truck,2,3,No,2.0,No,Low,No
40,Male,53837.0,Suburban,47.0,2,Sedan,5,3,No,3.0,No,Medium,No
27,Male,61716.0,Rural,38.4,2,Hatchback,1,2,Yes,5.0,No,Low,No
65,Male,149075.0,Urban,83.9,2,SUV,7,12,No,3.0,Yes,Low,No
61,Female,95938.0,Urban,66.3,1,Sedan,7,17,No,2.0,Yes,Low,No
57,Male,33662.0,Suburban,67.6,2,Sedan,2,6,No,1.0,Yes,High,No
63,Male,77575.0,Urban,35.4,2,Sedan,13,13,Yes,5.0,Yes,Low,Yes
41,Female,114071.0,Urban,59.2,2,Truck,9,17,No,2.0,Yes,Low,No
25,Male,84906.0,Urban,45.1,3,SUV,14,13,Yes,5.0,Yes,Low,Yes
32,Male,96544.0,Suburban,57.8,2,Sedan,4,5,Yes,5.0,Yes,Low,Yes
33,Female,95918.0,Urban,69.0,3,SUV,6,12,No,5.0,Yes,Medium,No
62,Male,61989.0,Rural,8.1,3,Sedan,1,1,Yes,4.0,No,Low,No
52,Male,117246.0,Urban,33.9,1,SUV,14,17,No,2.0,Yes,Low,No
41,Male,88364.0,Urban,46.9,1,SUV,6,13,Yes,2.0,No,Low,No
60,Female,147298.0,Rural,60.1,2,Hatchback,0,2,Yes,3.0,Yes,Low,No
58,Female,108500.0,Suburban,49.5,4,Sedan,4,9,Yes,4.0,Yes,Low,No
36,Male,77795.0,Suburban,41.3,1,SUV,6,5,Yes,3.0,Yes,Low,No
55,Male,67597.0,Urban,74.9,2,Sedan,9,3,No,1.0,Yes,Medium,No
32,Male,113842.0,Suburban,66.1,1,Truck,3,7,Yes,1.0,Yes,Low,No
53,Female,74891.0,Suburban,73.5,1,SUV,3,7,Yes,5.0,No,Low,No
48,Male,88071.0,Urban,27.0,2,SUV,13,11,No,3.0,No,Low,No
63,Female,54068.0,Suburban,57.9,2,Sedan,5,3,Yes,4.0,Yes,Low,No
27,Male,122105.0,Suburban,41.2,4,Truck,3,1,Yes,1.0,Yes,Low,No
62,Female,30000.0,Suburban,80.7,3,SUV,1,8,Yes,3.0,No,Low,No
37,Male,67966.0,Rural,30.1,1,SUV,0,1,Yes,5.0,Yes,Low,No
64,Female,30000.0,Suburban,12.3,3,Sedan,3,6,Yes,2.0,Yes,Low,No
26,Female,172928.0,Suburban,5.0,3,Truck,3,4,Yes,3.0,Yes,Low,No
36,Female,30000.0,Suburban,10.9,1,Sedan,7,5,Yes,4.0,Yes,Low,No
25,Male,102773.0,Urban,47.5,1,SUV,14,7,No,1.0,No,Low,No
34,Male,80477.0,Urban,5.0,4,Sedan,12,11,No,1.0,Yes,Low,No
43,Male,110494.0,Suburban,32.0,2,Hatchback,5,1,Yes,1.0,No,Low,No
53,Male,73168.0,Suburban,46.6,2,Hatchback,6,8,Yes,3.0,No,Low,No
66,Male,112725.0,Suburban,13.9,2,Truck,5,1,Yes,3.0,Yes,Low,Yes
25,Male,62402.0,Rural,28.7,1,SUV,2,0,Yes,3.0,Yes,Low,No
35,Female,59025.0,Rural,60.7,1,SUV,0,1,Yes,2.0,No,Low,No
66,Female,30000.0,Suburban,36.1,2,Sedan,2,3,Yes,3.0,Yes,Low,No
39,Male,80294.0,Rural,93.6,1,SUV,0,3,Yes,3.0,Yes,Low,No
35,Other,96167.0,Urban,32.3,2,Sedan,10,10,No,3.0,Yes,Low,No
46,Male,47352.0,Urban,39.7,2,SUV,6,3,No,3.0,No,Low,No
55,Female,67276.0,Rural,44.0,1,Sedan,1,3,Yes,2.0,Yes,Low,Yes
30,Female,86153.0,Urban,57.0,2,Truck,4,7,No,2.0,Yes,Low,No
58,Male,125619.0,Suburban,8.5,1,SUV,6,9,No,2.0,No,Low,No
32,Male,55408.0,Suburban,50.3,1,Truck,6,4,Yes,3.0,Yes,Low,No
26,Male,68471.0,Urban,5.0,3,Sedan,10,6,No,5.0,Yes,Low,Yes
66,Male,54475.0,Suburban,77.4,2,SUV,4,5,Yes,2.0,Yes,Low,No
52,Female,30000.0,Rural,46.8,2,SUV,0,3,Yes,3.0,Yes,Low,No
41,Male,143737.0,Urban,85.7,1,SUV,6,19,Yes,2.0,No,Low,No
68,Female,114972.0,Suburban,52.1,1,Sedan,0,3,Yes,5.0,No,Low,No
32,Female,66709.0,Suburban,46.6,1,Hatchback,0,6,Yes,2.0,No,Low,No
28,Female,67541.0,Urban,26.2,3,Sedan,9,17,No,4.0,Yes,Low,Yes
57,Male,45754.0,Suburban,54.4,1,Hatchback,0,2,Yes,2.0,No,Low,No
44,Female,46004.0,Urban,64.8,4,Sedan,8,9,No,1.0,Yes,Low,No
65,Female,76193.0,Rural,41.0,1,Sedan,1,0,Yes,4.0,No,Medium,No
68,Male,58878.0,Suburban,37.7,2,SUV,4,8,No,4.0,Yes,Medium,No
33,Male,30000.0,Suburban,48.8,1,SUV,4,2,Yes,5.0,No,Low,No
30,Female,90617.0,Suburban,46.7,1,SUV,4,5,Yes,2.0,No,Low,No
65,Female,63044.0,Urban,16.7,3,Truck,7,12,No,2.0,Yes,Medium,No
62,Male,75797.0,Suburban,56.6,1,Hatchback,1,3,Yes,2.0,No,Medium,No
32,Male,79401.0,Urban,15.8,2,Sedan,12,4,Yes,1.0,No,Low,No
28,Male,79660.0,Rural,18.9,1,SUV,2,3,Yes,3.0,Yes,Low,No
44,Other,63443.0,Urban,52.2,2,SUV,7,13,Yes,5.0,Yes,Low,No
34,Female,82106.0,Urban,5.0,2,SUV,12,19,Yes,4.0,Yes,Low,No
41,Female,57641.0,Suburban,24.1,4,SUV,6,2,Yes,4.0,No,Low,No
45,Male,30287.0,Urban,50.9,3,SUV,3,16,Yes,2.0,Yes,Low,No
42,Male,68207.0,Rural,27.7,2,Sedan,0,0,Yes,4.0,No,Low,No
61,Male,37392.0,Urban,58.9,1,SUV,4,12,Yes,3.0,Yes,Low,No
45,Male,89148.0,Urban,50.7,1,Sedan,8,12,No,5.0,Yes,Low,No
61,Female,70332.0,Suburban,39.1,2,Hatchback,1,6,Yes,2.0,No,Low,No
50,Male,30000.0,Urban,52.5,3,SUV,4,19,No,4.0,No,Low,No
66,Male,30000.0,Urban,85.6,1,Hatchback,10,18,No,2.0,No,High,No
31,Male,106643.0,Suburban,47.5,4,Sedan,4,5,Yes,1.0,Yes,Low,No
25,Male,76013.0,Suburban,69.0,2,SUV,6,8,Yes,2.0,Yes,Low,No
41,Male,52905.0,Urban,43.8,2,Sedan,10,6,No,2.0,No,Medium,No
63,Male,60440.0,Urban,16.5,2,Sedan,6,5,No,3.0,Yes,Low,No
44,Female,35425.0,Rural,17.4,3,SUV,1,1,Yes,5.0,No,Low,No
47,Male,59330.0,Urban,64.6,3,Hatchback,13,6,No,1.0,No,Medium,No
42,Male,77044.0,Rural,13.4,1,Truck,1,1,Yes,4.0,No,Low,No
30,Female,111630.0,Rural,29.1,4,Hatchback,1,3,Yes,4.0,No,Low,No
26,Female,77181.0,Urban,50.9,3,SUV,4,11,Yes,1.0,No,Low,No
38,Female,97655.0,Rural,13.5,2,SUV,0,1,Yes,2.0,Yes,Low,No
29,Male,30000.0,Urban,64.4,1,SUV,14,13,Yes,3.0,Yes,Low,No
50,Male,102330.0,Suburban,76.6,1,Sedan,4,2,Yes,4.0,No,Low,No
68,Male,82806.0,Urban,40.3,1,Sedan,12,19,No,1.0,Yes,Low,No
35,Other,87377.0,Urban,50.3,3,Sedan,5,4,No,1.0,No,Low,No
36,Male,66170.0,Urban,57.2,3,Hatchback,5,16,No,3.0,No,Low,No
50,Male,85041.0,Rural,30.1,3,Sedan,2,1,Yes,4.0,Yes,Low,Yes
40,Male,70170.0,Urban,65.4,3,SUV,11,12,No,4.0,No,Low,No
50,Female,63241.0,Urban,5.0,1,Sedan,12,16,No,2.0,Yes,Low,No
41,Male,134239.0,Rural,63.2,2,Sedan,2,2,Yes,2.0,Yes,Low,No
68,Other,110403.0,Rural,64.3,1,Sedan,1,2,Yes,2.0,Yes,Low,No
56,Female,59468.0,Rural,46.3,3,Sedan,0,0,Yes,3.0,No,Low,No
48,Male,30000.0,Rural,55.6,1,SUV,2,3,Yes,4.0,Yes,Low,No
63,Male,59412.0,Suburban,24.6,1,Truck,5,7,Yes,4.0,No,Low,No
32,Female,121024.0,Urban,55.8,1,Sedan,13,15,Yes,2.0,Yes,Low,No
63,Male,111564.0,Urban,47.1,1,Truck,7,15,No,2.0,No,Low,No
56,Male,109318.0,Urban,35.1,1,Hatchback,13,16,No,2.0,No,Low,No
45,Female,30000.0,Urban,65.1,1,Sedan,11,16,No,4.0,No,Low,No
64,Female,109557.0,Urban,5.1,3,SUV,10,14,No,5.0,Yes,Low,Yes
33,Male,81483.0,Urban,5.0,1,Sedan,10,18,No,5.0,Yes,Low,Yes
36,Male,91631.0,Urban,44.1,4,SUV,9,18,No,4.0,No,Low,No
41,Female,118831.0,Urban,41.2,1,Hatchback,13,13,No,2.0,Yes,Low,No
35,Female,30000.0,Suburban,54.9,1,SUV,3,7,Yes,2.0,Yes,Low,No
43,Female,30000.0,Urban,21.1,1,SUV,8,15,Yes,4.0,No,Low,No
40,Other,139605.0,Suburban,16.2,1,SUV,4,8,Yes,2.0,No,Low,No
31,Other,98141.0,Suburban,16.4,1,SUV,7,7,Yes,4.0,No,Low,Yes
27,Male,58135.0,Suburban,55.9,2,Sedan,1,6,Yes,4.0,No,Low,No
56,Female,90471.0,Urban,42.3,3,Sedan,11,11,No,5.0,Yes,Low,Yes
32,Male,115181.0,Urban,38.4,1,Truck,6,9,No,3.0,No,Low,No
28,Female,85616.0,Rural,40.4,1,SUV,0,2,Yes,4.0,No,Low,No
56,Female,67327.0,Rural,8.4,2,Hatchback,2,0,Yes,4.0,Yes,Low,No
46,Female,57581.0,Suburban,78.9,3,Hatchback,4,1,No,1.0,Yes,Medium,No
35,Male,84046.0,Urban,28.1,2,Sedan,2,12,No,2.0,Yes,Medium,No
58,Male,78507.0,Suburban,24.5,1,SUV,1,7,Yes,5.0,Yes,Low,No
43,Female,70647.0,Urban,62.3,2,SUV,11,7,Yes,3.0,No,Low,No
47,Female,57187.0,Urban,9.7,4,Truck,11,16,Yes,1.0,No,Low,No
38,Female,83225.0,Urban,40.9,2,Hatchback,8,3,Yes,4.0,No,Low,No
48,Female,73500.0,Urban,39.0,2,SUV,11,6,No,2.0,No,Low,No
58,Female,109963.0,Suburban,39.3,2,Sedan,0,6,Yes,5.0,No,Low,No
50,Male,84421.0,Urban,61.8,1,SUV,8,7,No,1.0,Yes,Low,No
54,Male,157750.0,Rural,97.8,2,Sedan,1,0,Yes,4.0,No,Low,Yes
36,Female,84463.0,Urban,54.8,1,SUV,13,16,No,1.0,Yes,Low,No
35,Female,119321.0,Suburban,53.5,2,Hatchback,7,9,Yes,2.0,No,Low,No
52,Female,30000.0,Suburban,77.7,2,Sedan,1,6,Yes,4.0,No,Low,No
44,Male,174000.0,Suburban,49.3,2,Sedan,1,9,Yes,1.0,Yes,Low,No
55,Female,114120.0,Urban,17.9,3,SUV,11,17,Yes,4.0,Yes,Low,Yes
62,Female,113542.0,Suburban,17.5,4,Hatchback,5,1,Yes,4.0,Yes,Low,Yes
58,Female,110361.0,Suburban,38.7,2,SUV,5,5,Yes,4.0,Yes,Low,Yes
42,Male,107494.0,Suburban,26.0,4,Sedan,0,2,Yes,5.0,Yes,Low,No
48,Male,91799.0,Suburban,22.6,1,Hatchback,3,7,Yes,3.0,Yes,Low,No
52,Female,124755.0,Rural,22.0,1,Sedan,2,1,Yes,3.0,Yes,Low,Yes
42,Male,121100.0,Urban,25.2,2,Sedan,10,17,No,3.0,Yes,Low,No
37,Female,30000.0,Urban,15.6,1,Sedan,5,7,No,2.0,Yes,Medium,No
46,Male,40843.0,Rural,45.1,2,Sedan,2,1,Yes,2.0,Yes,Low,No
35,Female,101927.0,Urban,40.4,2,Sedan,13,16,Yes,5.0,No,Low,No
25,Female,96537.0,Suburban,64.7,2,Truck,1,8,Yes,2.0,No,Low,No
42,Female,56375.0,Urban,45.1,2,Truck,11,5,Yes,3.0,No,Low,No
37,Female,52285.0,Suburban,18.0,3,SUV,2,8,No,5.0,Yes,Medium,No
59,Female,115537.0,Urban,61.2,4,SUV,6,3,No,1.0,Yes,Medium,No
30,Other,42949.0,Urban,40.9,1,SUV,13,19,No,2.0,No,Low,No
33,Male,160441.0,Urban,15.1,2,Sedan,8,7,No,2.0,Yes,Low,No
52,Female,110375.0,Urban,22.3,1,Hatchback,10,15,Yes,3.0,No,Low,No
69,Male,107469.0,Suburban,55.1,1,Sedan,3,1,Yes,2.0,Yes,Low,No
52,Male,102695.0,Urban,37.3,1,SUV,13,17,Yes,3.0,No,Low,No
69,Female,92864.0,Rural,53.4,2,SUV,1,1,Yes,4.0,No,Low,No
63,Female,79551.0,Urban,19.0,1,Truck,9,5,No,3.0,Yes,Medium,No
61,Female,125102.0,Urban,58.4,1,SUV,7,15,Yes,3.0,Yes,Low,No
33,Male,137076.0,Urban,13.5,2,SUV,13,5,No,4.0,Yes,Low,No
29,Male,90031.0,Urban,64.7,1,Sedan,13,19,No,4.0,Yes,Low,Yes
65,Male,98224.0,Urban,37.7,1,SUV,12,11,Yes,3.0,No,Low,No
57,Male,123593.0,Rural,74.9,3,Hatchback,1,3,Yes,5.0,Yes,Low,Yes
38,Female,52798.0,Suburban,30.7,1,Sedan,0,1,Yes,1.0,Yes,Low,No
62,Male,70536.0,Suburban,55.1,2,SUV,2,2,Yes,2.0,No,Low,No
29,Female,70867.0,Urban,78.1,1,Hatchback,12,6,Yes,5.0,Yes,Low,No
63,Male,71841.0,Suburban,49.7,1,Sedan,2,7,Yes,1.0,No,Low,No
57,Female,174000.0,Urban,35.7,2,Sedan,10,18,No,5.0,Yes,Low,Yes
27,Male,94611.0,Urban,54.4,3,Truck,6,15,No,3.0,Yes,Medium,No
42,Male,47787.0,Urban,19.1,1,Sedan,7,3,Yes,1.0,Yes,Low,No
62,Female,102998.0,Rural,44.1,1,SUV,2,0,Yes,5.0,No,Low,No
63,Female,128146.0,Urban,5.8,2,Sedan,3,12,Yes,5.0,Yes,Low,Yes
56,Male,49115.0,Urban,58.1,2,Hatchback,7,14,Yes,3.0,Yes,Low,No
59,Male,100779.0,Urban,52.6,4,SUV,4,6,No,2.0,No,Medium,No
62,Male,76372.0,Urban,33.1,1,Sedan,13,4,Yes,2.0,No,Low,No
52,Male,174000.0,Urban,18.2,2,Sedan,11,9,No,4.0,No,Low,No
58,Female,110350.0,Suburban,16.9,1,Sedan,0,9,Yes,5.0,No,Low,No
46,Female,81050.0,Suburban,78.0,2,Sedan,7,5,Yes,1.0,Yes,Low,No
55,Female,64984.0,Urban,47.1,1,SUV,7,17,Yes,1.0,Yes,Low,No
56,Female,84934.0,Suburban,38.8,2,SUV,1,8,No,4.0,Yes,Low,Yes
36,Male,110156.0,Urban,24.8,1,Sedan,7,12,No,5.0,No,Low,No
49,Female,124256.0,Urban,36.8,1,Truck,13,15,No,5.0,Yes,Low,Yes
56,Female,68384.0,Rural,40.1,1,Hatchback,1,2,Yes,1.0,No,Low,No
35,Male,84758.0,Suburban,73.8,1,Sedan,0,4,Yes,2.0,Yes,Low,No
67,Male,50578.0,Urban,92.0,1,SUV,13,4,Yes,3.0,No,Low,No
38,Male,98710.0,Suburban,37.2,2,Sedan,3,4,Yes,1.0,No,Low,No
54,Female,68435.0,Urban,54.7,1,SUV,8,18,No,4.0,No,Low,No
52,Female,125649.0,Suburban,5.0,3,SUV,3,7,Yes,4.0,No,Low,No
44,Male,77242.0,Suburban,49.9,2,SUV,2,7,Yes,1.0,Yes,Low,No
32,Female,90633.0,Urban,45.1,3,Sedan,7,3,Yes,5.0,No,Low,No
34,Male,81439.0,Urban,27.1,3,Truck,5,5,No,3.0,No,Low,No
41,Male,94082.0,Urban,65.1,1,Hatchback,9,15,No,5.0,Yes,Low,Yes
54,Female,84287.0,Urban,21.9,2,Hatchback,7,10,No,4.0,Yes,Low,No
67,Male,65298.0,Urban,38.95,2,Truck,5,15,No,2.0,Yes,Low,No
37,Female,43381.0,Urban,91.7,2,SUV,6,3,No,3.0,No,Medium,No
50,Male,97366.0,Rural,54.1,3,SUV,0,0,Yes,4.0,No,Medium,No
25,Male,130667.0,Urban,56.6,4,Hatchback,4,12,No,2.0,Yes,Medium,No
25,Female,60499.0,Urban,43.5,2,Hatchback,8,6,Yes,2.0,No,Low,No
68,Male,99139.0,Rural,17.4,2,SUV,1,1,Yes,2.0,No,Low,No
29,Male,72466.0,Suburban,28.3,4,Hatchback,6,2,Yes,5.0,No,Low,No
34,Male,96709.0,Suburban,28.8,2,Sedan,7,5,Yes,1.0,Yes,Low,No
31,Female,87357.0,Urban,43.7,3,Hatchback,10,19,Yes,2.0,Yes,Low,No
26,Male,57740.0,Urban,28.6,2,SUV,5,4,No,2.0,No,Medium,No
66,Female,108709.0,Rural,71.2,4,Sedan,1,3,No,2.0,Yes,Medium,No
64,Female,57701.0,Urban,40.8,2,SUV,9,12,Yes,5.0,No,Low,No
33,Male,55079.0,Urban,32.5,1,Sedan,8,6,Yes,1.0,Yes,Low,No
68,Female,124405.0,Suburban,43.3,3,Hatchback,7,8,No,2.0,Yes,Low,No
43,Male,123366.0,Suburban,46.9,2,Sedan,5,3,Yes,4.0,No,Low,No
54,Other,39185.0,Urban,36.9,3,Sedan,13,12,Yes,4.0,No,Low,No
41,Male,88212.0,Suburban,30.2,2,SUV,4,3,Yes,2.0,Yes,Low,No
40,Female,126391.0,Urban,56.1,1,SUV,11,4,No,1.0,Yes,Low,No
47,Female,121860.0,Urban,98.5,3,SUV,14,13,Yes,3.0,No,Low,No
65,Female,138353.0,Suburban,5.0,2,Sedan,5,4,Yes,4.0,Yes,Low,No
38,Female,133981.0,Urban,87.0,2,SUV,9,9,Yes,5.0,Yes,Low,Yes
69,Male,72919.0,Urban,5.0,1,Sedan,7,9,No,5.0,No,Low,No
67,Female,30000.0,Urban,5.0,1,Sedan,7,18,Yes,5.0,Yes,Low,Yes
63,Male,56459.0,Rural,79.0,1,Hatchback,1,1,Yes,3.0,Yes,Low,No
29,Female,73397.0,Urban,37.3,2,SUV,8,14,No,4.0,Yes,Low,Yes
28,Female,59607.0,Suburban,78.6,1,Truck,5,8,Yes,4.0,Yes,Low,No
32,Male,30000.0,Rural,67.6,4,Sedan,2,2,Yes,4.0,Yes,Low,No
60,Male,100584.0,Urban,25.6,2,Sedan,10,9,No,2.0,Yes,Low,Yes
39,Other,78677.0,Urban,18.8,3,SUV,10,6,No,4.0,Yes,Low,Yes
36,Male,91993.0,Urban,12.1,1,Truck,8,19,Yes,5.0,Yes,Low,Yes
35,Female,67330.0,Urban,19.7,3,SUV,14,10,No,5.0,No,Medium,No
36,Female,78581.0,Suburban,40.9,1,SUV,0,1,Yes,1.0,Yes,Low,No
63,Male,114825.0,Suburban,8.6,2,Truck,1,9,Yes,4.0,No,Low,No
53,Female,113380.0,Rural,84.1,2,Sedan,0,1,Yes,5.0,No,Low,No
65,Female,57112.0,Suburban,45.4,4,Sedan,2,8,No,1.0,No,Medium,No
67,Female,76959.0,Suburban,5.0,2,SUV,5,9,Yes,4.0,Yes,Low,No
30,Female,122374.0,Suburban,32.3,1,Sedan,6,3,Yes,4.0,Yes,Low,No
37,Female,70180.0,Urban,34.1,2,Sedan,3,10,No,3.0,Yes,Low,No
62,Female,42589.0,Suburban,50.1,1,Sedan,2,6,Yes,2.0,No,Low,No
69,Male,57632.0,Rural,48.2,2,SUV,1,2,Yes,1.0,No,Low,No
29,Female,77360.0,Urban,70.6,1,Truck,11,12,No,2.0,Yes,Medium,No
62,Female,121797.0,Rural,90.8,3,SUV,0,0,Yes,1.0,No,Low,No
38,Female,122748.0,Suburban,43.2,1,Hatchback,5,9,Yes,5.0,Yes,Low,Yes
44,Female,113290.0,Urban,9.4,2,Sedan,14,5,Yes,5.0,Yes,Low,Yes
56,Male,68003.0,Urban,72.9,1,Sedan,3,8,Yes,2.0,No,Low,No
32,Female,138473.0,Suburban,5.0,2,SUV,6,9,Yes,5.0,Yes,Low,No
46,Male,86840.0,Urban,68.0,3,Sedan,14,7,Yes,4.0,Yes,Low,No
44,Male,30000.0,Suburban,80.3,2,SUV,0,6,Yes,3.0,No,Low,No
44,Male,96418.0,Urban,59.8,3,SUV,12,17,Yes,5.0,Yes,Low,No
31,Female,63386.0,Urban,41.1,2,Truck,8,6,No,4.0,No,Low,No
48,Female,125143.0,Urban,64.6,2,SUV,3,19,No,5.0,Yes,Low,Yes
69,Female,153529.0,Rural,71.1,2,SUV,2,2,Yes,3.0,Yes,Low,Yes
60,Male,76857.0,Urban,22.6,1,Sedan,4,13,Yes,4.0,No,Low,No
36,Female,143920.0,Suburban,46.6,3,Hatchback,0,3,Yes,1.0,No,Low,No
64,Male,94745.0,Urban,48.2,2,SUV,6,19,Yes,4.0,No,Low,No
40,Male,86956.0,Suburban,44.5,1,Sedan,0,9,Yes,3.0,No,Low,No
64,Male,174000.0,Urban,60.4,4,Hatchback,7,16,Yes,3.0,No,Low,No
49,Male,73410.0,Suburban,29.2,2,SUV,6,8,Yes,2.0,Yes,Low,No
54,Female,71795.0,Urban,5.0,2,Sedan,12,13,Yes,4.0,Yes,Low,No
33,Male,30000.0,Suburban,34.0,1,Sedan,0,7,Yes,5.0,Yes,Low,No
44,Female,64343.0,Suburban,81.4,2,SUV,1,7,Yes,1.0,Yes,Low,No
46,Female,98578.0,Urban,25.4,3,Sedan,8,10,Yes,4.0,Yes,Low,Yes
61,Male,107629.0,Urban,43.6,3,Sedan,3,9,No,1.0,No,Medium,No
69,Female,48029.0,Urban,38.3,2,SUV,13,10,No,2.0,Yes,Low,Yes
44,Female,72623.0,Suburban,27.3,1,SUV,4,9,No,5.0,Yes,Low,No
48,Female,125621.0,Suburban,31.1,2,Sedan,1,4,Yes,4.0,No,Low,No
58,Male,44501.0,Urban,5.0,2,SUV,7,13,Yes,3.0,No,Low,No
66,Female,95813.0,Suburban,11.2,2,SUV,1,7,Yes,2.0,Yes,Low,No
59,Male,124907.0,Urban,89.6,2,SUV,8,6,No,2.0,Yes,Medium,No
45,Male,124896.0,Suburban,23.7,1,Sedan,2,3,Yes,3.0,No,Low,No
30,Female,101304.0,Suburban,30.3,2,Sedan,7,4,No,3.0,Yes,Low,No
62,Female,105696.0,Rural,50.4,1,Sedan,2,1,Yes,2.0,Yes,Low,No
58,Male,90263.0,Suburban,44.9,1,SUV,7,1,Yes,2.0,No,Low,No
54,Female,32826.0,Urban,7.6,2,SUV,9,7,No,1.0,Yes,Low,No
65,Female,82191.0,Urban,7.8,1,Hatchback,7,9,No,1.0,No,Low,No
55,Female,84906.0,Suburban,8.3,3,SUV,4,1,No,3.0,No,High,No
41,Male,119293.0,Rural,66.2,2,Sedan,2,3,Yes,4.0,Yes,Low,No
46,Male,75139.0,Urban,83.9,2,Sedan,5,12,No,5.0,Yes,Medium,No
28,Male,83438.0,Urban,47.5,2,SUV,14,13,No,5.0,Yes,Low,No
56,Other,71470.0,Suburban,5.0,1,SUV,3,5,Yes,3.0,No,Low,No
35,Male,54573.0,Suburban,21.6,2,Hatchback,3,8,Yes,2.0,Yes,Low,No
26,Male,71487.0,Urban,91.5,1,SUV,5,7,Yes,4.0,Yes,Low,No
38,Female,80351.0,Suburban,54.7,2,Hatchback,0,6,No,1.0,No,Low,No
56,Male,96310.0,Suburban,69.5,1,Truck,1,9,No,2.0,Yes,Medium,No
44,Female,113343.0,Suburban,68.9,1,Hatchback,5,8,No,4.0,Yes,Low,No
54,Female,99174.0,Suburban,21.4,2,Sedan,3,1,Yes,4.0,No,Low,No
41,Female,87430.0,Suburban,68.0,1,Hatchback,5,9,No,3.0,Yes,Medium,No
46,Female,96364.0,Rural,52.7,1,SUV,2,2,Yes,3.0,Yes,Low,No
50,Male,92862.0,Urban,8.0,2,Sedan,8,9,No,3.0,No,Low,No
69,Male,86920.0,Urban,29.3,3,Sedan,11,12,No,5.0,No,Low,No
25,Female,113311.0,Urban,46.9,1,Truck,13,4,No,1.0,Yes,Low,No
29,Male,76522.0,Urban,83.9,1,Sedan,6,11,No,1.0,Yes,Medium,No
43,Female,125699.0,Suburban,49.5,1,Sedan,5,8,Yes,2.0,Yes,Low,Yes
65,Female,109294.0,Urban,27.6,1,Sedan,13,14,No,3.0,Yes,Low,No
46,Male,69274.0,Rural,38.8,2,Sedan,0,3,Yes,4.0,No,Low,No
37,Male,107175.0,Suburban,16.3,1,Sedan,4,4,Yes,3.0,No,Low,No
38,Male,30000.0,Suburban,23.2,1,SUV,1,7,No,5.0,Yes,Medium,No
65,Male,115529.0,Urban,8.5,4,SUV,14,9,No,1.0,Yes,Low,No
43,Male,30000.0,Rural,42.6,1,Sedan,1,2,Yes,4.0,Yes,Low,No
38,Male,91415.0,Urban,5.0,2,Hatchback,13,9,Yes,4.0,Yes,Low,No
63,Male,62014.0,Suburban,19.4,2,Sedan,2,8,Yes,3.0,Yes,Low,No
38,Female,71832.0,Suburban,63.0,2,SUV,3,5,Yes,3.0,No,Low,No
66,Male,82823.0,Urban,54.2,1,Truck,4,5,No,5.0,No,Medium,No
64,Female,153475.0,Suburban,57.0,1,Hatchback,4,5,No,2.0,Yes,Medium,No
49,Female,121480.0,Urban,30.3,2,Sedan,10,18,No,2.0,Yes,Low,No
54,Male,55725.0,Suburban,5.0,1,Hatchback,4,2,Yes,4.0,Yes,Low,Yes
62,Female,65002.0,Urban,54.3,2,Sedan,11,15,Yes,3.0,No,Low,No
55,Male,84111.0,Rural,5.0,2,Sedan,1,0,Yes,5.0,Yes,Low,Yes
54,Female,82017.0,Suburban,106.0,3,Sedan,7,8,No,1.0,Yes,High,No
64,Male,120009.0,Suburban,30.5,2,SUV,5,9,No,2.0,No,Low,No
36,Male,88904.0,Suburban,28.3,3,SUV,2,1,Yes,4.0,Yes,Low,Yes
30,Female,121801.0,Urban,11.2,1,Sedan,3,15,No,5.0,Yes,Low,Yes
42,Female,98006.0,Urban,22.5,2,Sedan,6,13,Yes,5.0,Yes,Low,Yes
36,Male,124064.0,Urban,54.5,2,Truck,12,13,No,2.0,Yes,Low,No
26,Female,110945.0,Suburban,33.6,1,SUV,2,6,Yes,4.0,No,Low,No
59,Male,80968.0,Urban,41.6,1,SUV,3,10,Yes,1.0,No,Low,No
62,Male,64845.0,Urban,45.0,4,Hatchback,4,9,No,1.0,No,Low,No
59,Male,84788.0,Urban,69.5,2,SUV,10,13,Yes,5.0,Yes,Low,Yes
41,Female,108398.0,Urban,77.6,2,Hatchback,6,10,Yes,3.0,Yes,Low,No
64,Male,84287.0,Urban,41.3,2,Sedan,14,9,No,2.0,No,Low,No
47,Female,82882.0,Urban,25.8,2,Sedan,10,12,No,1.0,Yes,Low,No
41,Female,43327.0,Suburban,45.7,1,Sedan,2,4,No,3.0,Yes,Low,Yes
27,Male,109886.0,Urban,26.5,3,SUV,10,14,Yes,4.0,Yes,Low,Yes
27,Female,55876.0,Rural,30.2,3,SUV,2,3,Yes,1.0,Yes,Low,Yes
35,Male,130075.0,Suburban,93.6,1,Truck,0,4,Yes,3.0,Yes,Low,No
39,Male,60781.0,Suburban,5.0,2,SUV,5,8,No,1.0,Yes,Medium,No
37,Female,117626.0,Urban,15.2,2,Sedan,9,10,Yes,5.0,Yes,Low,No
28,Other,84758.0,Suburban,54.3,1,Truck,7,5,Yes,4.0,No,Low,No
26,Male,110161.0,Urban,48.0,2,SUV,8,4,Yes,1.0,Yes,Low,No
25,Male,107701.0,Rural,60.9,1,Sedan,0,0,Yes,2.0,Yes,Low,No
59,Female,44706.0,Suburban,11.8,3,SUV,3,4,Yes,1.0,No,Low,No
66,Female,122030.0,Urban,19.5,1,SUV,3,10,No,4.0,No,Low,No
46,Male,44767.0,Rural,38.8,2,Sedan,0,2,Yes,5.0,No,Low,No
37,Female,80745.0,Rural,80.2,2,SUV,1,1,Yes,4.0,Yes,Low,Yes
51,Male,31147.0,Urban,54.7,3,Sedan,6,6,No,4.0,Yes,Low,No
55,Male,140088.0,Urban,52.0,1,SUV,2,18,No,5.0,No,Low,No
47,Male,57778.0,Urban,5.0,1,Sedan,8,5,No,4.0,No,Low,No
33,Female,94943.0,Rural,21.7,3,Sedan,0,0,Yes,4.0,No,Low,No
44,Male,84906.0,Urban,58.6,3,Truck,7,10,No,3.0,No,Low,No
33,Male,30000.0,Suburban,50.3,2,SUV,3,4,Yes,4.0,Yes,Low,No
33,Female,81001.0,Rural,64.8,3,Sedan,0,2,Yes,4.0,Yes,Low,No
41,Male,48946.0,Suburban,35.6,2,SUV,2,9,Yes,1.0,Yes,Low,No
31,Female,102231.0,Rural,81.5,1,Hatchback,2,2,Yes,1.0,No,Low,No
52,Male,75517.0,Rural,11.7,1,Sedan,0,2,Yes,5.0,No,Low,No
49,Male,106607.0,Suburban,18.5,1,Hatchback,6,5,No,1.0,Yes,Low,No
58,Male,117960.0,Rural,37.7,1,SUV,1,0,Yes,3.0,No,Low,No
62,Female,43944.0,Suburban,5.0,1,Sedan,0,2,Yes,3.0,Yes,Low,No
57,Female,91917.0,Urban,85.4,3,Hatchback,9,10,No,1.0,No,Medium,No
47,Male,82933.0,Urban,5.0,2,Sedan,7,6,No,1.0,Yes,Low,No
31,Female,93290.0,Suburban,41.1,2,SUV,4,7,Yes,2.0,Yes,Low,No
59,Male,133893.0,Urban,29.8,2,SUV,5,11,No,4.0,Yes,Medium,Yes
67,Male,52351.0,Suburban,45.1,2,SUV,4,2,Yes,4.0,Yes,Low,No
26,Male,94451.0,Suburban,23.3,2,SUV,0,5,Yes,5.0,No,Low,No
68,Female,62335.0,Suburban,47.6,1,Sedan,2,9,Yes,1.0,Yes,Low,No
58,Female,65853.0,Suburban,39.2,2,Sedan,0,5,Yes,3.0,No,Low,No
27,Male,159698.0,Urban,36.9,2,Sedan,6,18,No,5.0,Yes,Low,Yes
52,Male,100893.0,Urban,22.0,2,SUV,14,14,No,3.0,Yes,Low,Yes
63,Male,76169.0,Urban,11.0,2,Sedan,3,6,No,3.0,No,Low,No
26,Female,129312.0,Rural,34.4,2,Hatchback,0,1,Yes,5.0,No,Low,Yes
69,Male,118042.0,Urban,45.9,2,Sedan,14,15,Yes,5.0,Yes,Low,Yes
40,Male,30000.0,Urban,47.2,2,SUV,13,12,Yes,3.0,Yes,Low,No
62,Female,88345.0,Suburban,30.7,2,Sedan,4,3,No,2.0,Yes,Low,No
61,Male,102249.0,Urban,58.4,4,Sedan,12,9,Yes,3.0,Yes,Low,No
25,Female,65931.0,Urban,78.5,2,Sedan,2,4,No,3.0,Yes,Low,No
52,Male,77262.0,Suburban,15.0,2,SUV,3,5,No,1.0,No,Low,No
48,Male,113287.0,Rural,75.1,2,Hatchback,2,2,Yes,1.0,Yes,Low,No
54,Male,93300.0,Urban,66.6,3,SUV,5,19,No,1.0,Yes,Low,No
28,Male,130725.0,Suburban,46.6,1,Hatchback,2,7,No,3.0,Yes,Medium,No
47,Male,100394.0,Urban,44.4,2,Sedan,13,4,No,4.0,No,Low,No
62,Female,109157.0,Rural,5.0,2,SUV,1,1,No,1.0,Yes,Medium,No
65,Female,30000.0,Suburban,93.3,1,Hatchback,5,6,No,3.0,Yes,Medium,No
49,Female,90198.0,Urban,12.0,4,SUV,13,19,No,1.0,No,Low,No
67,Female,76371.0,Urban,21.3,1,Hatchback,11,7,No,4.0,Yes,Low,No
68,Female,43108.0,Rural,27.9,1,Hatchback,1,3,Yes,1.0,Yes,Low,No
53,Female,117246.0,Urban,41.1,3,Sedan,4,7,No,2.0,Yes,Medium,No
41,Male,50801.0,Suburban,53.5,1,Sedan,3,9,Yes,2.0,No,Low,No
64,Male,84906.0,Urban,33.9,3,Sedan,5,14,Yes,5.0,Yes,Low,No
39,Male,37982.0,Suburban,36.2,1,Truck,5,6,No,2.0,Yes,Medium,No
56,Male,101580.0,Rural,21.1,2,SUV,2,2,No,3.0,No,Low,No
49,Male,72258.0,Urban,29.8,2,Truck,7,7,No,2.0,Yes,Medium,No
43,Male,39260.0,Suburban,5.0,1,SUV,3,2,Yes,3.0,Yes,Low,Yes
42,Male,71855.0,Suburban,84.0,3,Sedan,7,5,Yes,2.0,Yes,Low,No
35,Male,104258.0,Rural,72.0,2,Sedan,0,1,Yes,5.0,No,Medium,No
53,Male,104353.0,Suburban,12.2,2,SUV,5,4,No,4.0,No,Low,No
64,Female,86344.0,Urban,5.0,2,Sedan,13,13,No,2.0,No,Low,No
51,Female,52551.0,Urban,30.7,3,Sedan,6,18,Yes,4.0,Yes,Low,No
51,Female,30000.0,Urban,29.4,2,SUV,7,13,Yes,3.0,Yes,Low,No
57,Male,56074.0,Urban,9.8,2,SUV,11,10,No,5.0,No,Low,No
25,Female,174000.0,Suburban,29.3,1,Sedan,5,6,No,5.0,Yes,Low,Yes
29,Male,34858.0,Urban,36.1,3,Hatchback,2,15,Yes,1.0,Yes,Low,No
42,Female,63939.0,Urban,20.4,2,Sedan,9,17,No,2.0,No,Low,No
27,Other,123614.0,Suburban,60.3,3,SUV,2,5,Yes,5.0,No,Low,No
53,Female,70412.0,Urban,48.8,1,Sedan,10,5,No,3.0,No,Low,No
51,Male,71419.0,Urban,11.8,2,SUV,2,14,No,2.0,Yes,Low,No
40,Female,98994.0,Urban,89.8,2,SUV,14,13,No,1.0,Yes,Low,No
61,Male,39317.0,Rural,73.8,2,SUV,2,0,Yes,4.0,No,Low,No
39,Male,44735.0,Suburban,43.7,2,SUV,7,6,Yes,4.0,No,Low,No
48,Female,110150.0,Urban,32.7,1,SUV,10,5,No,5.0,Yes,Low,Yes
36,Male,91158.0,Urban,5.0,2,Hatchback,13,8,Yes,1.0,No,Low,No
25,Male,30000.0,Urban,12.6,2,Sedan,2,13,Yes,3.0,No,Low,No
51,Female,105714.0,Suburban,9.3,2,Sedan,4,4,Yes,5.0,No,Low,No
26,Male,142885.0,Suburban,87.4,1,Hatchback,7,5,Yes,4.0,Yes,Low,Yes
25,Female,109350.0,Suburban,9.5,2,SUV,2,7,Yes,1.0,No,Low,No
55,Female,64683.0,Suburban,26.0,2,Hatchback,7,4,No,3.0,Yes,Low,No
40,Female,97083.0,Urban,5.0,1,SUV,2,9,Yes,5.0,No,Low,No
47,Male,98987.0,Rural,57.7,2,Sedan,2,3,Yes,4.0,Yes,Low,Yes
31,Male,156647.0,Suburban,41.4,3,SUV,4,1,Yes,1.0,No,Low,No
26,Male,78656.0,Suburban,30.5,2,Sedan,4,6,Yes,5.0,No,Low,No
67,Female,69770.0,Suburban,79.5,2,Sedan,2,8,Yes,3.0,Yes,Medium,No
38,Female,52348.0,Rural,65.5,1,Hatchback,2,0,Yes,5.0,Yes,Low,Yes
49,Female,55962.0,Suburban,7.0,1,Truck,3,2,Yes,4.0,No,Low,No
55,Female,116327.0,Urban,35.2,1,SUV,6,16,No,4.0,Yes,Low,Yes
66,Male,92144.0,Urban,5.0,1,SUV,5,13,Yes,5.0,Yes,Low,Yes
26,Male,133231.0,Rural,41.5,2,Hatchback,2,3,Yes,5.0,Yes,Low,Yes
57,Female,51090.0,Urban,10.4,1,SUV,7,13,No,2.0,Yes,Low,No
30,Female,87146.0,Urban,36.0,2,Sedan,8,16,No,4.0,Yes,Low,Yes
45,Female,97662.0,Rural,5.0,3,Sedan,1,1,Yes,3.0,No,Low,No
56,Male,112794.0,Urban,44.3,2,SUV,5,8,Yes,2.0,Yes,Low,No
59,Female,86524.0,Suburban,29.4,1,Sedan,7,8,No,5.0,No,Low,No
48,Male,113931.0,Suburban,34.3,3,Sedan,0,6,Yes,3.0,Yes,Low,Yes
57,Male,56660.0,Urban,44.5,3,Sedan,11,9,Yes,1.0,Yes,Low,No
39,Female,80584.0,Suburban,19.2,2,SUV,1,4,Yes,3.0,No,Low,No
40,Male,107985.0,Urban,36.3,1,Hatchback,14,5,Yes,3.0,Yes,Low,No
36,Male,37560.0,Urban,24.2,1,Hatchback,2,12,Yes,2.0,Yes,Low,No
63,Male,79164.0,Urban,34.0,2,SUV,9,18,No,4.0,Yes,Low,Yes
69,Male,30000.0,Urban,20.8,3,Sedan,6,13,No,1.0,No,Low,No
38,Male,66982.0,Rural,17.1,1,Hatchback,2,2,Yes,1.0,Yes,Low,No
41,Other,93191.0,Rural,26.4,2,Hatchback,0,0,Yes,2.0,Yes,Low,No
41,Male,82256.0,Suburban,45.1,1,SUV,3,5,Yes,4.0,Yes,Low,Yes
43,Male,49375.0,Urban,13.9,3,Sedan,7,17,No,2.0,No,Medium,No
56,Male,91997.0,Urban,32.5,1,SUV,11,10,No,1.0,Yes,Low,No
37,Female,64414.0,Suburban,48.5,1,SUV,2,5,Yes,2.0,Yes,Low,No
38,Male,30000.0,Rural,5.0,2,Sedan,0,1,Yes,4.0,No,Low,No
39,Female,156337.0,Suburban,46.7,2,Sedan,2,7,Yes,4.0,No,Low,No
54,Female,85880.0,Urban,82.5,1,Hatchback,2,15,No,1.0,No,Medium,No
35,Other,55945.0,Urban,24.9,1,Sedan,7,8,No,1.0,Yes,Medium,No
28,Female,131711.0,Suburban,5.0,2,Hatchback,4,3,Yes,4.0,Yes,Low,No
42,Female,121813.0,Suburban,38.3,2,Truck,3,5,Yes,1.0,No,Low,No
60,Male,32053.0,Suburban,23.2,1,Sedan,1,2,Yes,5.0,Yes,Low,Yes
58,Male,95845.0,Urban,5.0,1,SUV,7,10,Yes,2.0,Yes,Low,No
26,Female,91325.0,Suburban,43.0,4,Sedan,3,9,Yes,2.0,No,Low,No
26,Male,110630.0,Urban,13.7,2,SUV,12,8,No,3.0,Yes,Low,Yes
53,Male,80405.0,Suburban,56.6,2,Hatchback,4,1,Yes,5.0,No,Low,No
41,Female,94560.0,Urban,30.1,2,SUV,6,3,No,4.0,No,Medium,No
56,Other,132998.0,Suburban,49.6,2,Hatchback,5,5,No,3.0,Yes,Medium,No
38,Female,121419.0,Rural,40.9,2,SUV,2,2,Yes,5.0,Yes,Low,Yes
62,Female,48657.0,Suburban,36.2,2,SUV,6,7,Yes,2.0,Yes,Low,No
68,Male,30000.0,Urban,31.5,3,Sedan,13,12,No,5.0,Yes,Low,No
50,Male,53532.0,Suburban,17.5,3,Sedan,5,8,Yes,1.0,Yes,Low,No
28,Male,81277.0,Rural,5.0,2,SUV,0,1,Yes,1.0,Yes,Low,No
62,Female,78409.0,Suburban,37.6,1,Truck,0,8,Yes,1.0,Yes,Low,Yes
40,Female,32292.0,Urban,54.7,2,SUV,12,16,No,1.0,Yes,Low,No
58,Female,30000.0,Urban,5.0,1,Hatchback,12,4,No,5.0,No,Medium,No
33,Female,91370.0,Suburban,5.0,2,Sedan,6,1,Yes,3.0,Yes,Low,Yes
46,Female,110587.0,Suburban,27.9,2,Hatchback,4,8,Yes,3.0,Yes,Low,No
49,Female,64980.0,Urban,53.5,2,Sedan,6,10,Yes,5.0,Yes,Low,Yes
50,Female,111701.0,Suburban,63.7,1,Sedan,0,7,Yes,3.0,No,Low,No
68,Female,89063.0,Suburban,59.6,2,Hatchback,7,5,Yes,1.0,Yes,Low,No
60,Male,100287.0,Urban,106.0,3,SUV,12,7,No,4.0,Yes,Low,No
67,Male,30000.0,Urban,32.8,1,Truck,2,10,No,2.0,Yes,High,No
68,Female,64711.0,Suburban,46.1,1,Sedan,3,1,No,3.0,Yes,High,No
29,Female,136009.0,Urban,9.1,3,SUV,12,14,No,4.0,No,Low,No
62,Male,64318.0,Urban,76.0,2,Hatchback,11,7,Yes,3.0,Yes,Low,No
54,Male,95591.0,Rural,68.6,1,Truck,1,3,Yes,3.0,No,Low,No
65,Female,121160.0,Urban,33.4,3,Sedan,9,9,No,3.0,No,Low,No
58,Female,84758.0,Urban,31.9,1,Sedan,2,5,No,4.0,Yes,Medium,No
55,Female,81907.0,Suburban,5.0,1,Sedan,6,4,Yes,4.0,Yes,Low,No
40,Male,77903.0,Urban,44.3,3,Sedan,11,9,No,3.0,No,Low,No
51,Female,105764.0,Urban,38.2,1,SUV,10,13,No,3.0,Yes,Low,No
53,Female,96767.0,Urban,32.8,1,Sedan,2,16,Yes,5.0,No,Low,No
30,Female,119470.0,Suburban,5.0,1,Sedan,3,3,No,2.0,No,Medium,No
61,Male,94033.0,Suburban,71.2,1,Hatchback,0,6,Yes,2.0,Yes,Low,No
59,Male,111379.0,Urban,47.1,1,Hatchback,2,16,Yes,4.0,No,Low,No
33,Male,30000.0,Suburban,18.7,1,Truck,7,2,Yes,2.0,No,Low,No
66,Female,133098.0,Urban,96.7,2,Sedan,5,3,No,1.0,Yes,Medium,No
46,Female,114028.0,Rural,23.3,1,Sedan,0,0,No,3.0,Yes,Medium,No
45,Male,62063.0,Suburban,44.0,3,Sedan,5,9,Yes,1.0,No,Low,No
45,Female,85045.0,Rural,51.8,1,Sedan,2,0,Yes,4.0,Yes,Low,No
52,Male,63150.0,Rural,31.9,3,SUV,0,1,Yes,4.0,Yes,Low,No
67,Female,92276.0,Suburban,5.0,3,Sedan,2,3,Yes,4.0,No,Low,No
47,Other,73775.0,Suburban,51.4,2,Sedan,4,8,Yes,4.0,Yes,Low,No
46,Female,61199.0,Urban,28.6,2,SUV,11,11,No,1.0,Yes,Low,No
55,Male,68061.0,Urban,52.8,3,SUV,2,18,Yes,1.0,Yes,Low,No
68,Male,89110.0,Urban,40.2,2,Hatchback,7,17,Yes,5.0,No,Low,No
43,Male,34139.0,Rural,56.1,3,SUV,1,0,Yes,2.0,Yes,Low,No
35,Female,76082.0,Suburban,9.5,1,Sedan,1,3,Yes,5.0,Yes,Low,Yes
28,Male,82241.0,Rural,24.6,2,SUV,1,0,Yes,4.0,No,Low,No
45,Female,93766.0,Urban,57.4,1,Sedan,13,4,No,1.0,Yes,Medium,No
30,Female,63410.0,Urban,56.8,2,Hatchback,4,19,Yes,4.0,Yes,Low,No
60,Female,33106.0,Suburban,51.9,1,SUV,1,3,Yes,5.0,Yes,Low,Yes
38,Female,46500.0,Urban,26.0,1,SUV,6,3,No,5.0,No,Low,No
49,Male,122993.0,Suburban,37.0,1,SUV,6,2,No,4.0,Yes,High,No
64,Female,74368.0,Urban,20.0,2,SUV,12,11,No,1.0,No,Low,No
28,Female,31266.0,Urban,71.2,1,SUV,4,12,No,2.0,Yes,High,No
46,Female,46919.0,Urban,5.0,2,Sedan,8,13,No,3.0,Yes,Medium,No
53,Male,87643.0,Suburban,34.2,1,Sedan,1,3,Yes,2.0,No,Low,No
54,Female,101011.0,Rural,51.5,4,Sedan,0,2,Yes,3.0,Yes,Low,Yes
31,Male,141330.0,Suburban,63.4,3,SUV,7,9,Yes,1.0,Yes,Low,No
39,Female,153469.0,Suburban,5.0,3,SUV,7,2,Yes,3.0,No,Low,No
30,Male,110265.0,Rural,74.3,3,Sedan,1,2,Yes,4.0,Yes,Low,Yes
57,Female,116050.0,Urban,62.7,3,Truck,13,15,No,3.0,Yes,Medium,No
35,Female,116187.0,Suburban,24.6,1,Truck,1,5,Yes,2.0,No,Low,No
58,Male,150222.0,Urban,37.3,3,SUV,5,6,No,5.0,No,Low,No
62,Male,104176.0,Suburban,106.0,2,Truck,7,1,Yes,2.0,Yes,Low,Yes
36,Female,74305.0,Urban,102.0,3,Sedan,7,17,No,3.0,No,Low,No
51,Male,75636.0,Suburban,25.8,2,SUV,6,6,Yes,4.0,Yes,Low,No
37,Male,121113.0,Rural,14.8,2,SUV,0,3,No,2.0,No,Medium,No
46,Male,72916.0,Suburban,64.2,2,Sedan,3,5,Yes,4.0,Yes,Low,No
42,Female,121378.0,Rural,34.5,2,Hatchback,1,3,Yes,4.0,Yes,Low,No
33,Female,81686.0,Urban,5.0,1,SUV,11,9,No,4.0,Yes,Low,Yes
43,Female,96742.0,Suburban,5.0,2,Hatchback,0,5,Yes,2.0,Yes,Low,No
55,Male,116707.0,Urban,85.2,1,Sedan,4,8,Yes,4.0,Yes,Low,Yes
49,Female,79804.0,Urban,88.3,1,Hatchback,11,6,No,3.0,Yes,Medium,No
68,Other,129089.0,Urban,29.8,1,Hatchback,7,15,No,4.0,No,Medium,No
61,Male,81294.0,Urban,67.6,1,SUV,13,18,No,3.0,No,Low,No
33,Female,52174.0,Urban,38.8,3,SUV,11,8,No,5.0,Yes,Low,Yes
36,Female,78182.0,Urban,45.3,2,Truck,8,14,No,3.0,Yes,Low,No
48,Male,56900.0,Suburban,49.6,2,SUV,4,6,Yes,4.0,Yes,Low,No
38,Female,30000.0,Urban,51.9,2,SUV,5,9,No,4.0,Yes,Low,No
66,Male,100107.0,Rural,61.2,2,SUV,1,2,Yes,3.0,Yes,Low,No
53,Female,36207.0,Urban,29.8,1,Hatchback,4,17,Yes,1.0,Yes,Low,No
55,Female,45266.0,Urban,50.7,2,Hatchback,13,8,No,4.0,No,Low,No
25,Male,88112.0,Urban,15.8,3,SUV,6,14,No,2.0,Yes,Low,No
58,Female,112270.0,Urban,5.0,3,Sedan,13,16,No,3.0,Yes,Low,No
49,Female,116863.0,Urban,40.5,1,Hatchback,3,13,No,4.0,No,Medium,No
55,Male,77924.0,Urban,22.4,2,Truck,10,12,Yes,3.0,Yes,Low,Yes
32,Female,30000.0,Urban,44.2,3,Sedan,13,6,No,5.0,Yes,Medium,No
31,Female,84758.0,Urban,40.7,1,SUV,11,7,No,4.0,No,Low,No
54,Male,74398.0,Rural,56.9,1,Sedan,1,0,Yes,2.0,Yes,Low,Yes
54,Female,79617.0,Urban,32.2,2,SUV,5,13,No,4.0,No,Low,No
50,Male,102541.0,Urban,51.7,4,Sedan,11,6,Yes,2.0,Yes,Low,No
69,Female,52460.0,Rural,38.3,2,Sedan,0,0,Yes,3.0,Yes,Low,No
36,Female,51460.0,Suburban,33.4,1,Sedan,0,8,Yes,1.0,Yes,Low,No
59,Male,95515.0,Urban,30.7,4,Hatchback,6,7,No,2.0,Yes,Low,No
37,Female,119640.0,Urban,43.9,1,SUV,8,19,Yes,3.0,No,Low,No
32,Male,30000.0,Suburban,12.7,1,Sedan,1,9,No,3.0,Yes,Medium,No
44,Male,83646.0,Urban,7.4,2,Truck,3,11,No,2.0,Yes,Medium,No
49,Female,48045.0,Suburban,67.9,3,Sedan,1,8,Yes,4.0,Yes,Low,No
53,Male,93035.0,Suburban,5.0,4,Hatchback,3,7,Yes,4.0,Yes,Low,Yes
51,Female,41384.0,Rural,36.8,2,SUV,0,3,Yes,1.0,No,Low,No
63,Male,65181.0,Urban,75.1,2,Hatchback,11,16,No,2.0,No,Low,No
29,Female,117892.0,Urban,14.3,2,Sedan,7,17,No,3.0,Yes,Low,No
59,Male,113610.0,Rural,9.2,2,Hatchback,0,1,Yes,5.0,Yes,Low,Yes
61,Female,78481.0,Suburban,59.0,2,Truck,7,1,Yes,5.0,Yes,Low,Yes
65,Female,122966.0,Urban,25.3,3,Sedan,4,11,Yes,4.0,Yes,Low,Yes
40,Male,76945.0,Rural,95.6,2,Sedan,1,0,Yes,3.0,No,Low,No
34,Female,48537.0,Urban,5.0,2,SUV,6,7,No,4.0,Yes,Low,No
65,Male,62967.0,Suburban,44.3,2,Sedan,5,3,Yes,1.0,No,Low,No
47,Male,60430.0,Urban,58.5,1,Hatchback,4,13,Yes,1.0,No,Low,No
48,Female,73136.0,Urban,33.5,1,Hatchback,6,12,No,3.0,Yes,Medium,No
50,Female,85905.0,Urban,39.6,2,Sedan,14,17,No,1.0,Yes,Low,No
57,Male,41446.0,Urban,74.4,1,Sedan,11,18,Yes,4.0,No,Low,No
53,Female,77115.0,Suburban,68.1,1,SUV,4,1,Yes,4.0,Yes,Medium,No
42,Female,62737.0,Urban,36.8,2,Sedan,14,19,Yes,4.0,No,Low,No
49,Male,174000.0,Urban,37.0,2,Hatchback,10,11,Yes,1.0,No,Low,No
29,Female,50453.0,Urban,55.0,2,Truck,12,18,Yes,1.0,Yes,Low,No
55,Female,87340.0,Urban,83.2,1,SUV,12,11,No,5.0,Yes,Low,Yes
68,Female,63750.0,Urban,5.5,1,SUV,12,4,No,4.0,Yes,Medium,No
25,Male,95939.0,Suburban,76.7,2,Sedan,6,3,No,3.0,Yes,Medium,No
49,Male,30000.0,Urban,57.4,1,Sedan,13,7,Yes,2.0,Yes,Low,No
58,Female,117410.0,Urban,51.7,1,SUV,10,18,Yes,1.0,Yes,Low,No
60,Male,92283.0,Rural,21.9,2,SUV,2,2,Yes,3.0,No,Low,No
63,Female,106710.0,Suburban,26.9,2,Truck,1,7,Yes,4.0,Yes,Low,Yes
42,Male,69446.0,Urban,71.0,1,Sedan,6,10,Yes,3.0,No,Low,No
42,Male,117173.0,Urban,5.0,4,SUV,12,13,Yes,3.0,Yes,Low,No
40,Male,110576.0,Urban,88.6,3,SUV,13,13,No,1.0,No,High,No
43,Female,113623.0,Suburban,24.5,1,Sedan,0,9,Yes,3.0,Yes,Low,Yes
43,Male,63362.0,Urban,56.9,2,Sedan,9,16,Yes,4.0,Yes,Low,No
36,Male,126159.0,Urban,58.3,3,SUV,9,4,No,5.0,No,High,No
54,Male,70082.0,Urban,5.0,2,Truck,12,18,No,3.0,Yes,Low,Yes
36,Male,101318.0,Urban,25.5,1,SUV,13,17,Yes,2.0,No,Low,No
32,Male,132087.0,Urban,33.7,1,Sedan,14,16,Yes,2.0,No,Low,No
36,Female,106911.0,Urban,29.0,1,SUV,7,13,No,3.0,Yes,Medium,No
61,Male,30000.0,Urban,26.4,2,Sedan,11,8,Yes,3.0,No,Low,No
50,Female,114353.0,Rural,48.9,3,SUV,1,2,Yes,1.0,Yes,Low,No
69,Male,118337.0,Suburban,37.7,2,Truck,5,9,Yes,3.0,No,Low,No
53,Female,142890.0,Urban,31.6,3,Sedan,5,19,No,5.0,Yes,Low,Yes
60,Female,63369.0,Urban,62.2,4,Sedan,4,8,No,2.0,No,Low,No
55,Male,69768.0,Urban,30.4,1,Hatchback,10,14,Yes,4.0,Yes,Low,Yes
34,Male,136217.0,Rural,22.4,1,Sedan,2,1,Yes,1.0,Yes,Low,No
63,Male,95002.0,Urban,35.75,2,SUV,8,14,Yes,4.0,No,Low,No
51,Male,152781.0,Urban,44.1,2,SUV,10,9,No,5.0,No,Low,Yes
34,Female,85573.0,Suburban,47.1,2,Sedan,7,7,Yes,1.0,No,Low,No
46,Female,69158.0,Urban,39.8,2,Truck,7,5,No,5.0,Yes,Low,Yes
57,Male,88074.0,Suburban,13.2,2,Sedan,7,4,Yes,4.0,Yes,Low,Yes
40,Male,86680.0,Urban,59.1,3,Sedan,10,9,No,3.0,Yes,Medium,No
27,Male,156086.0,Urban,5.0,1,Truck,5,15,Yes,3.0,Yes,Low,No
40,Other,84758.0,Suburban,36.4,1,SUV,5,3,No,3.0,No,Medium,No
65,Female,101159.0,Urban,42.4,3,Sedan,10,18,No,1.0,No,Low,No
49,Female,30000.0,Urban,64.8,1,Hatchback,2,13,No,3.0,Yes,Low,No
26,Female,126807.0,Rural,5.0,2,Sedan,1,0,Yes,2.0,Yes,Low,Yes
47,Female,116287.0,Suburban,53.3,2,SUV,7,1,Yes,3.0,Yes,Low,No
40,Female,160791.0,Urban,5.0,1,SUV,3,17,No,1.0,No,Low,No
26,Female,104434.0,Urban,40.8,3,SUV,8,17,No,1.0,No,Low,No
43,Male,161571.0,Urban,60.2,1,Hatchback,4,17,Yes,2.0,Yes,Low,Yes
65,Male,61870.0,Rural,54.0,2,Hatchback,1,1,Yes,1.0,No,Low,No
58,Female,60710.0,Urban,47.7,3,Sedan,6,14,No,2.0,Yes,Low,No
56,Female,45482.0,Urban,38.8,1,Sedan,12,6,No,1.0,No,Medium,No
61,Male,84906.0,Suburban,7.6,3,Sedan,6,8,No,5.0,No,Low,No
66,Male,104832.0,Rural,50.9,2,SUV,0,1,Yes,1.0,Yes,Low,Yes
32,Male,107311.0,Urban,37.5,1,Sedan,9,4,No,5.0,No,Medium,No
26,Other,126376.0,Suburban,42.1,3,Sedan,6,4,Yes,4.0,Yes,Low,No
55,Male,84730.0,Rural,5.0,4,SUV,0,2,Yes,4.0,Yes,Low,No
59,Female,73361.0,Suburban,69.8,2,SUV,0,6,Yes,1.0,Yes,Low,No
60,Male,67052.0,Urban,5.0,1,Sedan,14,19,No,4.0,No,Low,No
63,Female,101182.0,Rural,24.2,4,SUV,1,0,Yes,1.0,Yes,Low,No
32,Male,87679.0,Rural,75.7,2,Hatchback,2,3,Yes,1.0,Yes,Low,No
33,Female,61731.0,Urban,45.9,1,Sedan,8,5,No,5.0,Yes,Medium,No
36,Female,105805.0,Suburban,56.9,1,Sedan,0,7,Yes,1.0,Yes,Low,Yes
67,Female,150096.0,Rural,56.7,2,SUV,1,3,Yes,1.0,No,Low,No
37,Male,94581.0,Suburban,5.0,3,Truck,5,1,Yes,1.0,No,Low,No
33,Female,141032.0,Suburban,61.7,1,Sedan,2,2,Yes,4.0,No,Low,No
26,Male,98972.0,Urban,50.3,2,Sedan,4,15,No,3.0,No,Low,No
60,Female,50117.0,Suburban,31.1,3,Hatchback,6,4,No,2.0,No,Low,No
47,Male,87877.0,Urban,68.2,1,Sedan,11,3,Yes,2.0,Yes,Low,No
40,Male,61055.0,Rural,80.4,2,SUV,1,0,Yes,2.0,Yes,Low,No
45,Female,87500.0,Urban,77.2,3,Hatchback,8,10,No,1.0,No,Low,No
36,Female,107861.0,Urban,69.2,2,Hatchback,2,8,Yes,3.0,No,Low,No
46,Female,78600.0,Suburban,88.4,3,Sedan,5,6,Yes,1.0,Yes,Low,No
68,Female,104416.0,Urban,30.4,3,Hatchback,12,13,No,1.0,No,Low,No
43,Male,115220.0,Urban,62.8,2,SUV,4,13,No,5.0,No,Low,No
49,Male,62226.0,Urban,24.2,2,SUV,4,17,No,1.0,Yes,Low,No
55,Male,30000.0,Urban,75.7,1,Sedan,10,5,No,1.0,Yes,Low,No
69,Female,110173.0,Suburban,50.6,1,Sedan,4,5,No,5.0,Yes,Low,Yes
28,Male,84505.0,Suburban,30.6,3,Truck,1,3,Yes,3.0,No,Low,No
62,Female,84270.0,Urban,49.8,2,Sedan,13,3,Yes,2.0,Yes,Low,No
54,Female,30000.0,Urban,38.2,2,Sedan,13,8,Yes,2.0,Yes,Low,No
55,Female,49066.0,Urban,52.6,2,Sedan,12,14,No,3.0,Yes,Low,No
32,Female,60660.0,Rural,51.3,1,Sedan,1,0,Yes,4.0,Yes,Low,No
52,Male,67874.0,Suburban,41.9,4,SUV,6,9,Yes,4.0,Yes,Low,Yes
68,Female,122578.0,Rural,60.3,2,Sedan,2,2,Yes,1.0,Yes,Low,No
27,Male,148633.0,Suburban,47.3,1,Hatchback,1,4,Yes,3.0,No,Low,No
40,Female,33055.0,Urban,28.1,2,SUV,5,10,No,2.0,Yes,Low,No
31,Female,113767.0,Suburban,59.4,2,Hatchback,4,7,Yes,2.0,Yes,Low,No
41,Male,75931.0,Rural,21.3,3,Sedan,0,0,Yes,5.0,Yes,Low,Yes
44,Male,100498.0,Urban,52.6,2,SUV,13,16,No,2.0,No,Low,No
27,Female,122771.0,Suburban,29.1,1,Truck,6,3,Yes,5.0,Yes,Low,Yes
25,Female,94121.0,Suburban,20.1,1,Hatchback,4,6,Yes,3.0,Yes,Low,No
60,Male,30000.0,Suburban,33.4,2,Truck,5,3,Yes,4.0,Yes,Low,No
26,Female,107592.0,Urban,42.2,1,Sedan,14,8,No,3.0,No,Low,No
55,Male,30000.0,Rural,47.8,1,Truck,0,1,Yes,1.0,Yes,Low,No
27,Male,43656.0,Urban,55.2,2,Hatchback,14,3,No,3.0,No,Low,No
45,Male,125381.0,Suburban,24.9,1,SUV,5,9,Yes,1.0,Yes,Low,No
69,Female,33410.0,Suburban,17.6,1,Sedan,6,5,No,2.0,Yes,Low,No
30,Male,66175.0,Suburban,62.4,3,Hatchback,6,5,Yes,5.0,Yes,Low,Yes
50,Female,54884.0,Suburban,44.9,2,Hatchback,3,5,Yes,1.0,Yes,Low,No
30,Male,114936.0,Suburban,40.9,2,Sedan,1,4,Yes,3.0,No,Low,No
33,Male,114273.0,Rural,23.3,2,Sedan,0,2,Yes,1.0,No,Low,No
42,Male,67498.0,Suburban,16.6,1,Sedan,0,8,Yes,3.0,No,Low,No
36,Male,44408.0,Urban,17.7,2,SUV,10,6,No,1.0,No,Low,No
44,Male,130853.0,Suburban,13.0,2,Truck,3,9,Yes,3.0,Yes,Low,No
44,Male,86160.0,Urban,41.150000000000006,4,Sedan,8,13,Yes,3.0,Yes,Low,No
30,Male,59227.0,Urban,82.2,2,SUV,9,7,No,1.0,No,Medium,No
48,Male,30000.0,Urban,45.6,2,SUV,6,5,No,5.0,Yes,Medium,No
49,Male,42934.0,Rural,25.2,2,Truck,2,3,Yes,2.0,Yes,Low,No
53,Male,58220.0,Suburban,49.7,3,Sedan,1,7,Yes,4.0,Yes,Medium,Yes
46,Male,65178.0,Urban,33.3,1,Hatchback,2,12,No,1.0,No,Medium,No
65,Female,76807.0,Rural,42.4,1,Sedan,1,3,Yes,5.0,No,Low,Yes
64,Male,69170.0,Suburban,35.4,1,SUV,6,1,Yes,2.0,Yes,Low,No
54,Female,34259.0,Suburban,33.9,1,SUV,4,5,Yes,5.0,Yes,Low,Yes
51,Male,154485.0,Rural,15.7,2,Hatchback,1,1,Yes,4.0,No,Low,No
44,Female,97623.0,Suburban,5.0,2,SUV,7,2,Yes,3.0,No,Low,No
66,Other,78212.0,Urban,64.4,1,SUV,11,16,No,1.0,Yes,Low,No
31,Male,83059.0,Urban,5.0,3,SUV,5,8,Yes,4.0,Yes,Low,No
69,Female,94545.0,Suburban,9.5,1,Sedan,1,6,Yes,3.0,No,Low,No
63,Female,81692.0,Suburban,5.0,1,Sedan,4,9,Yes,2.0,No,Low,No
69,Male,81954.0,Urban,89.9,2,Hatchback,9,17,No,2.0,Yes,Medium,No
69,Female,88350.0,Rural,30.8,1,Sedan,2,1,Yes,2.0,No,Low,No
34,Male,63034.0,Urban,53.3,2,Sedan,13,4,No,1.0,Yes,Medium,No
67,Male,35689.0,Urban,39.5,2,Hatchback,9,11,No,2.0,Yes,Medium,No
48,Female,122555.0,Urban,37.5,3,Truck,7,4,No,2.0,No,Low,No
60,Female,68675.0,Urban,60.5,1,SUV,13,9,Yes,5.0,Yes,Low,No
26,Male,96457.0,Urban,67.9,1,Hatchback,14,18,No,2.0,Yes,Low,No
65,Female,140087.0,Urban,37.4,1,SUV,6,10,Yes,1.0,Yes,Low,Yes
69,Male,96491.0,Suburban,32.6,3,SUV,1,4,Yes,4.0,Yes,Low,Yes
57,Male,92819.0,Suburban,56.7,4,Sedan,2,1,No,3.0,No,Medium,No
50,Male,30000.0,Suburban,39.6,3,Hatchback,7,1,Yes,4.0,Yes,Low,No
32,Male,97511.0,Urban,38.3,4,SUV,4,17,No,1.0,Yes,Medium,No
66,Female,117611.0,Suburban,41.2,2,Hatchback,0,1,Yes,3.0,No,Low,No
37,Male,68967.0,Suburban,68.5,2,Sedan,2,2,Yes,4.0,Yes,Low,Yes
40,Male,52717.0,Urban,63.8,2,SUV,2,18,No,1.0,No,Low,No
40,Male,106533.0,Urban,70.7,2,SUV,5,13,No,2.0,Yes,Low,No
35,Female,67099.0,Suburban,44.2,1,Truck,3,1,Yes,4.0,Yes,Low,Yes
37,Male,47745.0,Suburban,14.5,1,Sedan,4,1,Yes,4.0,No,Medium,No
50,Male,84210.0,Urban,13.1,3,SUV,6,4,Yes,4.0,No,Low,No
45,Female,41763.0,Suburban,38.1,1,Sedan,7,1,No,3.0,No,Medium,No
37,Female,30000.0,Urban,54.9,2,SUV,5,12,Yes,2.0,No,Low,No
57,Other,103511.0,Urban,13.1,2,Hatchback,7,16,No,3.0,Yes,Medium,No
51,Male,69607.0,Suburban,55.6,1,Hatchback,2,3,Yes,5.0,Yes,Low,No
28,Female,30000.0,Urban,44.1,1,SUV,13,13,No,1.0,No,Low,No
47,Male,70159.0,Rural,44.0,1,SUV,2,1,Yes,1.0,No,Low,No
55,Female,63371.0,Suburban,54.5,1,Truck,0,9,Yes,2.0,Yes,Low,No
59,Male,66087.0,Suburban,30.6,1,SUV,4,1,Yes,5.0,Yes,Low,No
39,Female,97624.0,Urban,17.6,3,Sedan,7,7,No,4.0,Yes,Low,No
28,Other,116852.0,Suburban,45.9,2,Sedan,6,4,Yes,1.0,Yes,Low,No
50,Male,114870.0,Urban,106.0,4,Hatchback,4,10,No,2.0,Yes,Medium,No
38,Female,97759.0,Urban,32.2,1,SUV,6,8,Yes,1.0,Yes,Low,No
43,Female,112110.0,Suburban,51.6,1,SUV,1,4,Yes,1.0,Yes,Low,No
54,Male,126457.0,Suburban,11.9,4,Hatchback,0,1,No,1.0,Yes,Medium,No
60,Male,106168.0,Urban,11.6,3,Hatchback,8,9,No,1.0,No,Low,No
66,Female,45748.0,Suburban,61.4,2,Sedan,3,8,Yes,1.0,Yes,Low,No
30,Male,30000.0,Suburban,19.7,1,Sedan,3,8,No,1.0,No,Low,No
34,Female,129729.0,Urban,46.3,2,Hatchback,8,19,No,2.0,Yes,Low,No
63,Male,121795.0,Urban,71.0,2,Sedan,6,9,Yes,5.0,Yes,Low,Yes
63,Male,87903.0,Suburban,18.5,2,Truck,3,3,Yes,4.0,No,Low,No
55,Male,65881.0,Urban,38.3,1,SUV,8,16,Yes,4.0,No,Low,No
27,Female,124325.0,Rural,15.5,3,Hatchback,1,3,Yes,3.0,Yes,Low,Yes
29,Female,68315.0,Urban,89.3,2,Sedan,13,16,No,3.0,No,Low,No
48,Male,123466.0,Suburban,20.1,2,SUV,4,5,Yes,3.0,Yes,Low,Yes
36,Male,86561.0,Urban,32.7,1,SUV,11,14,No,3.0,No,Low,No
37,Female,103573.0,Rural,30.0,2,Hatchback,1,3,Yes,4.0,No,Low,No
27,Male,112506.0,Suburban,40.6,2,SUV,5,6,Yes,4.0,Yes,Low,Yes
34,Female,69686.0,Urban,32.4,1,Hatchback,2,8,No,3.0,Yes,Low,No
38,Female,70394.0,Rural,23.2,2,Hatchback,2,0,Yes,1.0,No,Low,No
61,Female,30000.0,Suburban,12.2,2,Sedan,6,9,Yes,1.0,No,Low,No
37,Male,84047.0,Suburban,53.6,2,Sedan,0,3,Yes,2.0,Yes,Low,No
30,Other,55119.0,Urban,43.1,1,Hatchback,7,8,Yes,1.0,No,Low,No
40,Female,107220.0,Suburban,49.4,2,Sedan,7,7,Yes,5.0,No,Low,No
41,Other,87432.0,Rural,67.4,2,Sedan,0,1,Yes,3.0,Yes,Low,No
61,Female,30000.0,Urban,27.0,3,Sedan,6,6,Yes,5.0,Yes,Low,No
47,Male,96108.0,Urban,17.2,1,Hatchback,6,19,No,3.0,No,Medium,No
36,Female,34551.0,Suburban,13.1,2,SUV,3,1,Yes,4.0,Yes,Low,No
68,Male,61612.0,Urban,76.1,3,Sedan,8,7,No,2.0,Yes,Low,No
55,Female,51850.0,Suburban,5.0,1,Sedan,7,3,No,2.0,No,Low,No
26,Female,93785.0,Urban,27.4,1,Sedan,8,16,No,1.0,No,Low,No
59,Female,97973.0,Urban,14.2,1,Sedan,12,10,Yes,3.0,Yes,Low,No
42,Other,95537.0,Rural,20.1,3,SUV,0,1,No,3.0,No,Low,No
61,Female,117715.0,Suburban,40.7,3,Sedan,1,4,Yes,1.0,No,Low,No
28,Male,111217.0,Suburban,29.4,1,Hatchback,1,2,Yes,3.0,No,Low,No
46,Female,123422.0,Urban,55.7,1,SUV,5,5,Yes,5.0,No,Low,No
64,Female,106464.0,Urban,5.0,1,Truck,11,5,No,1.0,Yes,Low,No
25,Male,83586.0,Urban,23.2,2,SUV,14,7,No,3.0,Yes,Low,No
45,Male,100714.0,Suburban,65.4,1,Sedan,0,1,Yes,3.0,Yes,Low,No
34,Female,101210.0,Urban,75.1,2,Hatchback,12,10,Yes,5.0,No,Low,No
38,Female,64204.0,Suburban,18.1,3,Hatchback,2,2,Yes,2.0,Yes,Low,No
62,Male,30000.0,Urban,5.0,2,Sedan,2,5,Yes,2.0,Yes,Low,No
31,Female,93225.0,Urban,68.1,3,Sedan,12,4,No,5.0,No,Medium,No
44,Male,74743.0,Urban,88.9,2,Sedan,4,13,Yes,1.0,Yes,Low,No
62,Female,52711.0,Suburban,71.5,3,Sedan,3,7,No,1.0,Yes,Medium,No
37,Female,100925.0,Suburban,95.2,1,Sedan,1,8,Yes,4.0,No,Low,No
35,Female,40397.0,Suburban,33.5,3,SUV,5,4,Yes,4.0,Yes,Low,No
27,Male,115513.0,Urban,44.9,3,Sedan,11,18,No,1.0,Yes,Low,No
25,Female,100761.0,Urban,47.1,4,Sedan,12,18,No,2.0,No,Low,No
27,Female,121692.0,Suburban,49.2,1,Sedan,2,6,Yes,2.0,Yes,Low,Yes
51,Female,137762.0,Urban,5.0,2,Sedan,11,9,Yes,2.0,No,Low,No
38,Male,86877.0,Suburban,30.1,4,Hatchback,3,4,Yes,1.0,Yes,Low,No
49,Male,112985.0,Suburban,49.6,2,Truck,7,4,Yes,4.0,Yes,Low,Yes
58,Male,51080.0,Suburban,69.6,2,Sedan,4,1,No,3.0,Yes,Medium,No
26,Male,69891.0,Urban,11.5,1,Sedan,6,8,No,2.0,No,Medium,No
51,Male,96623.0,Rural,37.1,1,Sedan,1,1,Yes,1.0,No,Low,No
35,Male,86376.0,Urban,60.9,1,Sedan,11,18,Yes,1.0,Yes,Low,No
60,Male,132852.0,Suburban,17.9,2,Truck,6,9,Yes,2.0,Yes,Low,No
50,Female,150019.0,Suburban,69.0,2,Sedan,4,5,Yes,5.0,Yes,Low,Yes
50,Male,126729.0,Urban,73.2,2,Hatchback,11,19,Yes,1.0,No,Low,No
46,Female,61623.0,Suburban,23.6,1,Hatchback,0,8,Yes,4.0,No,Low,No
52,Male,41923.0,Urban,36.6,1,Hatchback,13,10,No,1.0,No,Low,No
50,Male,90978.0,Urban,48.2,1,Hatchback,13,14,No,5.0,Yes,Low,Yes
55,Female,103111.0,Urban,28.2,4,Sedan,11,13,Yes,4.0,No,Low,No
63,Female,39242.0,Suburban,47.2,2,Sedan,7,6,No,5.0,No,Medium,No
58,Female,59838.0,Urban,77.2,1,Hatchback,4,18,No,3.0,Yes,Low,No
42,Male,32718.0,Suburban,47.9,3,SUV,4,3,Yes,5.0,Yes,Low,Yes
48,Male,76239.0,Suburban,44.2,2,Sedan,3,3,No,2.0,No,Medium,No
51,Male,124848.0,Suburban,11.4,1,Sedan,0,1,Yes,4.0,Yes,Low,No
69,Male,97302.0,Rural,37.7,2,Truck,1,3,Yes,4.0,Yes,Low,No
53,Male,52131.0,Rural,26.3,1,Sedan,0,1,Yes,4.0,Yes,Low,No
62,Male,76553.0,Rural,51.7,4,Sedan,1,1,Yes,1.0,No,Low,No
62,Male,38999.0,Urban,77.9,2,Truck,6,18,Yes,2.0,No,Low,No
57,Male,105576.0,Rural,24.8,2,Sedan,0,3,Yes,5.0,Yes,Low,Yes
64,Male,144127.0,Urban,46.1,1,Sedan,9,4,No,1.0,Yes,Medium,No
58,Male,130538.0,Urban,102.4,2,SUV,4,9,No,5.0,No,Medium,No
33,Female,104761.0,Rural,25.8,1,SUV,1,1,Yes,1.0,Yes,Low,No
32,Female,67954.0,Urban,13.6,2,Hatchback,4,16,No,2.0,Yes,Low,No
40,Female,30000.0,Suburban,44.4,3,Hatchback,7,3,Yes,2.0,Yes,Low,No
44,Female,76425.0,Urban,65.8,3,Hatchback,7,17,Yes,2.0,Yes,Low,No
36,Female,57799.0,Suburban,24.4,2,SUV,3,9,Yes,2.0,Yes,Low,No
50,Female,94333.0,Urban,56.5,2,Truck,13,4,Yes,5.0,Yes,Low,Yes
66,Female,110971.0,Rural,54.2,1,Hatchback,1,1,No,5.0,No,Medium,No
63,Female,68066.0,Suburban,53.1,2,Truck,5,3,No,2.0,No,High,No
61,Male,76269.0,Suburban,81.8,2,Sedan,1,6,Yes,3.0,No,Low,No
27,Male,81844.0,Urban,47.5,2,SUV,14,11,Yes,1.0,No,Low,No
55,Male,30000.0,Suburban,31.9,2,Sedan,3,3,Yes,2.0,Yes,Low,No
29,Male,30856.0,Urban,22.2,3,SUV,11,5,No,2.0,Yes,Low,No
27,Female,57297.0,Rural,22.4,4,SUV,1,1,Yes,4.0,No,Low,No
43,Female,58547.0,Rural,61.9,1,SUV,1,0,Yes,2.0,No,Low,No
68,Female,33469.0,Urban,57.3,1,Sedan,8,5,No,3.0,Yes,Medium,No
63,Female,30000.0,Suburban,24.8,1,SUV,3,3,Yes,5.0,No,Low,No
44,Male,67190.0,Urban,66.9,2,Hatchback,14,16,Yes,3.0,No,Low,No
30,Female,101043.0,Urban,5.0,1,Sedan,3,12,Yes,1.0,Yes,Low,No
47,Male,55036.0,Suburban,29.8,2,SUV,3,2,Yes,5.0,No,Low,No
30,Male,30000.0,Urban,71.5,2,Hatchback,9,19,No,3.0,No,Medium,No
57,Male,122217.0,Rural,26.0,4,Sedan,2,0,Yes,5.0,No,Low,No
56,Female,123413.0,Urban,5.0,2,Sedan,10,18,No,5.0,Yes,Low,Yes
44,Female,51468.0,Suburban,35.8,2,Hatchback,2,9,Yes,3.0,Yes,Low,Yes
40,Male,42761.0,Urban,61.9,2,SUV,7,6,No,2.0,Yes,Medium,No
31,Female,112988.0,Suburban,42.1,1,Hatchback,6,3,No,3.0,No,Medium,No
50,Male,136316.0,Suburban,38.6,2,Truck,5,3,Yes,4.0,Yes,Low,No
39,Other,99179.0,Urban,32.5,3,Sedan,4,10,Yes,5.0,Yes,Low,Yes
63,Female,119668.0,Rural,8.0,1,SUV,1,1,Yes,2.0,Yes,Low,No
46,Male,73280.0,Urban,75.5,2,Sedan,3,16,Yes,1.0,No,Low,No
69,Male,81830.0,Urban,87.1,1,SUV,8,15,No,4.0,Yes,Medium,No
30,Male,151406.0,Suburban,56.7,2,SUV,0,9,No,1.0,No,Low,No
60,Male,107039.0,Urban,36.1,2,Sedan,4,13,No,5.0,No,Low,No
42,Female,120700.0,Suburban,38.6,1,SUV,3,5,Yes,1.0,Yes,Low,No
42,Male,121954.0,Urban,80.3,2,Sedan,2,11,No,3.0,No,High,No
49,Male,97111.0,Urban,5.0,2,Sedan,14,7,Yes,4.0,Yes,Low,No
56,Female,81844.0,Urban,65.9,2,Sedan,9,13,No,4.0,Yes,Medium,No
39,Male,84942.0,Suburban,48.6,1,Sedan,1,7,Yes,2.0,No,Low,No
64,Male,32264.0,Urban,64.4,2,SUV,2,13,Yes,3.0,No,Low,No
44,Male,107798.0,Rural,35.8,2,SUV,0,1,Yes,4.0,Yes,Low,No
39,Female,30000.0,Rural,40.6,1,Sedan,1,2,Yes,5.0,No,Low,No
29,Male,100796.0,Suburban,11.9,1,Sedan,6,4,Yes,5.0,Yes,Low,Yes
57,Female,100016.0,Suburban,71.2,1,SUV,2,1,Yes,5.0,Yes,Low,Yes
56,Female,30000.0,Urban,57.3,1,SUV,11,5,No,2.0,No,Medium,No
64,Female,107823.0,Urban,64.9,3,SUV,12,3,No,2.0,No,Medium,No
59,Female,30000.0,Rural,27.4,1,Sedan,2,1,Yes,5.0,Yes,Low,No
59,Male,89950.0,Urban,25.6,3,Sedan,13,17,No,4.0,No,Low,No
41,Female,79123.0,Urban,33.6,2,Hatchback,13,4,Yes,3.0,Yes,Low,No
69,Female,80141.0,Urban,104.6,1,Hatchback,11,5,No,3.0,Yes,Medium,No
65,Male,70363.0,Suburban,25.2,1,SUV,3,6,No,3.0,No,Low,No
54,Male,146706.0,Suburban,37.1,2,SUV,3,1,Yes,1.0,Yes,Low,Yes
37,Female,133037.0,Suburban,48.5,2,SUV,0,1,Yes,1.0,No,Low,No
61,Male,127841.0,Urban,13.4,3,SUV,3,7,Yes,1.0,Yes,Low,No
55,Female,103264.0,Suburban,60.0,1,Sedan,3,9,Yes,3.0,Yes,Low,No
35,Female,73017.0,Rural,5.0,1,SUV,0,3,Yes,3.0,Yes,Low,No
32,Female,58625.0,Suburban,5.0,1,Sedan,5,6,No,5.0,Yes,Low,Yes
68,Male,30000.0,Suburban,48.5,2,SUV,4,5,Yes,1.0,No,Low,No
47,Female,49667.0,Urban,52.5,2,Sedan,13,9,No,4.0,Yes,Low,Yes
68,Male,65801.0,Suburban,12.7,2,SUV,0,8,Yes,4.0,Yes,Low,No
33,Male,121255.0,Urban,68.6,4,Sedan,7,11,No,1.0,No,Low,No
31,Female,125050.0,Urban,48.9,3,Sedan,4,14,Yes,4.0,No,Low,No
39,Female,35198.0,Urban,26.0,3,SUV,11,6,Yes,5.0,No,Low,No
30,Female,30000.0,Urban,45.0,4,Sedan,13,11,Yes,5.0,No,Low,No
55,Male,115679.0,Suburban,27.7,2,Truck,7,3,Yes,3.0,No,Low,No
36,Male,30000.0,Urban,40.7,1,Sedan,13,5,No,3.0,Yes,Low,No
39,Male,64839.0,Suburban,18.5,3,Sedan,0,3,No,3.0,No,Medium,No
47,Male,30000.0,Suburban,44.5,1,Sedan,0,5,No,1.0,Yes,Medium,No
56,Male,140078.0,Suburban,16.4,1,SUV,7,4,Yes,3.0,No,Low,No
42,Female,88765.0,Suburban,54.2,2,SUV,3,1,Yes,4.0,Yes,Low,No
33,Male,84758.0,Suburban,12.2,1,Sedan,6,9,Yes,1.0,Yes,Low,No
36,Male,74555.0,Suburban,39.5,1,SUV,4,2,No,3.0,No,Medium,No
47,Male,143725.0,Urban,53.4,1,SUV,8,8,No,4.0,No,Medium,No
45,Male,30000.0,Suburban,46.2,2,Sedan,1,2,Yes,3.0,Yes,Low,No
56,Male,68980.0,Urban,63.3,1,Sedan,9,18,Yes,2.0,Yes,Low,No
48,Female,96030.0,Suburban,5.0,2,Sedan,2,7,Yes,1.0,Yes,Low,No
43,Male,89203.0,Urban,65.1,2,Hatchback,5,14,No,4.0,No,Low,No
52,Male,30000.0,Suburban,49.6,3,Truck,1,1,Yes,3.0,Yes,Low,No
46,Female,82095.0,Rural,106.0,2,SUV,2,2,Yes,5.0,Yes,Low,No
58,Female,42442.0,Urban,44.8,2,Hatchback,4,5,No,4.0,Yes,Medium,No
47,Male,66175.0,Urban,41.8,3,SUV,4,10,No,1.0,No,Medium,No
46,Female,30000.0,Suburban,28.8,1,Sedan,2,2,Yes,5.0,Yes,Low,Yes
29,Male,115756.0,Suburban,42.9,2,SUV,3,8,Yes,3.0,No,Low,No
58,Female,73320.0,Rural,41.4,2,Sedan,2,1,Yes,1.0,No,Low,No
29,Male,67470.0,Rural,50.3,2,Sedan,2,2,Yes,3.0,No,Low,No
46,Female,80596.0,Rural,29.0,1,SUV,2,1,Yes,2.0,Yes,Low,No
29,Female,61616.0,Urban,33.3,2,Sedan,14,9,Yes,1.0,No,Low,No
67,Male,77010.0,Suburban,43.1,1,Sedan,5,9,Yes,2.0,No,Low,No
60,Male,102310.0,Rural,5.0,3,Truck,0,0,Yes,5.0,Yes,Low,Yes
60,Female,48465.0,Urban,59.8,2,SUV,12,3,No,4.0,Yes,Medium,No
33,Female,119349.0,Urban,73.0,3,Hatchback,6,19,No,5.0,No,Low,No
61,Male,56888.0,Urban,69.1,2,Sedan,5,11,Yes,2.0,No,Low,No
38,Female,102189.0,Suburban,6.0,1,Sedan,2,8,Yes,5.0,No,Low,No
65,Female,44233.0,Urban,22.4,1,Sedan,7,19,No,4.0,No,Medium,No
36,Male,59713.0,Rural,76.5,2,Sedan,1,2,Yes,4.0,Yes,Low,No
62,Female,130126.0,Urban,5.0,2,Sedan,7,5,Yes,4.0,No,Low,No
47,Female,53172.0,Urban,19.6,1,Truck,10,9,No,5.0,Yes,Medium,No
56,Female,31281.0,Urban,42.8,1,Hatchback,2,16,No,5.0,Yes,Low,No
63,Female,62127.0,Urban,51.9,2,Truck,4,13,No,5.0,Yes,Low,No
43,Female,30000.0,Rural,7.5,3,Truck,2,3,Yes,2.0,No,Low,No
42,Other,117149.0,Rural,55.7,1,SUV,0,1,Yes,1.0,Yes,Low,No
45,Male,58311.0,Urban,64.8,2,Hatchback,9,4,No,2.0,Yes,Medium,No
33,Other,56046.0,Suburban,45.9,2,Sedan,6,6,No,4.0,Yes,Medium,No
37,Male,107306.0,Suburban,74.2,1,Truck,4,9,Yes,3.0,No,Low,No
36,Female,99319.0,Rural,82.1,1,Sedan,1,1,Yes,2.0,No,Low,No
34,Female,108979.0,Urban,30.4,1,Hatchback,5,15,No,2.0,No,Low,No
47,Female,72638.0,Urban,5.0,2,Sedan,2,11,No,4.0,Yes,Low,No
31,Female,76983.0,Urban,43.9,4,Sedan,3,10,Yes,4.0,Yes,Low,No
51,Male,112216.0,Rural,31.6,2,Truck,2,3,Yes,1.0,Yes,Low,No
46,Female,111097.0,Urban,25.3,1,Sedan,13,14,Yes,3.0,No,Low,No
61,Male,112446.0,Rural,20.0,1,Sedan,1,1,Yes,4.0,Yes,Low,Yes
45,Other,47756.0,Urban,31.1,1,Hatchback,9,13,No,4.0,No,Medium,No
35,Female,95059.0,Urban,63.2,3,SUV,3,4,Yes,2.0,Yes,Low,No
29,Female,30000.0,Suburban,34.6,2,Truck,6,6,No,4.0,Yes,Medium,Yes
34,Female,152848.0,Rural,43.2,2,SUV,2,3,Yes,3.0,No,Low,No
65,Male,33178.0,Rural,34.8,2,SUV,2,3,Yes,2.0,No,Low,No
55,Male,30000.0,Urban,66.8,3,Truck,10,15,No,2.0,Yes,Medium,No
39,Male,174000.0,Rural,5.0,1,Sedan,0,1,Yes,4.0,Yes,Low,Yes
41,Male,110625.0,Rural,22.3,2,SUV,1,0,Yes,1.0,Yes,Low,No
41,Male,45264.0,Suburban,46.0,1,Hatchback,1,4,No,5.0,Yes,Low,No
41,Male,82903.0,Rural,49.0,2,SUV,2,1,Yes,3.0,Yes,Low,No
33,Male,84578.0,Urban,15.5,2,Sedan,7,14,Yes,5.0,Yes,Low,Yes
48,Male,63930.0,Urban,106.0,2,Sedan,8,16,No,3.0,No,Low,No
61,Male,30000.0,Suburban,27.7,1,Sedan,5,1,No,4.0,Yes,Medium,No
58,Male,92085.0,Suburban,5.0,3,Sedan,7,4,No,3.0,Yes,Low,Yes
67,Other,116092.0,Urban,5.0,3,SUV,6,5,No,5.0,No,Low,No
54,Male,104267.0,Suburban,61.3,1,Hatchback,0,6,Yes,2.0,No,Low,No
30,Female,34824.0,Rural,9.7,1,SUV,1,3,Yes,1.0,Yes,Low,No
57,Female,85156.0,Suburban,80.7,1,SUV,4,5,Yes,1.0,Yes,Low,No
69,Male,101938.0,Suburban,38.3,1,Sedan,7,3,Yes,4.0,No,Low,No
36,Male,104792.0,Suburban,50.9,3,Sedan,7,8,Yes,3.0,No,Low,No
47,Male,70864.0,Urban,41.9,1,SUV,12,9,No,1.0,Yes,Low,No
37,Male,136410.0,Urban,41.1,1,SUV,11,5,No,5.0,Yes,Low,Yes
39,Female,84287.0,Urban,54.4,2,Sedan,12,14,Yes,4.0,Yes,Low,Yes
46,Female,64927.0,Rural,22.7,1,Sedan,1,3,Yes,5.0,No,Low,Yes
64,Male,49989.0,Urban,86.6,1,SUV,2,10,No,4.0,Yes,Medium,Yes
35,Female,74195.0,Suburban,59.6,2,Sedan,6,3,Yes,5.0,No,Low,No
53,Male,104642.0,Urban,42.5,2,Sedan,8,19,No,5.0,Yes,Low,Yes
44,Female,73913.0,Urban,38.1,2,Hatchback,11,16,No,4.0,Yes,Medium,No
54,Male,124992.0,Suburban,63.4,3,SUV,4,4,No,5.0,Yes,High,No
46,Male,64018.0,Suburban,68.6,2,Hatchback,5,9,No,1.0,No,Medium,No
48,Male,73513.0,Suburban,39.1,1,SUV,2,3,Yes,2.0,No,Low,No
45,Female,68835.0,Urban,57.4,2,Sedan,10,15,No,5.0,No,Low,No
36,Male,133585.0,Urban,64.2,2,SUV,6,19,No,2.0,Yes,Low,No
51,Female,83506.0,Urban,31.2,3,Sedan,4,12,Yes,1.0,No,Low,No
30,Male,66325.0,Suburban,31.1,2,Truck,4,3,Yes,5.0,No,Low,Yes
56,Male,56267.0,Urban,84.1,2,Sedan,5,10,No,5.0,No,Medium,No
48,Male,95467.0,Urban,5.0,2,SUV,7,17,No,2.0,Yes,Low,No
59,Female,117742.0,Rural,5.0,1,Sedan,0,0,Yes,4.0,Yes,Low,No
48,Female,65790.0,Urban,80.8,1,SUV,3,16,Yes,4.0,Yes,Low,No
66,Female,46805.0,Suburban,41.75,1,SUV,3,4,No,1.0,No,Low,No
27,Male,94000.0,Urban,89.5,1,Sedan,4,6,Yes,5.0,Yes,Low,No
65,Male,43514.0,Rural,55.4,3,Sedan,1,3,Yes,4.0,Yes,Low,Yes
44,Male,97265.0,Urban,53.9,1,Hatchback,9,14,Yes,4.0,Yes,Low,Yes
41,Female,95452.0,Urban,52.2,2,SUV,4,8,Yes,2.0,No,Low,No
52,Female,55333.0,Suburban,5.0,1,Sedan,6,7,Yes,2.0,No,Low,No
26,Female,68480.0,Urban,34.2,2,Truck,12,4,Yes,3.0,Yes,Low,Yes
49,Male,49710.0,Urban,47.5,1,SUV,14,4,No,4.0,Yes,Medium,No
58,Male,47109.0,Urban,46.6,3,Sedan,10,14,Yes,1.0,Yes,Low,No
44,Female,95945.0,Suburban,79.7,1,Truck,3,6,No,3.0,No,Medium,No
26,Female,68493.0,Suburban,34.7,3,SUV,7,2,Yes,3.0,No,Low,No
31,Male,84287.0,Urban,27.6,2,SUV,4,3,No,4.0,No,Medium,No
43,Female,133945.0,Urban,18.9,2,Sedan,8,7,No,5.0,Yes,Low,Yes
55,Male,91489.0,Urban,46.1,2,Sedan,6,17,No,4.0,No,Low,No
55,Female,99433.0,Urban,36.8,1,SUV,2,14,Yes,1.0,Yes,Low,No
61,Male,84906.0,Urban,45.6,3,SUV,10,10,No,4.0,Yes,Low,No
39,Other,112538.0,Urban,5.0,2,SUV,13,14,No,3.0,Yes,Low,No
50,Other,56605.0,Suburban,11.6,1,SUV,2,9,Yes,4.0,Yes,Low,No
36,Female,66703.0,Urban,89.6,2,Truck,5,8,Yes,5.0,No,Low,No
33,Male,83210.0,Urban,42.0,3,SUV,9,17,No,2.0,Yes,Low,No
41,Female,141817.0,Urban,5.0,2,Sedan,12,5,No,2.0,Yes,Low,No
36,Male,54550.0,Rural,64.3,3,SUV,1,3,Yes,4.0,Yes,Medium,No
26,Female,111348.0,Urban,10.4,1,Truck,2,12,No,4.0,Yes,Medium,No
55,Female,84853.0,Suburban,50.3,2,Sedan,5,8,Yes,4.0,Yes,Low,Yes
38,Male,112229.0,Rural,16.1,3,Truck,2,1,No,4.0,Yes,Medium,Yes
35,Female,122675.0,Urban,10.2,2,Sedan,5,7,Yes,3.0,Yes,Low,No
61,Male,108032.0,Urban,47.1,2,Truck,11,4,No,2.0,Yes,Medium,No
33,Male,52331.0,Suburban,41.7,1,SUV,1,7,Yes,5.0,Yes,Low,Yes
34,Female,65113.0,Urban,43.5,2,Hatchback,2,11,Yes,5.0,No,Low,No
59,Male,34315.0,Urban,39.8,2,Sedan,14,5,No,4.0,Yes,Low,No
67,Male,99501.0,Suburban,21.7,1,SUV,4,2,Yes,5.0,No,Low,No
51,Other,73469.0,Suburban,49.2,1,Truck,3,6,Yes,3.0,No,Low,No
25,Other,86018.0,Rural,66.6,1,SUV,2,0,Yes,4.0,Yes,Low,No
43,Female,101075.0,Urban,11.4,2,Sedan,10,12,No,5.0,No,Low,No
37,Male,63532.0,Urban,36.0,2,SUV,8,16,No,2.0,Yes,Low,No
69,Female,115480.0,Suburban,5.5,3,Sedan,1,7,Yes,5.0,Yes,Low,Yes
32,Female,73365.0,Urban,68.2,2,Hatchback,5,7,No,1.0,No,Low,No
54,Female,122347.0,Suburban,52.4,2,SUV,7,9,No,1.0,Yes,Low,No
45,Female,45137.0,Urban,75.6,2,Sedan,6,12,No,2.0,No,Medium,No
65,Female,116090.0,Suburban,38.8,1,Hatchback,0,1,Yes,3.0,No,Low,No
35,Other,75102.0,Rural,77.2,2,Sedan,1,2,Yes,3.0,No,Low,No
54,Male,112483.0,Urban,66.7,1,Truck,12,19,No,2.0,Yes,Low,No
53,Female,94564.0,Rural,42.0,3,SUV,2,2,Yes,3.0,No,Low,No
52,Male,113688.0,Rural,16.8,3,Sedan,0,0,Yes,5.0,Yes,Low,Yes
30,Female,89144.0,Rural,62.4,1,Hatchback,1,1,Yes,1.0,Yes,Low,No
68,Male,78476.0,Suburban,19.8,3,SUV,5,2,No,4.0,Yes,Medium,No
46,Male,118203.0,Urban,12.6,1,Sedan,6,8,Yes,3.0,Yes,Low,Yes
45,Male,96437.0,Suburban,58.2,3,Sedan,7,9,Yes,1.0,No,Low,No
62,Female,120122.0,Suburban,45.4,2,SUV,5,2,Yes,3.0,No,Low,No
38,Male,67790.0,Suburban,40.849999999999994,1,Sedan,7,1,Yes,4.0,Yes,Low,Yes
56,Male,74176.0,Urban,38.8,3,Sedan,14,11,No,2.0,No,Low,No
34,Male,84906.0,Urban,40.6,3,Sedan,7,19,No,4.0,No,Low,No
63,Male,103918.0,Rural,72.8,4,SUV,2,3,Yes,4.0,Yes,Low,Yes
56,Female,68886.0,Urban,5.0,2,SUV,3,6,No,3.0,Yes,Medium,No
53,Female,87942.0,Urban,75.4,1,Truck,10,11,No,3.0,Yes,Low,No
29,Male,40952.0,Urban,94.1,1,Truck,12,18,No,2.0,Yes,Low,No
34,Male,79817.0,Suburban,24.9,2,Sedan,2,8,No,2.0,Yes,Low,No
68,Female,59796.0,Rural,62.5,1,Sedan,0,1,Yes,2.0,No,Low,No
35,Female,41479.0,Rural,74.2,2,Truck,2,0,Yes,1.0,Yes,Medium,No
50,Female,126882.0,Suburban,55.9,2,SUV,5,8,Yes,2.0,No,Low,No
60,Female,140983.0,Urban,32.3,3,Hatchback,12,13,Yes,4.0,Yes,Low,Yes
50,Female,105162.0,Urban,5.0,1,Sedan,6,10,Yes,5.0,No,Low,No
34,Male,30000.0,Suburban,54.5,2,Truck,5,2,Yes,2.0,Yes,Low,Yes
37,Male,87138.0,Suburban,16.1,1,Sedan,3,5,Yes,4.0,Yes,Low,Yes
68,Male,45615.0,Rural,29.8,4,Sedan,1,0,Yes,5.0,No,Low,No
46,Female,56522.0,Suburban,29.7,1,Sedan,3,7,Yes,2.0,Yes,Low,No
38,Male,102594.0,Suburban,24.1,3,Hatchback,1,8,Yes,3.0,Yes,Low,No
37,Male,30000.0,Urban,69.8,1,Hatchback,5,15,Yes,1.0,Yes,Low,No
64,Female,72708.0,Suburban,58.1,2,Truck,1,5,Yes,5.0,Yes,Low,Yes
62,Female,58087.0,Suburban,5.0,2,Sedan,7,4,No,1.0,No,Low,No
40,Male,30000.0,Suburban,22.2,2,Sedan,5,4,Yes,2.0,Yes,Low,No
43,Male,89194.0,Urban,43.7,2,Sedan,4,18,No,1.0,No,Low,No
49,Female,95234.0,Suburban,38.1,1,Sedan,7,6,Yes,4.0,Yes,Low,Yes
49,Other,58964.0,Suburban,34.8,2,SUV,6,3,Yes,4.0,Yes,Low,No
49,Female,74834.0,Suburban,48.5,2,Sedan,4,7,Yes,4.0,Yes,Low,No
31,Female,132139.0,Urban,38.8,1,SUV,5,16,No,2.0,No,Low,No
38,Female,65871.0,Suburban,51.2,2,Sedan,3,6,Yes,5.0,No,Low,No
33,Female,125241.0,Suburban,55.0,2,Sedan,2,1,No,3.0,No,High,No
55,Male,137386.0,Urban,5.0,4,SUV,12,16,Yes,4.0,No,Low,No
42,Male,103613.0,Suburban,24.6,3,SUV,3,3,No,5.0,No,Medium,No
59,Male,73285.0,Suburban,39.7,3,Sedan,5,4,Yes,1.0,No,Low,No
50,Male,108985.0,Urban,26.3,1,SUV,12,9,No,4.0,No,Medium,No
55,Female,97054.0,Rural,19.5,1,Hatchback,1,3,Yes,3.0,Yes,Low,No
44,Male,69965.0,Urban,23.1,1,Hatchback,3,11,Yes,3.0,Yes,Low,No
40,Female,84287.0,Suburban,60.3,2,SUV,7,6,Yes,3.0,Yes,Low,No
56,Female,84287.0,Urban,12.4,2,Sedan,9,19,Yes,1.0,No,Low,No
65,Female,82801.0,Rural,40.4,1,SUV,2,0,Yes,1.0,Yes,Low,No
36,Male,76040.0,Urban,25.6,2,Sedan,7,5,No,1.0,No,Medium,No
56,Female,83634.0,Urban,55.9,2,Truck,11,14,Yes,1.0,Yes,Low,No
27,Female,90047.0,Suburban,22.7,1,Sedan,1,6,No,2.0,No,Low,No
33,Female,72317.0,Urban,62.1,3,SUV,3,14,No,5.0,No,Low,No
29,Female,127954.0,Urban,56.4,2,SUV,12,3,Yes,5.0,Yes,Low,Yes
38,Female,71650.0,Rural,5.0,1,SUV,2,3,Yes,3.0,No,Low,No
36,Male,30000.0,Rural,88.7,1,Sedan,0,0,Yes,4.0,Yes,Low,No
69,Male,49456.0,Urban,72.8,1,Sedan,6,17,No,3.0,Yes,Medium,No
58,Male,60806.0,Urban,77.6,4,Sedan,14,11,Yes,4.0,No,Low,No
29,Female,64775.0,Urban,75.9,2,Truck,3,14,No,1.0,Yes,Medium,No
54,Male,88625.0,Suburban,63.9,2,SUV,6,1,Yes,1.0,Yes,Low,No
49,Male,32739.0,Suburban,16.9,2,Sedan,2,8,Yes,1.0,Yes,Low,No
57,Female,71020.0,Urban,20.7,1,Sedan,11,19,Yes,3.0,Yes,Low,No
26,Male,40394.0,Suburban,29.8,2,Sedan,5,6,Yes,2.0,Yes,Low,Yes
65,Male,65679.0,Urban,48.2,1,Sedan,14,3,No,5.0,No,Low,No
49,Male,43613.0,Suburban,26.2,3,Hatchback,7,3,Yes,4.0,No,Low,No
56,Female,56185.0,Rural,54.8,2,SUV,2,3,Yes,5.0,Yes,Low,Yes
60,Female,75906.0,Urban,10.6,3,SUV,2,12,No,5.0,Yes,Low,Yes
27,Female,64208.0,Suburban,5.0,2,SUV,6,4,Yes,5.0,Yes,Low,Yes
58,Female,32796.0,Rural,9.2,1,Sedan,2,2,No,1.0,No,Medium,No
37,Male,74948.0,Urban,29.6,4,Sedan,6,8,Yes,2.0,No,Low,No
54,Female,95663.0,Rural,48.9,1,Sedan,2,2,Yes,2.0,No,Low,No
60,Male,90541.0,Urban,40.4,1,Sedan,3,12,No,3.0,Yes,Low,No
49,Male,82645.0,Urban,53.7,1,SUV,5,17,Yes,5.0,Yes,Low,No
36,Male,64287.0,Urban,14.6,1,Hatchback,10,13,No,2.0,No,Low,No
64,Female,61117.0,Urban,54.1,3,Sedan,3,3,Yes,4.0,Yes,Low,No
33,Other,100664.0,Urban,46.7,2,Sedan,11,16,No,2.0,Yes,Low,No
28,Male,131788.0,Suburban,51.6,2,Truck,5,7,Yes,1.0,No,Low,No
44,Male,99224.0,Urban,59.9,3,Sedan,11,4,Yes,3.0,Yes,Low,No
61,Female,41796.0,Suburban,91.0,1,SUV,1,9,Yes,5.0,No,Low,No
44,Male,34952.0,Urban,15.0,2,Sedan,14,12,No,5.0,Yes,Low,No
42,Female,112555.0,Suburban,5.0,2,Sedan,3,6,Yes,5.0,Yes,Low,No
50,Male,61007.0,Urban,10.6,2,Sedan,10,17,Yes,3.0,No,Low,No
27,Male,75734.0,Suburban,33.2,2,Sedan,1,2,Yes,3.0,No,Low,No
54,Female,74208.0,Suburban,13.7,2,SUV,3,2,Yes,5.0,Yes,Low,Yes
26,Male,68548.0,Urban,17.8,2,Sedan,6,12,No,4.0,No,Low,No
57,Male,67764.0,Rural,26.9,1,SUV,2,0,Yes,4.0,No,Low,No
55,Female,122278.0,Suburban,27.2,4,Sedan,3,3,Yes,5.0,No,Low,No
53,Female,112035.0,Urban,37.5,3,Sedan,2,18,Yes,1.0,Yes,Low,Yes
69,Male,111245.0,Urban,68.2,3,SUV,10,19,No,1.0,Yes,Low,No
63,Female,64902.0,Suburban,72.1,2,SUV,3,6,Yes,4.0,No,Low,No
43,Female,91159.0,Rural,5.0,2,SUV,2,0,Yes,5.0,No,Low,No
35,Male,91100.0,Suburban,33.4,2,SUV,7,2,Yes,2.0,Yes,Low,No
44,Male,118626.0,Suburban,38.3,4,Truck,5,2,Yes,5.0,No,Low,No
67,Male,41571.0,Suburban,38.95,3,SUV,5,6,No,1.0,No,Low,No
41,Female,74592.0,Suburban,23.5,1,SUV,1,7,Yes,1.0,Yes,Low,No
69,Male,82988.0,Suburban,90.3,1,Truck,5,1,Yes,3.0,Yes,Low,No
30,Male,108619.0,Urban,33.8,2,Sedan,2,4,No,4.0,Yes,Medium,No
29,Male,119309.0,Suburban,30.5,1,Hatchback,7,7,Yes,3.0,Yes,Low,No
53,Female,128480.0,Urban,5.0,2,SUV,7,5,No,5.0,No,Low,No
52,Male,112211.0,Urban,47.3,2,Sedan,6,8,No,4.0,Yes,Medium,No
48,Male,106022.0,Urban,80.5,2,Sedan,11,8,Yes,4.0,Yes,Low,Yes
62,Male,135246.0,Suburban,5.0,1,SUV,5,4,Yes,3.0,No,Low,No
36,Female,77563.0,Urban,16.2,1,SUV,10,6,Yes,3.0,Yes,Low,No
28,Male,68652.0,Rural,52.3,1,SUV,2,3,No,3.0,Yes,Medium,No
42,Male,105455.0,Urban,5.0,2,Sedan,6,6,No,3.0,No,Low,No
48,Male,121711.0,Urban,30.2,1,SUV,7,18,Yes,1.0,Yes,Low,No
67,Female,65160.0,Urban,49.2,1,SUV,3,7,No,2.0,Yes,Low,No
54,Female,85629.0,Suburban,37.2,2,Hatchback,7,2,Yes,5.0,No,Low,No
51,Male,102751.0,Rural,59.1,2,Sedan,2,0,No,1.0,Yes,High,No
44,Female,118145.0,Suburban,51.6,3,Sedan,5,2,Yes,3.0,No,Low,No
66,Male,55219.0,Suburban,5.0,3,SUV,6,6,Yes,5.0,Yes,Low,No
44,Male,121461.0,Urban,57.4,1,SUV,4,14,No,3.0,Yes,Low,No
25,Male,75677.0,Suburban,52.1,2,SUV,7,4,No,3.0,Yes,Low,No
36,Male,94263.0,Suburban,49.5,1,Truck,6,8,Yes,2.0,Yes,Low,No
51,Male,130973.0,Urban,37.25,2,Hatchback,5,8,Yes,3.0,Yes,Low,No
61,Male,35890.0,Urban,12.5,1,SUV,3,3,No,2.0,Yes,Medium,No
59,Male,97099.0,Urban,24.2,2,Hatchback,9,4,No,5.0,No,Low,No
31,Female,137855.0,Urban,54.0,2,SUV,8,12,Yes,4.0,No,Low,No
25,Male,82388.0,Suburban,33.6,3,Sedan,1,1,No,4.0,Yes,High,No
52,Female,117244.0,Suburban,27.7,1,Sedan,6,5,No,2.0,No,Low,No
53,Female,30000.0,Urban,70.6,3,Sedan,7,11,No,3.0,Yes,Medium,No
45,Female,110152.0,Suburban,5.0,1,Hatchback,4,6,Yes,1.0,Yes,Low,No
69,Female,148722.0,Urban,31.0,1,Hatchback,10,17,Yes,5.0,Yes,Low,Yes
69,Female,153810.0,Urban,49.9,2,Truck,3,3,No,5.0,Yes,Medium,Yes
65,Male,56008.0,Rural,30.2,2,Sedan,0,0,Yes,5.0,No,Low,No
37,Male,77776.0,Urban,36.3,1,SUV,11,18,Yes,3.0,Yes,Low,No
32,Female,91560.0,Urban,31.0,2,Truck,13,14,No,4.0,Yes,Low,No
34,Female,134770.0,Urban,22.0,2,Sedan,5,12,Yes,1.0,Yes,Low,No
57,Male,64032.0,Suburban,59.5,3,Hatchback,4,8,No,3.0,Yes,Medium,No
33,Male,99234.0,Suburban,62.0,4,Hatchback,3,2,Yes,2.0,No,Low,No
59,Female,51779.0,Urban,81.3,1,SUV,3,4,Yes,3.0,Yes,Low,Yes
49,Female,84758.0,Suburban,77.4,1,SUV,4,9,Yes,2.0,No,Low,No
39,Male,75488.0,Urban,6.6,1,Sedan,2,10,Yes,3.0,No,Low,No
56,Female,109777.0,Urban,88.3,1,Hatchback,4,6,No,4.0,No,High,No
46,Male,139104.0,Rural,5.0,1,Sedan,1,2,Yes,2.0,Yes,Low,No
26,Male,79207.0,Suburban,18.6,2,SUV,3,7,Yes,4.0,No,Low,No
41,Female,72092.0,Suburban,49.3,1,Truck,5,3,Yes,1.0,Yes,Low,No
30,Male,77378.0,Urban,45.4,1,Sedan,7,17,Yes,3.0,Yes,Low,No
37,Male,85338.0,Urban,5.0,2,Hatchback,6,19,No,4.0,No,Low,No
42,Male,96664.0,Suburban,56.2,1,SUV,6,7,Yes,2.0,Yes,Low,No
27,Male,138854.0,Suburban,31.3,2,SUV,2,6,Yes,3.0,Yes,Low,No
36,Female,45401.0,Urban,35.9,2,Hatchback,8,12,No,5.0,Yes,Low,Yes
43,Other,84715.0,Rural,27.2,2,SUV,2,3,Yes,1.0,No,Low,No
64,Female,42605.0,Urban,5.6,2,SUV,10,9,No,3.0,Yes,Low,No
67,Male,89571.0,Urban,16.1,2,Truck,13,13,No,2.0,Yes,Low,No
36,Female,77959.0,Suburban,38.4,1,SUV,6,9,Yes,3.0,Yes,Low,No
49,Female,117119.0,Urban,33.7,1,Truck,13,3,Yes,3.0,No,Low,No
49,Male,85227.0,Urban,74.4,1,SUV,2,5,No,5.0,No,Medium,No
36,Male,62847.0,Urban,68.9,2,Sedan,7,9,No,1.0,No,High,No
55,Male,80496.0,Urban,32.4,1,SUV,6,5,No,3.0,Yes,Low,No
68,Male,47061.0,Urban,5.0,1,SUV,2,16,Yes,1.0,Yes,Low,No
31,Male,96990.0,Urban,21.7,2,Sedan,9,9,No,3.0,No,Low,No
27,Male,93059.0,Rural,43.5,1,SUV,0,3,Yes,4.0,No,Low,No
69,Female,91104.0,Suburban,45.8,1,Hatchback,4,4,Yes,1.0,No,Low,No
37,Female,92677.0,Suburban,26.7,2,SUV,7,4,Yes,4.0,Yes,Low,Yes
63,Female,48183.0,Suburban,46.0,2,Sedan,7,4,Yes,1.0,No,Low,No
41,Male,105621.0,Urban,55.4,1,SUV,14,14,No,1.0,No,Low,No
35,Male,89605.0,Urban,5.0,2,Truck,7,7,No,2.0,Yes,Low,No
69,Female,121896.0,Urban,24.5,1,Sedan,9,12,No,4.0,No,Medium,No
50,Female,84033.0,Suburban,86.7,2,Sedan,6,4,Yes,4.0,Yes,Low,Yes
36,Male,91882.0,Urban,33.2,3,SUV,14,18,Yes,3.0,Yes,Low,Yes
41,Male,71887.0,Urban,64.8,2,Sedan,5,13,No,2.0,Yes,Low,No
51,Female,108239.0,Suburban,31.7,4,Hatchback,6,4,Yes,5.0,No,Low,No
52,Female,94848.0,Suburban,36.1,2,Sedan,2,9,Yes,1.0,Yes,Low,No
34,Female,75072.0,Suburban,66.7,3,Sedan,1,2,Yes,5.0,No,Medium,No
34,Male,47788.0,Urban,61.5,2,Truck,14,7,No,2.0,Yes,Medium,No
68,Female,122412.0,Urban,7.4,1,Sedan,14,16,Yes,4.0,Yes,Low,No
57,Female,40314.0,Rural,21.4,4,Sedan,1,0,Yes,3.0,Yes,Low,No
62,Female,105851.0,Urban,35.2,1,Sedan,13,11,No,4.0,No,Low,No
31,Male,45625.0,Urban,75.6,1,Hatchback,12,7,No,4.0,No,Low,No
41,Female,84584.0,Urban,13.9,1,Hatchback,2,16,Yes,1.0,Yes,Low,No
55,Male,99406.0,Urban,69.1,3,Sedan,5,14,No,5.0,Yes,Low,Yes
63,Male,52517.0,Suburban,20.4,1,SUV,4,3,No,5.0,Yes,Medium,No
29,Female,127549.0,Suburban,47.1,1,Sedan,3,5,No,3.0,No,Medium,No
69,Male,92372.0,Urban,5.0,3,Sedan,6,10,Yes,3.0,No,Low,No
64,Male,133856.0,Urban,5.0,2,Sedan,3,18,No,2.0,No,Low,No
39,Male,123547.0,Suburban,33.0,2,Truck,4,1,Yes,2.0,No,Low,No
41,Male,105580.0,Urban,19.0,2,Sedan,11,19,Yes,1.0,Yes,Low,No
25,Female,114593.0,Urban,54.8,2,Sedan,11,6,Yes,2.0,Yes,Low,No
56,Male,68421.0,Suburban,53.1,2,SUV,6,2,Yes,2.0,Yes,Low,No
56,Female,66542.0,Rural,28.3,1,Hatchback,1,0,Yes,1.0,No,Low,No
67,Female,80264.0,Suburban,46.8,4,Sedan,6,3,Yes,5.0,Yes,Low,Yes
57,Female,84758.0,Urban,31.4,1,SUV,7,12,No,3.0,Yes,Low,No
26,Other,96308.0,Urban,50.3,3,SUV,11,4,Yes,5.0,Yes,Low,Yes
59,Male,105049.0,Rural,65.5,1,SUV,0,1,No,2.0,No,High,No
47,Male,136397.0,Urban,25.5,3,Sedan,6,15,No,5.0,Yes,Medium,No
65,Female,103132.0,Urban,106.0,1,Sedan,9,9,No,4.0,No,Medium,No
26,Female,126691.0,Suburban,103.2,4,Sedan,0,1,No,3.0,No,High,No
64,Female,96793.0,Urban,14.9,2,SUV,9,4,Yes,2.0,No,Low,No
51,Female,30000.0,Rural,5.0,2,SUV,2,3,Yes,4.0,No,Low,No
49,Male,47150.0,Suburban,12.9,1,Sedan,1,6,Yes,5.0,Yes,Low,No
43,Female,30000.0,Urban,20.2,1,Hatchback,4,15,Yes,4.0,Yes,Low,No
36,Male,30000.0,Urban,38.7,1,SUV,8,12,No,5.0,Yes,Medium,No
34,Female,43791.0,Rural,20.9,1,Sedan,0,1,Yes,3.0,No,Low,No
66,Male,79078.0,Urban,34.9,1,Sedan,5,10,No,4.0,Yes,Low,No
34,Female,65862.0,Urban,70.8,3,Truck,10,16,No,4.0,No,Low,No
47,Male,55675.0,Suburban,79.0,1,SUV,3,3,Yes,5.0,Yes,Low,Yes
62,Female,106984.0,Suburban,58.1,2,Sedan,1,1,Yes,4.0,Yes,Low,No
62,Male,30000.0,Urban,51.8,1,Truck,6,8,Yes,1.0,Yes,Low,No
35,Male,61420.0,Rural,5.8,1,Sedan,1,3,Yes,4.0,Yes,Low,No
60,Male,61890.0,Urban,73.9,4,SUV,6,14,Yes,4.0,Yes,Low,Yes
29,Female,111375.0,Urban,48.7,1,Hatchback,14,19,No,1.0,Yes,Low,No
61,Female,59444.0,Urban,41.05,3,SUV,13,17,No,3.0,Yes,Low,No
66,Male,76798.0,Suburban,5.3,3,Hatchback,6,2,No,3.0,No,Medium,No
50,Male,156697.0,Urban,58.3,1,Sedan,12,3,No,3.0,Yes,Low,No
38,Female,133785.0,Suburban,5.0,2,Sedan,1,5,No,5.0,Yes,Low,No
53,Male,49772.0,Suburban,62.3,1,Sedan,7,3,Yes,4.0,Yes,Low,Yes
35,Male,69898.0,Rural,5.0,2,Truck,2,0,Yes,5.0,Yes,Low,Yes
66,Male,109061.0,Urban,106.0,3,Sedan,6,9,No,2.0,Yes,Medium,No
66,Male,106288.0,Suburban,91.9,1,Hatchback,6,7,No,3.0,No,Medium,No
36,Female,95079.0,Urban,48.1,2,Sedan,9,4,No,1.0,No,Low,No
30,Female,91258.0,Urban,5.0,4,SUV,8,12,No,1.0,Yes,Low,No
68,Male,95099.0,Suburban,30.6,2,SUV,2,6,Yes,5.0,No,Low,No
50,Male,30000.0,Urban,5.0,2,Hatchback,2,4,No,2.0,Yes,Medium,No
69,Male,44073.0,Suburban,38.3,3,Sedan,1,6,No,2.0,No,Medium,No
35,Female,123744.0,Suburban,17.4,1,Sedan,7,4,Yes,1.0,No,Low,No
29,Male,85214.0,Rural,5.0,2,SUV,2,2,Yes,3.0,No,Low,No
37,Male,30000.0,Urban,5.0,2,Truck,6,15,No,2.0,Yes,Low,No
52,Male,136536.0,Urban,46.4,2,SUV,7,11,Yes,1.0,Yes,Low,No
58,Female,99421.0,Urban,34.9,2,Hatchback,4,3,Yes,3.0,Yes,Low,No
36,Male,74361.0,Urban,73.3,1,SUV,6,18,No,5.0,Yes,Low,Yes
58,Female,72876.0,Urban,43.3,1,SUV,9,18,Yes,3.0,Yes,Low,No
60,Female,93517.0,Urban,54.0,2,Hatchback,11,14,No,2.0,Yes,Low,No
44,Female,43685.0,Suburban,53.5,1,SUV,7,7,No,2.0,Yes,Medium,No
47,Female,77090.0,Suburban,5.0,1,Sedan,3,1,No,2.0,No,Medium,No
53,Male,70879.0,Urban,5.0,2,SUV,6,14,No,4.0,No,Low,No
32,Male,84287.0,Urban,72.9,2,Sedan,11,4,No,3.0,Yes,Low,No
60,Other,93364.0,Urban,48.1,2,Sedan,9,15,No,4.0,Yes,Low,No
60,Female,96588.0,Urban,16.3,2,SUV,14,5,No,3.0,Yes,Low,Yes
35,Female,96111.0,Urban,43.5,1,SUV,5,18,No,3.0,Yes,Low,Yes
54,Female,84582.0,Suburban,76.3,1,SUV,4,8,Yes,4.0,Yes,Low,No
58,Female,134439.0,Urban,50.8,2,SUV,2,9,No,2.0,Yes,Low,No
65,Female,100814.0,Urban,22.6,2,Sedan,10,9,Yes,2.0,Yes,Low,No
40,Female,136790.0,Suburban,40.0,3,Sedan,3,6,Yes,3.0,No,Low,No
60,Female,81533.0,Urban,27.4,2,SUV,7,5,Yes,3.0,No,Low,No
64,Female,113030.0,Suburban,54.4,2,Sedan,7,6,No,5.0,No,Medium,No
50,Female,30000.0,Suburban,20.4,2,SUV,6,8,Yes,4.0,No,Low,No
68,Male,30000.0,Rural,26.6,1,Sedan,0,3,Yes,1.0,Yes,Low,No
50,Male,85815.0,Suburban,11.0,3,Sedan,3,1,Yes,3.0,No,Low,No
44,Female,70921.0,Suburban,40.3,4,SUV,1,7,Yes,5.0,Yes,Low,Yes
51,Other,61760.0,Urban,33.6,1,SUV,14,6,No,5.0,Yes,Low,No
40,Male,53441.0,Suburban,5.0,1,SUV,4,6,Yes,5.0,Yes,Low,Yes
25,Female,40731.0,Suburban,24.6,2,Sedan,5,6,Yes,4.0,No,Low,No
56,Female,148479.0,Urban,27.2,3,Hatchback,3,15,No,4.0,Yes,Low,No
49,Male,91169.0,Suburban,36.3,1,SUV,0,6,Yes,4.0,Yes,Low,Yes
40,Female,93175.0,Suburban,55.8,2,Sedan,5,4,No,4.0,No,Low,No
56,Female,119746.0,Suburban,50.4,4,Sedan,4,7,Yes,2.0,Yes,Low,No
43,Male,103104.0,Suburban,59.5,1,Sedan,7,9,Yes,4.0,Yes,Low,Yes
52,Female,153045.0,Urban,42.3,2,Sedan,6,9,Yes,1.0,No,Low,No
59,Male,101328.0,Suburban,63.9,1,SUV,3,5,Yes,5.0,No,Low,No
67,Female,84287.0,Suburban,29.0,2,Sedan,0,3,Yes,4.0,No,Low,No
41,Female,79144.0,Urban,51.0,2,SUV,10,5,Yes,4.0,Yes,Low,Yes
68,Female,83298.0,Suburban,52.4,3,SUV,4,4,Yes,3.0,Yes,Low,No
61,Male,98837.0,Urban,62.4,1,Hatchback,5,15,No,3.0,Yes,Medium,No
32,Male,104991.0,Urban,50.7,1,Sedan,11,15,Yes,3.0,No,Low,No
27,Female,130506.0,Suburban,47.6,2,SUV,0,4,No,3.0,Yes,Medium,No
27,Male,78047.0,Urban,33.6,2,SUV,14,8,No,4.0,Yes,Low,No
51,Female,99351.0,Urban,81.5,3,Sedan,7,16,Yes,5.0,No,Low,No
66,Female,131513.0,Urban,56.1,2,Hatchback,10,8,No,4.0,No,High,No
58,Male,138386.0,Suburban,29.6,1,SUV,7,8,Yes,2.0,No,Low,No
50,Male,94510.0,Rural,21.7,3,Hatchback,2,2,Yes,3.0,Yes,Low,No
47,Male,76125.0,Suburban,94.9,1,SUV,7,7,Yes,5.0,No,Low,No
62,Female,77288.0,Urban,60.0,2,Sedan,5,5,No,1.0,Yes,Medium,No
52,Male,119299.0,Urban,25.2,3,SUV,2,12,No,1.0,No,Medium,No
63,Male,59221.0,Suburban,60.2,2,Hatchback,6,3,Yes,1.0,Yes,Low,No
27,Male,40588.0,Urban,65.9,4,SUV,4,17,Yes,3.0,Yes,Low,No
26,Female,78362.0,Urban,54.5,2,SUV,7,9,No,4.0,No,Low,No
60,Female,174000.0,Urban,16.0,2,SUV,4,16,No,1.0,No,Low,No
25,Male,63791.0,Urban,46.9,1,Sedan,11,11,No,1.0,Yes,Medium,No
52,Male,68580.0,Urban,58.7,1,Hatchback,6,13,No,4.0,Yes,Medium,No
47,Female,64151.0,Urban,42.7,1,Sedan,12,5,No,2.0,Yes,Low,No
68,Female,83282.0,Rural,20.6,3,Sedan,1,1,Yes,1.0,Yes,Low,No
37,Male,55767.0,Suburban,22.5,2,Sedan,4,2,Yes,4.0,Yes,Low,No
49,Female,107778.0,Urban,57.2,1,Hatchback,11,7,Yes,1.0,Yes,Low,No
57,Male,132174.0,Suburban,43.5,3,SUV,1,3,Yes,5.0,Yes,Low,Yes
31,Female,81245.0,Urban,37.6,3,SUV,9,17,No,1.0,Yes,Medium,No
43,Female,91880.0,Urban,83.8,1,SUV,9,10,No,3.0,Yes,High,No
67,Male,75163.0,Urban,27.0,1,SUV,3,6,No,3.0,Yes,Medium,No
45,Female,116240.0,Urban,44.5,2,Sedan,6,7,Yes,1.0,Yes,Low,No
49,Female,94855.0,Urban,35.2,1,SUV,9,12,Yes,2.0,No,Low,No
25,Male,101868.0,Urban,46.2,1,SUV,6,14,No,4.0,No,Low,No
29,Male,84758.0,Urban,88.9,1,Sedan,6,9,No,2.0,No,Low,No
39,Male,155860.0,Rural,77.9,3,Sedan,1,2,Yes,5.0,No,Low,Yes
53,Male,90601.0,Urban,41.7,2,Sedan,5,5,No,4.0,Yes,Low,Yes
65,Other,94251.0,Urban,91.1,4,SUV,5,9,Yes,2.0,Yes,Low,No
55,Female,111684.0,Urban,50.9,3,SUV,11,16,Yes,4.0,Yes,Low,Yes
28,Female,111446.0,Rural,5.0,2,Sedan,0,1,Yes,3.0,Yes,Low,Yes
43,Female,78272.0,Urban,42.2,2,Hatchback,7,4,Yes,5.0,Yes,Low,Yes
38,Male,107329.0,Rural,57.5,1,SUV,0,3,Yes,1.0,No,Low,No
43,Male,152850.0,Suburban,37.0,2,Hatchback,3,8,Yes,5.0,Yes,Low,Yes
28,Female,59507.0,Urban,29.1,1,Sedan,3,16,No,2.0,No,Low,No
28,Female,59873.0,Urban,31.3,1,Sedan,2,14,No,1.0,Yes,Low,No
34,Male,172045.0,Suburban,59.7,3,Hatchback,2,8,Yes,3.0,No,Low,No
43,Male,30000.0,Urban,29.6,2,Sedan,5,15,No,5.0,Yes,Low,Yes
40,Female,174000.0,Urban,20.0,1,Hatchback,2,3,Yes,1.0,Yes,Low,Yes
65,Female,72439.0,Urban,58.8,2,Sedan,7,12,Yes,4.0,No,Low,No
40,Female,60713.0,Suburban,42.8,1,SUV,2,8,Yes,1.0,No,Low,No
57,Male,60386.0,Urban,48.2,2,Sedan,9,5,No,1.0,Yes,Low,No
30,Male,121308.0,Suburban,36.8,3,SUV,5,7,Yes,5.0,Yes,Low,Yes
61,Female,54202.0,Rural,8.5,3,Sedan,2,3,Yes,5.0,No,Low,No
57,Male,36827.0,Urban,44.5,3,Sedan,13,9,Yes,5.0,Yes,Low,Yes
66,Other,138063.0,Urban,8.1,2,SUV,9,15,No,3.0,Yes,Low,No
47,Other,61108.0,Suburban,5.0,4,SUV,6,5,Yes,2.0,Yes,Low,No
26,Male,72969.0,Urban,11.8,2,Sedan,11,6,Yes,2.0,Yes,Low,No
61,Male,88242.0,Urban,59.2,4,Hatchback,9,15,No,2.0,Yes,Medium,No
58,Female,62217.0,Urban,28.3,4,Sedan,11,10,No,4.0,No,Low,No
59,Female,84287.0,Urban,10.6,2,Sedan,3,9,Yes,2.0,Yes,Low,No
25,Female,85048.0,Urban,25.5,3,Sedan,6,10,Yes,3.0,Yes,Low,No
27,Male,124319.0,Suburban,33.7,2,Hatchback,3,9,Yes,5.0,Yes,Low,Yes
58,Male,103933.0,Urban,39.3,1,Sedan,9,5,Yes,3.0,No,Low,No
47,Male,83448.0,Urban,28.1,1,Hatchback,7,7,No,2.0,Yes,Low,No
60,Male,67024.0,Urban,26.1,1,Sedan,5,11,Yes,4.0,No,Low,No
30,Female,61458.0,Urban,35.2,2,SUV,5,18,No,4.0,Yes,Low,No
37,Male,80366.0,Urban,61.6,2,SUV,9,3,No,3.0,No,Medium,No
68,Female,55545.0,Urban,18.4,1,Sedan,9,13,Yes,4.0,No,Low,Yes
44,Male,83295.0,Urban,57.2,1,Sedan,5,19,No,4.0,No,Low,No
42,Male,147609.0,Suburban,38.6,2,SUV,0,5,No,4.0,No,Medium,No
59,Other,86563.0,Rural,39.4,3,Sedan,2,3,Yes,2.0,Yes,Low,No
47,Female,41573.0,Urban,11.7,3,Sedan,14,10,No,2.0,Yes,Low,No
47,Male,78056.0,Urban,57.5,2,SUV,6,4,Yes,5.0,No,Low,No
64,Male,118113.0,Urban,42.3,1,Sedan,9,12,No,5.0,Yes,Low,Yes
51,Male,30000.0,Urban,74.8,1,Sedan,10,13,Yes,2.0,Yes,Low,No
63,Male,96287.0,Rural,5.0,1,Sedan,0,1,Yes,4.0,Yes,Low,No
32,Male,80880.0,Suburban,5.0,1,Sedan,4,5,Yes,3.0,No,Low,No
35,Male,142038.0,Urban,52.9,1,SUV,4,8,No,5.0,No,Low,No
64,Male,172528.0,Suburban,68.7,2,Hatchback,5,9,Yes,2.0,No,Low,No
41,Female,84758.0,Rural,44.9,1,Hatchback,1,2,Yes,1.0,Yes,Low,No
58,Other,65412.0,Rural,42.7,2,Sedan,2,3,Yes,3.0,No,Low,No
58,Male,126604.0,Urban,74.9,1,Sedan,14,13,No,4.0,No,Low,No
39,Male,140861.0,Urban,88.8,2,SUV,3,17,No,4.0,Yes,Low,Yes
45,Male,86263.0,Suburban,7.9,2,Sedan,7,7,Yes,1.0,Yes,Low,No
56,Female,152831.0,Urban,52.7,3,Sedan,2,19,No,4.0,No,Medium,No
48,Male,120665.0,Urban,12.1,2,SUV,9,6,Yes,5.0,No,Low,No
30,Male,107752.0,Urban,54.6,2,Sedan,11,9,No,2.0,Yes,Low,No
31,Female,133551.0,Urban,52.1,1,Sedan,8,4,No,3.0,No,Medium,No
44,Female,85213.0,Rural,47.6,2,Sedan,1,2,Yes,2.0,Yes,Low,No
63,Male,57000.0,Suburban,28.5,1,Sedan,4,3,Yes,4.0,Yes,Low,No
26,Female,118623.0,Urban,57.0,1,SUV,6,12,No,2.0,Yes,Medium,No
43,Male,46479.0,Rural,47.2,1,SUV,2,1,Yes,4.0,Yes,Low,No
28,Male,60474.0,Suburban,26.8,1,SUV,1,8,No,5.0,Yes,Medium,No
49,Female,75480.0,Urban,33.8,2,SUV,12,11,Yes,5.0,Yes,Low,Yes
42,Male,89033.0,Suburban,69.0,1,SUV,6,1,Yes,2.0,No,Medium,No
54,Female,118659.0,Suburban,36.9,2,Hatchback,1,7,Yes,5.0,No,Low,No
56,Male,30000.0,Suburban,44.3,2,SUV,5,8,Yes,2.0,Yes,Low,No
35,Female,82085.0,Suburban,43.1,2,SUV,4,3,Yes,4.0,Yes,Low,No
68,Female,93857.0,Suburban,56.4,1,SUV,3,8,Yes,2.0,Yes,Low,No
58,Female,56794.0,Suburban,45.1,3,SUV,2,6,Yes,3.0,No,Low,No
50,Male,57215.0,Rural,12.9,2,Sedan,2,2,Yes,5.0,No,Low,No
35,Male,65130.0,Urban,43.8,2,Hatchback,2,18,No,5.0,Yes,Medium,Yes
35,Female,114747.0,Urban,38.8,1,SUV,11,12,No,2.0,Yes,Low,No
49,Male,62612.0,Urban,83.0,2,SUV,13,6,No,5.0,No,Low,No
27,Male,46404.0,Urban,63.4,1,SUV,12,12,Yes,4.0,No,Low,No
30,Female,106351.0,Urban,50.3,1,SUV,14,13,No,3.0,No,Medium,No
57,Male,76684.0,Rural,52.8,2,Sedan,1,1,Yes,5.0,No,Low,No
44,Female,75326.0,Suburban,5.0,3,Truck,3,1,Yes,3.0,Yes,Low,No
34,Other,78529.0,Suburban,25.8,1,Truck,6,5,Yes,2.0,No,Low,No
45,Male,59469.0,Urban,86.9,2,Sedan,11,14,No,2.0,No,Low,No
51,Other,74121.0,Suburban,61.8,2,Hatchback,4,8,Yes,4.0,Yes,Low,Yes
47,Male,30000.0,Rural,44.8,2,Truck,2,3,Yes,5.0,Yes,Low,Yes
63,Other,98876.0,Suburban,8.5,3,Sedan,3,9,Yes,2.0,Yes,Low,No
59,Male,84906.0,Urban,19.7,3,Hatchback,14,17,Yes,4.0,Yes,Low,Yes
45,Female,55099.0,Urban,5.0,2,SUV,11,14,No,3.0,Yes,Low,No
67,Male,67524.0,Urban,14.9,1,Sedan,14,16,No,4.0,Yes,Low,Yes
31,Other,118925.0,Urban,90.6,1,Truck,14,8,Yes,1.0,Yes,Low,No
65,Male,53960.0,Urban,52.1,2,SUV,4,17,Yes,3.0,No,Low,No
38,Male,68152.0,Suburban,33.9,1,Truck,4,7,Yes,1.0,No,Low,No
46,Male,95171.0,Suburban,15.7,1,Sedan,4,3,Yes,1.0,Yes,Low,No
31,Male,95632.0,Suburban,37.7,1,Truck,5,1,Yes,3.0,Yes,Low,Yes
28,Female,87417.0,Suburban,13.5,2,Hatchback,4,8,No,2.0,Yes,Low,No
59,Female,38824.0,Suburban,36.8,1,Hatchback,6,7,Yes,4.0,Yes,Low,No
39,Female,112881.0,Urban,77.2,2,Hatchback,14,10,No,4.0,No,Low,No
39,Female,144639.0,Suburban,39.2,2,SUV,7,9,Yes,1.0,No,Low,No
47,Male,174000.0,Suburban,15.3,2,Sedan,5,2,No,1.0,Yes,Low,Yes
33,Female,84506.0,Urban,37.3,3,Sedan,12,9,No,1.0,Yes,Low,No
54,Female,30000.0,Urban,11.2,1,Truck,5,9,No,1.0,Yes,Medium,No
40,Male,63247.0,Urban,56.6,1,Hatchback,5,5,No,5.0,Yes,Low,Yes
58,Male,82699.0,Urban,51.9,2,Sedan,4,8,Yes,1.0,Yes,Low,No
45,Male,93329.0,Suburban,46.8,1,SUV,4,6,Yes,4.0,No,Low,No
53,Male,62072.0,Urban,43.4,3,Sedan,4,16,No,2.0,No,Medium,No
65,Male,145252.0,Urban,44.7,2,Hatchback,14,4,Yes,4.0,No,Low,No
39,Female,115303.0,Rural,5.0,3,Sedan,0,0,Yes,2.0,Yes,Low,No
33,Female,73608.0,Urban,25.1,4,SUV,2,19,No,3.0,Yes,Low,No
42,Male,76740.0,Urban,68.1,2,Hatchback,13,11,No,3.0,No,Low,No
40,Female,43556.0,Suburban,44.7,1,SUV,3,6,No,1.0,Yes,Low,No
43,Female,106263.0,Urban,5.0,3,Sedan,4,13,No,2.0,Yes,Low,Yes
66,Male,40763.0,Rural,5.0,4,Sedan,2,3,Yes,4.0,Yes,Low,Yes
33,Male,95555.0,Suburban,27.6,1,Sedan,5,7,No,4.0,No,Low,No
58,Female,101632.0,Suburban,106.0,2,Hatchback,6,7,Yes,4.0,Yes,Low,Yes
69,Male,43457.0,Urban,5.0,4,Truck,11,9,Yes,1.0,Yes,Low,No
61,Female,123647.0,Urban,58.9,2,Sedan,7,14,No,4.0,Yes,Low,No
61,Female,118678.0,Urban,23.7,2,Sedan,8,5,No,2.0,No,Medium,No
60,Male,79437.0,Suburban,33.8,2,Sedan,7,4,Yes,3.0,Yes,Low,Yes
38,Female,58051.0,Urban,59.3,2,Truck,11,4,No,3.0,No,Low,No
52,Female,118986.0,Suburban,9.9,3,Hatchback,7,7,Yes,4.0,Yes,Low,Yes
44,Male,83536.0,Suburban,61.5,2,SUV,7,2,Yes,5.0,Yes,Low,Yes
28,Female,55177.0,Rural,80.4,4,Hatchback,2,2,Yes,3.0,Yes,Low,No
61,Female,64089.0,Suburban,30.2,2,SUV,3,8,Yes,2.0,Yes,Low,Yes
56,Female,94353.0,Suburban,32.1,2,Sedan,2,9,No,2.0,Yes,Medium,No
31,Male,96109.0,Suburban,53.3,2,SUV,6,8,Yes,3.0,Yes,Low,Yes
36,Male,103183.0,Suburban,82.5,2,Hatchback,6,7,Yes,2.0,Yes,Low,No
53,Female,85326.0,Urban,47.9,2,Truck,14,6,No,3.0,No,Medium,No
47,Male,81348.0,Suburban,48.2,3,SUV,7,2,No,5.0,Yes,Medium,No
68,Female,87775.0,Urban,42.7,3,Sedan,11,15,Yes,5.0,Yes,Low,No
63,Male,48307.0,Rural,37.1,1,Hatchback,2,2,Yes,1.0,No,Low,No
67,Female,101714.0,Suburban,5.0,1,Hatchback,4,2,Yes,4.0,No,Low,No
47,Other,89277.0,Urban,39.1,1,Sedan,8,7,No,1.0,Yes,Medium,No
60,Male,48722.0,Suburban,71.4,2,SUV,1,6,Yes,3.0,Yes,Low,No
40,Male,119839.0,Urban,32.5,2,Hatchback,3,10,No,2.0,Yes,Medium,No
36,Male,81408.0,Suburban,37.6,2,Sedan,2,9,Yes,2.0,No,Low,No
26,Other,56687.0,Rural,63.1,2,Sedan,2,1,No,1.0,Yes,High,No
34,Female,118735.0,Rural,55.6,1,Sedan,2,1,Yes,1.0,Yes,Low,No
28,Female,79528.0,Rural,77.2,1,Truck,2,0,Yes,1.0,Yes,Medium,No
49,Female,95010.0,Suburban,11.8,2,Sedan,5,8,Yes,5.0,Yes,Low,No
30,Female,105705.0,Rural,18.8,2,SUV,1,1,Yes,4.0,Yes,Low,Yes
60,Male,95966.0,Urban,55.2,1,Hatchback,11,7,Yes,1.0,Yes,Low,No
37,Female,107943.0,Urban,11.2,2,Hatchback,14,14,Yes,3.0,Yes,Low,No
59,Male,30000.0,Urban,51.8,1,Sedan,7,15,Yes,1.0,No,Low,No
57,Male,63610.0,Urban,51.9,3,Hatchback,6,14,Yes,4.0,Yes,Low,No
47,Other,126271.0,Urban,55.9,2,SUV,4,4,Yes,2.0,Yes,Low,No
48,Male,110876.0,Urban,25.4,1,Hatchback,4,10,No,3.0,Yes,Medium,No
66,Female,60651.0,Rural,5.0,2,SUV,2,0,Yes,4.0,Yes,Low,No
42,Male,144650.0,Rural,21.8,1,Sedan,2,1,Yes,3.0,Yes,Low,No
51,Male,98935.0,Suburban,46.0,2,Sedan,6,3,Yes,3.0,Yes,Low,No
49,Female,113851.0,Rural,19.7,4,Truck,2,2,No,5.0,No,Low,No
40,Male,126358.0,Suburban,5.8,1,Sedan,2,3,Yes,1.0,Yes,Low,No
50,Female,124299.0,Urban,96.5,1,Sedan,5,13,No,4.0,No,Medium,No
33,Female,114469.0,Suburban,25.5,2,Hatchback,6,4,No,3.0,Yes,Medium,No
55,Male,104441.0,Urban,68.4,3,Sedan,2,3,Yes,3.0,No,Low,No
36,Female,76389.0,Rural,36.8,1,SUV,0,1,Yes,5.0,Yes,Low,Yes
39,Male,130272.0,Urban,35.2,2,SUV,12,4,No,4.0,No,Low,No
48,Male,93085.0,Urban,39.1,1,SUV,3,19,No,4.0,No,Low,No
64,Female,49222.0,Urban,65.3,2,Sedan,14,17,No,3.0,Yes,Low,No
40,Female,112215.0,Rural,12.9,2,SUV,0,1,Yes,2.0,No,Low,No
36,Female,100387.0,Suburban,38.7,2,Truck,3,5,No,2.0,Yes,Medium,No
54,Male,77862.0,Urban,67.4,1,Hatchback,9,5,No,2.0,No,Medium,No
38,Female,118958.0,Suburban,48.0,1,Sedan,4,1,Yes,2.0,Yes,Low,No
63,Male,149435.0,Suburban,29.0,3,SUV,2,9,No,1.0,Yes,Medium,No
46,Female,94959.0,Urban,49.4,1,SUV,11,15,No,2.0,No,Low,No
33,Female,87106.0,Suburban,5.0,2,Sedan,5,6,Yes,4.0,Yes,Low,No
49,Male,101712.0,Rural,70.0,2,SUV,2,1,Yes,4.0,No,Low,No
29,Other,92141.0,Suburban,42.8,1,Sedan,2,2,Yes,4.0,No,Low,No
35,Female,78197.0,Urban,40.4,1,SUV,7,18,Yes,5.0,Yes,Low,Yes
47,Female,98870.0,Rural,24.2,3,Sedan,2,3,Yes,5.0,No,Low,No
29,Male,93051.0,Rural,57.2,2,SUV,0,1,Yes,1.0,No,Low,No
69,Female,109254.0,Suburban,44.7,1,Sedan,0,9,No,1.0,Yes,Low,No
39,Female,136038.0,Urban,5.0,1,Hatchback,9,13,No,1.0,Yes,Low,No
59,Female,94048.0,Rural,17.0,1,SUV,1,3,Yes,3.0,No,Low,No
51,Female,78215.0,Rural,34.0,2,Sedan,1,3,Yes,2.0,No,Low,No
66,Male,53938.0,Urban,79.7,2,SUV,11,7,Yes,1.0,Yes,Low,No
56,Male,74951.0,Urban,16.5,2,Sedan,8,6,No,2.0,Yes,Low,No
31,Female,50776.0,Suburban,58.3,1,Sedan,0,1,Yes,2.0,Yes,Low,No
65,Male,114474.0,Urban,36.3,1,SUV,11,4,Yes,5.0,Yes,Low,Yes
28,Male,119774.0,Suburban,82.2,2,Sedan,0,5,Yes,1.0,Yes,Low,Yes
59,Female,105773.0,Suburban,5.0,2,SUV,5,6,Yes,4.0,Yes,Low,Yes
30,Male,133204.0,Urban,15.4,3,Hatchback,8,14,No,3.0,Yes,Low,No
66,Female,30000.0,Suburban,25.5,1,Sedan,6,2,Yes,3.0,Yes,Low,Yes
44,Female,79704.0,Urban,37.6,1,SUV,12,16,Yes,4.0,Yes,Low,Yes
64,Female,50366.0,Suburban,6.8,3,SUV,3,6,Yes,2.0,No,Low,No
58,Female,31907.0,Suburban,27.1,1,Hatchback,3,7,Yes,5.0,Yes,Low,No
38,Male,174000.0,Suburban,106.0,4,SUV,2,2,Yes,4.0,No,Low,No
67,Male,114488.0,Urban,53.3,2,SUV,8,15,Yes,2.0,Yes,Low,No
52,Female,30000.0,Urban,5.0,2,Sedan,6,15,No,3.0,No,Low,No
33,Male,121797.0,Urban,5.0,4,Sedan,8,12,No,5.0,Yes,Low,No
37,Male,99762.0,Urban,58.9,3,SUV,4,5,No,2.0,No,Medium,No
62,Female,120029.0,Urban,22.6,3,Sedan,8,10,No,5.0,No,Low,No
51,Male,51832.0,Suburban,82.6,1,SUV,2,7,Yes,3.0,Yes,Low,Yes
50,Male,104461.0,Urban,22.2,3,Hatchback,14,15,No,4.0,Yes,Low,No
68,Female,57163.0,Suburban,65.0,1,SUV,2,4,Yes,5.0,Yes,Low,Yes
50,Male,98381.0,Urban,42.5,1,Sedan,7,13,No,3.0,Yes,Low,Yes
61,Other,52759.0,Urban,15.6,1,Hatchback,14,6,No,2.0,Yes,Medium,No
68,Male,112799.0,Suburban,70.3,3,SUV,4,4,Yes,5.0,Yes,Low,Yes
26,Female,106755.0,Suburban,50.0,2,Sedan,5,4,Yes,1.0,Yes,Low,No
61,Male,79651.0,Urban,47.5,1,SUV,7,5,No,5.0,No,Medium,No
30,Male,64541.0,Suburban,5.0,1,Sedan,1,6,No,1.0,No,Medium,No
51,Female,39469.0,Urban,32.4,1,SUV,12,4,No,5.0,Yes,Low,No
60,Other,51168.0,Suburban,24.3,2,SUV,3,8,Yes,1.0,Yes,Low,No
57,Female,110590.0,Urban,18.9,2,Hatchback,13,18,No,3.0,No,Low,No
58,Male,30000.0,Rural,69.7,3,Sedan,2,1,Yes,1.0,No,Low,No
34,Male,89616.0,Suburban,18.7,2,SUV,2,8,Yes,1.0,Yes,Low,No
69,Male,151854.0,Urban,5.0,2,Truck,2,15,No,4.0,Yes,Low,No
55,Female,169317.0,Suburban,27.4,2,SUV,5,2,Yes,1.0,Yes,Low,No
32,Female,52602.0,Suburban,47.3,1,Sedan,1,3,Yes,5.0,Yes,Low,Yes
65,Female,77206.0,Suburban,14.6,2,SUV,4,5,Yes,5.0,No,Low,No
33,Male,59234.0,Suburban,24.1,2,Sedan,4,4,Yes,1.0,Yes,Low,No
54,Male,70124.0,Rural,28.9,1,Sedan,1,3,Yes,4.0,No,Low,No
42,Female,80501.0,Urban,27.2,1,Sedan,8,5,Yes,4.0,Yes,Low,No
29,Female,124809.0,Rural,52.4,2,Sedan,0,3,Yes,5.0,Yes,Low,Yes
43,Male,47718.0,Urban,5.0,2,SUV,6,17,No,4.0,Yes,Low,Yes
30,Male,67890.0,Urban,66.7,3,SUV,13,10,No,2.0,No,Low,No
39,Female,113933.0,Urban,5.0,2,SUV,12,16,No,5.0,Yes,Low,Yes
46,Female,66431.0,Urban,86.8,3,Sedan,6,6,Yes,2.0,No,Low,No
52,Male,139905.0,Suburban,54.6,2,Sedan,6,6,Yes,3.0,Yes,Low,Yes
53,Male,88474.0,Suburban,48.9,4,Sedan,6,4,No,1.0,Yes,Low,No
26,Male,143625.0,Urban,67.8,3,Truck,2,9,Yes,1.0,No,Low,No
52,Female,54768.0,Rural,22.7,2,SUV,2,0,Yes,2.0,No,Low,No
38,Female,32869.0,Urban,45.3,1,Sedan,2,7,Yes,2.0,No,Low,No
42,Male,126185.0,Urban,43.5,2,Truck,3,13,Yes,1.0,No,Low,No
33,Female,98589.0,Urban,71.3,2,Sedan,10,13,No,4.0,No,Medium,No
63,Male,74287.0,Suburban,43.3,1,Truck,4,5,Yes,5.0,Yes,Low,Yes
37,Male,121108.0,Urban,57.4,4,SUV,13,5,Yes,1.0,No,Low,No
51,Male,78942.0,Suburban,5.0,1,Sedan,5,4,Yes,1.0,Yes,Low,No
26,Male,94959.0,Urban,29.3,1,Hatchback,12,15,Yes,1.0,No,Low,No
60,Male,58478.0,Suburban,9.5,3,SUV,6,1,Yes,3.0,Yes,Low,No
69,Female,172334.0,Suburban,53.3,1,Sedan,1,2,Yes,4.0,Yes,Low,Yes
60,Male,30000.0,Suburban,54.3,1,SUV,0,3,Yes,3.0,No,Low,No
65,Male,93482.0,Rural,41.8,2,Sedan,0,3,Yes,2.0,No,Low,No
59,Female,126829.0,Urban,45.0,2,SUV,2,13,No,1.0,Yes,Medium,No
34,Other,47331.0,Rural,55.1,1,Sedan,0,1,Yes,1.0,No,Low,No
27,Female,103890.0,Suburban,61.9,1,SUV,3,1,Yes,4.0,No,Low,No
52,Male,77642.0,Rural,32.6,2,Sedan,2,1,Yes,1.0,Yes,Low,No
33,Male,62669.0,Urban,30.4,3,Sedan,11,15,No,2.0,Yes,Low,No
40,Female,82229.0,Rural,63.4,1,Sedan,0,3,Yes,2.0,Yes,Low,No
30,Female,51306.0,Suburban,49.9,1,SUV,1,9,Yes,2.0,Yes,Low,No
28,Female,132976.0,Rural,86.8,1,Truck,2,1,Yes,3.0,Yes,Medium,No
47,Female,115574.0,Urban,44.4,2,Sedan,6,3,Yes,2.0,No,Low,No
27,Female,81309.0,Urban,22.9,2,Truck,12,16,No,2.0,Yes,Low,No
53,Female,125125.0,Suburban,72.6,2,Sedan,6,3,Yes,2.0,Yes,Low,No
45,Other,33833.0,Urban,37.5,1,Sedan,7,5,No,5.0,Yes,Medium,No
68,Male,77489.0,Suburban,10.6,4,SUV,5,3,No,2.0,No,Medium,No
64,Female,46781.0,Suburban,39.7,1,SUV,3,8,Yes,4.0,No,Low,No
30,Female,38188.0,Urban,18.3,2,SUV,6,14,Yes,5.0,Yes,Low,No
25,Male,107789.0,Suburban,51.9,1,Sedan,6,4,No,3.0,No,Low,No
48,Male,82590.0,Urban,67.8,1,SUV,9,14,No,2.0,Yes,Low,No
29,Female,44386.0,Rural,49.2,1,Sedan,0,3,No,2.0,Yes,High,No
30,Female,115977.0,Urban,85.0,3,Truck,14,16,No,5.0,Yes,Low,Yes
36,Female,106350.0,Urban,11.6,2,Hatchback,8,8,Yes,2.0,Yes,Low,No
53,Male,30000.0,Urban,56.0,3,Hatchback,7,15,No,1.0,No,Medium,No
66,Female,70922.0,Urban,38.4,2,Sedan,11,6,No,3.0,No,Medium,No
65,Female,61825.0,Urban,29.3,4,SUV,13,5,No,1.0,Yes,Low,No
60,Male,60794.0,Urban,27.6,1,SUV,5,9,No,4.0,Yes,Low,No
38,Female,88333.0,Suburban,12.6,1,SUV,7,7,Yes,4.0,No,Low,No
58,Female,151159.0,Suburban,5.0,3,Hatchback,1,9,Yes,4.0,No,Low,Yes
32,Male,97795.0,Rural,47.6,2,Sedan,1,3,No,5.0,No,Low,No
46,Male,30000.0,Urban,72.1,2,Hatchback,12,13,Yes,5.0,Yes,Low,No
64,Female,134796.0,Suburban,53.4,1,Sedan,2,7,Yes,4.0,No,Low,No
58,Female,50525.0,Suburban,18.9,2,Truck,3,2,Yes,3.0,Yes,Low,No
56,Female,84441.0,Suburban,64.8,1,Sedan,0,4,Yes,4.0,No,Low,No
48,Male,81157.0,Urban,49.3,3,SUV,14,8,Yes,4.0,No,Low,No
26,Male,30000.0,Rural,69.1,1,Sedan,1,2,Yes,3.0,Yes,Low,No
69,Male,96777.0,Urban,11.7,2,Sedan,14,17,No,5.0,Yes,Low,No
65,Male,87100.0,Urban,66.1,2,SUV,12,10,Yes,3.0,No,Low,No
57,Male,66276.0,Urban,89.7,3,Hatchback,4,14,Yes,4.0,No,Low,No
48,Female,90866.0,Urban,41.2,4,Truck,9,17,No,5.0,Yes,Low,No
40,Other,71657.0,Suburban,48.1,2,Sedan,0,3,Yes,1.0,No,Low,No
35,Male,45554.0,Urban,53.0,1,SUV,10,15,Yes,1.0,No,Low,No
32,Female,95089.0,Urban,53.1,2,Sedan,12,13,No,5.0,Yes,Low,No
34,Female,72651.0,Suburban,82.3,1,Truck,2,5,Yes,5.0,Yes,Medium,No
57,Female,52899.0,Rural,47.1,2,SUV,0,1,Yes,3.0,Yes,Low,No
53,Male,93180.0,Urban,69.3,4,SUV,14,6,No,1.0,Yes,Low,No
67,Female,45365.0,Rural,84.1,2,SUV,2,3,Yes,3.0,No,Low,No
54,Female,59818.0,Urban,50.5,1,SUV,4,3,No,3.0,Yes,Low,Yes
25,Male,60772.0,Urban,17.3,1,Sedan,3,18,No,5.0,Yes,Low,No
54,Female,68414.0,Rural,16.1,1,Sedan,1,1,No,3.0,Yes,Low,Yes
39,Male,53818.0,Urban,24.2,1,Sedan,12,16,Yes,2.0,No,Low,No
56,Male,163082.0,Urban,12.3,2,Sedan,6,3,Yes,1.0,No,Low,No
36,Female,65037.0,Suburban,50.2,1,Sedan,2,3,Yes,5.0,Yes,Low,Yes
43,Female,55103.0,Urban,49.4,2,Hatchback,9,12,No,5.0,Yes,Low,No
46,Female,30000.0,Urban,30.1,1,Hatchback,10,13,No,5.0,No,Low,No
35,Male,93647.0,Suburban,54.3,3,Sedan,1,5,Yes,4.0,Yes,Low,Yes
58,Other,61274.0,Suburban,25.3,1,Hatchback,7,1,Yes,2.0,Yes,Low,No
62,Male,102851.0,Urban,56.4,3,Sedan,6,6,Yes,4.0,No,Low,No
43,Male,123692.0,Rural,54.3,2,SUV,0,3,Yes,1.0,Yes,Low,No
34,Male,114052.0,Urban,41.9,1,Sedan,6,3,Yes,1.0,Yes,Low,No
27,Female,37070.0,Urban,5.0,2,Hatchback,4,7,No,5.0,Yes,Medium,No
58,Female,121777.0,Urban,55.7,4,Sedan,14,16,Yes,3.0,Yes,Low,No
53,Male,93189.0,Suburban,33.2,1,Truck,4,6,Yes,5.0,No,Low,No
46,Female,58915.0,Urban,37.4,1,SUV,13,5,Yes,2.0,Yes,Low,No
37,Female,111729.0,Rural,49.4,1,Sedan,2,2,Yes,4.0,No,Low,No
38,Female,140908.0,Urban,10.5,1,Sedan,6,8,Yes,3.0,Yes,Low,Yes
35,Female,128430.0,Suburban,27.6,3,Hatchback,1,1,Yes,3.0,Yes,Low,Yes
68,Female,121426.0,Urban,98.6,1,Sedan,6,7,No,3.0,Yes,Medium,No
28,Male,93683.0,Urban,28.8,2,SUV,4,8,No,2.0,Yes,Medium,No
50,Female,100634.0,Urban,45.4,2,Sedan,8,3,No,1.0,Yes,Medium,No
50,Female,78606.0,Rural,36.8,1,SUV,1,2,Yes,1.0,Yes,Low,No
27,Male,94394.0,Rural,49.7,1,Sedan,2,1,Yes,4.0,No,Low,No
32,Female,153639.0,Urban,8.9,1,Hatchback,9,11,Yes,3.0,Yes,Low,Yes
31,Male,47933.0,Urban,26.2,1,Sedan,10,18,No,2.0,Yes,Low,No
35,Male,51102.0,Urban,98.4,2,SUV,12,13,Yes,2.0,No,Low,No
34,Other,88439.0,Urban,5.0,1,SUV,6,19,No,5.0,Yes,Low,No
65,Male,97125.0,Urban,5.0,2,Hatchback,13,16,Yes,5.0,No,Low,No
45,Male,131727.0,Suburban,44.0,1,Sedan,6,1,No,5.0,Yes,Medium,Yes
49,Female,126226.0,Urban,31.9,1,SUV,3,13,No,2.0,Yes,Low,No
35,Male,85177.0,Suburban,24.4,1,Sedan,4,9,Yes,3.0,No,Low,No
40,Male,154867.0,Suburban,10.3,3,SUV,0,1,Yes,3.0,Yes,Low,No
63,Female,87289.0,Urban,32.2,1,Hatchback,11,19,No,2.0,No,Low,No
36,Female,53703.0,Urban,5.0,1,Hatchback,7,12,No,4.0,Yes,Low,No
56,Female,96853.0,Suburban,48.4,1,SUV,2,2,Yes,3.0,No,Low,No
67,Female,80241.0,Rural,25.4,2,SUV,2,1,Yes,3.0,No,Low,No
37,Male,70401.0,Suburban,86.4,3,Sedan,3,8,Yes,3.0,Yes,Low,No
51,Male,78174.0,Suburban,49.1,1,SUV,5,4,Yes,2.0,No,Low,No
51,Male,120848.0,Urban,56.7,1,Sedan,5,14,Yes,3.0,Yes,Low,No
46,Female,52667.0,Urban,5.0,2,Hatchback,12,19,No,2.0,Yes,Low,Yes
69,Female,114760.0,Urban,74.0,1,SUV,11,10,Yes,3.0,No,Low,No
31,Female,30000.0,Urban,10.8,1,SUV,10,12,No,2.0,Yes,Medium,No
32,Male,84906.0,Suburban,55.7,3,Sedan,2,5,Yes,5.0,Yes,Low,Yes
37,Male,90011.0,Urban,30.7,2,SUV,8,15,Yes,3.0,No,Low,No
45,Male,69889.0,Urban,26.0,1,SUV,11,19,Yes,2.0,Yes,Low,No
25,Male,48516.0,Suburban,46.8,3,SUV,2,9,Yes,2.0,Yes,Low,No
61,Male,127235.0,Urban,5.0,1,SUV,14,10,No,1.0,Yes,Low,No
57,Male,73655.0,Urban,24.2,1,Sedan,2,11,Yes,5.0,Yes,Low,Yes
36,Female,99540.0,Suburban,32.8,1,Sedan,1,3,Yes,1.0,Yes,Low,No
27,Male,44160.0,Suburban,23.9,2,Sedan,2,1,Yes,5.0,No,Low,No
45,Male,74179.0,Suburban,5.0,3,SUV,2,1,No,2.0,No,Medium,No
50,Male,142784.0,Suburban,30.4,3,Hatchback,0,2,No,1.0,No,Medium,No
38,Male,83066.0,Urban,56.2,2,Sedan,9,13,No,1.0,No,Low,No
60,Female,81978.0,Urban,52.5,1,SUV,8,8,Yes,1.0,Yes,Low,No
30,Male,136037.0,Suburban,90.0,3,SUV,0,9,Yes,1.0,No,Low,No
61,Male,99891.0,Suburban,25.6,1,Sedan,1,6,Yes,1.0,Yes,Low,No
63,Female,65394.0,Urban,75.8,1,Hatchback,5,18,Yes,5.0,No,Low,No
42,Other,45156.0,Suburban,37.3,2,SUV,2,3,Yes,5.0,Yes,Low,No
41,Female,116575.0,Suburban,58.2,1,SUV,7,3,Yes,1.0,Yes,Low,No
45,Female,100033.0,Suburban,18.5,4,Sedan,3,2,No,2.0,No,Medium,No
62,Male,101557.0,Suburban,59.9,1,Sedan,1,5,Yes,5.0,No,Low,No
50,Male,131379.0,Urban,46.6,1,Sedan,8,4,No,3.0,No,Medium,No
56,Male,78435.0,Urban,35.2,1,Sedan,7,14,Yes,3.0,Yes,Low,No
41,Male,134751.0,Urban,32.7,2,SUV,12,14,No,2.0,No,Low,No
58,Male,63919.0,Urban,38.8,3,Sedan,13,8,No,4.0,No,Medium,No
31,Female,76878.0,Suburban,106.0,1,Sedan,1,3,Yes,3.0,No,Low,No
45,Male,146033.0,Urban,54.8,2,SUV,12,17,Yes,5.0,No,Low,No
38,Female,109123.0,Urban,52.8,1,Sedan,12,4,Yes,2.0,No,Low,No
52,Male,88249.0,Suburban,12.9,1,Sedan,1,3,Yes,3.0,Yes,Low,No
35,Female,69436.0,Suburban,65.4,2,SUV,7,5,No,1.0,Yes,Medium,No
67,Female,99017.0,Urban,48.5,2,Hatchback,8,16,No,1.0,Yes,Low,No
25,Female,83263.0,Urban,67.7,2,Sedan,5,7,No,1.0,No,Medium,No
39,Female,73824.0,Suburban,25.5,2,Hatchback,1,5,Yes,2.0,Yes,Low,No
31,Female,77126.0,Suburban,36.1,1,Truck,1,2,No,3.0,Yes,Medium,No
62,Female,53357.0,Urban,5.0,3,Hatchback,2,8,Yes,3.0,Yes,Low,Yes
30,Male,32968.0,Urban,6.0,2,Sedan,10,5,No,2.0,No,Low,No
60,Female,63428.0,Suburban,5.0,2,Hatchback,4,6,Yes,1.0,No,Low,No
30,Male,41425.0,Rural,5.0,2,Truck,2,3,Yes,3.0,No,Low,No
31,Female,97801.0,Suburban,24.9,3,Sedan,5,2,Yes,3.0,Yes,Low,No
35,Other,30000.0,Urban,30.4,1,Hatchback,10,8,No,2.0,Yes,Medium,No
29,Female,37833.0,Suburban,59.1,2,SUV,1,9,Yes,5.0,Yes,Low,Yes
29,Female,36076.0,Rural,22.5,1,SUV,0,3,Yes,2.0,Yes,Low,No
69,Female,91445.0,Suburban,22.6,1,SUV,4,7,Yes,3.0,Yes,Low,Yes
49,Female,138161.0,Urban,5.0,1,Truck,10,5,Yes,5.0,Yes,Low,Yes
48,Female,115195.0,Suburban,16.3,2,Truck,1,3,Yes,2.0,No,Low,No
54,Female,130406.0,Urban,42.2,1,Sedan,10,5,No,2.0,No,Low,No
40,Male,82665.0,Suburban,32.6,4,Sedan,5,2,Yes,1.0,No,Low,No
59,Female,110078.0,Suburban,37.7,1,Hatchback,6,8,No,4.0,No,Low,No
29,Female,86109.0,Urban,84.0,1,SUV,11,11,Yes,4.0,Yes,Low,Yes
48,Female,97524.0,Urban,46.0,1,SUV,6,5,No,5.0,No,Medium,No
47,Male,31240.0,Suburban,62.6,2,SUV,2,8,Yes,4.0,Yes,Low,No
44,Female,82870.0,Urban,5.0,1,Sedan,6,12,No,2.0,Yes,Low,No
30,Male,112279.0,Urban,47.5,1,Sedan,10,5,Yes,4.0,No,Low,No
58,Male,62264.0,Suburban,54.5,3,SUV,6,6,Yes,1.0,No,Low,No
58,Male,131762.0,Urban,91.4,2,SUV,2,3,Yes,4.0,Yes,Low,Yes
67,Male,98323.0,Suburban,49.7,2,Sedan,5,6,Yes,2.0,No,Low,No
27,Male,130047.0,Suburban,37.2,3,Sedan,7,7,Yes,2.0,Yes,Low,No
46,Male,77531.0,Urban,37.5,4,Sedan,12,16,Yes,5.0,No,Low,Yes
51,Female,96399.0,Suburban,5.0,2,Truck,5,4,Yes,1.0,Yes,Low,No
61,Female,33208.0,Urban,55.8,2,SUV,6,16,No,4.0,No,Low,No
62,Female,66518.0,Urban,5.0,1,Sedan,8,6,Yes,5.0,No,Low,No
56,Male,78566.0,Urban,66.8,2,Sedan,7,6,No,1.0,Yes,Medium,No
50,Female,94038.0,Suburban,35.6,1,Sedan,6,1,Yes,1.0,No,Low,No
54,Male,69451.0,Suburban,36.2,2,Hatchback,0,8,Yes,4.0,Yes,Low,Yes
36,Female,84287.0,Suburban,22.7,2,SUV,4,1,Yes,2.0,No,Low,No
27,Female,114711.0,Rural,17.7,1,Sedan,1,1,Yes,4.0,Yes,Low,Yes
45,Male,75368.0,Rural,25.4,1,Hatchback,0,0,Yes,4.0,No,Low,No
48,Male,39201.0,Suburban,44.2,1,SUV,6,5,Yes,5.0,No,Low,No
63,Male,62581.0,Urban,35.75,1,SUV,8,16,No,3.0,Yes,Low,Yes
45,Male,107721.0,Suburban,60.3,1,Sedan,3,3,No,3.0,No,Medium,No
44,Male,75069.0,Suburban,79.3,2,SUV,1,6,Yes,4.0,No,Low,No
29,Female,70179.0,Urban,27.0,3,Sedan,11,13,No,3.0,Yes,Low,No
56,Male,81133.0,Urban,18.5,2,Sedan,11,3,No,1.0,No,Low,No
63,Male,30000.0,Urban,52.8,3,Sedan,3,5,Yes,4.0,Yes,Low,No
60,Male,53426.0,Urban,23.5,1,Sedan,8,5,No,5.0,Yes,Medium,No
67,Other,101956.0,Suburban,66.2,1,Sedan,4,3,No,3.0,Yes,Medium,No
60,Other,81501.0,Urban,9.3,2,Hatchback,10,4,No,1.0,Yes,Low,No
32,Male,45383.0,Suburban,45.6,1,SUV,6,4,Yes,2.0,Yes,Low,No
63,Female,152720.0,Suburban,8.2,2,Truck,1,3,Yes,4.0,No,Low,No
62,Male,37977.0,Urban,22.8,2,Truck,4,5,Yes,2.0,Yes,Low,No
62,Male,51680.0,Urban,70.0,1,SUV,8,7,No,2.0,Yes,Medium,No
66,Male,63234.0,Suburban,29.5,1,Sedan,1,6,Yes,3.0,Yes,Low,No
32,Female,56046.0,Suburban,11.7,3,Sedan,4,1,Yes,3.0,No,Low,No
67,Male,75377.0,Suburban,55.3,2,SUV,2,8,Yes,2.0,Yes,Low,No
44,Female,77632.0,Urban,50.1,1,Sedan,7,5,No,5.0,No,Low,No
49,Female,84906.0,Urban,31.0,3,SUV,3,17,No,5.0,No,Low,No
48,Female,39505.0,Rural,45.6,1,SUV,1,3,Yes,3.0,Yes,Low,Yes
26,Female,51146.0,Suburban,45.2,3,SUV,6,9,Yes,2.0,Yes,Low,Yes
33,Male,68373.0,Urban,69.4,2,SUV,4,6,Yes,3.0,No,Low,No
47,Female,93599.0,Urban,63.0,1,Sedan,2,13,No,5.0,No,Low,No
64,Male,30000.0,Urban,57.5,1,Truck,12,17,No,1.0,Yes,Low,No
32,Female,46109.0,Urban,30.0,1,Hatchback,8,3,No,3.0,No,Medium,No
65,Female,87433.0,Suburban,57.7,1,Truck,2,1,Yes,5.0,No,Low,No
33,Male,90273.0,Rural,5.5,1,SUV,1,3,No,4.0,No,Medium,No
33,Male,84683.0,Urban,61.4,2,Sedan,8,18,No,3.0,Yes,Medium,No
45,Female,100984.0,Urban,5.0,1,Sedan,8,9,Yes,5.0,Yes,Low,Yes
41,Female,74014.0,Urban,9.2,2,SUV,2,11,No,5.0,Yes,Medium,No
35,Male,91623.0,Urban,5.0,1,Hatchback,6,9,No,3.0,Yes,Low,Yes
46,Female,73979.0,Suburban,5.0,1,Sedan,6,6,Yes,3.0,Yes,Low,No
51,Male,62151.0,Urban,48.8,1,Sedan,11,9,No,1.0,No,Medium,No
29,Female,123153.0,Urban,5.0,1,Sedan,9,14,Yes,3.0,No,Low,No
27,Female,78237.0,Urban,51.8,2,Sedan,8,12,Yes,5.0,No,Low,Yes
28,Male,113269.0,Suburban,20.0,1,SUV,6,3,Yes,5.0,Yes,Low,Yes
33,Male,112870.0,Suburban,21.6,2,SUV,5,1,Yes,3.0,No,Low,No
58,Female,39633.0,Urban,41.9,3,SUV,14,16,Yes,3.0,No,Low,No
43,Female,102593.0,Suburban,59.6,2,SUV,3,3,No,3.0,Yes,High,No
30,Male,158926.0,Urban,57.4,2,SUV,12,9,No,2.0,No,Low,No
35,Female,73636.0,Suburban,31.7,1,Sedan,3,3,Yes,5.0,No,Low,No
27,Female,84287.0,Suburban,40.3,2,Truck,7,8,Yes,2.0,Yes,Low,No
64,Male,53235.0,Urban,6.2,2,Truck,8,8,Yes,2.0,Yes,Low,No
51,Male,73490.0,Urban,45.4,2,Hatchback,7,11,Yes,1.0,Yes,Low,No
53,Male,67166.0,Urban,59.5,1,Sedan,12,12,No,3.0,Yes,Low,No
52,Female,71846.0,Urban,41.5,1,SUV,7,16,Yes,3.0,Yes,Low,No
36,Female,125064.0,Suburban,48.5,1,SUV,0,9,Yes,1.0,Yes,Low,Yes
29,Male,110904.0,Urban,26.0,2,SUV,3,3,Yes,2.0,No,Low,No
28,Other,88435.0,Urban,23.0,2,SUV,2,6,No,3.0,Yes,Medium,No
33,Female,82285.0,Urban,5.0,2,Sedan,2,3,No,5.0,No,Low,No
26,Male,81116.0,Suburban,12.3,1,Sedan,3,9,Yes,4.0,No,Low,No
49,Female,69522.0,Suburban,21.0,3,SUV,6,1,Yes,1.0,No,Low,No
46,Male,46171.0,Rural,38.8,1,Hatchback,2,2,Yes,5.0,Yes,Low,No
46,Male,84273.0,Suburban,15.4,3,Sedan,4,7,No,5.0,Yes,High,No
67,Female,79222.0,Suburban,31.7,3,SUV,1,5,Yes,3.0,No,Low,No
32,Male,138237.0,Urban,39.2,1,Sedan,4,3,Yes,1.0,No,Low,No
26,Male,33594.0,Suburban,5.0,3,Sedan,7,7,Yes,3.0,Yes,Low,No
37,Female,84758.0,Suburban,46.3,1,SUV,6,5,Yes,2.0,No,Low,No
39,Male,65457.0,Suburban,45.0,1,Sedan,0,8,Yes,2.0,No,Low,No
33,Male,102870.0,Urban,30.4,1,Sedan,6,7,Yes,3.0,Yes,Low,No
28,Female,68367.0,Suburban,19.4,2,Truck,2,3,Yes,4.0,Yes,Low,Yes
61,Male,33227.0,Rural,16.7,2,Hatchback,2,0,Yes,2.0,Yes,Low,No
60,Female,63794.0,Urban,5.0,4,Sedan,9,7,No,5.0,No,Low,No
64,Male,92704.0,Urban,26.5,4,SUV,6,19,No,2.0,Yes,Low,No
53,Male,60931.0,Suburban,43.2,1,Hatchback,1,8,Yes,2.0,Yes,Low,No
25,Female,84758.0,Rural,31.0,1,Sedan,1,0,Yes,5.0,No,Low,No
59,Other,84096.0,Suburban,34.6,1,Truck,4,4,Yes,1.0,Yes,Low,No
58,Male,58383.0,Rural,55.7,1,SUV,0,3,Yes,2.0,Yes,Low,No
62,Male,79417.0,Suburban,44.0,3,Truck,1,8,No,2.0,Yes,Medium,No
36,Male,41687.0,Urban,42.9,1,Sedan,4,6,No,5.0,Yes,Low,No
54,Female,85469.0,Urban,39.9,1,Truck,12,12,No,3.0,No,Low,No
46,Male,121283.0,Urban,36.0,4,Hatchback,8,11,No,4.0,Yes,Low,No
56,Female,81593.0,Urban,5.0,3,Hatchback,3,4,No,3.0,Yes,Low,No
49,Female,100537.0,Suburban,5.0,2,Sedan,0,5,Yes,4.0,Yes,Low,No
67,Female,85264.0,Urban,76.8,2,Hatchback,10,17,No,5.0,No,Low,No
38,Female,136613.0,Rural,20.0,1,Sedan,2,1,Yes,1.0,No,Low,No
39,Female,110733.0,Urban,37.5,4,Sedan,12,4,No,5.0,No,Medium,No
35,Female,47123.0,Urban,50.1,2,Sedan,9,8,No,3.0,Yes,Medium,No
58,Female,60725.0,Urban,62.2,1,SUV,8,12,Yes,5.0,Yes,Low,Yes
48,Female,48493.0,Suburban,42.6,1,Sedan,2,5,Yes,1.0,Yes,Low,No
36,Male,30000.0,Urban,10.3,1,Truck,8,18,Yes,3.0,No,Low,No
45,Female,42565.0,Urban,5.0,1,Sedan,2,18,Yes,1.0,No,Low,No
28,Male,83646.0,Urban,62.1,2,Sedan,8,8,Yes,1.0,Yes,Low,No
25,Female,73580.0,Urban,41.1,1,Sedan,14,6,Yes,4.0,Yes,Low,Yes
57,Male,39716.0,Suburban,43.9,3,Truck,3,5,Yes,5.0,No,Low,No
42,Male,30000.0,Urban,41.4,2,SUV,4,13,No,5.0,No,Low,No
60,Other,76978.0,Urban,97.4,2,Sedan,8,18,No,2.0,No,Medium,No
28,Female,30000.0,Suburban,43.5,4,SUV,3,4,Yes,4.0,Yes,Low,No
57,Female,131879.0,Urban,50.9,1,Sedan,4,16,Yes,3.0,Yes,Low,No
59,Female,120369.0,Urban,24.8,4,Hatchback,11,9,Yes,1.0,No,Low,No
48,Female,79362.0,Suburban,35.8,3,SUV,3,7,Yes,3.0,No,Low,No
48,Female,126166.0,Rural,46.6,3,Sedan,2,0,Yes,2.0,Yes,Low,Yes
41,Male,99426.0,Suburban,92.0,2,SUV,4,3,Yes,5.0,Yes,Low,Yes
51,Male,39793.0,Suburban,5.0,2,Sedan,0,2,Yes,4.0,No,Low,No
62,Female,30000.0,Rural,65.4,3,Sedan,1,1,Yes,3.0,No,Medium,No
63,Other,82903.0,Urban,23.6,4,Truck,3,18,Yes,1.0,Yes,Low,No
57,Male,69982.0,Urban,11.9,1,SUV,4,13,Yes,3.0,No,Low,No
52,Male,88265.0,Urban,38.3,2,SUV,8,6,No,3.0,No,Low,No
29,Female,44466.0,Suburban,83.7,1,SUV,1,8,Yes,4.0,No,Low,No
40,Male,38132.0,Urban,29.7,2,SUV,7,10,No,2.0,Yes,Low,No
61,Male,88405.0,Suburban,58.9,2,SUV,1,9,Yes,1.0,Yes,Low,No
35,Female,97787.0,Urban,36.8,1,SUV,10,16,Yes,3.0,No,Low,No
27,Male,103109.0,Suburban,51.8,2,SUV,0,1,Yes,2.0,Yes,Medium,No
60,Male,117307.0,Suburban,53.6,1,SUV,3,4,Yes,5.0,Yes,Low,Yes
28,Male,111419.0,Suburban,50.5,4,Hatchback,6,9,No,2.0,Yes,Medium,No
50,Male,121296.0,Urban,33.8,2,Truck,4,16,No,2.0,Yes,Low,No
59,Female,113978.0,Rural,89.1,3,SUV,0,3,Yes,2.0,Yes,Low,No
66,Male,40897.0,Rural,17.0,2,Hatchback,1,2,Yes,3.0,No,Low,No
46,Male,49661.0,Urban,30.4,3,SUV,5,15,No,5.0,No,Low,No
40,Male,49434.0,Suburban,25.7,1,Sedan,0,3,Yes,4.0,No,Low,No
45,Female,71088.0,Rural,41.3,1,SUV,2,2,Yes,3.0,Yes,Low,No
52,Male,129537.0,Suburban,48.1,2,SUV,7,4,Yes,1.0,Yes,Low,No
35,Female,84695.0,Urban,40.2,2,SUV,6,7,No,1.0,Yes,Low,No
44,Male,90299.0,Urban,5.0,1,Truck,6,13,No,5.0,Yes,Medium,Yes
32,Female,77115.0,Suburban,17.4,2,Sedan,4,6,Yes,5.0,Yes,Low,No
65,Male,84758.0,Urban,41.4,1,Truck,8,11,No,4.0,Yes,Low,Yes
33,Male,157619.0,Urban,69.4,2,Truck,2,12,No,4.0,Yes,Low,Yes
39,Male,59841.0,Urban,49.3,2,SUV,9,17,No,4.0,No,Low,No
25,Female,118412.0,Suburban,55.5,4,Sedan,5,1,No,3.0,No,Medium,No
52,Male,97120.0,Rural,5.0,2,Sedan,0,1,Yes,3.0,Yes,Low,No
40,Female,66984.0,Rural,22.8,1,SUV,2,1,Yes,5.0,Yes,Low,No
27,Female,124402.0,Rural,52.9,3,Sedan,0,3,Yes,5.0,Yes,Low,Yes
45,Male,164835.0,Rural,56.1,3,SUV,1,2,Yes,1.0,No,Low,No
47,Male,88167.0,Suburban,96.5,2,Hatchback,7,6,Yes,4.0,No,Medium,No
53,Female,116666.0,Suburban,38.9,2,Hatchback,7,8,Yes,4.0,Yes,Low,Yes
31,Male,42049.0,Rural,12.6,4,SUV,2,1,Yes,5.0,No,Low,No
52,Female,101912.0,Urban,19.2,4,SUV,14,5,Yes,2.0,Yes,Low,Yes
61,Male,81297.0,Urban,5.1,2,Hatchback,6,6,Yes,1.0,No,Low,No
29,Male,108172.0,Suburban,55.6,1,SUV,0,4,Yes,2.0,Yes,Low,No
25,Female,88610.0,Suburban,15.3,3,Sedan,5,1,Yes,1.0,Yes,Low,No
27,Male,85915.0,Suburban,71.1,1,SUV,4,5,Yes,4.0,Yes,Low,Yes
57,Male,73555.0,Suburban,60.5,2,Sedan,6,5,Yes,3.0,Yes,Low,No
65,Male,127415.0,Suburban,45.4,1,Sedan,7,5,Yes,4.0,No,Low,No
38,Female,37633.0,Urban,106.0,1,SUV,2,4,Yes,2.0,Yes,Medium,No
37,Male,78150.0,Urban,12.4,3,SUV,6,8,Yes,5.0,Yes,Low,Yes
51,Male,30000.0,Urban,58.4,3,Sedan,13,15,No,5.0,No,Low,No
38,Female,57127.0,Suburban,24.8,1,Sedan,4,2,No,3.0,Yes,Low,No
42,Female,69672.0,Urban,46.5,1,Sedan,11,6,No,5.0,Yes,Low,No
41,Male,150805.0,Urban,34.1,1,Truck,4,4,Yes,1.0,Yes,Low,No
42,Female,69356.0,Rural,58.8,2,Sedan,1,0,Yes,3.0,Yes,Low,No
33,Female,81019.0,Urban,23.4,1,SUV,7,5,No,5.0,Yes,Medium,No
33,Female,120560.0,Suburban,21.6,1,Sedan,3,9,Yes,2.0,Yes,Low,No
61,Male,41087.0,Rural,34.6,1,Hatchback,2,2,Yes,3.0,Yes,Low,No
55,Female,106059.0,Rural,5.4,4,Sedan,0,0,Yes,2.0,Yes,Low,Yes
60,Male,78464.0,Suburban,35.7,3,SUV,0,1,No,5.0,Yes,Medium,No
30,Female,61183.0,Urban,81.3,1,SUV,6,8,No,2.0,Yes,Low,No
58,Male,109380.0,Urban,62.8,3,Truck,6,19,No,2.0,Yes,Low,No
62,Other,106086.0,Urban,67.0,1,SUV,8,3,No,1.0,Yes,Medium,No
54,Male,119975.0,Urban,82.9,3,SUV,14,5,Yes,1.0,No,Low,No
58,Male,98232.0,Suburban,54.8,1,Sedan,5,3,Yes,3.0,Yes,Low,No
53,Female,48633.0,Rural,5.0,2,Hatchback,2,2,Yes,4.0,Yes,Low,No
48,Female,76631.0,Suburban,62.3,2,Hatchback,3,1,Yes,3.0,Yes,Low,No
46,Male,124394.0,Urban,27.2,1,SUV,12,17,Yes,4.0,No,Low,No
47,Female,91927.0,Suburban,66.6,2,Sedan,0,6,No,2.0,Yes,Low,No
50,Male,62271.0,Rural,48.1,2,SUV,0,3,Yes,1.0,No,Low,No
31,Male,30000.0,Urban,38.9,2,Hatchback,10,16,No,5.0,Yes,Low,Yes
36,Male,95614.0,Urban,10.2,3,Sedan,7,18,Yes,5.0,Yes,Low,Yes
29,Female,79010.0,Suburban,51.8,2,Sedan,4,2,Yes,5.0,No,Low,No
40,Male,89116.0,Suburban,62.5,1,Hatchback,2,8,Yes,4.0,Yes,Low,Yes
55,Male,41356.0,Urban,42.4,2,Sedan,14,7,Yes,5.0,Yes,Low,Yes
53,Male,82263.0,Rural,23.0,2,SUV,0,3,Yes,4.0,Yes,Low,No
33,Male,101633.0,Urban,42.2,1,SUV,12,5,Yes,5.0,Yes,Low,Yes
65,Female,88415.0,Urban,33.2,1,SUV,6,3,Yes,3.0,Yes,Low,No
66,Male,77797.0,Rural,71.8,1,Truck,0,1,Yes,4.0,Yes,Low,Yes
54,Male,159391.0,Urban,48.7,1,Sedan,11,4,No,5.0,Yes,Medium,Yes
62,Male,30000.0,Suburban,5.0,1,Hatchback,0,8,Yes,1.0,Yes,Low,No
36,Male,137524.0,Suburban,64.9,3,SUV,6,1,Yes,2.0,Yes,Low,No
30,Male,77374.0,Urban,5.0,2,SUV,5,12,Yes,5.0,Yes,Low,Yes
57,Female,72457.0,Urban,77.7,3,Sedan,11,7,Yes,2.0,Yes,Low,No
34,Female,96530.0,Rural,49.5,3,Sedan,0,0,Yes,4.0,Yes,Low,Yes
36,Female,129662.0,Suburban,54.5,1,SUV,3,2,Yes,1.0,No,Low,No
37,Female,47015.0,Suburban,60.7,1,Sedan,0,9,Yes,3.0,Yes,Low,No
64,Male,73991.0,Urban,31.7,1,Sedan,2,16,No,5.0,No,Medium,No
53,Female,106393.0,Rural,34.9,2,Sedan,0,3,Yes,2.0,Yes,Low,No
69,Female,109289.0,Urban,79.3,1,Sedan,4,15,Yes,5.0,Yes,Low,Yes
38,Male,107277.0,Rural,53.2,2,SUV,0,1,Yes,4.0,No,Medium,No
43,Female,83847.0,Suburban,21.9,1,Hatchback,3,9,Yes,3.0,Yes,Low,Yes
61,Male,43560.0,Urban,71.4,3,Sedan,2,16,No,2.0,Yes,Low,No
40,Female,47407.0,Urban,38.2,3,Sedan,8,14,No,2.0,Yes,Low,No
35,Female,75300.0,Rural,38.5,2,Hatchback,0,0,Yes,5.0,Yes,Low,Yes
65,Male,89613.0,Suburban,77.2,3,Hatchback,3,3,Yes,2.0,Yes,Low,No
28,Male,85776.0,Urban,5.0,1,Sedan,5,3,Yes,5.0,No,Low,No
25,Female,61836.0,Urban,8.4,1,Sedan,10,12,No,4.0,Yes,Low,No
38,Female,134049.0,Suburban,39.4,2,Hatchback,6,5,Yes,1.0,No,Low,No
45,Male,78079.0,Urban,67.6,1,Sedan,14,5,Yes,3.0,Yes,Low,Yes
31,Male,31873.0,Suburban,35.9,1,SUV,2,8,Yes,1.0,No,Low,No
52,Male,84287.0,Urban,56.9,2,Sedan,12,6,No,5.0,Yes,Medium,Yes
62,Male,135321.0,Suburban,76.6,2,Hatchback,7,4,Yes,2.0,No,Low,No
38,Female,101113.0,Suburban,89.6,1,Hatchback,1,5,Yes,2.0,No,Low,No
56,Other,87689.0,Urban,67.0,2,Sedan,5,15,No,2.0,Yes,Medium,No
32,Female,61310.0,Urban,45.3,2,Truck,6,5,Yes,5.0,No,Low,No
60,Female,98447.0,Urban,30.8,1,Sedan,14,8,No,3.0,No,Low,No
63,Male,102454.0,Urban,59.0,2,Sedan,8,18,No,2.0,Yes,Low,No
46,Female,62703.0,Urban,52.2,3,SUV,8,10,Yes,4.0,No,Low,No
65,Male,55095.0,Urban,32.7,1,Sedan,14,8,No,3.0,Yes,Low,No
66,Male,117811.0,Suburban,26.2,2,Hatchback,3,9,Yes,3.0,Yes,Low,Yes
63,Male,115753.0,Urban,9.2,2,Hatchback,7,13,Yes,2.0,Yes,Low,No
47,Female,51227.0,Suburban,24.0,4,Hatchback,0,6,Yes,3.0,Yes,Low,No
46,Female,72254.0,Rural,44.7,3,SUV,0,2,Yes,5.0,Yes,Low,No
42,Female,166587.0,Urban,43.0,1,Sedan,13,4,No,3.0,Yes,Medium,No
39,Male,30000.0,Urban,46.9,1,Sedan,2,6,Yes,3.0,Yes,Low,No
52,Female,110681.0,Urban,60.5,2,SUV,13,6,No,3.0,Yes,Medium,No
40,Female,124173.0,Urban,71.9,1,SUV,9,5,Yes,1.0,Yes,Low,No
38,Male,73000.0,Urban,38.5,2,Hatchback,9,18,Yes,3.0,Yes,Low,No
29,Female,58657.0,Suburban,10.5,4,Truck,1,8,No,3.0,No,Medium,No
49,Male,117813.0,Urban,28.6,2,Hatchback,3,5,No,2.0,Yes,Medium,No
39,Female,95388.0,Urban,16.3,2,Sedan,9,6,Yes,2.0,No,Low,No
53,Male,63800.0,Suburban,44.1,2,Sedan,5,2,Yes,2.0,Yes,Low,No
51,Female,152747.0,Urban,65.9,2,Sedan,14,13,Yes,1.0,Yes,Low,No
25,Female,105950.0,Urban,67.4,3,SUV,7,12,No,5.0,Yes,Low,Yes
33,Female,104084.0,Suburban,17.8,2,Sedan,4,3,Yes,3.0,No,Low,No
65,Male,61697.0,Urban,59.7,2,SUV,10,5,Yes,5.0,No,Low,No
37,Female,68091.0,Suburban,61.1,2,Truck,3,8,Yes,5.0,No,Low,No
60,Female,76808.0,Rural,32.7,4,Sedan,2,1,Yes,2.0,Yes,Low,No
67,Other,120774.0,Urban,98.2,2,Sedan,3,14,Yes,1.0,Yes,Low,No
39,Other,40431.0,Urban,57.7,2,Sedan,13,17,No,1.0,No,Low,No
41,Male,45658.0,Urban,13.2,1,Sedan,8,13,Yes,3.0,Yes,Low,Yes
25,Male,105899.0,Suburban,50.3,2,Sedan,0,2,No,2.0,No,High,No
29,Male,128779.0,Urban,13.2,3,SUV,14,5,No,5.0,No,Low,No
59,Female,93911.0,Rural,36.5,1,Hatchback,1,1,Yes,1.0,Yes,Low,No
52,Male,94692.0,Urban,60.3,2,SUV,12,8,No,5.0,Yes,Low,No
53,Female,72875.0,Urban,38.9,1,Sedan,5,15,Yes,1.0,No,Low,No
28,Female,108847.0,Urban,69.3,2,Sedan,12,5,No,5.0,Yes,Low,Yes
63,Male,67671.0,Suburban,70.9,2,Sedan,6,1,Yes,4.0,Yes,Low,Yes
67,Male,117646.0,Urban,25.0,2,Sedan,9,7,No,4.0,Yes,Low,Yes
61,Male,79905.0,Urban,36.1,2,SUV,8,5,No,2.0,Yes,Low,No
65,Male,79272.0,Urban,34.7,2,Hatchback,11,17,Yes,1.0,Yes,Low,No
52,Female,65659.0,Urban,11.8,3,Truck,9,6,No,2.0,Yes,Low,No
41,Male,67260.0,Suburban,37.2,2,Truck,1,2,Yes,1.0,Yes,Low,No
45,Female,121657.0,Suburban,20.0,2,Sedan,3,1,Yes,4.0,Yes,Low,Yes
53,Other,65722.0,Urban,67.7,1,SUV,3,4,Yes,3.0,Yes,Low,No
44,Female,30000.0,Suburban,40.2,3,Sedan,3,5,Yes,3.0,Yes,Low,No
68,Male,148943.0,Urban,5.0,2,Truck,6,12,No,2.0,Yes,Low,No
40,Female,54835.0,Urban,70.6,1,Sedan,12,17,Yes,4.0,Yes,Low,No
67,Other,111043.0,Urban,44.8,1,Truck,13,19,Yes,4.0,No,Low,No
36,Female,103304.0,Rural,5.0,1,Sedan,2,0,Yes,1.0,No,Low,No
47,Female,135398.0,Urban,21.0,3,SUV,9,6,Yes,2.0,Yes,Low,No
36,Female,30000.0,Urban,22.5,2,SUV,13,6,No,2.0,No,Medium,No
58,Other,109558.0,Suburban,32.7,1,SUV,1,6,Yes,2.0,Yes,Low,No
30,Male,62212.0,Suburban,88.3,2,Hatchback,6,5,No,5.0,No,Medium,No
37,Male,122427.0,Suburban,15.7,1,SUV,1,2,Yes,5.0,Yes,Low,Yes
52,Male,47199.0,Suburban,34.2,1,Hatchback,6,9,Yes,4.0,Yes,Low,No
43,Male,48047.0,Suburban,5.0,1,Truck,7,1,No,3.0,Yes,Medium,No
25,Male,70118.0,Suburban,44.4,2,Sedan,6,4,Yes,1.0,No,Low,No
26,Female,129647.0,Urban,5.0,4,Hatchback,4,3,Yes,4.0,Yes,Low,No
27,Male,142021.0,Suburban,68.2,1,SUV,7,9,Yes,1.0,Yes,Low,No
66,Female,129962.0,Rural,99.1,2,Sedan,2,2,Yes,4.0,Yes,Low,No
54,Male,92028.0,Urban,18.3,1,Sedan,9,13,Yes,5.0,Yes,Low,Yes
67,Female,69715.0,Urban,35.0,2,SUV,11,9,No,5.0,Yes,Medium,Yes
62,Male,49788.0,Rural,80.6,2,SUV,2,2,Yes,2.0,Yes,Low,No
35,Female,84906.0,Urban,45.2,3,Sedan,6,8,No,2.0,No,Medium,No
46,Female,111573.0,Suburban,88.9,1,Hatchback,7,8,No,3.0,No,High,No
65,Male,82910.0,Suburban,53.3,1,SUV,6,5,Yes,3.0,No,Low,No
51,Female,71545.0,Urban,67.5,1,Sedan,14,8,No,2.0,Yes,Low,No
45,Male,58705.0,Urban,58.7,3,SUV,6,13,Yes,4.0,Yes,Low,No
45,Female,126999.0,Suburban,34.9,2,Sedan,6,7,No,1.0,Yes,Medium,No
62,Female,30000.0,Rural,44.0,2,Sedan,0,3,Yes,4.0,Yes,Low,No
28,Female,73983.0,Suburban,46.4,2,Sedan,4,5,No,3.0,Yes,Medium,No
51,Other,100334.0,Urban,58.7,2,Sedan,10,7,No,4.0,Yes,Low,Yes
50,Male,74657.0,Urban,60.5,3,Sedan,12,8,No,3.0,No,Low,No
25,Male,97574.0,Suburban,42.5,2,Hatchback,4,8,Yes,5.0,No,Low,No
64,Female,39421.0,Suburban,33.1,2,SUV,3,4,No,1.0,No,High,No
59,Female,103791.0,Urban,35.5,2,SUV,9,5,Yes,1.0,Yes,Low,No
34,Male,153131.0,Urban,87.8,1,Sedan,9,12,No,3.0,Yes,Medium,No
29,Female,130201.0,Suburban,70.9,4,Truck,5,7,No,4.0,Yes,Medium,No
31,Male,102057.0,Urban,30.2,2,SUV,9,12,No,3.0,No,Low,No
36,Female,77922.0,Rural,70.0,2,Hatchback,1,3,Yes,3.0,No,Low,No
38,Male,58504.0,Urban,39.4,2,Sedan,4,18,No,3.0,No,Low,No
69,Female,130318.0,Rural,70.5,4,SUV,0,1,Yes,3.0,Yes,Low,No
51,Female,59802.0,Rural,22.6,3,Sedan,0,2,Yes,4.0,Yes,Low,No
66,Female,114030.0,Urban,17.5,3,Truck,8,11,Yes,2.0,Yes,Low,No
38,Male,100094.0,Urban,44.5,2,SUV,7,7,Yes,4.0,Yes,Low,Yes
31,Female,83410.0,Rural,47.1,2,Hatchback,1,1,Yes,1.0,Yes,Low,No
49,Female,105944.0,Urban,87.0,1,Sedan,9,12,No,4.0,No,Medium,No
59,Male,110914.0,Urban,19.5,1,Hatchback,8,9,No,4.0,Yes,Medium,No
27,Male,89874.0,Urban,86.4,2,Sedan,13,5,No,4.0,Yes,Medium,No
43,Female,30000.0,Suburban,68.7,1,Truck,3,9,No,1.0,Yes,Medium,No
33,Female,69979.0,Urban,20.9,4,Sedan,8,19,No,3.0,Yes,Low,Yes
64,Female,104896.0,Suburban,24.9,2,Sedan,3,2,Yes,1.0,Yes,Low,No
45,Male,118062.0,Urban,50.7,1,Hatchback,2,4,No,4.0,Yes,Medium,Yes
46,Male,104942.0,Urban,62.6,2,Truck,7,18,No,5.0,Yes,Low,Yes
26,Female,84758.0,Urban,54.4,1,SUV,5,15,No,3.0,No,Low,Yes
39,Male,71643.0,Suburban,37.1,3,Sedan,2,4,Yes,4.0,Yes,Low,Yes
47,Male,101057.0,Urban,34.4,2,SUV,6,17,No,2.0,Yes,Low,No
43,Other,77133.0,Suburban,5.0,4,Sedan,1,7,No,4.0,Yes,Low,No
35,Female,92039.0,Rural,16.8,2,Sedan,1,0,Yes,4.0,No,Low,No
57,Female,76503.0,Rural,54.4,1,Sedan,0,2,Yes,1.0,Yes,Low,Yes
57,Male,124667.0,Urban,49.4,1,SUV,9,15,No,4.0,No,Medium,No
59,Male,101212.0,Urban,47.3,3,Sedan,13,11,No,3.0,Yes,Low,No
30,Female,110933.0,Urban,68.2,1,Sedan,14,6,No,1.0,Yes,Low,No
64,Female,127303.0,Rural,5.0,1,Hatchback,0,2,Yes,4.0,Yes,Low,Yes
39,Female,124410.0,Suburban,5.0,3,Sedan,3,3,No,4.0,No,High,No
28,Male,105513.0,Urban,42.6,2,Sedan,13,10,No,5.0,Yes,Low,Yes
69,Female,30000.0,Suburban,34.4,1,Sedan,5,3,No,2.0,Yes,Medium,No
40,Male,65513.0,Suburban,23.8,2,Sedan,7,7,No,4.0,Yes,Medium,Yes
25,Female,78342.0,Suburban,28.6,1,SUV,7,8,Yes,5.0,Yes,Low,No
39,Male,75595.0,Urban,69.5,1,SUV,5,9,Yes,5.0,Yes,Low,No
57,Female,136166.0,Suburban,48.3,2,SUV,1,3,Yes,2.0,Yes,Low,No
27,Female,105354.0,Urban,23.2,2,Hatchback,4,12,Yes,3.0,Yes,Low,No
43,Female,115620.0,Suburban,77.8,2,Hatchback,1,2,Yes,4.0,Yes,Low,No
41,Male,59664.0,Urban,9.3,1,Sedan,8,17,Yes,4.0,Yes,Low,No
26,Female,111587.0,Rural,20.7,2,SUV,2,1,Yes,3.0,Yes,Low,No
27,Male,109939.0,Urban,22.8,2,Sedan,14,6,No,5.0,Yes,Low,Yes
48,Male,90337.0,Suburban,46.6,2,SUV,3,8,Yes,5.0,Yes,Low,Yes
44,Female,132479.0,Suburban,70.9,2,Sedan,5,5,Yes,4.0,Yes,Low,Yes
44,Female,32502.0,Rural,19.7,1,Truck,0,0,Yes,3.0,No,Low,No
31,Male,125905.0,Suburban,5.0,2,SUV,0,7,Yes,5.0,Yes,Low,Yes
43,Female,86264.0,Urban,5.0,2,SUV,5,7,Yes,4.0,Yes,Low,No
65,Female,54326.0,Urban,15.4,3,Sedan,14,4,No,3.0,Yes,Low,No
54,Female,62336.0,Urban,56.4,3,SUV,5,9,Yes,1.0,No,Low,No
31,Male,81098.0,Urban,55.3,1,Truck,11,3,No,2.0,Yes,Medium,No
67,Male,169378.0,Suburban,26.9,3,Sedan,3,9,Yes,1.0,Yes,Low,No
61,Male,129216.0,Urban,92.3,1,Sedan,11,10,Yes,2.0,No,Low,No
62,Female,47375.0,Rural,21.8,2,Truck,2,2,Yes,2.0,No,Low,No
46,Female,72320.0,Suburban,50.9,1,Hatchback,2,1,Yes,4.0,Yes,Low,No
27,Male,74830.0,Rural,64.0,1,Sedan,0,3,Yes,1.0,Yes,Low,No
37,Male,77179.0,Urban,54.4,2,Truck,7,16,No,3.0,No,Low,No
68,Female,30000.0,Rural,75.4,2,Hatchback,2,2,Yes,2.0,Yes,Low,No
28,Male,117017.0,Suburban,5.0,2,Sedan,1,6,No,2.0,Yes,Medium,No
46,Male,94069.0,Suburban,41.3,1,Hatchback,0,3,Yes,5.0,Yes,Low,Yes
50,Male,110560.0,Rural,47.5,1,Sedan,1,3,Yes,3.0,Yes,Low,No
37,Female,76909.0,Suburban,46.8,3,Hatchback,2,1,Yes,3.0,No,Low,No
29,Female,139330.0,Urban,27.4,4,SUV,13,15,No,4.0,Yes,Low,Yes
56,Male,40326.0,Urban,24.6,2,Truck,10,8,Yes,5.0,No,Low,No
59,Male,44015.0,Suburban,22.7,1,Hatchback,4,1,Yes,4.0,Yes,Low,No
28,Female,108803.0,Suburban,90.6,2,SUV,3,5,No,4.0,No,Medium,No
43,Male,61354.0,Urban,33.0,4,Sedan,10,5,No,2.0,No,Medium,No
62,Female,114444.0,Urban,53.9,2,SUV,10,3,No,1.0,Yes,Medium,No
58,Female,93121.0,Urban,28.0,2,Sedan,13,19,No,3.0,No,Low,No
54,Male,90329.0,Urban,84.9,3,Hatchback,11,6,Yes,4.0,Yes,Low,No
51,Female,72614.0,Suburban,15.4,1,Truck,6,8,Yes,3.0,Yes,Low,Yes
49,Male,96749.0,Urban,106.0,1,Truck,7,8,Yes,5.0,No,Low,No
41,Female,30000.0,Rural,41.3,2,SUV,2,3,Yes,2.0,Yes,Low,No
58,Female,69516.0,Rural,56.3,4,Hatchback,0,1,Yes,5.0,Yes,Low,Yes
60,Female,81289.0,Suburban,17.8,2,Sedan,5,5,Yes,4.0,No,Low,No
25,Male,143772.0,Suburban,81.3,1,SUV,4,5,Yes,3.0,No,Low,No
36,Male,96207.0,Rural,25.2,1,SUV,0,0,Yes,2.0,Yes,Low,No
43,Male,82669.0,Urban,22.9,2,SUV,10,15,No,4.0,No,Low,No
55,Female,84906.0,Suburban,32.0,3,Sedan,1,2,Yes,4.0,Yes,Low,Yes
58,Female,58003.0,Urban,34.9,1,Hatchback,6,12,Yes,4.0,No,Low,No
28,Male,36361.0,Urban,26.8,2,Sedan,4,15,Yes,5.0,Yes,Low,No
56,Male,30000.0,Urban,15.2,3,Sedan,4,17,No,4.0,Yes,Medium,No
44,Female,86452.0,Urban,53.3,1,Hatchback,10,10,No,4.0,Yes,Low,Yes
64,Male,122141.0,Urban,60.7,1,Sedan,11,16,No,2.0,Yes,Low,No
57,Female,98497.0,Urban,63.9,1,Truck,5,3,No,5.0,Yes,Medium,No
33,Male,128768.0,Urban,59.4,2,Sedan,4,19,No,4.0,No,Medium,No
27,Male,109703.0,Urban,66.6,1,Truck,3,17,No,1.0,Yes,Medium,No
34,Female,81111.0,Urban,34.8,2,Sedan,3,3,No,4.0,No,Medium,No
60,Female,30000.0,Suburban,101.2,1,Sedan,6,6,Yes,2.0,No,Low,No
67,Female,144003.0,Rural,5.0,1,Truck,2,0,Yes,3.0,Yes,Low,No
58,Male,59754.0,Suburban,47.1,1,SUV,6,2,Yes,1.0,No,Low,No
41,Male,124427.0,Urban,41.2,4,SUV,7,4,Yes,1.0,No,Low,No
37,Male,76458.0,Urban,11.8,1,Truck,13,18,Yes,1.0,Yes,Low,No
67,Male,97895.0,Suburban,16.8,1,Sedan,2,2,Yes,3.0,Yes,Low,Yes
37,Other,59122.0,Suburban,73.5,1,Truck,2,7,No,2.0,Yes,High,No
55,Female,99524.0,Rural,5.0,1,Sedan,2,2,Yes,5.0,No,Low,No
28,Male,89858.0,Urban,14.3,2,Sedan,10,4,No,4.0,Yes,Medium,No
54,Female,103643.0,Urban,75.4,1,Sedan,4,3,No,2.0,Yes,Medium,No
59,Male,56368.0,Urban,62.6,2,Sedan,4,6,Yes,2.0,Yes,Low,No
36,Female,146657.0,Urban,44.3,2,Sedan,11,19,Yes,2.0,Yes,Low,Yes
33,Female,49089.0,Urban,24.1,1,SUV,2,6,Yes,4.0,No,Low,No
67,Male,66894.0,Suburban,49.6,2,SUV,3,8,Yes,1.0,No,Low,No
69,Female,58594.0,Urban,62.7,2,Sedan,5,15,No,1.0,Yes,Medium,No
50,Male,102882.0,Suburban,71.8,1,SUV,2,4,Yes,5.0,No,Low,No
39,Male,104452.0,Urban,50.2,1,Sedan,6,9,No,3.0,Yes,Low,No
50,Male,56943.0,Urban,48.5,1,Sedan,9,19,Yes,2.0,Yes,Low,No
68,Male,30000.0,Urban,34.1,1,Sedan,7,3,No,5.0,Yes,Medium,No
47,Female,71929.0,Suburban,69.5,3,SUV,7,5,Yes,4.0,No,Low,No
48,Female,65800.0,Urban,41.0,2,Truck,11,11,No,4.0,Yes,Low,Yes
44,Male,125550.0,Rural,67.6,1,Truck,2,1,Yes,1.0,No,Low,No
26,Female,114335.0,Suburban,29.7,1,Sedan,1,9,No,1.0,No,Medium,No
27,Other,76672.0,Urban,13.8,2,Hatchback,2,7,No,3.0,No,Low,No
39,Male,85022.0,Urban,49.7,1,SUV,7,12,Yes,2.0,Yes,Low,No
47,Female,93006.0,Suburban,39.3,2,Sedan,6,2,Yes,3.0,Yes,Low,Yes
29,Female,46648.0,Urban,19.5,2,Sedan,7,8,No,2.0,Yes,Low,No
58,Female,90751.0,Urban,50.2,3,Truck,3,12,No,5.0,No,Low,No
31,Male,30000.0,Suburban,17.2,3,Hatchback,2,5,No,4.0,Yes,Low,No
35,Female,120536.0,Suburban,5.0,2,Sedan,7,1,Yes,5.0,No,Low,No
53,Male,52324.0,Suburban,48.1,3,Truck,3,9,Yes,1.0,Yes,Low,No
56,Male,86339.0,Rural,92.5,1,Sedan,1,1,Yes,2.0,Yes,Low,No
25,Male,72270.0,Suburban,5.0,3,Sedan,1,7,Yes,4.0,Yes,Low,No
38,Male,53248.0,Rural,39.4,2,Hatchback,2,3,Yes,5.0,Yes,Low,No
29,Male,131148.0,Suburban,42.6,1,Sedan,4,7,Yes,3.0,No,Low,No
63,Male,88196.0,Urban,65.3,2,Hatchback,3,11,Yes,2.0,Yes,Low,No
56,Male,64916.0,Suburban,47.1,3,SUV,0,5,Yes,1.0,No,Low,No
44,Male,99916.0,Suburban,16.5,1,Sedan,6,6,No,4.0,Yes,Medium,No
28,Male,86943.0,Rural,63.6,2,Truck,0,0,Yes,2.0,Yes,Low,No
43,Male,44727.0,Rural,31.7,2,Sedan,2,1,Yes,3.0,Yes,Low,No
55,Male,80960.0,Suburban,20.3,2,SUV,2,2,Yes,2.0,Yes,Low,No
28,Female,147796.0,Suburban,30.4,3,SUV,1,4,Yes,2.0,Yes,Low,No
53,Female,72224.0,Rural,26.6,2,SUV,2,0,Yes,3.0,Yes,Low,Yes
35,Male,111708.0,Urban,58.8,2,Sedan,12,14,Yes,1.0,Yes,Low,Yes
46,Male,82768.0,Urban,17.7,1,SUV,10,17,No,2.0,Yes,Low,No
54,Male,125585.0,Urban,5.0,2,Hatchback,4,9,Yes,3.0,No,Low,No
31,Male,80069.0,Urban,5.0,3,Sedan,10,14,Yes,3.0,No,Low,No
60,Male,80787.0,Suburban,66.3,2,SUV,1,3,Yes,2.0,No,Low,No
38,Male,174000.0,Suburban,59.7,3,SUV,5,1,Yes,3.0,No,Low,No
25,Male,108337.0,Urban,13.4,3,Sedan,12,9,No,3.0,No,Low,No
66,Female,127817.0,Urban,5.0,2,Sedan,4,3,No,2.0,Yes,Low,No
57,Male,77276.0,Urban,54.8,1,Sedan,3,10,No,1.0,No,Medium,No
53,Male,114280.0,Suburban,59.5,1,SUV,7,9,Yes,2.0,Yes,Low,No
27,Male,117321.0,Suburban,34.1,3,Hatchback,3,6,Yes,1.0,Yes,Low,No
63,Female,30000.0,Rural,19.8,2,Hatchback,2,0,Yes,4.0,No,Low,No
34,Male,44858.0,Suburban,43.3,2,SUV,0,9,Yes,3.0,Yes,Low,No
46,Female,114009.0,Rural,29.4,1,Sedan,2,3,Yes,1.0,Yes,Low,No
49,Male,81812.0,Urban,29.4,2,Sedan,5,8,Yes,5.0,Yes,Low,Yes
32,Male,50919.0,Urban,12.6,1,Sedan,13,4,No,1.0,Yes,Low,No
42,Male,65074.0,Rural,47.1,1,Sedan,2,3,Yes,4.0,Yes,Low,Yes
41,Male,61049.0,Suburban,46.1,2,Sedan,1,8,Yes,1.0,No,Low,No
36,Male,62775.0,Urban,28.8,1,SUV,10,18,No,2.0,Yes,Low,No
69,Female,81267.0,Suburban,16.3,3,SUV,5,6,No,1.0,No,Low,No
60,Female,99034.0,Suburban,18.5,1,SUV,4,9,Yes,4.0,No,Low,No
53,Male,68220.0,Urban,32.7,1,SUV,8,19,Yes,3.0,Yes,Low,Yes
26,Male,30145.0,Urban,17.9,3,SUV,12,3,No,2.0,Yes,Low,No
33,Female,112440.0,Rural,23.4,1,Hatchback,2,3,No,1.0,Yes,Medium,No
67,Female,37549.0,Rural,38.95,2,Truck,1,3,Yes,4.0,No,Low,No
67,Female,52541.0,Urban,27.2,2,Hatchback,2,15,No,4.0,No,Low,No
58,Male,76539.0,Suburban,5.0,1,Hatchback,6,8,No,4.0,No,Low,No
31,Male,97985.0,Urban,24.5,2,Sedan,2,4,No,1.0,No,Medium,No
25,Female,69585.0,Urban,26.7,3,Hatchback,11,12,No,5.0,No,Medium,No
47,Female,63404.0,Suburban,72.5,2,SUV,6,8,Yes,3.0,Yes,Low,No
40,Male,105129.0,Urban,23.6,2,Sedan,2,10,No,1.0,No,Medium,No
59,Male,87115.0,Suburban,26.5,2,Sedan,0,9,Yes,1.0,Yes,Low,No
67,Male,38351.0,Suburban,51.1,2,Sedan,4,9,No,2.0,Yes,Low,No
32,Male,61057.0,Rural,28.8,1,Sedan,1,0,Yes,4.0,Yes,Low,Yes
37,Female,123170.0,Suburban,23.4,2,SUV,3,3,Yes,2.0,Yes,Low,Yes
30,Female,112195.0,Suburban,20.4,1,Hatchback,3,7,Yes,4.0,Yes,Low,No
68,Female,42670.0,Rural,39.3,1,Sedan,0,3,Yes,1.0,Yes,Low,Yes
38,Female,75724.0,Urban,63.9,1,SUV,11,16,No,3.0,Yes,Low,No
35,Male,91535.0,Urban,42.8,3,SUV,12,4,Yes,1.0,Yes,Low,No
62,Male,68339.0,Urban,39.5,3,SUV,13,3,Yes,5.0,Yes,Low,Yes
42,Female,108133.0,Urban,88.8,1,SUV,13,12,No,1.0,Yes,Low,No
48,Male,135017.0,Urban,65.1,3,Sedan,13,13,No,2.0,No,Low,No
43,Male,142917.0,Urban,40.4,1,Sedan,12,14,Yes,1.0,Yes,Low,No
45,Male,93699.0,Rural,29.5,1,Truck,1,2,No,2.0,No,Medium,No
47,Male,92331.0,Urban,48.4,2,Hatchback,13,17,Yes,3.0,Yes,Low,No
28,Female,50432.0,Urban,31.5,1,Sedan,12,17,Yes,5.0,No,Low,No
35,Male,95991.0,Urban,87.3,1,SUV,11,7,No,3.0,Yes,Medium,No
30,Female,72215.0,Urban,34.0,1,SUV,10,19,No,3.0,Yes,Low,No
46,Male,113589.0,Rural,88.2,1,Sedan,1,3,No,1.0,Yes,Medium,No
66,Female,45980.0,Rural,54.6,3,SUV,2,1,Yes,5.0,Yes,Low,Yes
60,Male,62989.0,Suburban,52.1,2,SUV,2,3,Yes,1.0,No,Low,No
39,Female,72771.0,Suburban,25.0,2,Sedan,1,6,Yes,2.0,No,Low,No
35,Female,111309.0,Urban,52.6,2,SUV,9,15,Yes,1.0,No,Low,No
65,Female,30900.0,Urban,56.2,1,Sedan,9,14,No,5.0,Yes,Low,Yes
53,Female,150121.0,Suburban,65.6,2,Hatchback,3,4,Yes,3.0,No,Low,No
59,Female,174000.0,Suburban,5.0,2,Sedan,1,5,Yes,3.0,Yes,Low,Yes
54,Female,67414.0,Suburban,52.3,2,Sedan,0,3,No,3.0,No,Medium,No
45,Male,62693.0,Urban,40.1,3,Truck,7,13,No,2.0,No,Low,No
26,Male,101452.0,Urban,61.5,1,SUV,9,4,No,4.0,Yes,Medium,No
45,Female,130597.0,Urban,26.2,1,SUV,10,13,Yes,2.0,No,Low,No
56,Male,107753.0,Urban,45.8,1,SUV,14,6,No,1.0,Yes,Low,No
54,Female,107510.0,Urban,30.0,3,Sedan,2,5,Yes,3.0,No,Low,No
37,Female,145273.0,Urban,14.2,1,Sedan,2,16,Yes,4.0,No,Low,No
28,Female,70367.0,Urban,21.0,2,SUV,7,19,Yes,4.0,No,Low,No
69,Male,113149.0,Urban,6.4,4,SUV,12,18,No,5.0,Yes,Low,Yes
42,Male,30000.0,Urban,21.4,2,Truck,9,18,Yes,1.0,No,Low,No
40,Female,59098.0,Urban,5.0,2,SUV,7,8,Yes,4.0,Yes,Low,No
47,Male,52597.0,Rural,46.1,1,SUV,1,2,Yes,4.0,No,Low,No
66,Male,82768.0,Urban,47.2,3,Sedan,4,13,No,1.0,Yes,Low,No
39,Male,79158.0,Suburban,33.0,1,SUV,5,9,Yes,5.0,Yes,Low,Yes
30,Male,92840.0,Suburban,86.0,2,SUV,5,7,No,2.0,Yes,Medium,No
49,Female,48842.0,Urban,49.9,1,Hatchback,5,17,Yes,5.0,Yes,Low,Yes
31,Female,91508.0,Urban,27.0,1,SUV,3,10,Yes,4.0,Yes,Low,Yes
68,Female,65452.0,Urban,53.8,4,Sedan,2,9,No,5.0,No,Low,No
44,Female,103862.0,Urban,67.6,2,Sedan,7,19,Yes,1.0,No,Low,No
57,Male,138251.0,Suburban,9.6,2,SUV,4,7,Yes,3.0,Yes,Low,No
52,Male,109094.0,Urban,11.3,3,Sedan,14,10,Yes,5.0,No,Low,Yes
56,Male,62489.0,Suburban,73.5,3,Sedan,5,8,Yes,3.0,No,Medium,No
51,Female,83282.0,Urban,45.0,2,Sedan,11,11,No,4.0,No,Low,No
32,Male,69705.0,Urban,5.0,2,Sedan,7,10,Yes,1.0,Yes,Low,No
49,Female,38833.0,Suburban,52.2,1,Sedan,5,9,Yes,3.0,No,Low,No
47,Male,64755.0,Rural,45.9,2,Truck,2,2,Yes,2.0,Yes,Low,No
55,Male,99494.0,Suburban,91.0,2,Hatchback,3,1,Yes,2.0,Yes,Low,No
36,Male,87673.0,Urban,31.0,1,Sedan,5,17,No,4.0,No,Low,No
49,Male,106565.0,Rural,86.5,1,Sedan,2,1,Yes,3.0,Yes,Medium,No
34,Male,42269.0,Urban,30.4,2,SUV,9,6,Yes,1.0,No,Low,No
34,Male,77170.0,Suburban,30.0,1,Hatchback,6,5,No,4.0,Yes,Medium,No
56,Male,118857.0,Urban,55.0,1,SUV,3,6,Yes,1.0,Yes,Low,No
57,Male,72410.0,Urban,72.1,4,Truck,7,5,Yes,3.0,Yes,Low,No
29,Female,45089.0,Urban,43.2,1,SUV,9,5,No,3.0,No,Low,No
29,Female,90096.0,Urban,14.0,3,Truck,10,6,No,5.0,Yes,Low,Yes
49,Female,86877.0,Rural,20.6,4,Sedan,2,1,Yes,2.0,Yes,Low,No
64,Male,92683.0,Suburban,20.0,2,Sedan,2,5,Yes,2.0,Yes,Low,No
63,Male,134985.0,Suburban,36.3,1,Sedan,5,3,Yes,5.0,Yes,Low,Yes
49,Male,105722.0,Urban,34.2,2,Sedan,14,12,No,1.0,Yes,Low,No
35,Male,174000.0,Urban,39.7,2,SUV,2,8,Yes,4.0,Yes,Low,Yes
49,Female,65109.0,Urban,45.7,1,Sedan,13,19,No,5.0,No,Medium,No
37,Female,91165.0,Suburban,40.7,2,SUV,6,2,Yes,5.0,Yes,Low,Yes
41,Female,113411.0,Suburban,41.2,1,Sedan,1,9,Yes,2.0,Yes,Low,No
25,Female,30000.0,Urban,5.0,1,SUV,10,9,No,3.0,No,Low,No
62,Male,57981.0,Urban,76.5,1,Sedan,4,6,Yes,4.0,Yes,Low,Yes
26,Female,74133.0,Rural,83.3,1,SUV,1,3,No,1.0,Yes,Medium,No
69,Male,137312.0,Suburban,5.0,1,Sedan,1,1,No,4.0,Yes,Medium,Yes
28,Female,120449.0,Suburban,57.0,1,SUV,1,3,No,3.0,Yes,Medium,No
54,Male,62366.0,Urban,5.7,2,Sedan,5,14,No,1.0,Yes,Low,No
59,Female,100860.0,Rural,40.8,2,SUV,1,2,No,1.0,No,Medium,No
33,Male,49862.0,Urban,14.8,1,Hatchback,14,4,Yes,3.0,No,Low,No
60,Male,82746.0,Urban,21.7,2,SUV,9,4,Yes,4.0,Yes,Low,No
60,Male,103868.0,Urban,47.6,1,SUV,13,14,Yes,5.0,No,Low,No
52,Female,66749.0,Suburban,29.5,1,Hatchback,2,2,No,5.0,Yes,Low,No
27,Male,89859.0,Urban,29.5,1,Hatchback,12,14,Yes,5.0,Yes,Low,Yes
32,Female,90838.0,Urban,94.0,2,Sedan,8,13,Yes,5.0,No,Low,No
44,Male,76881.0,Urban,5.0,2,Sedan,2,4,No,2.0,No,Low,No
45,Female,70810.0,Urban,26.3,3,Hatchback,5,9,No,4.0,No,Low,No
27,Female,84109.0,Urban,38.2,4,SUV,10,11,Yes,3.0,No,Low,No
33,Male,79411.0,Rural,53.9,1,SUV,2,3,Yes,3.0,Yes,Low,No
35,Male,77155.0,Urban,23.8,1,SUV,4,18,Yes,2.0,No,Low,No
35,Male,84287.0,Urban,43.3,2,Sedan,14,10,No,5.0,No,Low,Yes
52,Male,134308.0,Urban,43.5,1,Sedan,9,18,Yes,4.0,Yes,Low,Yes
27,Female,117614.0,Suburban,27.9,3,SUV,7,4,Yes,2.0,Yes,Low,No
59,Other,123996.0,Urban,41.4,2,Sedan,6,19,Yes,1.0,Yes,Low,No
38,Female,134133.0,Urban,40.6,2,Hatchback,4,5,No,3.0,No,Medium,No
48,Male,50432.0,Suburban,50.7,2,Sedan,2,1,Yes,5.0,No,Low,No
40,Male,33314.0,Suburban,76.3,2,SUV,3,8,Yes,3.0,Yes,Low,No
38,Male,94389.0,Suburban,51.8,1,Sedan,4,8,Yes,3.0,Yes,Low,Yes
39,Male,68630.0,Urban,5.0,2,Sedan,5,12,No,1.0,Yes,Low,No
47,Female,92536.0,Rural,17.4,3,Truck,0,1,Yes,5.0,No,Low,No
40,Male,118422.0,Urban,106.0,2,Hatchback,12,11,No,2.0,No,Medium,No
56,Female,49191.0,Urban,5.0,1,SUV,11,6,No,4.0,No,Low,No
44,Female,97812.0,Suburban,5.0,1,SUV,7,2,Yes,1.0,Yes,Low,No
57,Male,30000.0,Urban,52.9,3,Truck,14,6,Yes,1.0,Yes,Low,No
59,Male,54480.0,Rural,29.5,1,Sedan,2,3,Yes,3.0,Yes,Low,Yes
55,Female,63733.0,Urban,27.1,2,SUV,3,4,Yes,5.0,Yes,Low,Yes
37,Male,139956.0,Rural,27.4,2,Truck,0,2,Yes,5.0,Yes,Low,Yes
35,Male,125788.0,Urban,50.7,2,Sedan,13,6,No,2.0,Yes,Low,Yes
51,Male,63265.0,Rural,34.5,2,Sedan,1,0,Yes,4.0,Yes,Low,Yes
62,Female,110408.0,Suburban,71.6,3,Sedan,6,5,Yes,4.0,Yes,Low,No
64,Male,141055.0,Urban,9.7,4,SUV,11,17,No,1.0,No,Low,No
46,Male,76958.0,Suburban,52.4,1,Hatchback,3,4,Yes,5.0,No,Low,No
47,Female,52914.0,Urban,39.0,2,SUV,8,11,No,5.0,Yes,Low,Yes
46,Male,35358.0,Rural,56.5,2,Sedan,0,1,Yes,2.0,No,Low,No
57,Male,85586.0,Rural,84.5,1,Sedan,0,2,Yes,2.0,Yes,Low,No
65,Female,84768.0,Suburban,63.3,1,SUV,6,8,No,3.0,No,Medium,No
65,Male,90233.0,Urban,5.0,3,SUV,7,12,No,2.0,Yes,Medium,No
36,Female,63991.0,Suburban,53.9,3,SUV,0,3,Yes,3.0,No,Low,No
55,Female,72989.0,Suburban,24.9,2,Sedan,3,9,Yes,5.0,Yes,Low,Yes
27,Male,165523.0,Rural,43.0,2,Sedan,2,1,Yes,1.0,Yes,Low,No
46,Female,133405.0,Suburban,70.8,1,SUV,4,1,Yes,3.0,Yes,Low,No
50,Male,84287.0,Suburban,24.6,2,SUV,7,6,Yes,2.0,No,Low,No
31,Female,72347.0,Suburban,66.9,1,Sedan,7,8,Yes,2.0,Yes,Low,No
50,Male,148948.0,Suburban,70.1,4,SUV,3,4,Yes,5.0,Yes,Low,Yes
65,Male,105035.0,Suburban,76.2,1,SUV,1,6,Yes,3.0,Yes,Low,No
44,Male,119595.0,Urban,36.7,3,Hatchback,8,19,No,5.0,Yes,Low,Yes
60,Male,126437.0,Urban,55.0,2,Hatchback,7,3,Yes,3.0,No,Low,No
37,Male,82415.0,Urban,17.7,2,Sedan,12,16,Yes,2.0,No,Low,No
41,Male,123826.0,Urban,67.9,1,Hatchback,2,16,No,4.0,No,Medium,No
47,Male,56795.0,Suburban,5.0,1,SUV,0,2,Yes,5.0,No,Low,No
66,Male,90382.0,Suburban,50.6,3,Truck,2,4,Yes,4.0,Yes,Low,Yes
27,Female,30000.0,Urban,18.6,1,SUV,7,18,No,3.0,Yes,Low,No
37,Male,84287.0,Urban,20.6,2,Hatchback,11,10,No,5.0,No,Low,No
33,Male,56913.0,Suburban,19.3,2,Sedan,3,6,Yes,1.0,No,Low,No
30,Male,57199.0,Suburban,33.1,2,Sedan,1,7,No,5.0,Yes,Low,Yes
66,Male,75384.0,Suburban,61.0,2,SUV,2,2,Yes,3.0,Yes,Low,No
67,Male,56602.0,Suburban,23.0,1,SUV,3,3,Yes,4.0,Yes,Low,No
30,Male,125951.0,Urban,54.8,3,Sedan,4,12,No,3.0,No,Medium,No
47,Male,104779.0,Rural,32.2,1,Hatchback,0,0,No,2.0,No,Medium,No
25,Female,139273.0,Suburban,48.4,3,Hatchback,0,7,Yes,4.0,Yes,Low,No
25,Male,94575.0,Urban,9.9,2,SUV,2,5,Yes,3.0,Yes,Low,Yes
55,Female,106955.0,Suburban,66.4,2,Truck,0,2,No,4.0,Yes,Low,Yes
54,Female,79314.0,Urban,52.7,2,SUV,3,6,No,2.0,Yes,Low,No
44,Female,110833.0,Suburban,45.2,3,SUV,3,1,Yes,1.0,Yes,Low,Yes
42,Female,75110.0,Urban,86.3,2,Truck,6,10,Yes,2.0,Yes,Low,No
63,Female,30000.0,Urban,48.8,2,Sedan,10,6,No,3.0,Yes,Medium,No
64,Male,61044.0,Suburban,70.2,1,Sedan,1,8,Yes,1.0,Yes,Low,No
67,Other,75407.0,Urban,59.4,3,SUV,12,3,No,4.0,No,Medium,No
25,Female,54986.0,Urban,65.3,3,SUV,7,13,No,1.0,Yes,Low,No
36,Male,128118.0,Urban,10.4,1,SUV,4,3,No,2.0,No,Low,No
38,Male,101631.0,Suburban,50.6,1,Hatchback,1,6,Yes,1.0,Yes,Low,No
60,Female,74497.0,Urban,39.1,2,Sedan,11,3,No,4.0,No,Low,No
25,Male,138993.0,Suburban,26.1,1,SUV,3,6,No,1.0,Yes,Low,No
67,Female,44214.0,Rural,98.2,2,Sedan,1,0,Yes,2.0,Yes,Medium,No
34,Female,51906.0,Suburban,13.5,2,Sedan,2,2,Yes,1.0,Yes,Low,No
52,Male,102710.0,Rural,5.0,4,SUV,1,2,Yes,2.0,Yes,Low,No
69,Male,68824.0,Urban,57.2,1,Sedan,13,16,No,5.0,Yes,Low,Yes
30,Female,30000.0,Rural,34.8,2,Sedan,1,1,Yes,3.0,No,Low,No
47,Male,60835.0,Urban,42.6,3,SUV,9,5,No,3.0,No,Low,No
32,Female,110974.0,Urban,36.7,1,SUV,3,16,Yes,1.0,Yes,Low,No
33,Female,165706.0,Rural,66.3,2,SUV,1,3,Yes,4.0,Yes,Low,No
54,Male,52056.0,Suburban,45.7,1,Truck,0,5,Yes,4.0,Yes,Low,No
32,Male,30000.0,Rural,31.7,1,Sedan,0,1,Yes,1.0,No,Low,No
47,Male,67694.0,Suburban,43.3,2,Sedan,7,1,Yes,1.0,No,Low,No
45,Male,80144.0,Urban,54.7,3,Hatchback,8,5,No,2.0,Yes,Medium,No
61,Female,106931.0,Urban,45.9,4,SUV,5,12,No,4.0,Yes,Low,No
51,Female,102391.0,Suburban,38.1,2,SUV,4,2,Yes,2.0,Yes,Low,No
60,Female,43932.0,Urban,71.4,2,Sedan,13,5,No,4.0,Yes,Low,No
43,Male,55975.0,Urban,28.7,1,Hatchback,2,17,No,2.0,Yes,Medium,No
64,Male,50162.0,Suburban,79.0,4,Truck,6,3,Yes,3.0,No,Low,No
54,Female,30000.0,Suburban,49.6,1,Hatchback,4,9,Yes,1.0,Yes,Low,No
59,Female,173210.0,Suburban,34.3,2,Hatchback,5,1,Yes,3.0,Yes,Low,Yes
40,Female,120101.0,Suburban,23.6,2,Sedan,1,5,Yes,3.0,Yes,Low,No
62,Female,43600.0,Urban,34.8,1,SUV,8,12,No,3.0,Yes,Low,No
31,Female,98303.0,Rural,18.2,1,SUV,2,2,Yes,2.0,Yes,Low,Yes
47,Female,83756.0,Suburban,78.3,2,Sedan,5,6,No,3.0,No,Medium,No
25,Male,150147.0,Suburban,33.9,1,Sedan,1,5,Yes,3.0,Yes,Low,No
60,Male,70027.0,Rural,26.0,1,SUV,1,0,Yes,1.0,Yes,Low,No
36,Female,40663.0,Urban,52.2,2,Sedan,12,5,No,2.0,No,Medium,No
51,Female,83555.0,Rural,64.8,1,SUV,2,3,Yes,5.0,No,Low,No
43,Male,132358.0,Rural,48.5,2,SUV,2,2,Yes,1.0,Yes,Low,No
54,Male,78181.0,Urban,39.3,2,Hatchback,8,18,No,2.0,Yes,Low,No
26,Male,69709.0,Urban,15.2,2,Sedan,4,15,Yes,4.0,No,Low,No
35,Male,84758.0,Urban,50.5,1,Truck,2,13,Yes,2.0,Yes,Low,No
68,Female,30000.0,Suburban,67.5,1,SUV,7,2,Yes,3.0,Yes,Low,No
44,Female,37306.0,Suburban,46.3,1,Sedan,1,6,Yes,1.0,Yes,Low,No
34,Male,62692.0,Urban,45.8,2,Hatchback,10,15,Yes,4.0,No,Low,No
36,Female,59215.0,Rural,46.8,1,Sedan,2,0,Yes,2.0,Yes,Low,No
27,Female,90344.0,Suburban,47.8,1,SUV,1,5,No,4.0,Yes,Medium,Yes
41,Male,46896.0,Urban,50.1,2,Hatchback,7,13,No,2.0,Yes,Low,No
47,Male,109157.0,Suburban,15.3,1,SUV,6,6,Yes,2.0,Yes,Low,No
58,Male,77373.0,Rural,74.0,3,Sedan,1,2,Yes,3.0,No,Low,No
65,Male,100907.0,Rural,45.4,1,Hatchback,1,0,Yes,5.0,No,Low,No
33,Female,73049.0,Urban,43.8,1,Hatchback,8,16,Yes,3.0,No,Low,No
32,Female,57676.0,Suburban,46.3,1,Hatchback,2,9,No,1.0,No,Medium,No
30,Female,77114.0,Urban,55.0,3,Truck,14,19,Yes,1.0,No,Low,No
31,Male,77391.0,Suburban,64.8,1,SUV,1,3,Yes,1.0,Yes,Low,No
43,Female,119707.0,Rural,84.8,2,Hatchback,2,3,Yes,4.0,Yes,Low,No
49,Male,80777.0,Urban,76.5,3,SUV,14,10,No,1.0,Yes,Low,No
28,Female,93688.0,Rural,38.8,1,Sedan,1,2,No,4.0,Yes,High,No
44,Male,163705.0,Urban,37.0,2,Sedan,6,11,Yes,2.0,Yes,Low,No
41,Female,101737.0,Rural,34.0,2,Hatchback,1,1,Yes,5.0,Yes,Low,Yes
65,Male,86847.0,Urban,29.5,1,Sedan,7,7,Yes,1.0,Yes,Low,No
51,Female,56279.0,Suburban,24.6,2,SUV,2,7,Yes,5.0,Yes,Low,No
53,Male,162973.0,Urban,38.7,1,Sedan,13,4,Yes,2.0,No,Low,No
50,Male,100908.0,Urban,64.5,3,Hatchback,10,14,No,5.0,No,Low,No
34,Male,84685.0,Suburban,46.6,1,SUV,7,9,Yes,3.0,No,Low,No
66,Male,128783.0,Suburban,41.0,1,Sedan,3,6,No,1.0,Yes,Low,No
68,Male,30000.0,Rural,28.4,1,Sedan,0,0,No,3.0,Yes,Medium,No
51,Female,73754.0,Urban,97.7,2,SUV,2,8,No,4.0,Yes,Low,No
61,Male,68489.0,Urban,83.6,1,Truck,10,13,Yes,5.0,Yes,Low,No
68,Female,30215.0,Urban,16.4,1,SUV,7,13,No,3.0,Yes,Low,No
49,Male,71449.0,Suburban,27.8,1,SUV,6,4,No,3.0,Yes,Medium,No
40,Male,88013.0,Urban,62.8,3,SUV,9,13,No,2.0,No,Low,No
65,Female,107517.0,Suburban,23.4,3,Sedan,7,7,Yes,3.0,Yes,Low,No
45,Female,68451.0,Urban,30.4,2,SUV,7,17,No,3.0,No,Low,No
39,Male,30000.0,Urban,5.0,2,Hatchback,13,5,No,1.0,Yes,Low,No
46,Male,30000.0,Urban,46.2,2,Sedan,12,4,No,1.0,No,Medium,No
44,Female,81231.0,Suburban,31.8,1,Sedan,3,4,Yes,2.0,Yes,Low,No
63,Female,109832.0,Urban,34.5,1,SUV,9,4,Yes,4.0,Yes,Low,Yes
58,Male,115025.0,Urban,29.4,2,Sedan,13,9,Yes,4.0,No,Low,No
59,Female,71954.0,Urban,24.3,2,Sedan,8,5,No,2.0,No,Medium,No
34,Male,87941.0,Urban,40.1,4,SUV,10,10,Yes,1.0,No,Low,No
29,Male,99030.0,Urban,74.8,1,SUV,3,3,No,2.0,Yes,Medium,No
29,Female,112839.0,Rural,68.9,2,Truck,2,1,Yes,1.0,Yes,Low,No
67,Male,65284.0,Urban,84.6,2,Sedan,10,15,No,5.0,Yes,Low,No
36,Male,75415.0,Suburban,44.0,1,Sedan,7,6,Yes,2.0,Yes,Low,No
66,Male,112174.0,Urban,11.1,4,Sedan,4,16,No,1.0,No,Low,No
35,Male,153085.0,Urban,44.6,2,SUV,4,7,Yes,4.0,Yes,Low,Yes
69,Female,58698.0,Suburban,69.2,2,SUV,1,9,Yes,3.0,Yes,Low,Yes
36,Male,64939.0,Suburban,31.5,2,Truck,4,2,Yes,2.0,Yes,Low,No
44,Female,87723.0,Suburban,70.7,2,Sedan,1,5,Yes,5.0,No,Low,No
53,Male,82867.0,Urban,11.0,1,Sedan,7,11,Yes,1.0,Yes,Low,No
50,Female,45288.0,Urban,11.9,1,SUV,5,7,No,5.0,No,Low,No
63,Male,91902.0,Urban,11.7,1,Sedan,4,16,No,2.0,Yes,Low,No
42,Male,74993.0,Urban,30.9,2,Sedan,4,18,No,1.0,Yes,Low,No
63,Other,67485.0,Suburban,21.8,1,Hatchback,2,9,Yes,4.0,Yes,Low,No
48,Female,47378.0,Suburban,41.2,1,Sedan,1,3,Yes,4.0,Yes,Low,No
48,Female,45438.0,Urban,48.6,2,Hatchback,3,5,Yes,2.0,No,Low,No
63,Male,63227.0,Suburban,40.7,2,SUV,6,2,Yes,2.0,Yes,Low,No
27,Male,78277.0,Urban,54.7,2,Hatchback,6,19,No,4.0,Yes,Medium,No
30,Male,36192.0,Urban,47.0,1,Hatchback,10,12,Yes,2.0,Yes,Low,No
25,Male,87019.0,Urban,71.2,1,Truck,14,18,Yes,5.0,Yes,Low,Yes
60,Male,71720.0,Urban,44.6,2,Truck,10,15,No,3.0,Yes,Low,No
43,Female,156864.0,Urban,34.2,3,Sedan,10,5,Yes,1.0,Yes,Low,No
43,Male,95594.0,Urban,83.7,2,SUV,11,5,No,2.0,Yes,Medium,No
46,Male,30000.0,Suburban,25.6,3,SUV,3,8,Yes,5.0,No,Low,No
62,Male,115948.0,Suburban,30.2,2,SUV,3,1,Yes,5.0,No,Low,Yes
29,Female,167594.0,Rural,60.4,3,Hatchback,1,1,Yes,1.0,Yes,Low,No
42,Male,84287.0,Urban,51.7,2,Hatchback,6,4,Yes,4.0,No,Low,No
43,Male,120019.0,Suburban,66.5,2,Sedan,1,3,Yes,4.0,No,Low,No
39,Male,75370.0,Suburban,43.7,2,Truck,6,9,Yes,2.0,Yes,Low,No
36,Female,55919.0,Urban,44.9,2,Hatchback,5,7,No,2.0,Yes,Medium,No
52,Female,74476.0,Suburban,48.4,3,Sedan,3,1,Yes,4.0,No,Low,No
43,Other,131348.0,Urban,81.5,2,Sedan,8,15,Yes,3.0,Yes,Low,No
65,Male,55375.0,Suburban,5.0,3,Hatchback,2,6,Yes,3.0,No,Low,No
60,Male,68986.0,Urban,5.0,1,Hatchback,6,17,No,5.0,Yes,Low,Yes
66,Male,47277.0,Suburban,29.7,1,SUV,4,6,No,2.0,No,Medium,No
69,Other,76716.0,Rural,78.9,3,SUV,0,3,Yes,4.0,Yes,Medium,Yes
68,Male,70014.0,Urban,6.6,3,SUV,13,6,Yes,3.0,No,Low,No
50,Female,165156.0,Urban,22.1,1,Sedan,7,15,No,2.0,Yes,Medium,Yes
49,Male,101744.0,Suburban,5.0,3,SUV,1,7,Yes,4.0,Yes,Low,Yes
57,Male,64681.0,Urban,5.0,2,SUV,13,18,Yes,2.0,Yes,Low,No
61,Male,80261.0,Urban,11.4,3,Truck,12,11,No,2.0,Yes,Low,No
26,Female,93735.0,Urban,49.8,1,Hatchback,5,15,No,4.0,No,Low,No
57,Male,103241.0,Suburban,67.6,3,Sedan,0,6,Yes,2.0,No,Low,No
51,Female,30000.0,Urban,15.8,2,Sedan,8,19,No,5.0,Yes,Low,No
27,Female,107263.0,Urban,43.8,1,Sedan,10,16,No,4.0,Yes,Low,Yes
40,Male,90445.0,Suburban,57.6,2,SUV,4,8,Yes,5.0,No,Low,No
48,Female,65469.0,Urban,5.0,2,Truck,3,5,Yes,2.0,Yes,Low,No
46,Male,106348.0,Suburban,47.0,3,Truck,0,4,Yes,1.0,Yes,Low,No
69,Male,92216.0,Suburban,54.2,3,SUV,4,4,Yes,4.0,Yes,Low,Yes
41,Male,85631.0,Suburban,32.3,2,Sedan,2,7,Yes,3.0,No,Low,No
57,Female,174000.0,Suburban,88.9,1,SUV,4,3,No,1.0,No,High,No
48,Male,77009.0,Suburban,42.1,2,SUV,5,2,Yes,3.0,Yes,Low,No
61,Male,87591.0,Suburban,85.5,3,SUV,0,1,Yes,4.0,Yes,Low,Yes
59,Female,90887.0,Rural,53.7,1,SUV,0,0,No,1.0,No,Medium,No
67,Female,141016.0,Rural,30.3,1,SUV,0,3,Yes,3.0,No,Low,Yes
35,Male,85920.0,Rural,5.0,1,SUV,1,0,Yes,3.0,Yes,Low,Yes
25,Female,64402.0,Urban,39.15,2,Truck,3,4,No,5.0,No,Low,No
47,Female,95473.0,Urban,70.4,1,Sedan,5,13,No,2.0,No,Medium,No
37,Male,104816.0,Rural,34.8,1,Sedan,1,2,Yes,4.0,No,Low,No
56,Male,114855.0,Urban,9.3,2,SUV,14,3,No,4.0,Yes,Medium,No
29,Male,75607.0,Rural,32.8,3,Truck,0,3,Yes,4.0,Yes,Low,No
54,Female,101358.0,Suburban,5.0,1,Sedan,6,4,No,1.0,Yes,Medium,No
63,Male,74460.0,Suburban,44.9,2,SUV,0,8,Yes,4.0,No,Low,No
43,Male,174000.0,Urban,8.0,2,SUV,6,19,No,1.0,Yes,Low,No
29,Female,109573.0,Suburban,71.2,4,Truck,7,2,Yes,2.0,Yes,Low,No
66,Female,98091.0,Urban,47.5,1,Sedan,11,7,Yes,5.0,Yes,Low,Yes
49,Female,82373.0,Suburban,24.4,2,Sedan,5,9,No,2.0,No,Low,No
61,Female,50880.0,Suburban,42.1,3,Sedan,1,9,No,5.0,Yes,Low,No
60,Male,128467.0,Urban,5.0,1,Sedan,14,11,Yes,1.0,Yes,Low,No
67,Female,65746.0,Urban,72.5,1,SUV,10,19,Yes,2.0,Yes,Low,No
37,Male,126736.0,Suburban,52.2,2,Hatchback,3,8,Yes,4.0,No,Low,Yes
57,Male,64706.0,Rural,58.5,2,SUV,2,2,Yes,4.0,No,Low,No
29,Female,106026.0,Suburban,82.4,3,Truck,3,8,Yes,2.0,No,Low,No
30,Female,67031.0,Rural,43.4,1,Sedan,2,0,Yes,4.0,Yes,Medium,No
25,Male,75250.0,Urban,74.2,1,Truck,4,4,No,5.0,Yes,Low,Yes
32,Male,84758.0,Suburban,35.5,1,SUV,7,3,Yes,1.0,No,Low,No
32,Female,86095.0,Urban,35.1,1,SUV,3,7,Yes,4.0,No,Low,No
59,Female,82787.0,Rural,5.0,3,Truck,1,1,Yes,2.0,Yes,Low,No
60,Male,86886.0,Suburban,38.3,1,Truck,7,2,Yes,1.0,Yes,Low,No
43,Male,83209.0,Suburban,5.0,2,Sedan,4,5,Yes,4.0,Yes,Low,Yes
54,Male,51595.0,Suburban,39.1,1,SUV,4,2,Yes,3.0,Yes,Low,No
29,Female,37874.0,Suburban,51.1,2,Truck,4,4,No,1.0,No,Low,No
38,Male,58987.0,Urban,22.3,1,Sedan,13,7,No,5.0,Yes,Low,Yes
68,Male,140809.0,Urban,35.7,2,Sedan,4,14,Yes,3.0,No,Low,No
26,Male,133854.0,Rural,21.1,4,Sedan,2,3,Yes,2.0,No,Low,No
36,Female,174000.0,Urban,51.7,1,SUV,12,7,Yes,1.0,Yes,Low,No
42,Male,30000.0,Suburban,42.1,2,SUV,0,6,Yes,2.0,Yes,Low,No
45,Female,33436.0,Urban,62.3,1,Hatchback,5,11,Yes,3.0,Yes,Low,No
54,Male,46905.0,Urban,45.4,1,Sedan,13,13,Yes,1.0,No,Low,No
41,Male,82538.0,Urban,54.1,3,Sedan,3,11,Yes,2.0,Yes,Low,No
39,Male,83841.0,Urban,55.6,2,SUV,6,10,Yes,1.0,Yes,Low,No
60,Female,49974.0,Urban,81.8,1,Hatchback,12,9,Yes,2.0,Yes,Low,No
30,Female,89694.0,Urban,20.3,2,SUV,3,5,Yes,4.0,Yes,Low,No
28,Male,123153.0,Urban,38.8,2,Hatchback,7,5,Yes,1.0,Yes,Low,No
61,Female,65025.0,Urban,7.2,1,Sedan,2,5,No,1.0,No,Medium,No
65,Female,64554.0,Urban,30.9,3,Sedan,7,7,No,2.0,Yes,Medium,No
29,Other,145946.0,Suburban,22.1,1,Hatchback,6,8,Yes,5.0,Yes,Low,No
63,Female,108759.0,Rural,91.1,1,Sedan,2,2,Yes,3.0,Yes,Low,No
53,Female,89326.0,Suburban,63.4,2,Sedan,3,4,No,5.0,Yes,Medium,No
41,Male,88657.0,Urban,53.1,2,Sedan,9,9,Yes,1.0,No,Low,No
25,Female,108008.0,Urban,67.1,2,Sedan,2,3,Yes,3.0,Yes,Low,No
26,Female,107760.0,Rural,68.0,3,Sedan,2,0,Yes,1.0,No,Medium,No
25,Female,106968.0,Urban,28.7,1,Truck,3,8,No,3.0,Yes,Low,No
66,Male,85154.0,Urban,75.1,1,Sedan,7,16,No,4.0,Yes,Medium,No
66,Male,59491.0,Urban,10.6,1,Sedan,5,16,Yes,5.0,No,Low,No
67,Female,59490.0,Urban,72.6,1,SUV,13,5,Yes,1.0,No,Low,No
50,Female,45346.0,Suburban,20.6,2,SUV,7,6,Yes,4.0,Yes,Low,No
37,Male,69542.0,Urban,36.9,1,Sedan,3,5,No,4.0,Yes,Medium,No
68,Male,63627.0,Urban,32.3,4,Sedan,8,4,No,5.0,Yes,Medium,No
53,Female,72618.0,Rural,37.1,1,Sedan,0,1,Yes,4.0,No,Low,No
36,Female,152046.0,Urban,37.2,2,Truck,5,16,No,2.0,Yes,Low,No
56,Male,114362.0,Urban,26.9,2,SUV,12,17,Yes,4.0,Yes,Low,No
32,Female,90510.0,Suburban,22.8,1,Sedan,4,3,Yes,2.0,Yes,Low,No
44,Female,140708.0,Rural,20.5,4,SUV,1,1,Yes,1.0,No,Low,No
54,Male,96996.0,Urban,26.6,1,Hatchback,2,12,No,4.0,No,Medium,No
69,Female,142610.0,Suburban,27.5,1,SUV,4,5,Yes,1.0,No,Low,No
35,Female,75252.0,Suburban,5.0,3,Sedan,3,3,Yes,2.0,No,Low,No
55,Male,85581.0,Urban,76.9,1,SUV,2,15,No,1.0,Yes,Low,No
56,Male,149380.0,Suburban,15.7,3,Sedan,6,5,Yes,1.0,Yes,Low,No
31,Male,52366.0,Suburban,23.0,2,SUV,1,8,Yes,1.0,Yes,Low,No
64,Female,134208.0,Suburban,5.0,1,SUV,1,7,Yes,4.0,Yes,Low,Yes
44,Male,60403.0,Suburban,63.8,1,Hatchback,4,5,Yes,1.0,No,Low,No
57,Male,101422.0,Suburban,9.5,2,SUV,4,7,No,2.0,No,Low,No
53,Female,115488.0,Suburban,76.4,2,Sedan,6,7,No,3.0,No,High,No
63,Female,72390.0,Suburban,5.0,2,SUV,3,9,Yes,4.0,Yes,Low,No
68,Male,102546.0,Urban,45.9,3,Hatchback,6,17,No,1.0,Yes,Low,No
44,Male,121246.0,Suburban,75.7,1,SUV,0,6,Yes,1.0,Yes,Medium,No
68,Male,93887.0,Rural,7.6,2,Sedan,1,2,Yes,4.0,Yes,Low,No
61,Female,40656.0,Urban,5.0,2,SUV,8,18,No,4.0,Yes,Low,Yes
44,Female,105233.0,Urban,57.9,4,Sedan,3,16,No,2.0,Yes,Low,No
52,Male,73888.0,Urban,32.4,1,Sedan,13,19,No,1.0,Yes,Low,No
51,Male,43705.0,Urban,44.2,2,SUV,2,19,Yes,2.0,Yes,Low,No
62,Other,166935.0,Suburban,24.9,3,SUV,4,3,Yes,4.0,No,Low,No
34,Male,115495.0,Urban,24.2,2,Sedan,5,15,Yes,3.0,Yes,Low,Yes
30,Male,67628.0,Urban,40.9,2,Sedan,7,16,Yes,3.0,No,Low,No
32,Female,30000.0,Urban,5.0,1,Sedan,7,14,Yes,5.0,Yes,Low,No
50,Male,77271.0,Suburban,5.0,2,Sedan,2,7,Yes,1.0,Yes,Low,No
47,Male,155365.0,Urban,42.2,1,Truck,12,10,No,4.0,Yes,Low,No
62,Male,92706.0,Urban,20.1,2,SUV,3,3,Yes,3.0,Yes,Low,No
31,Female,47841.0,Urban,5.0,4,SUV,12,10,No,1.0,No,Low,No
34,Male,76180.0,Rural,36.2,3,SUV,2,2,Yes,1.0,Yes,Low,No
61,Male,113784.0,Urban,41.05,1,Sedan,11,3,No,2.0,Yes,Low,No
41,Female,45612.0,Urban,45.0,1,Truck,5,13,Yes,3.0,No,Low,No
69,Male,70890.0,Rural,19.4,3,Sedan,0,0,Yes,5.0,No,Low,No
40,Male,89138.0,Urban,42.6,2,SUV,7,16,No,5.0,No,Low,No
48,Female,46447.0,Suburban,86.0,1,Hatchback,2,3,Yes,2.0,Yes,Low,No
53,Female,108181.0,Suburban,51.7,3,Hatchback,5,9,Yes,4.0,No,Low,No
45,Male,81516.0,Urban,71.2,2,SUV,9,14,No,4.0,Yes,Medium,No
33,Male,96382.0,Rural,45.9,4,Hatchback,2,3,Yes,1.0,Yes,Low,No
62,Female,98131.0,Urban,5.0,1,SUV,11,7,No,1.0,Yes,Low,No
53,Male,87444.0,Suburban,70.9,2,Sedan,3,1,Yes,3.0,No,Low,No
32,Male,105318.0,Rural,27.4,3,SUV,1,3,Yes,5.0,No,Low,No
50,Female,109655.0,Rural,44.8,2,Hatchback,1,1,Yes,1.0,Yes,Low,No
30,Female,116147.0,Suburban,82.3,1,Hatchback,6,9,Yes,4.0,Yes,Low,Yes
57,Male,71295.0,Suburban,33.8,1,Sedan,5,8,Yes,4.0,No,Low,No
66,Female,56009.0,Suburban,69.9,1,SUV,4,6,Yes,3.0,Yes,Low,No
56,Male,106998.0,Rural,18.0,2,Sedan,1,2,No,1.0,No,Low,No
54,Female,146967.0,Urban,20.4,3,SUV,4,8,Yes,2.0,Yes,Low,Yes
64,Male,65409.0,Urban,5.0,2,SUV,12,6,Yes,3.0,No,Low,No
32,Male,118673.0,Suburban,29.7,1,SUV,7,7,Yes,2.0,Yes,Low,No
38,Female,73758.0,Suburban,5.0,1,Sedan,5,8,Yes,1.0,Yes,Low,No
53,Female,134111.0,Rural,6.9,2,Hatchback,1,0,Yes,2.0,Yes,Low,Yes
39,Female,40109.0,Urban,46.8,2,SUV,10,6,No,5.0,Yes,Low,Yes
63,Female,100006.0,Suburban,45.2,3,Sedan,4,9,Yes,2.0,Yes,Low,No
26,Male,42346.0,Urban,49.2,2,Sedan,13,12,No,4.0,No,Low,No
48,Female,59406.0,Suburban,60.2,1,Sedan,5,6,Yes,1.0,Yes,Low,No
46,Female,129709.0,Urban,40.1,3,Sedan,11,3,No,4.0,Yes,Medium,Yes
44,Female,82196.0,Urban,39.4,3,Sedan,12,5,Yes,4.0,Yes,Low,Yes
32,Male,91597.0,Suburban,11.2,1,Hatchback,6,7,Yes,4.0,No,Low,No
50,Female,77147.0,Urban,5.0,3,Sedan,10,3,No,1.0,Yes,Medium,No
36,Male,62010.0,Urban,20.4,1,Hatchback,10,17,No,5.0,Yes,Low,No
69,Female,35695.0,Urban,14.3,3,SUV,7,4,No,3.0,Yes,Medium,No
54,Female,67954.0,Suburban,70.2,2,SUV,3,6,No,4.0,Yes,Medium,No
47,Male,84057.0,Rural,23.2,2,SUV,1,0,Yes,3.0,Yes,Low,No
55,Male,53521.0,Suburban,34.7,2,SUV,5,6,Yes,1.0,No,Low,No
45,Female,100537.0,Suburban,70.6,2,Truck,5,3,Yes,2.0,No,Low,No
27,Female,132273.0,Suburban,53.7,3,Sedan,1,7,No,1.0,No,Medium,No
32,Female,109871.0,Suburban,5.0,1,Truck,2,8,Yes,3.0,Yes,Low,No
52,Male,100622.0,Urban,69.4,2,Hatchback,2,16,Yes,1.0,Yes,Low,No
50,Male,78965.0,Suburban,69.0,2,Truck,1,9,No,3.0,No,Medium,No
39,Female,144060.0,Suburban,21.0,1,SUV,4,9,Yes,3.0,Yes,Low,Yes
62,Female,30000.0,Urban,39.7,2,SUV,2,16,No,1.0,Yes,Medium,No
52,Female,133552.0,Rural,58.4,2,SUV,2,1,Yes,4.0,Yes,Low,No
45,Female,58183.0,Urban,79.0,3,SUV,8,16,Yes,3.0,Yes,Low,No
50,Male,50855.0,Suburban,5.0,1,SUV,3,9,Yes,3.0,Yes,Low,No
69,Male,96483.0,Suburban,61.9,4,Sedan,5,6,Yes,5.0,Yes,Low,No
28,Female,125396.0,Urban,5.0,3,SUV,12,16,Yes,5.0,No,Low,Yes
43,Male,84906.0,Urban,5.0,3,Truck,10,11,No,5.0,Yes,Low,Yes
62,Female,84758.0,Urban,58.0,1,SUV,9,3,No,3.0,Yes,Medium,No
69,Male,87460.0,Suburban,57.8,2,SUV,4,2,No,2.0,No,Low,No
51,Female,35573.0,Suburban,5.0,2,Truck,1,7,Yes,2.0,Yes,Low,No
45,Male,97741.0,Suburban,58.0,3,Truck,3,9,Yes,2.0,No,Low,No
45,Male,30000.0,Suburban,68.8,1,Sedan,2,2,Yes,5.0,No,Low,No
57,Male,87225.0,Urban,32.4,3,Truck,9,18,No,3.0,Yes,Low,No
39,Female,85878.0,Rural,55.4,2,SUV,1,2,Yes,5.0,No,Low,No
56,Male,41341.0,Urban,41.5,3,Sedan,12,15,Yes,1.0,Yes,Low,No
47,Male,93818.0,Urban,53.8,4,SUV,10,12,No,3.0,Yes,Medium,No
47,Male,122071.0,Rural,5.0,1,Sedan,0,2,Yes,4.0,Yes,Low,No
57,Male,131472.0,Urban,35.5,3,SUV,9,7,No,2.0,Yes,Medium,No
54,Female,81470.0,Rural,50.4,2,SUV,1,0,Yes,4.0,No,Low,No
40,Female,87215.0,Urban,83.8,3,Hatchback,13,5,Yes,5.0,No,Low,No
42,Female,97567.0,Suburban,27.8,1,Truck,0,8,Yes,2.0,No,Low,No
57,Male,64334.0,Suburban,37.2,1,Sedan,6,5,Yes,1.0,Yes,Low,No
63,Male,69093.0,Urban,30.4,2,SUV,4,8,No,1.0,Yes,Medium,No
46,Male,41928.0,Urban,36.5,2,SUV,12,11,No,1.0,Yes,Medium,No
32,Male,77323.0,Suburban,51.8,2,SUV,2,6,No,4.0,No,Medium,No
54,Male,92256.0,Suburban,5.0,1,Sedan,1,7,Yes,5.0,Yes,Low,Yes
63,Male,69836.0,Rural,14.2,2,SUV,2,2,Yes,3.0,No,Low,No
40,Female,91377.0,Suburban,52.6,2,Hatchback,5,5,Yes,1.0,No,Low,No
54,Female,101027.0,Urban,5.0,3,SUV,13,16,No,4.0,Yes,Low,Yes
64,Male,125759.0,Rural,48.5,1,SUV,2,2,Yes,1.0,No,Low,No
57,Female,35561.0,Suburban,58.8,2,SUV,4,3,Yes,4.0,Yes,Low,Yes
35,Male,101547.0,Suburban,63.3,2,Sedan,2,2,Yes,1.0,No,Low,No
39,Male,83745.0,Urban,38.3,2,SUV,8,5,Yes,5.0,Yes,Low,No
35,Female,104070.0,Suburban,5.0,2,SUV,3,7,No,5.0,Yes,Low,No
67,Female,111682.0,Urban,39.6,1,Sedan,14,8,Yes,2.0,Yes,Low,Yes
35,Female,71095.0,Urban,34.5,2,Hatchback,2,6,Yes,3.0,Yes,Low,No
30,Female,85367.0,Urban,23.1,2,Hatchback,14,15,No,4.0,Yes,Low,No
49,Male,80931.0,Urban,28.0,1,SUV,13,8,No,1.0,No,Low,No
62,Male,149261.0,Urban,54.4,2,SUV,9,17,Yes,2.0,Yes,Low,No
49,Female,110226.0,Suburban,23.0,1,Truck,1,8,Yes,3.0,No,Low,No
63,Male,40838.0,Suburban,34.1,1,SUV,3,9,Yes,1.0,Yes,Low,No
61,Male,84287.0,Urban,40.2,2,Sedan,3,18,No,2.0,Yes,Low,No
51,Male,95468.0,Suburban,43.6,2,Truck,6,8,Yes,1.0,No,Low,No
55,Female,30000.0,Urban,34.1,2,Truck,14,14,No,4.0,No,Low,No
34,Female,91675.0,Urban,10.5,2,Truck,14,11,No,1.0,Yes,Low,No
59,Male,137930.0,Suburban,79.8,2,Sedan,7,1,Yes,1.0,Yes,Low,No
63,Female,80045.0,Suburban,34.2,2,SUV,5,7,Yes,3.0,Yes,Low,No
42,Female,111181.0,Urban,85.2,2,Sedan,13,9,No,3.0,Yes,Low,Yes
53,Female,104378.0,Urban,55.8,3,Sedan,12,16,No,4.0,Yes,Low,Yes
43,Male,115696.0,Urban,32.5,2,SUV,12,10,Yes,3.0,Yes,Low,No
40,Female,154081.0,Rural,5.0,2,Sedan,1,2,Yes,1.0,No,Low,No
27,Female,61411.0,Urban,92.0,2,Hatchback,3,7,No,3.0,No,Medium,No
49,Female,95665.0,Rural,56.5,2,SUV,0,2,Yes,3.0,Yes,Low,Yes
68,Male,154158.0,Urban,21.3,1,Sedan,12,6,Yes,3.0,Yes,Low,Yes
26,Female,113743.0,Suburban,51.9,1,Sedan,1,1,No,4.0,Yes,High,No
68,Female,67541.0,Urban,57.2,1,SUV,14,15,No,4.0,No,Low,No
25,Male,105868.0,Suburban,11.6,1,Sedan,6,8,Yes,3.0,Yes,Low,No
36,Male,82301.0,Urban,11.0,1,SUV,2,19,No,2.0,Yes,Low,No
53,Male,42937.0,Urban,36.4,3,Sedan,3,10,Yes,4.0,No,Low,No
33,Male,30000.0,Urban,52.5,2,Sedan,10,15,No,1.0,Yes,Low,No
57,Female,92482.0,Suburban,6.3,4,Truck,7,9,Yes,3.0,Yes,Low,Yes
53,Male,68077.0,Rural,68.0,1,Sedan,2,3,Yes,1.0,No,Low,No
43,Male,111718.0,Urban,5.0,2,SUV,11,17,Yes,3.0,Yes,Low,No
37,Male,112843.0,Suburban,46.1,3,SUV,1,1,Yes,5.0,Yes,Low,Yes
53,Female,79575.0,Suburban,41.8,2,SUV,5,4,Yes,5.0,Yes,Low,Yes
54,Male,75963.0,Suburban,45.3,3,Truck,3,8,No,5.0,Yes,Medium,No
41,Male,77383.0,Suburban,58.6,2,Sedan,4,8,Yes,4.0,Yes,Low,No
25,Female,101290.0,Rural,17.8,3,Sedan,0,2,Yes,4.0,Yes,Low,No
30,Other,38649.0,Suburban,27.0,2,SUV,5,7,Yes,4.0,Yes,Low,No
32,Female,84774.0,Urban,29.1,1,SUV,10,11,No,2.0,Yes,Low,No
38,Female,113354.0,Urban,17.4,1,Truck,5,11,Yes,3.0,Yes,Low,No
60,Female,66710.0,Suburban,67.6,2,SUV,3,7,Yes,1.0,Yes,Low,No
30,Female,95585.0,Urban,61.8,2,Truck,11,14,Yes,2.0,No,Low,No
26,Male,83397.0,Suburban,67.1,2,SUV,7,1,Yes,1.0,Yes,Low,No
41,Male,58728.0,Suburban,8.9,3,Sedan,2,7,Yes,5.0,Yes,Low,No
49,Male,46440.0,Rural,47.4,4,Sedan,0,2,Yes,5.0,Yes,Low,No
48,Male,50482.0,Urban,5.0,1,Sedan,6,9,No,4.0,Yes,Low,Yes
35,Male,94574.0,Urban,43.6,2,SUV,13,15,Yes,3.0,Yes,Low,No
49,Female,140687.0,Urban,66.8,2,Sedan,14,8,No,5.0,No,Low,No
49,Female,79677.0,Urban,52.3,3,SUV,9,15,No,4.0,No,Low,No
41,Male,114353.0,Urban,51.0,1,SUV,6,5,No,4.0,Yes,Medium,No
32,Male,30000.0,Urban,23.5,4,Sedan,6,7,Yes,4.0,Yes,Low,No
69,Female,123669.0,Suburban,53.8,1,SUV,3,3,Yes,3.0,No,Low,No
57,Male,69772.0,Urban,47.7,1,SUV,3,9,No,3.0,No,Medium,No
65,Female,130933.0,Suburban,79.3,4,Sedan,4,7,Yes,5.0,Yes,Low,Yes
55,Male,89023.0,Rural,30.3,1,SUV,0,2,Yes,3.0,No,Low,No
46,Male,45926.0,Suburban,52.0,1,SUV,5,3,Yes,5.0,No,Low,No
54,Male,72664.0,Urban,5.0,3,Sedan,12,5,Yes,5.0,Yes,Low,Yes
68,Other,72866.0,Suburban,37.7,2,SUV,5,9,Yes,2.0,Yes,Low,No
68,Male,101134.0,Rural,43.5,1,Sedan,1,2,Yes,1.0,Yes,Low,No
49,Male,170537.0,Suburban,64.9,2,Sedan,0,8,Yes,4.0,No,Low,No
35,Female,109605.0,Urban,50.4,3,Hatchback,14,11,No,4.0,No,Low,No
35,Male,144194.0,Urban,40.5,1,SUV,5,16,Yes,4.0,Yes,Low,Yes
58,Other,30000.0,Urban,39.0,1,SUV,11,13,No,2.0,No,Low,No
45,Male,57208.0,Suburban,75.1,2,Hatchback,3,1,Yes,1.0,No,Low,No
51,Female,97408.0,Urban,30.3,1,Sedan,5,19,No,4.0,Yes,Low,No
47,Female,63712.0,Suburban,21.0,2,SUV,0,3,Yes,1.0,Yes,Low,No
54,Male,72716.0,Urban,33.5,1,Hatchback,6,12,Yes,3.0,Yes,Low,No
34,Male,84287.0,Rural,63.6,2,Sedan,1,3,Yes,4.0,No,Low,No
53,Female,84530.0,Rural,56.9,1,SUV,1,0,Yes,1.0,Yes,Low,No
40,Male,74947.0,Urban,15.4,2,Sedan,10,9,No,1.0,Yes,Low,No
53,Male,69340.0,Suburban,24.4,1,Truck,5,8,Yes,4.0,Yes,Low,No
54,Male,77532.0,Suburban,48.5,1,SUV,4,4,Yes,3.0,No,Low,No
59,Female,107352.0,Suburban,50.9,2,Sedan,3,5,Yes,3.0,Yes,Low,No
26,Male,42717.0,Urban,68.7,3,Sedan,14,14,Yes,4.0,No,Low,No
36,Male,97895.0,Suburban,38.3,2,Truck,6,3,Yes,2.0,Yes,Low,No
45,Male,30000.0,Suburban,17.4,4,SUV,4,5,Yes,4.0,Yes,Low,No
39,Female,67986.0,Rural,61.8,3,SUV,2,0,Yes,4.0,Yes,Low,No
48,Male,82500.0,Urban,75.0,1,Hatchback,11,12,Yes,2.0,No,Low,No
31,Female,87630.0,Suburban,70.3,1,Sedan,0,6,Yes,1.0,No,Low,No
44,Female,31034.0,Rural,6.0,1,Sedan,2,0,Yes,2.0,Yes,Low,No
50,Female,30000.0,Urban,43.2,1,Sedan,5,15,Yes,2.0,No,Low,No
60,Female,47055.0,Suburban,20.3,2,Sedan,4,7,Yes,5.0,No,Low,No
40,Male,77960.0,Suburban,44.5,1,SUV,4,5,Yes,1.0,Yes,Low,No
39,Male,107481.0,Urban,41.7,1,SUV,3,11,No,5.0,Yes,Medium,No
41,Female,107551.0,Urban,33.0,2,SUV,6,15,No,4.0,No,Low,No
31,Male,116019.0,Urban,76.3,1,Sedan,13,12,No,1.0,Yes,Low,No
30,Male,87750.0,Suburban,15.9,1,SUV,6,5,Yes,2.0,Yes,Low,No
63,Female,92798.0,Suburban,40.7,1,Sedan,3,7,Yes,1.0,Yes,Low,No
28,Female,30190.0,Suburban,76.8,2,Hatchback,1,3,Yes,5.0,No,Low,No
50,Male,69205.0,Suburban,5.0,1,Hatchback,4,4,Yes,5.0,Yes,Low,No
34,Male,106221.0,Suburban,31.4,2,Sedan,2,3,Yes,1.0,Yes,Low,No
43,Male,71926.0,Urban,42.9,1,Sedan,11,4,Yes,4.0,Yes,Low,No
66,Female,84906.0,Suburban,52.5,3,Sedan,0,7,Yes,5.0,No,Low,No
40,Male,112419.0,Suburban,30.9,2,Sedan,5,1,Yes,1.0,Yes,Low,No
61,Male,170891.0,Urban,56.4,2,SUV,5,14,No,1.0,Yes,Low,No
39,Male,119424.0,Suburban,5.0,2,Hatchback,0,4,Yes,1.0,Yes,Low,No
36,Male,78738.0,Suburban,46.6,1,Sedan,5,9,Yes,3.0,Yes,Low,No
36,Female,112446.0,Urban,61.1,2,Sedan,2,16,No,3.0,Yes,Low,Yes
53,Male,96787.0,Urban,66.7,1,Sedan,2,13,Yes,3.0,No,Low,No
45,Female,121294.0,Suburban,72.5,2,SUV,2,8,Yes,1.0,No,Low,No
65,Female,80740.0,Rural,33.0,1,Hatchback,0,1,Yes,4.0,Yes,Low,No
50,Female,77831.0,Rural,42.3,1,Truck,0,1,Yes,3.0,No,Low,No
58,Female,31098.0,Urban,64.7,2,SUV,4,9,No,3.0,No,Low,No
50,Female,58963.0,Suburban,5.0,2,SUV,4,2,No,2.0,Yes,Medium,No
41,Female,104555.0,Suburban,94.9,1,SUV,7,8,Yes,1.0,No,Low,No
66,Male,52201.0,Suburban,5.0,3,Sedan,5,6,Yes,5.0,No,Low,No
29,Male,112607.0,Rural,16.3,2,Hatchback,2,1,Yes,3.0,Yes,Low,No
50,Female,75101.0,Suburban,36.3,2,SUV,7,9,No,1.0,Yes,Low,No
58,Female,47043.0,Urban,34.7,3,Hatchback,14,16,No,3.0,Yes,Low,No
55,Female,84310.0,Urban,40.4,1,SUV,12,14,Yes,4.0,Yes,Low,No
47,Male,49900.0,Urban,52.2,2,SUV,12,8,Yes,2.0,No,Low,No
59,Male,86290.0,Suburban,25.2,3,SUV,1,3,No,1.0,Yes,Medium,No
60,Male,94280.0,Urban,17.8,1,Truck,7,14,No,5.0,Yes,Medium,No
33,Male,138319.0,Urban,42.6,3,Hatchback,8,14,Yes,2.0,No,Low,No
31,Female,57207.0,Suburban,66.3,1,Sedan,4,5,Yes,2.0,Yes,Low,No
55,Female,87203.0,Rural,14.7,1,Truck,1,0,No,2.0,Yes,Medium,No
48,Male,124938.0,Rural,21.9,2,Sedan,1,0,Yes,1.0,Yes,Low,No
64,Male,86183.0,Urban,40.9,2,SUV,4,8,No,5.0,Yes,Low,Yes
38,Male,97368.0,Urban,72.5,2,Hatchback,8,7,Yes,4.0,Yes,Low,No
40,Male,93232.0,Rural,70.6,1,Truck,2,1,Yes,4.0,Yes,Low,No
62,Male,52150.0,Urban,49.9,1,Sedan,3,16,No,3.0,Yes,Medium,No
41,Male,61083.0,Suburban,41.2,2,Sedan,4,4,Yes,2.0,No,Low,No
53,Female,114302.0,Suburban,54.7,1,Sedan,0,5,Yes,2.0,Yes,Low,No
44,Male,91578.0,Rural,5.0,1,Sedan,1,1,Yes,1.0,No,Medium,No
56,Male,104021.0,Rural,75.6,1,Hatchback,0,1,Yes,1.0,Yes,Low,No
35,Female,115518.0,Suburban,34.5,2,Hatchback,2,6,Yes,3.0,No,Low,No
49,Female,69328.0,Suburban,23.4,3,Hatchback,2,9,Yes,1.0,No,Low,No
38,Male,35736.0,Urban,33.0,1,SUV,12,16,No,1.0,No,Low,No
34,Male,63137.0,Urban,61.9,3,Truck,2,19,No,2.0,No,Low,No
48,Female,95793.0,Urban,27.8,3,Sedan,3,10,Yes,4.0,Yes,Low,Yes
54,Male,76536.0,Rural,89.6,2,Hatchback,0,0,No,4.0,Yes,High,No
60,Other,100997.0,Urban,50.4,2,Sedan,5,18,No,1.0,No,Low,No
32,Male,101476.0,Urban,48.7,2,SUV,7,4,Yes,3.0,Yes,Low,No
52,Female,92106.0,Urban,45.4,2,Sedan,12,8,No,2.0,No,Medium,No
51,Female,77048.0,Urban,16.8,1,Hatchback,3,6,No,1.0,No,High,No
43,Male,91807.0,Suburban,5.0,1,SUV,5,5,Yes,1.0,Yes,Low,Yes
55,Male,94058.0,Suburban,39.3,1,SUV,2,1,Yes,2.0,Yes,Low,No
38,Male,59362.0,Rural,40.849999999999994,1,Sedan,1,0,Yes,1.0,Yes,Low,No
49,Female,57534.0,Urban,25.0,1,Hatchback,5,5,Yes,4.0,Yes,Low,No
34,Male,79857.0,Urban,45.7,1,Truck,9,5,Yes,5.0,Yes,Low,Yes
46,Male,174000.0,Suburban,60.7,1,Sedan,4,7,Yes,1.0,Yes,Low,No
55,Male,119692.0,Suburban,66.1,1,Sedan,5,4,Yes,3.0,Yes,Low,Yes
47,Male,92831.0,Suburban,19.2,1,Sedan,5,4,Yes,5.0,Yes,Low,Yes
40,Female,81899.0,Rural,39.6,2,Sedan,1,3,Yes,3.0,Yes,Low,No
26,Other,97864.0,Urban,43.2,2,SUV,7,10,No,4.0,Yes,Low,No
37,Male,80378.0,Urban,40.45,1,SUV,14,3,No,4.0,No,Medium,No
65,Male,64953.0,Urban,33.2,1,Sedan,11,7,No,1.0,Yes,Medium,No
27,Female,173388.0,Rural,26.6,2,Hatchback,2,0,Yes,2.0,Yes,Low,No
29,Male,30000.0,Urban,30.5,2,Sedan,5,14,Yes,3.0,Yes,Low,No
47,Male,77148.0,Urban,22.2,1,Hatchback,14,7,Yes,5.0,No,Low,No
58,Female,55046.0,Suburban,77.1,1,SUV,2,8,Yes,4.0,No,Low,No
43,Male,100154.0,Urban,74.3,3,Sedan,3,3,Yes,4.0,Yes,Low,Yes
56,Female,80797.0,Suburban,71.4,4,Sedan,2,6,Yes,2.0,Yes,Low,No
60,Female,92392.0,Suburban,56.7,1,Sedan,7,1,Yes,4.0,Yes,Low,No
60,Female,142960.0,Urban,79.8,1,Sedan,9,9,No,2.0,Yes,Medium,No
65,Female,90557.0,Urban,63.1,1,Truck,13,10,Yes,1.0,No,Low,No
42,Male,30000.0,Urban,56.7,1,Hatchback,5,18,No,1.0,Yes,Low,No
48,Female,111703.0,Urban,40.5,1,Hatchback,13,17,Yes,3.0,Yes,Low,No
33,Female,112429.0,Suburban,49.3,2,Sedan,2,4,No,4.0,Yes,Medium,No
52,Female,104205.0,Urban,25.7,4,Sedan,2,7,No,2.0,Yes,Low,No
60,Female,84376.0,Rural,74.9,1,Sedan,2,1,Yes,2.0,Yes,Low,No
32,Male,93477.0,Suburban,9.2,1,SUV,1,5,Yes,2.0,Yes,Low,No
29,Female,99281.0,Urban,31.8,2,SUV,10,10,No,5.0,Yes,Low,Yes
33,Male,82115.0,Rural,92.2,1,Hatchback,1,3,Yes,3.0,No,Low,No
53,Male,30000.0,Urban,9.5,3,Sedan,12,7,No,5.0,Yes,Low,No
33,Male,87715.0,Suburban,31.9,2,Sedan,2,8,Yes,4.0,Yes,Low,Yes
28,Male,91056.0,Suburban,16.6,2,Truck,0,3,Yes,4.0,No,Low,No
49,Female,94850.0,Suburban,12.5,1,Sedan,1,4,Yes,4.0,Yes,Low,Yes
59,Female,70384.0,Suburban,59.8,1,Sedan,0,9,No,2.0,No,Medium,No
46,Female,67229.0,Rural,58.5,2,Sedan,0,2,No,2.0,No,High,No
37,Male,118533.0,Urban,45.1,1,Sedan,6,8,Yes,4.0,No,Low,No
40,Male,72816.0,Suburban,10.9,1,Sedan,6,3,No,4.0,Yes,Medium,No
31,Female,85451.0,Urban,16.9,4,SUV,7,19,No,1.0,No,Low,No
52,Female,134327.0,Urban,20.5,3,Hatchback,12,4,No,2.0,Yes,Low,Yes
61,Male,126681.0,Rural,16.7,2,SUV,1,3,Yes,1.0,No,Low,No
67,Male,93073.0,Suburban,32.5,1,SUV,3,6,No,1.0,No,Medium,No
25,Female,88001.0,Rural,48.5,3,Hatchback,1,3,Yes,1.0,Yes,Low,No
33,Female,109274.0,Suburban,26.3,1,SUV,7,1,No,5.0,No,Low,No
35,Male,174000.0,Suburban,24.1,3,Sedan,3,9,Yes,5.0,Yes,Low,Yes
67,Male,45939.0,Suburban,28.0,2,SUV,7,3,No,4.0,No,Medium,No
68,Male,30013.0,Suburban,5.0,2,Hatchback,3,2,Yes,2.0,Yes,Low,No
68,Male,48779.0,Urban,30.1,3,Sedan,8,7,No,5.0,Yes,Low,No
39,Female,87418.0,Suburban,52.7,3,Hatchback,0,8,Yes,3.0,No,Low,No
64,Male,139660.0,Urban,46.8,2,Truck,2,11,Yes,2.0,No,Low,No
52,Female,74694.0,Suburban,7.5,2,Truck,6,8,Yes,2.0,No,Low,No
52,Male,80622.0,Urban,31.6,2,Hatchback,14,19,No,5.0,Yes,Low,No
38,Male,73963.0,Urban,80.4,2,SUV,11,10,No,5.0,No,Low,No
50,Male,30000.0,Suburban,51.4,2,Sedan,1,2,No,2.0,Yes,Medium,No
42,Male,131482.0,Urban,59.0,1,Hatchback,8,14,Yes,3.0,Yes,Low,Yes
36,Male,95351.0,Suburban,27.5,2,Sedan,3,7,No,5.0,No,Low,No
27,Female,99468.0,Suburban,54.4,2,Sedan,6,1,Yes,1.0,Yes,Low,No
51,Male,54392.0,Suburban,102.9,1,SUV,6,7,Yes,3.0,Yes,Low,No
47,Male,30000.0,Urban,72.6,2,Sedan,2,4,No,2.0,Yes,Medium,No
44,Female,94015.0,Urban,5.0,3,SUV,7,8,No,2.0,No,Low,No
61,Male,82116.0,Urban,57.7,1,Hatchback,14,4,No,2.0,No,Low,No
37,Female,65262.0,Urban,54.6,1,Truck,12,13,Yes,3.0,No,Low,No
62,Female,84758.0,Suburban,68.0,1,SUV,3,6,Yes,1.0,No,Low,No
54,Female,54119.0,Urban,18.6,2,Sedan,10,18,No,1.0,No,Low,No
41,Female,51808.0,Suburban,58.0,1,Sedan,0,2,Yes,5.0,Yes,Low,No
61,Female,158190.0,Urban,64.0,4,Sedan,4,19,No,2.0,No,Low,No
65,Female,30000.0,Urban,42.7,1,SUV,3,4,No,4.0,Yes,Medium,No
47,Male,51035.0,Urban,5.0,1,Sedan,7,4,No,2.0,Yes,Low,No
44,Male,86595.0,Suburban,24.1,2,SUV,6,8,Yes,2.0,No,Low,No
30,Other,68132.0,Suburban,19.7,2,Sedan,0,6,No,4.0,Yes,Medium,No
66,Female,111466.0,Rural,70.5,1,Sedan,0,3,Yes,1.0,Yes,Low,No
38,Female,47252.0,Rural,71.6,1,SUV,2,3,Yes,5.0,Yes,Low,No
57,Male,58818.0,Rural,12.9,3,SUV,2,2,Yes,4.0,No,Low,No
65,Male,58418.0,Suburban,61.5,1,SUV,6,9,Yes,4.0,No,Low,No
52,Female,64545.0,Suburban,20.6,3,Hatchback,7,7,Yes,2.0,Yes,Low,No
32,Female,43196.0,Urban,55.1,1,SUV,2,6,No,3.0,Yes,High,No
39,Female,92580.0,Suburban,50.5,1,SUV,4,9,Yes,4.0,Yes,Low,Yes
43,Female,105569.0,Suburban,17.2,2,SUV,4,8,Yes,1.0,Yes,Low,No
55,Female,49119.0,Urban,36.9,2,SUV,9,11,Yes,3.0,Yes,Low,No
46,Male,127784.0,Urban,51.8,1,Hatchback,9,3,Yes,2.0,No,Low,No
43,Other,55562.0,Rural,26.4,2,SUV,2,3,Yes,4.0,Yes,Low,Yes
29,Female,40972.0,Suburban,37.9,3,Hatchback,5,1,Yes,5.0,No,Low,No
63,Female,123434.0,Suburban,63.0,1,Sedan,7,3,No,1.0,Yes,Medium,No
59,Female,63242.0,Urban,81.7,3,Truck,13,18,Yes,3.0,No,Low,No
34,Male,101525.0,Suburban,59.7,2,Sedan,1,4,Yes,5.0,Yes,Low,Yes
68,Male,67091.0,Suburban,39.9,3,Truck,4,7,No,3.0,No,Medium,No
49,Male,127430.0,Suburban,5.0,2,Hatchback,3,4,No,3.0,Yes,Low,No
49,Male,131840.0,Suburban,21.3,2,SUV,0,7,Yes,1.0,No,Low,No
47,Female,81815.0,Suburban,62.8,3,SUV,0,8,Yes,4.0,Yes,Low,Yes
61,Female,78407.0,Suburban,5.0,2,Sedan,2,1,Yes,1.0,Yes,Low,No
33,Female,30000.0,Suburban,5.0,1,SUV,4,5,Yes,3.0,No,Low,No
36,Female,58145.0,Urban,49.3,4,Sedan,5,16,Yes,3.0,No,Low,No
46,Male,47071.0,Suburban,30.6,1,Truck,6,5,Yes,5.0,No,Low,No
55,Female,30000.0,Urban,31.5,3,Sedan,2,12,Yes,4.0,No,Low,No
66,Male,77016.0,Rural,65.6,1,SUV,1,3,Yes,3.0,Yes,Low,No
33,Male,30000.0,Urban,13.8,2,Sedan,3,17,Yes,5.0,Yes,Low,No
45,Female,54258.0,Suburban,31.7,1,SUV,0,6,Yes,1.0,Yes,Low,No
43,Male,80442.0,Urban,24.5,3,Sedan,5,8,No,2.0,Yes,Low,Yes
29,Male,99878.0,Urban,40.6,1,SUV,14,17,Yes,3.0,Yes,Low,No
36,Female,95663.0,Suburban,53.0,3,SUV,0,1,Yes,1.0,Yes,Low,No
66,Male,69336.0,Rural,42.0,1,Sedan,2,2,Yes,5.0,No,Low,No
39,Male,112668.0,Suburban,50.9,2,Sedan,4,1,Yes,1.0,No,Low,No
31,Male,62943.0,Suburban,40.1,2,Hatchback,0,2,Yes,3.0,Yes,Low,No
59,Male,125313.0,Rural,29.9,2,Truck,0,3,Yes,1.0,No,Low,No
64,Male,70260.0,Suburban,8.0,4,SUV,4,3,Yes,5.0,No,Low,No
41,Female,91466.0,Urban,5.0,3,SUV,7,8,Yes,1.0,Yes,Low,No
32,Female,34599.0,Urban,35.0,1,Hatchback,7,9,No,4.0,Yes,Low,No
62,Female,88062.0,Suburban,32.0,3,SUV,5,5,Yes,2.0,Yes,Low,No
33,Male,84726.0,Urban,71.2,2,Sedan,10,9,No,3.0,Yes,Low,Yes
28,Male,84906.0,Urban,35.0,3,Truck,3,4,Yes,1.0,Yes,Low,No
50,Female,111262.0,Suburban,36.1,2,Truck,2,5,Yes,4.0,Yes,Low,Yes
27,Female,44989.0,Suburban,46.1,2,Sedan,0,4,No,1.0,No,High,No
39,Male,67986.0,Rural,20.7,1,SUV,1,2,Yes,3.0,Yes,Low,No
33,Male,30000.0,Suburban,6.9,2,Sedan,4,9,Yes,2.0,Yes,Low,No
49,Male,45680.0,Suburban,76.7,2,Sedan,1,9,Yes,3.0,Yes,Low,No
65,Female,68669.0,Urban,52.0,2,SUV,9,4,No,4.0,Yes,Low,Yes
35,Female,45280.0,Urban,28.4,2,SUV,9,4,Yes,4.0,No,Low,No
30,Female,70265.0,Rural,40.9,2,Sedan,0,2,Yes,5.0,Yes,Low,No
62,Female,115912.0,Urban,27.4,2,Truck,11,3,Yes,3.0,No,Low,No
35,Male,102347.0,Suburban,22.6,1,Sedan,5,3,No,3.0,Yes,Low,No
54,Male,47083.0,Suburban,90.4,2,SUV,7,5,Yes,5.0,No,Low,No
61,Female,103998.0,Rural,33.0,1,Hatchback,1,2,Yes,2.0,Yes,Low,No
43,Male,122945.0,Urban,61.1,2,Hatchback,14,13,No,4.0,Yes,Low,Yes
64,Female,80998.0,Urban,40.5,2,Hatchback,4,19,Yes,3.0,Yes,Low,No
53,Female,105640.0,Urban,78.0,3,Sedan,4,6,No,4.0,Yes,Medium,Yes
36,Female,50180.0,Rural,35.3,3,Hatchback,1,0,Yes,3.0,Yes,Low,Yes
50,Male,44931.0,Suburban,8.4,2,Sedan,7,6,Yes,3.0,No,Low,No
61,Female,81014.0,Rural,80.0,1,SUV,0,2,Yes,4.0,Yes,Low,No
68,Male,56065.0,Suburban,39.9,2,Sedan,3,7,Yes,5.0,Yes,Low,No
63,Male,151392.0,Suburban,73.7,2,Sedan,3,8,Yes,1.0,No,Low,No
49,Female,71722.0,Urban,61.7,3,Sedan,7,6,No,5.0,Yes,Low,No
64,Male,80777.0,Urban,47.9,1,Hatchback,12,19,No,5.0,Yes,Low,No
42,Female,53707.0,Suburban,38.9,2,Sedan,1,7,Yes,3.0,Yes,Low,Yes
69,Male,133967.0,Urban,62.1,2,Sedan,4,14,Yes,2.0,No,Low,No
47,Male,53600.0,Suburban,5.0,2,Truck,3,8,Yes,4.0,No,Low,No
68,Male,81705.0,Suburban,5.0,1,SUV,1,9,Yes,5.0,No,Low,No
55,Female,48168.0,Urban,38.3,1,Sedan,8,7,No,1.0,Yes,Medium,No
50,Male,128259.0,Suburban,53.9,1,Sedan,6,5,Yes,2.0,No,Low,No
47,Female,41522.0,Urban,25.8,1,Sedan,7,5,No,4.0,Yes,Medium,Yes
45,Male,41797.0,Urban,71.6,2,Sedan,13,8,Yes,5.0,No,Low,No
31,Male,76795.0,Urban,6.9,3,Sedan,7,6,No,5.0,No,Low,No
35,Female,128759.0,Suburban,41.8,1,Sedan,0,9,No,5.0,Yes,Medium,Yes
46,Female,169626.0,Suburban,23.7,2,Truck,6,2,Yes,1.0,Yes,Low,No
42,Female,69156.0,Suburban,48.3,2,SUV,3,7,Yes,4.0,No,Low,No
46,Female,88106.0,Suburban,5.0,3,SUV,6,5,No,2.0,Yes,Low,No
43,Female,81173.0,Urban,62.3,1,SUV,5,7,Yes,5.0,No,Low,No
27,Male,105716.0,Urban,83.7,1,Sedan,8,10,Yes,1.0,Yes,Low,No
34,Female,60063.0,Urban,37.6,1,SUV,14,7,No,5.0,No,Low,Yes
54,Male,105410.0,Urban,63.6,2,SUV,14,11,No,3.0,No,Low,No
38,Female,84758.0,Rural,78.7,1,SUV,2,2,Yes,2.0,Yes,Low,No
38,Male,119478.0,Urban,46.4,1,SUV,3,5,Yes,1.0,Yes,Low,No
64,Female,58964.0,Suburban,43.5,1,Sedan,0,6,Yes,3.0,Yes,Low,No
37,Male,85217.0,Urban,78.8,1,Sedan,5,13,Yes,2.0,Yes,Low,No
35,Male,162276.0,Urban,5.0,2,Sedan,7,13,No,2.0,No,Low,No
65,Male,111580.0,Suburban,14.7,1,SUV,2,3,Yes,5.0,No,Low,Yes
68,Male,78237.0,Suburban,49.5,2,SUV,3,6,Yes,5.0,No,Low,No
68,Male,30000.0,Rural,45.2,2,Truck,1,2,No,1.0,Yes,High,No
36,Male,85111.0,Urban,28.4,3,Truck,4,5,No,2.0,Yes,Medium,No
60,Female,145453.0,Suburban,10.1,3,Sedan,2,4,Yes,3.0,No,Low,No
26,Female,62351.0,Rural,49.4,1,Hatchback,0,3,Yes,5.0,Yes,Low,Yes
34,Female,135192.0,Urban,56.3,2,SUV,9,16,No,2.0,Yes,Low,No
31,Female,112098.0,Suburban,23.7,2,Hatchback,6,9,Yes,5.0,Yes,Low,No
45,Female,109135.0,Urban,93.8,2,Sedan,4,6,Yes,5.0,No,Low,No
55,Male,137353.0,Suburban,51.8,1,Truck,6,2,No,2.0,Yes,Medium,No
34,Male,59688.0,Suburban,31.5,3,Sedan,7,3,No,3.0,Yes,Medium,No
69,Male,76327.0,Rural,19.6,1,Hatchback,2,0,Yes,4.0,Yes,Low,No
65,Female,145880.0,Rural,19.4,1,Sedan,1,0,Yes,4.0,Yes,Low,No
51,Female,32217.0,Suburban,24.5,2,SUV,5,4,Yes,3.0,No,Low,No
43,Female,76894.0,Rural,27.9,4,Sedan,0,2,Yes,1.0,Yes,Low,No
49,Male,62300.0,Urban,21.1,2,Hatchback,12,4,No,2.0,Yes,Medium,No
39,Female,91800.0,Urban,29.7,2,Hatchback,9,15,No,3.0,Yes,Low,No
47,Male,119527.0,Urban,70.4,1,SUV,14,19,Yes,3.0,No,Low,No
47,Female,154464.0,Suburban,86.9,2,SUV,4,6,Yes,2.0,Yes,Low,No
29,Female,64514.0,Suburban,33.0,1,Sedan,4,8,Yes,2.0,Yes,Low,No
34,Female,80526.0,Suburban,61.4,3,SUV,0,9,Yes,3.0,Yes,Low,No
63,Female,114110.0,Suburban,60.5,2,Sedan,5,9,Yes,1.0,Yes,Low,No
69,Female,39863.0,Suburban,12.1,2,SUV,1,9,Yes,3.0,Yes,Low,No
52,Female,97322.0,Suburban,51.5,1,Truck,2,8,Yes,3.0,No,Low,No
37,Female,45567.0,Urban,32.9,2,Hatchback,8,14,No,1.0,No,Medium,No
27,Male,61190.0,Suburban,35.7,2,Hatchback,6,2,No,4.0,Yes,Low,No
46,Female,132710.0,Urban,86.5,2,Sedan,2,14,Yes,3.0,No,Low,No
64,Male,129131.0,Suburban,19.7,2,Sedan,1,2,Yes,4.0,Yes,Low,Yes
50,Female,87634.0,Urban,5.0,2,SUV,11,13,Yes,4.0,No,Low,No
26,Male,111303.0,Urban,71.8,2,Sedan,13,18,No,5.0,Yes,Low,Yes
53,Male,68159.0,Suburban,31.8,2,Sedan,1,8,Yes,3.0,Yes,Low,Yes
37,Female,103201.0,Suburban,27.6,1,SUV,3,8,Yes,1.0,No,Low,No
39,Male,68249.0,Urban,17.9,1,SUV,12,6,No,3.0,Yes,Low,No
36,Male,30000.0,Urban,58.9,2,SUV,13,8,No,1.0,Yes,Medium,No
31,Male,81120.0,Suburban,62.1,2,Sedan,5,2,Yes,3.0,No,Low,No
67,Male,55252.0,Rural,8.6,2,Sedan,1,3,Yes,5.0,Yes,Low,No
28,Female,90735.0,Urban,67.4,2,SUV,6,9,Yes,1.0,No,Low,No
63,Male,74830.0,Urban,5.0,1,SUV,11,7,Yes,4.0,Yes,Low,Yes
33,Female,44909.0,Rural,6.1,2,Hatchback,0,0,Yes,1.0,No,Low,No
39,Male,98185.0,Urban,44.9,1,Sedan,11,19,No,2.0,Yes,Medium,No
42,Male,96739.0,Suburban,5.0,2,SUV,1,4,Yes,1.0,Yes,Low,No
50,Male,82977.0,Urban,25.6,1,Sedan,14,17,No,4.0,Yes,Low,Yes
30,Male,130279.0,Rural,47.4,1,Hatchback,1,1,Yes,3.0,No,Low,No
58,Female,97486.0,Rural,49.7,2,SUV,0,0,No,3.0,Yes,High,No
35,Female,64472.0,Suburban,85.2,1,SUV,5,6,No,5.0,Yes,Medium,No
60,Male,81082.0,Suburban,10.5,3,Hatchback,7,7,Yes,2.0,Yes,Low,No
44,Male,75342.0,Suburban,25.5,2,SUV,0,8,Yes,5.0,No,Low,Yes
56,Female,118797.0,Suburban,48.8,1,SUV,0,7,Yes,5.0,Yes,Low,Yes
49,Female,63538.0,Urban,82.1,1,SUV,14,16,No,1.0,Yes,Low,No
68,Male,90465.0,Urban,55.4,1,Sedan,3,5,Yes,5.0,No,Low,No
62,Female,49710.0,Suburban,5.0,1,SUV,6,8,Yes,5.0,Yes,Low,Yes
63,Female,43405.0,Suburban,54.4,2,SUV,0,8,Yes,4.0,Yes,Low,No
25,Female,69005.0,Suburban,39.15,3,SUV,5,5,Yes,1.0,Yes,Low,No
46,Female,106831.0,Urban,37.6,1,Sedan,2,15,No,4.0,Yes,Low,Yes
29,Male,41887.0,Urban,49.1,1,Truck,12,10,Yes,5.0,No,Low,No
42,Female,60470.0,Urban,40.4,3,Sedan,9,6,No,1.0,Yes,Medium,No
48,Female,94443.0,Urban,5.6,3,Sedan,8,18,Yes,2.0,No,Low,No
36,Male,99776.0,Suburban,27.5,3,SUV,2,3,No,3.0,Yes,Medium,No
33,Male,62378.0,Urban,14.2,2,SUV,8,18,Yes,5.0,Yes,Low,Yes
53,Male,40228.0,Suburban,39.2,1,SUV,6,6,Yes,3.0,Yes,Low,No
63,Male,47210.0,Suburban,65.6,2,Hatchback,7,2,No,4.0,Yes,Medium,No
29,Female,110680.0,Urban,64.7,2,Hatchback,5,6,Yes,2.0,Yes,Low,No
60,Female,67338.0,Suburban,49.5,1,SUV,5,3,Yes,5.0,No,Low,No
51,Female,77447.0,Suburban,66.4,1,Hatchback,7,4,Yes,2.0,Yes,Low,No
65,Female,50874.0,Suburban,20.7,1,SUV,1,4,Yes,5.0,Yes,Low,Yes
36,Male,95395.0,Suburban,33.0,3,SUV,7,9,Yes,2.0,Yes,Low,No
27,Female,126580.0,Urban,44.8,1,Hatchback,12,19,Yes,2.0,No,Low,No
58,Female,108101.0,Rural,89.7,1,Hatchback,1,3,Yes,5.0,No,Low,Yes
44,Male,87242.0,Urban,13.1,4,Hatchback,10,14,No,2.0,Yes,Low,No
31,Female,82450.0,Urban,5.0,4,Hatchback,7,7,No,3.0,Yes,Low,No
51,Male,57132.0,Suburban,30.5,1,Hatchback,3,4,Yes,1.0,Yes,Low,No
60,Male,30000.0,Suburban,5.0,2,Truck,7,9,No,1.0,No,Low,No
64,Male,99081.0,Suburban,64.3,1,SUV,1,8,No,3.0,Yes,High,No
27,Female,58079.0,Suburban,44.9,1,Sedan,1,7,Yes,3.0,No,Low,No
62,Female,51545.0,Suburban,42.0,2,Sedan,0,3,Yes,4.0,Yes,Low,No
31,Male,84758.0,Urban,64.5,1,SUV,9,17,No,2.0,Yes,Low,Yes
40,Male,56696.0,Urban,100.6,2,Sedan,14,18,Yes,1.0,Yes,Low,No
31,Male,52599.0,Suburban,79.3,1,Sedan,1,8,Yes,1.0,No,Low,No
39,Other,83448.0,Suburban,48.1,1,SUV,4,3,Yes,3.0,Yes,Low,Yes
49,Female,36682.0,Suburban,9.8,2,Sedan,5,6,Yes,2.0,No,Low,No
33,Female,101896.0,Suburban,49.1,2,SUV,7,9,Yes,3.0,No,Low,No
57,Female,113858.0,Rural,52.3,3,Sedan,2,1,Yes,1.0,No,Low,No
43,Female,61567.0,Suburban,17.1,2,Truck,2,8,Yes,5.0,No,Low,No
58,Male,124644.0,Suburban,46.5,2,Sedan,2,2,Yes,4.0,Yes,Low,Yes
42,Female,107104.0,Rural,52.3,2,SUV,2,3,Yes,3.0,Yes,Low,No
50,Female,142419.0,Urban,50.3,1,Hatchback,12,17,Yes,3.0,Yes,Low,Yes
46,Male,91436.0,Urban,37.2,2,Sedan,14,17,No,1.0,Yes,Low,No
31,Other,61548.0,Suburban,36.7,1,Hatchback,1,5,Yes,3.0,Yes,Low,No
50,Male,30000.0,Urban,48.9,1,Sedan,6,4,Yes,1.0,Yes,Low,No
68,Female,49340.0,Urban,32.7,2,Hatchback,8,4,No,1.0,No,Medium,No
67,Female,147696.0,Urban,8.6,2,Sedan,2,11,No,3.0,Yes,Low,Yes
66,Female,119608.0,Suburban,15.4,2,Truck,0,1,Yes,2.0,No,Low,No
37,Female,150597.0,Urban,54.1,2,SUV,13,5,Yes,1.0,No,Low,No
32,Male,73566.0,Suburban,77.0,2,SUV,5,8,Yes,1.0,Yes,Low,No
33,Female,130431.0,Suburban,5.0,2,Sedan,6,4,Yes,4.0,Yes,Low,Yes
60,Male,84287.0,Urban,54.3,2,SUV,9,19,No,4.0,No,Low,Yes
45,Male,66492.0,Urban,45.2,2,SUV,2,3,No,2.0,Yes,Medium,No
37,Male,41416.0,Rural,66.9,1,Sedan,0,0,Yes,2.0,Yes,Low,No
53,Female,133448.0,Suburban,100.2,1,Sedan,7,1,Yes,4.0,Yes,Low,No
26,Female,68530.0,Urban,13.9,3,SUV,8,5,Yes,4.0,Yes,Low,Yes
66,Female,124653.0,Urban,43.4,2,Sedan,14,8,Yes,5.0,No,Low,No
36,Female,93973.0,Urban,47.6,2,SUV,11,16,No,5.0,Yes,Medium,Yes
27,Male,57194.0,Suburban,24.8,2,Truck,3,3,Yes,2.0,Yes,Low,No
27,Male,109131.0,Urban,49.6,1,SUV,10,6,Yes,5.0,No,Low,No
69,Male,49729.0,Urban,44.0,2,SUV,13,18,No,4.0,No,Low,No
36,Male,58590.0,Urban,48.2,1,SUV,13,4,No,3.0,Yes,Low,No
53,Female,70039.0,Urban,79.8,1,Sedan,13,15,No,3.0,Yes,Medium,No
40,Male,112534.0,Suburban,55.6,2,Sedan,2,2,Yes,5.0,Yes,Low,Yes
49,Male,61596.0,Urban,32.1,4,Sedan,4,9,No,1.0,No,Medium,No
43,Male,140380.0,Suburban,11.1,2,Sedan,4,9,Yes,3.0,Yes,Low,Yes
31,Female,69961.0,Rural,43.6,1,SUV,0,2,Yes,5.0,No,Low,No
25,Male,115356.0,Suburban,53.3,2,Sedan,1,8,Yes,4.0,No,Low,No
63,Male,84758.0,Urban,71.7,1,Sedan,6,15,Yes,4.0,Yes,Low,Yes
43,Female,41595.0,Urban,34.7,1,Sedan,5,18,No,3.0,No,Low,No
46,Male,77805.0,Urban,39.9,2,Truck,6,9,Yes,5.0,Yes,Low,Yes
44,Male,60644.0,Suburban,5.0,1,Truck,0,3,No,5.0,No,Medium,No
45,Female,53605.0,Urban,35.6,1,Sedan,14,3,Yes,2.0,No,Low,No
39,Male,97580.0,Suburban,5.0,1,Truck,0,7,Yes,3.0,Yes,Low,No
62,Male,108057.0,Urban,5.0,1,SUV,2,18,No,2.0,Yes,Low,No
64,Female,83755.0,Urban,64.5,3,Truck,4,14,No,1.0,Yes,Medium,No
49,Female,86909.0,Suburban,23.0,1,Hatchback,0,2,Yes,1.0,Yes,Low,No
50,Female,84287.0,Suburban,76.8,2,Sedan,6,5,Yes,1.0,Yes,Low,No
37,Male,78911.0,Rural,5.0,1,Sedan,1,3,Yes,4.0,Yes,Low,No
26,Female,119654.0,Urban,48.0,2,Sedan,3,19,Yes,3.0,Yes,Low,No
41,Female,123053.0,Rural,40.8,3,SUV,0,3,Yes,2.0,No,Low,No
52,Male,109504.0,Suburban,25.3,1,SUV,1,8,Yes,3.0,Yes,Low,Yes
50,Other,54284.0,Suburban,74.5,1,SUV,2,7,Yes,2.0,Yes,Low,No
65,Female,104694.0,Urban,69.8,2,Sedan,3,16,No,3.0,No,Low,No
45,Female,60304.0,Rural,9.4,1,Sedan,1,0,Yes,3.0,Yes,Low,No
52,Female,111447.0,Suburban,96.9,2,SUV,7,3,Yes,5.0,Yes,Low,Yes
29,Female,67278.0,Rural,28.2,3,SUV,1,3,Yes,2.0,No,Low,No
64,Male,52260.0,Rural,70.1,1,Sedan,1,1,Yes,4.0,Yes,Low,No
30,Male,73129.0,Suburban,65.4,2,Hatchback,6,8,Yes,4.0,No,Low,No
35,Female,78769.0,Urban,63.4,3,SUV,14,10,No,3.0,No,Low,No
26,Male,88474.0,Urban,38.5,2,Sedan,13,4,No,1.0,No,Low,No
65,Female,77743.0,Suburban,13.5,3,Sedan,3,2,Yes,5.0,Yes,Low,No
66,Female,96526.0,Rural,50.5,1,Sedan,1,2,Yes,3.0,No,Low,No
32,Female,147949.0,Urban,42.3,2,Sedan,12,9,Yes,5.0,Yes,Low,No
26,Male,55300.0,Suburban,67.3,2,Sedan,7,1,Yes,3.0,Yes,Low,No
32,Male,47656.0,Suburban,5.0,2,Hatchback,7,2,Yes,5.0,Yes,Low,Yes
37,Female,101581.0,Rural,21.0,2,SUV,1,3,Yes,4.0,Yes,Low,No
55,Female,95550.0,Urban,5.4,2,Sedan,9,10,No,3.0,Yes,Low,No
58,Male,30000.0,Suburban,63.6,2,SUV,6,1,Yes,5.0,Yes,Low,No
26,Female,34141.0,Urban,15.0,2,SUV,9,14,No,5.0,No,Low,No
67,Male,121907.0,Suburban,12.4,1,Sedan,0,7,Yes,1.0,No,Low,No
57,Female,105096.0,Suburban,87.2,2,SUV,4,8,Yes,2.0,Yes,Low,No
56,Male,89354.0,Urban,59.7,3,SUV,10,15,No,3.0,Yes,Medium,No
32,Male,73384.0,Urban,67.1,2,Sedan,5,10,Yes,3.0,Yes,Low,Yes
56,Female,64728.0,Urban,38.0,2,Truck,4,14,Yes,1.0,Yes,Low,No
32,Female,90967.0,Urban,76.4,1,Truck,3,10,No,3.0,Yes,Low,No
68,Male,144649.0,Urban,60.4,1,Sedan,2,5,Yes,1.0,Yes,Low,No
50,Female,61481.0,Urban,43.7,2,SUV,2,7,Yes,3.0,No,Low,No
40,Male,94167.0,Suburban,65.2,1,Sedan,3,4,Yes,4.0,Yes,Low,Yes
62,Male,106347.0,Urban,44.0,2,Truck,7,11,Yes,3.0,Yes,Low,No
55,Male,100863.0,Urban,74.6,3,Sedan,12,5,No,2.0,No,Low,No
45,Female,82436.0,Urban,41.9,1,SUV,2,7,No,2.0,Yes,Medium,No
49,Female,83604.0,Suburban,27.0,2,Sedan,2,7,Yes,1.0,No,Low,No
37,Female,91209.0,Rural,21.6,2,Sedan,1,0,Yes,4.0,Yes,Low,No
54,Female,70196.0,Urban,62.9,2,Sedan,7,15,No,2.0,Yes,Low,No
29,Female,63787.0,Urban,65.6,1,SUV,13,15,No,2.0,Yes,Low,No
47,Female,119463.0,Urban,13.6,1,Sedan,6,11,No,1.0,Yes,Low,No
35,Female,50045.0,Suburban,5.0,1,Sedan,6,8,Yes,4.0,Yes,Low,No
67,Female,40465.0,Urban,70.2,1,Sedan,7,8,No,2.0,Yes,Medium,No
44,Female,80795.0,Suburban,40.4,1,Sedan,6,4,Yes,4.0,No,Low,No
59,Male,115395.0,Suburban,33.3,1,SUV,0,5,No,1.0,No,Low,No
46,Female,56025.0,Urban,12.1,1,SUV,9,14,No,1.0,No,Low,No
54,Female,93280.0,Urban,51.2,2,Hatchback,7,14,No,3.0,Yes,Low,No
68,Male,89296.0,Suburban,81.0,1,Truck,0,5,Yes,1.0,No,Low,No
36,Female,41902.0,Urban,86.2,2,Hatchback,7,3,No,5.0,No,High,No
26,Male,80731.0,Urban,6.9,3,Truck,12,13,No,4.0,No,Low,No
62,Male,165055.0,Suburban,5.0,3,SUV,2,3,Yes,3.0,No,Low,No
62,Female,75313.0,Suburban,22.9,2,SUV,7,8,Yes,2.0,Yes,Low,No
25,Female,50824.0,Suburban,28.7,1,Hatchback,6,9,Yes,3.0,No,Low,No
58,Female,105605.0,Rural,28.8,2,Sedan,0,3,Yes,2.0,No,Low,No
31,Female,108549.0,Suburban,48.1,2,Hatchback,0,6,Yes,1.0,Yes,Low,No
33,Male,106094.0,Urban,38.6,1,Truck,10,4,No,2.0,Yes,Low,No
45,Female,153792.0,Suburban,44.0,1,Sedan,1,9,Yes,3.0,No,Low,No
52,Female,36172.0,Urban,55.1,1,Sedan,3,15,Yes,1.0,No,Low,No
54,Female,62431.0,Rural,27.3,2,SUV,2,2,Yes,1.0,Yes,Low,No
31,Female,71803.0,Urban,16.0,3,Sedan,5,9,No,3.0,Yes,Low,No
60,Male,156516.0,Rural,5.0,4,Sedan,2,2,Yes,2.0,Yes,Low,No
37,Other,83204.0,Suburban,35.1,2,Hatchback,1,4,No,4.0,No,Medium,No
55,Female,117576.0,Suburban,25.2,1,Hatchback,7,3,Yes,1.0,Yes,Low,No
32,Male,32243.0,Urban,56.7,2,Hatchback,13,8,Yes,4.0,Yes,Low,No
35,Male,91015.0,Rural,15.8,2,Sedan,0,0,Yes,2.0,Yes,Low,No
44,Male,30000.0,Urban,15.0,1,Sedan,4,11,Yes,4.0,Yes,Low,Yes
27,Male,87779.0,Urban,22.0,3,Sedan,3,11,No,3.0,Yes,Low,No
47,Female,100943.0,Urban,51.7,1,Sedan,5,9,Yes,3.0,No,Low,No
27,Female,170710.0,Urban,90.2,3,SUV,4,17,No,5.0,No,Medium,No
66,Male,70293.0,Urban,10.4,1,Sedan,8,16,Yes,5.0,Yes,Low,Yes
52,Female,93023.0,Urban,41.6,2,SUV,13,18,No,4.0,Yes,Low,Yes
52,Female,49131.0,Urban,56.7,3,SUV,7,6,Yes,2.0,Yes,Low,No
25,Female,41933.0,Suburban,36.4,3,Sedan,2,1,Yes,3.0,Yes,Low,No
41,Male,32999.0,Urban,5.0,1,Sedan,7,13,Yes,3.0,Yes,Low,No
40,Female,47610.0,Rural,69.9,3,SUV,0,0,Yes,5.0,Yes,Low,Yes
52,Female,75634.0,Urban,44.5,2,Sedan,12,16,Yes,5.0,Yes,Low,Yes
29,Male,126087.0,Urban,16.5,2,SUV,2,6,No,1.0,Yes,Low,No
39,Male,96214.0,Urban,54.2,4,Sedan,12,11,No,5.0,No,Low,No
51,Female,90957.0,Suburban,16.2,4,SUV,1,9,Yes,1.0,Yes,Low,No
43,Male,81483.0,Suburban,21.2,3,SUV,5,2,Yes,5.0,Yes,Low,No
55,Female,50490.0,Rural,48.1,2,Hatchback,2,2,Yes,3.0,Yes,Low,No
55,Male,74981.0,Suburban,33.5,3,SUV,3,8,Yes,2.0,Yes,Low,No
30,Female,72965.0,Urban,54.3,1,Sedan,5,13,No,1.0,Yes,Low,No
56,Female,150274.0,Urban,34.5,2,SUV,14,13,Yes,4.0,Yes,Low,No
37,Female,91987.0,Suburban,45.5,3,Hatchback,0,2,Yes,4.0,Yes,Low,Yes
42,Male,88383.0,Suburban,29.9,1,Hatchback,3,5,No,1.0,No,High,No
43,Male,155916.0,Rural,47.1,4,SUV,0,0,No,5.0,Yes,High,No
35,Male,89240.0,Suburban,17.8,1,Hatchback,7,1,Yes,2.0,No,Low,No
38,Female,87085.0,Urban,51.9,2,SUV,7,9,No,5.0,Yes,Low,Yes
57,Female,32910.0,Urban,15.9,2,Truck,5,14,Yes,3.0,Yes,Low,No
69,Female,89598.0,Rural,26.9,1,Hatchback,1,3,No,2.0,Yes,Medium,No
63,Female,119237.0,Urban,27.0,2,SUV,10,15,Yes,3.0,Yes,Low,No
69,Female,85629.0,Suburban,25.7,2,SUV,7,1,Yes,5.0,No,Low,No
40,Female,59971.0,Urban,81.0,2,Sedan,5,5,Yes,2.0,No,Low,No
38,Female,84758.0,Urban,45.1,1,SUV,8,6,No,3.0,No,Medium,No
56,Male,96468.0,Urban,54.5,2,SUV,4,17,Yes,5.0,No,Low,No
69,Female,68592.0,Urban,78.5,1,SUV,10,10,No,3.0,Yes,Low,No
62,Male,57228.0,Urban,89.5,2,Sedan,4,10,Yes,2.0,No,Low,No
36,Male,30000.0,Suburban,66.5,2,Truck,0,7,Yes,4.0,Yes,Medium,No
59,Male,86236.0,Suburban,57.6,2,Sedan,4,3,Yes,3.0,No,Low,No
39,Male,99451.0,Urban,69.4,1,Truck,8,11,Yes,2.0,Yes,Low,No
25,Male,110554.0,Suburban,60.6,1,SUV,4,9,Yes,1.0,Yes,Low,No
68,Female,114428.0,Suburban,5.0,1,SUV,0,3,Yes,1.0,Yes,Low,No
31,Male,112032.0,Rural,27.9,1,SUV,2,2,Yes,3.0,Yes,Low,Yes
58,Female,47215.0,Urban,53.2,1,Sedan,10,8,No,4.0,No,Low,No
59,Female,69821.0,Suburban,56.9,2,SUV,5,5,Yes,1.0,No,Low,No
44,Female,83038.0,Urban,39.8,3,Hatchback,11,19,No,4.0,No,Low,No
52,Male,146300.0,Urban,36.6,3,SUV,6,15,Yes,5.0,No,Low,No
44,Male,78202.0,Urban,17.3,2,Hatchback,9,6,No,5.0,No,Low,No
52,Female,108093.0,Urban,31.4,2,SUV,10,11,Yes,3.0,Yes,Low,No
31,Female,94699.0,Rural,53.5,1,SUV,0,0,Yes,5.0,No,Low,No
37,Female,83973.0,Rural,5.0,2,Hatchback,0,0,Yes,1.0,Yes,Low,No
65,Female,70063.0,Rural,48.4,2,Sedan,0,0,Yes,2.0,No,Low,No
33,Male,88503.0,Urban,36.4,1,SUV,10,10,Yes,2.0,No,Low,No
51,Other,90912.0,Suburban,36.6,1,Hatchback,0,2,No,3.0,Yes,Medium,No
42,Male,96862.0,Urban,22.0,1,Truck,12,19,Yes,5.0,Yes,Low,No
54,Male,30000.0,Urban,59.9,1,Sedan,3,13,No,2.0,Yes,Medium,No
66,Female,100866.0,Urban,81.1,2,SUV,5,10,No,5.0,No,Low,Yes
31,Male,87801.0,Suburban,60.6,2,Truck,3,7,No,2.0,No,Low,No
58,Male,45115.0,Rural,20.7,2,Sedan,1,2,No,4.0,Yes,Medium,No
53,Female,93998.0,Suburban,69.9,1,Hatchback,4,7,Yes,3.0,No,Low,No
26,Female,69434.0,Urban,106.0,1,SUV,13,4,Yes,3.0,No,Low,No
43,Male,135776.0,Suburban,76.0,3,SUV,3,9,Yes,2.0,Yes,Low,No
49,Male,35982.0,Suburban,51.6,1,SUV,5,9,Yes,4.0,Yes,Low,Yes
32,Male,104236.0,Rural,18.6,1,Sedan,2,0,Yes,2.0,No,Low,No
53,Male,106654.0,Urban,37.6,2,SUV,8,15,Yes,1.0,Yes,Low,No
69,Male,58813.0,Urban,5.5,1,SUV,11,6,Yes,4.0,Yes,Low,No
36,Female,102156.0,Urban,26.6,1,Sedan,3,18,Yes,4.0,No,Low,No
48,Male,59901.0,Urban,52.5,2,Sedan,14,13,No,4.0,Yes,Low,No
67,Male,63017.0,Suburban,49.3,1,Sedan,7,3,Yes,5.0,Yes,Low,No
28,Male,100105.0,Rural,5.0,1,Hatchback,0,0,Yes,1.0,Yes,Low,No
59,Male,88097.0,Rural,49.4,1,SUV,0,2,No,4.0,Yes,Medium,No
57,Male,63002.0,Rural,63.7,2,Sedan,1,3,Yes,1.0,No,Low,No
32,Male,119892.0,Suburban,57.2,1,Sedan,1,7,Yes,5.0,No,Low,No
50,Male,94415.0,Suburban,35.8,2,Sedan,7,8,Yes,2.0,No,Low,No
46,Female,128766.0,Rural,14.1,1,Sedan,1,1,Yes,5.0,Yes,Low,No
29,Male,74739.0,Urban,52.6,2,Sedan,8,10,No,5.0,Yes,Low,Yes
39,Female,127307.0,Urban,11.0,2,SUV,7,11,No,3.0,No,Low,No
25,Female,112812.0,Rural,58.2,2,SUV,2,0,Yes,2.0,Yes,Medium,No
69,Female,57390.0,Suburban,5.0,2,Hatchback,2,7,Yes,3.0,Yes,Low,No
36,Female,101084.0,Rural,76.9,2,Truck,2,2,Yes,1.0,No,Low,No
67,Female,56882.0,Urban,8.2,1,Sedan,3,16,No,2.0,Yes,Low,No
47,Male,76943.0,Rural,33.4,3,Sedan,2,2,No,2.0,No,Medium,No
67,Male,43147.0,Suburban,57.4,1,Sedan,5,8,No,1.0,Yes,Low,No
32,Female,90355.0,Urban,20.8,2,SUV,2,18,No,4.0,No,Medium,No
37,Male,99800.0,Urban,40.45,2,Truck,4,10,No,5.0,Yes,Medium,No
53,Female,103364.0,Urban,16.3,2,Sedan,2,16,Yes,2.0,Yes,Low,No
39,Male,99089.0,Urban,6.0,1,SUV,13,10,Yes,2.0,No,Low,No
26,Female,174000.0,Suburban,69.2,1,SUV,5,5,Yes,4.0,Yes,Low,Yes
40,Male,86831.0,Urban,41.1,1,SUV,5,19,Yes,2.0,Yes,Low,No
38,Other,30000.0,Urban,40.8,1,SUV,14,12,Yes,1.0,No,Low,No
55,Male,71395.0,Suburban,5.0,2,SUV,0,4,Yes,1.0,Yes,Low,No
69,Male,70869.0,Urban,26.6,2,SUV,11,18,No,2.0,Yes,Medium,No
48,Female,49645.0,Urban,19.8,1,Sedan,3,10,No,4.0,Yes,Low,No
35,Female,78612.0,Urban,16.7,2,Hatchback,10,18,Yes,5.0,Yes,Low,Yes
59,Male,80846.0,Suburban,47.4,1,Sedan,2,2,Yes,4.0,Yes,Low,No
34,Male,93021.0,Urban,36.7,1,SUV,2,18,No,4.0,No,Low,No
38,Female,34901.0,Suburban,33.5,1,Sedan,2,4,Yes,3.0,Yes,Low,No
48,Female,54816.0,Suburban,30.3,2,Sedan,4,9,Yes,5.0,Yes,Low,Yes
54,Male,94619.0,Suburban,31.8,1,Hatchback,4,8,Yes,5.0,Yes,Low,Yes
51,Female,125033.0,Urban,45.1,1,SUV,7,12,Yes,1.0,Yes,Low,No
60,Male,81922.0,Urban,20.9,2,Sedan,11,12,No,3.0,Yes,Low,No
56,Female,124479.0,Urban,50.0,2,SUV,11,11,No,3.0,Yes,Low,Yes
58,Male,84012.0,Suburban,26.0,2,SUV,7,5,Yes,4.0,No,Low,No
59,Female,30000.0,Urban,18.1,2,SUV,6,17,No,4.0,Yes,Low,No
28,Male,143857.0,Urban,67.1,1,SUV,8,10,Yes,1.0,Yes,Low,No
65,Male,94424.0,Suburban,35.8,1,SUV,4,1,Yes,5.0,No,Low,No
44,Male,77040.0,Urban,65.5,2,SUV,5,18,No,4.0,Yes,Medium,No
37,Male,81324.0,Urban,37.2,1,Hatchback,6,17,No,5.0,Yes,Low,No
39,Male,33636.0,Urban,67.1,2,SUV,3,5,Yes,2.0,No,Low,No
67,Male,53433.0,Urban,70.9,3,Sedan,9,10,No,3.0,Yes,Medium,No
27,Male,82257.0,Suburban,33.1,2,Hatchback,6,4,Yes,3.0,Yes,Low,No
44,Male,103445.0,Urban,88.5,1,SUV,13,7,No,1.0,Yes,Medium,No
53,Female,62623.0,Rural,55.0,2,SUV,2,0,Yes,1.0,No,Low,No
39,Female,84758.0,Urban,44.1,1,SUV,10,3,Yes,2.0,No,Low,No
64,Male,54362.0,Rural,5.0,2,Hatchback,0,1,Yes,2.0,No,Low,No
40,Female,116662.0,Urban,17.1,2,SUV,4,12,Yes,1.0,Yes,Low,No
30,Female,80075.0,Urban,62.9,1,Truck,6,18,Yes,2.0,No,Low,No
28,Male,63818.0,Urban,5.0,2,SUV,7,18,No,5.0,Yes,Low,Yes
34,Male,89700.0,Suburban,31.3,1,Sedan,2,8,Yes,5.0,Yes,Low,No
58,Male,83393.0,Rural,5.0,1,Truck,1,0,Yes,3.0,Yes,Low,No
30,Male,41307.0,Urban,26.9,2,Sedan,11,19,Yes,5.0,Yes,Low,No
25,Male,91418.0,Suburban,9.9,1,SUV,6,3,Yes,3.0,No,Low,No
46,Male,119816.0,Rural,19.5,1,Sedan,2,2,Yes,4.0,Yes,Low,Yes
67,Female,53871.0,Urban,43.7,1,Hatchback,14,17,No,5.0,Yes,Low,Yes
44,Other,41872.0,Urban,31.9,1,SUV,3,5,No,5.0,Yes,Low,No
48,Male,131285.0,Suburban,71.1,2,SUV,7,9,Yes,3.0,Yes,Low,No
42,Male,98063.0,Suburban,69.0,1,Sedan,5,2,Yes,2.0,Yes,Low,No
25,Male,70895.0,Rural,5.0,1,Hatchback,1,1,Yes,4.0,Yes,Low,No
30,Female,71834.0,Urban,82.9,2,SUV,14,10,No,1.0,Yes,Low,No
55,Male,103752.0,Rural,64.1,1,SUV,0,3,Yes,4.0,Yes,Low,No
61,Female,73420.0,Urban,51.2,1,Truck,9,16,No,2.0,No,Medium,No
60,Female,47631.0,Urban,87.4,2,Sedan,9,18,No,2.0,Yes,Medium,No
62,Female,30000.0,Urban,66.0,2,Sedan,9,8,No,1.0,Yes,Medium,No
38,Male,80477.0,Urban,48.5,1,Sedan,5,10,Yes,3.0,Yes,Low,No
41,Female,151070.0,Suburban,32.0,1,SUV,1,8,No,4.0,No,Medium,No
37,Male,30000.0,Rural,45.9,2,Sedan,0,3,Yes,1.0,Yes,Low,No
56,Female,117198.0,Urban,57.1,2,Sedan,10,10,No,5.0,No,Low,No
64,Female,93536.0,Urban,50.7,2,Sedan,5,4,Yes,2.0,Yes,Low,No
60,Male,90251.0,Urban,35.3,1,SUV,5,16,Yes,5.0,Yes,Low,No
58,Male,91112.0,Urban,57.9,1,SUV,12,5,No,1.0,Yes,Medium,No
40,Female,126537.0,Rural,5.0,2,Sedan,1,3,No,4.0,No,Medium,No
48,Female,30000.0,Rural,41.8,1,Truck,0,0,Yes,1.0,Yes,Low,No
28,Female,57035.0,Suburban,41.6,1,Sedan,3,8,Yes,5.0,Yes,Low,No
44,Male,66667.0,Suburban,50.0,2,Sedan,6,6,Yes,4.0,Yes,Low,No
66,Female,114918.0,Rural,76.9,1,Sedan,1,2,Yes,4.0,No,Low,No
51,Male,61910.0,Urban,63.9,1,SUV,3,7,Yes,5.0,Yes,Low,No
43,Male,141115.0,Suburban,18.5,2,Sedan,1,6,No,4.0,No,Medium,No
65,Male,30000.0,Rural,100.8,3,Sedan,1,2,Yes,4.0,No,Medium,No
30,Female,61233.0,Urban,28.4,3,Sedan,3,5,No,2.0,Yes,Low,No
28,Male,89387.0,Rural,66.6,3,Sedan,2,1,Yes,2.0,Yes,Low,No
39,Male,64575.0,Urban,49.0,3,Hatchback,9,3,Yes,5.0,Yes,Low,No
41,Female,94328.0,Urban,8.9,2,Sedan,5,8,No,5.0,Yes,Medium,No
64,Male,51498.0,Rural,24.8,1,Sedan,1,2,Yes,4.0,No,Low,No
32,Female,73949.0,Suburban,68.3,4,SUV,5,3,Yes,5.0,No,Low,No
55,Male,108742.0,Suburban,5.0,2,SUV,2,6,Yes,4.0,Yes,Low,No
35,Male,56845.0,Urban,12.7,4,SUV,7,17,No,2.0,Yes,Low,No
50,Male,57348.0,Urban,8.6,4,Sedan,14,16,Yes,2.0,Yes,Low,No
64,Female,79094.0,Suburban,31.5,4,Sedan,4,7,Yes,2.0,No,Low,No
66,Female,30000.0,Suburban,58.4,3,Sedan,2,8,No,3.0,Yes,Medium,No
35,Female,86029.0,Suburban,67.5,4,Hatchback,3,1,Yes,1.0,Yes,Low,No
54,Male,47017.0,Suburban,29.5,2,SUV,3,3,Yes,4.0,Yes,Low,No
36,Male,111523.0,Urban,64.0,2,SUV,11,9,No,1.0,Yes,Low,No
61,Male,123870.0,Urban,17.2,2,SUV,5,7,No,5.0,Yes,Low,No
62,Male,130879.0,Urban,34.3,1,SUV,4,11,Yes,5.0,Yes,Low,Yes
68,Male,50358.0,Urban,31.6,3,SUV,11,4,No,1.0,No,Medium,No
60,Male,46779.0,Urban,44.5,1,Sedan,7,13,No,4.0,Yes,Medium,No
54,Female,71295.0,Urban,22.0,1,Sedan,2,5,Yes,1.0,Yes,Low,No
37,Female,120035.0,Suburban,20.3,2,Sedan,5,6,No,5.0,No,Low,No
30,Female,123484.0,Suburban,10.0,2,SUV,6,1,Yes,2.0,No,Low,No
52,Female,102281.0,Suburban,12.1,2,Sedan,3,3,No,3.0,Yes,Low,No
60,Female,82386.0,Urban,67.7,2,SUV,3,10,No,2.0,No,Medium,No
36,Male,119346.0,Urban,36.9,1,SUV,9,8,No,2.0,No,Low,No
53,Female,90050.0,Urban,38.1,2,Sedan,4,5,Yes,2.0,No,Low,No
31,Male,90739.0,Urban,73.4,1,SUV,7,19,Yes,3.0,Yes,Low,Yes
35,Male,51279.0,Suburban,60.0,4,Sedan,7,1,Yes,4.0,Yes,Low,No
59,Female,35341.0,Urban,73.4,1,Sedan,13,5,Yes,1.0,Yes,Low,No
68,Male,133823.0,Suburban,55.9,2,Hatchback,0,5,Yes,5.0,No,Low,No
55,Male,30000.0,Urban,58.0,2,SUV,14,8,Yes,2.0,No,Low,No
33,Female,94701.0,Urban,59.4,1,Hatchback,9,11,Yes,1.0,Yes,Low,No
32,Female,98265.0,Urban,58.6,1,SUV,2,10,No,5.0,No,Low,No
48,Male,112804.0,Urban,34.8,1,SUV,11,16,No,3.0,Yes,Low,No
41,Male,77274.0,Urban,30.3,2,SUV,3,15,No,4.0,Yes,Low,No
50,Female,85174.0,Suburban,80.5,3,Sedan,4,5,Yes,1.0,No,Low,No
65,Male,72429.0,Urban,93.9,1,Sedan,5,8,No,3.0,No,Medium,No
47,Male,58577.0,Urban,59.0,2,Truck,10,6,Yes,1.0,Yes,Low,No
67,Male,101229.0,Urban,35.6,1,Hatchback,12,18,Yes,5.0,No,Low,No
33,Male,93183.0,Urban,70.7,2,Sedan,9,17,Yes,3.0,Yes,Low,Yes
66,Male,58652.0,Suburban,60.5,1,Hatchback,1,6,Yes,4.0,Yes,Low,Yes
38,Female,72760.0,Suburban,55.9,2,Sedan,0,6,Yes,1.0,No,Low,No
58,Female,74313.0,Suburban,19.2,1,Sedan,0,1,No,2.0,No,Low,No
58,Male,50345.0,Suburban,5.0,1,SUV,7,6,No,3.0,Yes,Medium,No
56,Male,77582.0,Suburban,16.0,1,SUV,7,6,Yes,3.0,Yes,Low,No
65,Male,174000.0,Suburban,32.2,1,Sedan,6,8,No,1.0,Yes,Medium,No
48,Female,92813.0,Urban,41.9,1,Sedan,9,11,Yes,1.0,Yes,Low,No
51,Female,110085.0,Urban,55.2,2,Sedan,3,12,No,3.0,No,Low,No
31,Female,43860.0,Suburban,20.8,1,Sedan,1,3,Yes,2.0,Yes,Low,No
57,Male,65607.0,Rural,16.3,2,Truck,2,2,Yes,3.0,No,Low,No
69,Female,109320.0,Urban,5.0,2,Sedan,9,4,No,3.0,Yes,Low,Yes
49,Male,73132.0,Suburban,53.1,4,SUV,0,8,Yes,4.0,No,Low,No
64,Male,113067.0,Rural,30.9,1,Sedan,0,3,Yes,1.0,Yes,Low,Yes
52,Female,42131.0,Rural,28.9,2,SUV,0,1,Yes,4.0,No,Low,No
41,Male,31365.0,Suburban,40.0,2,Sedan,3,1,Yes,3.0,Yes,Low,No
48,Male,53327.0,Urban,49.6,3,Hatchback,14,16,Yes,3.0,Yes,Low,Yes
36,Male,61380.0,Suburban,27.2,4,Sedan,3,2,Yes,3.0,Yes,Low,No
56,Female,46538.0,Rural,27.2,1,Sedan,2,3,Yes,5.0,Yes,Low,Yes
25,Female,69322.0,Rural,49.8,2,Sedan,1,2,Yes,1.0,No,Low,No
62,Female,96468.0,Suburban,23.6,1,Sedan,5,8,Yes,3.0,Yes,Low,No
32,Female,75165.0,Suburban,30.3,3,Sedan,5,8,Yes,4.0,Yes,Low,Yes
68,Male,78093.0,Urban,7.6,1,SUV,10,18,No,2.0,No,Low,No
51,Male,137005.0,Urban,39.5,2,Truck,10,12,No,3.0,Yes,Medium,No
51,Male,106065.0,Urban,11.1,1,Sedan,2,17,Yes,5.0,Yes,Low,Yes
26,Male,99622.0,Urban,57.5,2,SUV,14,11,No,4.0,Yes,Low,No
58,Female,66506.0,Suburban,20.6,2,Sedan,0,9,No,3.0,Yes,Medium,No
30,Male,76543.0,Urban,45.3,1,Sedan,14,14,No,3.0,No,Low,No
25,Male,86720.0,Rural,21.7,1,Hatchback,1,3,Yes,4.0,Yes,Low,Yes
41,Male,71164.0,Urban,14.2,3,Sedan,6,15,Yes,5.0,No,Low,No
35,Female,91607.0,Suburban,82.0,2,SUV,4,5,Yes,3.0,No,Low,Yes
39,Male,115509.0,Suburban,38.1,1,Sedan,0,4,No,5.0,Yes,Low,Yes
38,Male,144806.0,Urban,5.0,3,SUV,14,15,No,1.0,Yes,Low,Yes
50,Male,84758.0,Urban,62.3,1,Hatchback,12,12,No,1.0,Yes,Low,No
31,Male,128555.0,Suburban,10.8,1,SUV,0,8,No,1.0,No,Medium,No
36,Female,33596.0,Urban,36.4,1,Sedan,3,13,Yes,4.0,No,Low,No
27,Female,96912.0,Urban,26.6,1,Hatchback,11,11,Yes,4.0,No,Low,No
59,Male,94341.0,Suburban,70.0,4,SUV,6,2,No,1.0,Yes,Low,No
50,Male,115275.0,Suburban,5.0,2,Sedan,6,8,Yes,2.0,No,Low,No
53,Female,106442.0,Suburban,59.3,2,Sedan,5,9,No,1.0,No,Low,No
61,Female,92882.0,Urban,32.7,2,Sedan,3,11,No,3.0,No,Medium,No
51,Female,91518.0,Rural,63.0,2,Sedan,0,1,Yes,5.0,No,Medium,No
67,Female,119154.0,Urban,34.4,1,Sedan,5,6,No,5.0,No,Medium,No
32,Female,53996.0,Suburban,45.3,3,Sedan,6,8,No,4.0,Yes,Low,Yes
32,Male,86270.0,Urban,99.2,1,Hatchback,5,6,Yes,2.0,Yes,Low,No
39,Female,83307.0,Rural,5.0,2,Sedan,1,2,Yes,1.0,Yes,Low,No
65,Female,101766.0,Urban,13.2,3,Sedan,13,4,Yes,5.0,Yes,Low,No
57,Female,107268.0,Suburban,10.3,1,Hatchback,5,2,Yes,5.0,No,Low,No
45,Male,53972.0,Urban,48.0,2,Sedan,2,10,No,1.0,No,Low,No
27,Male,105130.0,Rural,14.7,4,Sedan,1,3,Yes,3.0,Yes,Low,No
53,Female,116400.0,Rural,84.3,1,Sedan,1,0,Yes,2.0,No,Low,No
66,Female,86991.0,Urban,12.4,1,Sedan,11,6,No,5.0,Yes,Low,Yes
28,Male,174000.0,Urban,12.4,2,SUV,4,6,No,5.0,No,Medium,No
48,Male,43858.0,Urban,37.0,3,Hatchback,2,10,No,2.0,No,Medium,No
33,Female,95708.0,Rural,24.3,2,Sedan,0,3,Yes,1.0,No,Low,No
55,Female,112562.0,Rural,84.0,1,Truck,1,1,No,3.0,Yes,High,No
34,Male,52506.0,Suburban,34.5,4,SUV,7,2,No,3.0,Yes,High,No
43,Female,122349.0,Rural,21.3,2,Sedan,0,1,Yes,1.0,Yes,Low,No
40,Female,108220.0,Suburban,62.0,2,SUV,1,4,No,3.0,Yes,High,No
26,Male,96477.0,Urban,20.3,3,Sedan,11,12,Yes,3.0,Yes,Low,Yes
65,Male,99905.0,Suburban,19.9,2,Sedan,7,9,Yes,3.0,Yes,Low,No
50,Female,116532.0,Suburban,6.8,2,SUV,2,9,Yes,2.0,Yes,Low,No
49,Other,70125.0,Urban,31.1,4,Sedan,8,3,No,2.0,Yes,Low,No
42,Male,54399.0,Urban,20.5,1,Sedan,14,17,No,5.0,Yes,Low,No
36,Male,90140.0,Suburban,51.8,2,Sedan,2,1,Yes,4.0,Yes,Low,No
36,Female,90557.0,Urban,59.1,2,Hatchback,4,11,Yes,4.0,No,Low,No
31,Male,84906.0,Urban,37.6,3,SUV,3,19,No,5.0,No,Low,No
52,Male,88513.0,Suburban,52.0,1,Sedan,3,1,Yes,5.0,Yes,Low,Yes
34,Male,85982.0,Urban,33.3,1,Hatchback,9,12,No,2.0,No,Low,No
56,Male,30000.0,Urban,43.9,2,Truck,12,12,No,2.0,Yes,Low,No
37,Female,63178.0,Urban,41.6,1,Sedan,7,6,Yes,1.0,No,Low,No
26,Male,67725.0,Urban,43.4,4,Hatchback,6,16,Yes,2.0,Yes,Low,No
66,Female,55836.0,Urban,61.1,1,Sedan,7,17,Yes,5.0,Yes,Low,No
63,Female,113337.0,Rural,73.9,4,SUV,2,3,Yes,5.0,Yes,Low,Yes
44,Male,33796.0,Suburban,27.1,1,Sedan,1,2,Yes,5.0,Yes,Low,Yes
33,Female,53862.0,Urban,24.0,1,Sedan,8,4,No,3.0,Yes,Medium,No
26,Male,91202.0,Urban,5.0,2,Hatchback,11,5,No,3.0,No,Low,No
50,Male,61279.0,Urban,71.4,1,Sedan,8,3,No,3.0,Yes,Medium,No
34,Male,108208.0,Urban,48.0,2,Hatchback,9,7,No,5.0,No,Low,No
60,Female,97743.0,Urban,9.0,2,Sedan,10,3,No,5.0,Yes,Low,No
31,Female,103628.0,Urban,81.8,2,SUV,10,10,Yes,1.0,Yes,Low,No
64,Other,59052.0,Suburban,24.0,2,Hatchback,1,9,Yes,5.0,Yes,Low,No
