Age,Gender,Annual_Income_USD,City_Type,Daily_Commute_km,Number_of_Cars_Owned,Current_Car_Type,Charging_Stations_Near_Home,Charging_Stations_Near_Work,Home_Charging_Possible,Environmental_Concern_Level,Subsidy_Available,Range_Anxiety_Level,Will_Buy_EV
56,1,44906.0,0,18.1,1,3,1,0,1,4.0,1,0,0
36,1,88754.0,0,5.0,1,1,2,3,1,1.0,1,0,0
42,1,155958.0,2,32.2,2,2,14,3,0,2.0,1,1,1
31,1,37059.0,0,89.9,1,2,2,1,1,4.0,0,0,0
48,0,48552.0,0,71.0,1,2,2,0,1,3.0,1,0,0
36,1,65370.0,2,75.7,2,1,6,8,1,5.0,1,0,0
34,0,128669.0,0,85.4,1,0,2,2,1,5.0,1,0,1
38,1,93811.0,2,12.0,3,0,14,10,0,2.0,1,0,0
65,0,104837.0,2,40.6,2,3,13,3,0,3.0,1,0,1
29,0,87121.0,1,42.9,2,1,5,2,1,5.0,0,0,0
65,2,88554.0,2,45.0,2,0,8,8,1,3.0,0,0,0
53,1,109461.0,1,49.5,2,2,5,6,1,1.0,0,0,0
25,1,83760.0,2,44.7,3,1,12,9,0,2.0,1,0,1
30,0,60341.0,2,30.6,2,0,7,4,0,5.0,1,0,0
37,1,85800.0,1,35.4,2,3,0,2,0,2.0,0,1,0
54,1,106008.0,0,22.9,1,2,1,1,1,5.0,1,0,0
65,0,98346.0,0,26.9,2,1,1,3,1,5.0,0,0,0
44,1,120226.0,2,49.1,3,0,2,19,0,4.0,1,1,0
33,1,75736.0,1,52.1,2,3,2,8,1,1.0,1,0,0
54,0,54729.0,1,67.6,1,1,1,9,1,1.0,1,0,0
59,1,56001.0,2,85.2,2,1,9,16,0,5.0,1,0,1
69,0,56342.0,2,95.0,2,2,9,19,1,1.0,1,0,0
33,0,79934.0,1,40.0,2,0,7,5,1,3.0,1,0,0
44,0,108205.0,2,81.3,1,2,13,19,1,2.0,0,0,0
35,0,112801.0,2,21.8,1,2,8,3,0,1.0,1,0,0
37,1,115169.0,1,27.0,1,1,5,1,0,3.0,1,1,0
56,1,77164.0,1,18.3,2,2,4,6,1,1.0,1,0,0
68,1,59698.0,1,56.0,1,2,0,3,1,4.0,0,0,0
48,1,151911.0,2,22.4,1,1,9,16,1,1.0,1,0,0
25,0,102879.0,2,50.7,3,2,2,8,1,1.0,0,0,0
66,1,59703.0,2,42.3,2,0,4,4,1,1.0,1,0,0
34,1,87624.0,2,16.7,2,2,8,12,0,3.0,1,0,1
33,1,90104.0,0,58.5,2,1,0,0,1,5.0,0,0,0
61,1,116015.0,2,5.0,2,1,2,10,0,3.0,1,0,0
44,0,128080.0,1,21.7,2,2,7,4,1,2.0,0,0,0
60,1,86877.0,2,33.1,4,1,6,12,0,4.0,0,1,0
53,0,105536.0,2,37.1,2,0,10,12,1,5.0,0,0,0
32,1,83198.0,1,45.1,1,1,6,9,1,2.0,0,0,0
35,0,137112.0,2,22.0,2,1,7,18,0,2.0,0,0,0
64,1,36128.0,2,64.7,1,0,12,14,1,3.0,1,0,0
63,1,88159.0,2,8.3,2,0,10,11,0,2.0,1,0,1
34,1,74022.0,1,11.9,2,0,5,4,1,3.0,0,0,0
43,1,86147.0,0,5.0,2,0,1,0,1,5.0,0,0,0
32,1,42679.0,2,19.4,1,1,9,8,0,1.0,1,0,0
64,1,45307.0,1,60.5,2,1,7,2,0,1.0,1,1,0
40,1,88503.0,2,5.0,1,1,11,8,0,2.0,1,0,0
69,1,45787.0,2,45.8,2,2,7,9,0,3.0,0,1,0
25,1,30000.0,1,59.2,1,1,0,1,1,5.0,1,0,0
67,1,54878.0,2,38.9,2,2,9,9,1,3.0,1,0,0
37,1,51068.0,1,42.1,2,1,6,6,1,3.0,0,0,0
42,1,124042.0,1,46.7,2,0,2,3,1,5.0,1,0,1
36,1,54580.0,1,60.5,1,1,2,9,1,4.0,0,0,0
40,1,39063.0,2,5.0,2,2,14,7,1,3.0,1,0,0
58,1,68155.0,1,24.4,2,2,1,4,0,2.0,1,1,0
54,0,30000.0,2,35.3,2,2,2,8,1,3.0,0,0,0
49,0,47733.0,2,50.1,1,3,2,6,1,2.0,1,0,0
61,0,56454.0,2,78.9,1,0,9,18,0,1.0,1,0,0
44,2,118688.0,2,81.1,1,2,13,9,1,2.0,1,0,0
60,1,84287.0,0,32.9,2,0,0,0,1,5.0,1,0,1
55,0,101814.0,2,5.0,2,2,8,8,0,2.0,1,1,0
35,1,116042.0,1,58.9,1,1,2,6,1,2.0,0,0,0
64,0,63647.0,2,40.6,1,2,14,9,0,1.0,0,0,0
45,1,92502.0,2,49.3,1,2,13,19,0,5.0,1,0,0
52,1,99320.0,1,36.6,2,1,3,9,0,1.0,0,0,0
33,1,34931.0,2,51.8,1,0,2,13,0,3.0,1,1,0
47,1,41847.0,2,49.4,3,0,7,9,1,5.0,1,0,0
51,0,91292.0,2,71.4,2,2,6,5,0,1.0,1,0,0
48,1,63912.0,2,29.2,1,0,5,16,0,2.0,1,0,0
62,0,46223.0,1,44.3,2,2,3,7,1,3.0,0,0,0
47,0,102868.0,1,52.2,1,2,7,2,1,4.0,1,0,1
34,0,84287.0,1,69.6,2,1,4,2,1,3.0,1,0,1
27,0,77759.0,0,13.0,2,0,1,1,1,5.0,1,0,1
43,0,137568.0,0,15.2,1,2,0,1,1,2.0,0,0,0
53,0,68713.0,2,50.9,2,2,10,11,1,4.0,1,0,1
36,0,97685.0,2,26.4,1,2,6,4,1,3.0,0,0,0
35,0,52349.0,1,74.5,1,0,6,5,0,4.0,0,1,0
55,1,90350.0,1,64.2,2,1,0,5,0,4.0,1,2,0
60,1,71949.0,1,25.1,1,1,5,4,1,1.0,0,0,0
53,1,143044.0,2,27.3,2,2,5,13,1,4.0,1,0,1
28,1,75226.0,1,69.5,2,1,7,6,0,4.0,1,1,0
44,1,30000.0,2,36.2,1,1,13,16,1,3.0,1,0,0
45,0,81991.0,2,19.5,2,1,3,9,0,3.0,0,1,0
39,1,30000.0,2,31.0,1,1,13,15,0,3.0,1,1,0
30,0,30000.0,2,26.4,3,1,9,8,1,1.0,0,0,0
30,0,88411.0,0,41.5,3,2,0,3,1,4.0,1,0,0
31,0,82374.0,2,81.2,2,2,8,14,0,3.0,0,0,0
49,1,135989.0,1,5.0,2,3,3,2,0,3.0,1,0,1
64,1,80731.0,2,72.7,1,1,9,10,1,1.0,0,0,0
62,0,30000.0,1,43.9,2,2,5,9,1,3.0,1,0,0
32,1,119804.0,1,80.9,2,0,6,7,1,4.0,1,0,1
62,0,147235.0,2,43.2,1,2,11,16,1,1.0,1,0,0
29,1,95129.0,1,5.0,2,0,1,9,1,1.0,1,0,0
48,0,161488.0,2,33.4,3,2,13,14,0,2.0,0,0,0
60,1,72262.0,2,40.9,2,1,8,11,0,1.0,1,1,0
40,0,68909.0,2,44.3,2,2,11,4,0,4.0,1,0,1
59,1,73458.0,1,28.2,1,0,3,5,1,2.0,1,0,0
28,1,96810.0,2,40.6,2,2,5,12,1,1.0,0,0,0
43,1,109349.0,1,5.0,2,0,5,1,1,3.0,1,0,0
38,0,98035.0,2,78.0,2,2,7,5,0,1.0,0,1,0
28,1,57048.0,1,42.6,2,2,0,5,1,2.0,1,0,0
62,1,73961.0,0,44.2,1,2,0,3,1,1.0,1,0,0
54,1,66570.0,1,50.6,1,1,7,6,1,1.0,1,0,0
47,0,78293.0,2,39.3,1,3,10,8,0,4.0,1,2,0
46,1,114842.0,2,30.0,1,1,2,3,0,4.0,0,0,1
46,1,172772.0,1,50.4,2,1,6,9,1,3.0,1,0,1
42,1,92251.0,2,61.1,1,2,9,16,0,5.0,1,0,1
48,0,70475.0,0,60.9,1,1,1,2,0,1.0,1,1,0
68,1,75946.0,0,31.6,2,1,1,0,1,4.0,0,0,0
55,1,134063.0,2,48.5,2,2,4,12,1,5.0,1,0,1
61,1,100474.0,1,67.2,1,2,6,5,1,4.0,1,0,1
32,0,30000.0,0,5.0,2,2,1,0,1,3.0,1,0,1
45,0,90029.0,1,53.5,2,2,4,5,1,2.0,0,0,0
52,0,100447.0,1,86.0,1,2,1,1,1,3.0,0,0,0
36,0,59901.0,2,102.8,3,2,2,18,0,3.0,1,1,0
30,0,32083.0,2,19.4,1,1,13,19,0,4.0,1,0,0
47,0,132386.0,2,39.4,2,1,4,4,0,2.0,0,1,0
50,1,68380.0,0,5.0,1,0,0,2,1,4.0,1,0,0
43,1,64417.0,2,5.4,1,2,6,14,0,5.0,0,0,0
38,1,45138.0,1,55.3,1,1,4,8,1,1.0,0,0,0
63,0,30033.0,2,6.5,4,1,4,12,0,2.0,0,0,0
28,0,80601.0,1,62.5,1,2,7,5,0,4.0,0,1,0
39,1,72949.0,2,17.4,2,1,13,4,1,4.0,1,0,1
48,1,93316.0,2,34.5,1,2,14,9,0,2.0,0,0,0
38,1,30000.0,0,20.1,2,3,0,0,1,1.0,1,0,0
49,0,89539.0,1,32.1,2,2,2,5,0,3.0,1,0,0
45,0,95247.0,2,44.0,2,2,3,11,0,3.0,1,1,0
25,1,122872.0,2,72.1,1,1,13,17,1,5.0,0,0,0
54,2,71212.0,2,54.3,2,3,10,12,0,5.0,1,0,0
36,0,84287.0,1,55.1,2,2,1,9,1,2.0,0,0,0
65,0,174000.0,1,45.6,1,2,2,3,0,3.0,0,0,0
52,0,104538.0,1,21.2,1,3,1,5,1,5.0,1,0,1
58,0,67575.0,2,29.7,2,2,3,13,0,3.0,1,0,0
49,0,40878.0,0,5.0,1,0,2,0,1,3.0,1,0,0
61,0,65775.0,0,26.9,2,2,0,3,1,5.0,1,0,1
63,1,53486.0,1,5.0,2,2,6,4,1,3.0,0,0,0
34,1,133659.0,2,19.0,1,1,10,18,0,3.0,1,0,0
28,1,72182.0,1,21.7,1,2,4,5,1,1.0,1,0,0
68,1,105134.0,0,12.7,2,2,2,2,1,2.0,0,0,0
26,0,57160.0,2,94.0,2,3,14,5,0,3.0,1,0,0
40,1,124982.0,2,65.3,1,0,9,11,0,5.0,1,0,1
29,1,90353.0,2,42.8,1,2,6,4,0,3.0,0,1,0
29,1,145914.0,2,32.7,1,2,6,6,1,1.0,0,0,0
61,1,84287.0,1,35.2,2,2,7,5,1,1.0,0,0,0
43,0,30244.0,2,59.4,1,2,11,14,1,2.0,1,0,0
39,1,73940.0,1,59.1,2,2,7,8,1,1.0,1,0,0
53,1,117729.0,2,71.7,4,1,13,13,1,5.0,0,0,0
42,1,30000.0,2,64.5,3,2,2,10,0,4.0,1,2,0
48,0,77008.0,1,81.3,1,0,2,7,1,5.0,1,0,1
41,1,84906.0,2,15.1,3,3,8,7,1,4.0,0,0,0
31,1,44080.0,0,45.9,1,1,0,2,1,4.0,0,0,0
32,1,72754.0,1,57.4,1,2,2,4,1,4.0,0,0,0
45,1,110321.0,2,8.4,1,2,13,18,0,4.0,1,0,1
35,1,75822.0,2,73.4,2,2,3,4,0,2.0,1,0,0
67,0,126746.0,0,23.0,2,1,1,1,1,3.0,1,0,1
57,1,54139.0,2,45.7,3,1,5,13,0,2.0,0,1,0
68,1,84287.0,1,44.5,2,0,4,7,1,4.0,1,0,1
64,1,79224.0,1,38.6,2,2,4,9,1,5.0,1,0,0
48,0,35750.0,1,31.7,2,2,1,9,0,5.0,1,2,0
47,0,70350.0,0,5.0,1,2,2,0,1,3.0,1,0,0
46,1,124058.0,1,41.6,1,1,5,6,1,2.0,1,0,0
51,0,62144.0,2,5.0,1,2,5,14,0,1.0,0,0,0
37,1,63825.0,1,40.45,4,2,4,2,1,5.0,1,0,1
27,0,95207.0,1,42.7,3,2,4,2,1,4.0,0,0,0
65,0,30000.0,2,39.3,2,2,7,16,1,4.0,1,0,0
42,0,123312.0,2,45.7,1,0,2,3,1,5.0,0,0,0
26,1,65556.0,1,14.0,1,1,3,9,1,5.0,0,0,0
50,0,78252.0,0,44.7,1,2,2,3,1,5.0,1,0,1
27,1,30000.0,1,37.6,1,1,2,2,1,5.0,1,0,0
41,0,97763.0,2,67.3,2,2,13,17,0,4.0,1,0,0
27,1,96295.0,2,12.1,2,2,3,18,1,2.0,0,0,0
49,1,144762.0,2,27.5,1,3,2,6,1,3.0,0,0,0
40,0,114869.0,0,63.3,1,1,0,2,1,1.0,1,0,1
54,0,30000.0,0,27.3,3,0,1,2,1,3.0,0,0,0
31,0,98373.0,0,32.7,1,0,2,3,1,3.0,1,0,1
53,1,92473.0,1,29.8,1,3,6,3,0,1.0,1,1,0
67,1,116886.0,1,69.1,2,1,4,6,1,2.0,0,0,0
47,0,133640.0,1,85.0,2,2,7,1,1,1.0,1,1,0
45,1,47885.0,2,57.9,3,1,6,13,1,4.0,1,0,1
50,0,35150.0,0,25.0,1,1,1,3,1,1.0,0,0,0
58,0,92385.0,1,70.1,3,3,0,5,1,5.0,1,0,1
32,0,86258.0,2,55.1,2,2,12,10,0,3.0,0,1,0
33,1,94589.0,2,17.3,1,2,4,12,1,1.0,0,0,0
41,0,112037.0,1,7.0,2,0,6,3,1,4.0,1,0,1
54,1,98396.0,1,17.3,3,1,5,6,1,3.0,1,0,1
25,1,51207.0,1,40.8,1,2,1,9,1,5.0,1,0,1
69,0,108462.0,2,76.3,4,2,8,3,0,2.0,1,1,0
65,1,40588.0,2,45.4,1,1,13,8,0,4.0,1,1,0
64,1,72483.0,0,46.4,2,2,0,2,1,2.0,1,0,0
41,1,58052.0,0,55.5,3,1,1,1,1,4.0,0,0,0
63,0,36242.0,2,46.4,2,1,3,15,1,3.0,1,0,0
64,2,92760.0,1,28.9,1,2,1,9,1,2.0,0,0,0
64,0,30000.0,1,53.4,1,2,5,2,1,2.0,0,0,0
60,1,76110.0,0,45.4,2,3,1,1,1,4.0,0,0,0
50,0,59336.0,0,22.7,1,2,2,2,1,3.0,1,0,0
56,1,72047.0,2,75.0,2,2,10,4,0,2.0,0,1,0
36,0,123501.0,2,33.7,2,0,9,15,0,1.0,0,0,0
33,1,44583.0,1,45.0,3,2,3,6,1,2.0,1,0,1
36,1,73155.0,1,39.6,1,2,7,1,1,5.0,1,0,0
37,1,40754.0,2,5.0,1,2,6,8,1,1.0,1,0,0
40,0,122777.0,2,72.6,1,1,5,10,1,4.0,0,0,0
47,1,120429.0,2,19.6,1,1,2,3,1,4.0,0,0,0
62,0,126487.0,1,26.7,1,1,2,5,1,2.0,0,0,0
27,1,137573.0,1,85.4,2,1,7,1,1,4.0,0,0,0
63,1,140561.0,2,57.5,2,2,8,19,0,3.0,1,0,1
67,1,112536.0,1,24.6,2,2,4,3,0,5.0,1,0,1
26,0,119807.0,1,48.4,2,2,5,3,1,3.0,1,0,0
59,0,52740.0,1,10.2,2,2,7,5,1,2.0,0,0,0
62,1,66471.0,2,73.9,2,1,12,7,0,5.0,0,1,0
60,0,134700.0,2,37.2,2,2,12,18,0,2.0,1,0,1
67,1,131660.0,0,94.6,1,2,0,2,1,3.0,0,0,1
62,0,99628.0,1,40.3,2,2,6,4,1,5.0,1,0,1
69,1,57622.0,2,50.7,1,1,12,3,0,1.0,0,1,0
69,0,102455.0,1,37.9,1,1,1,6,1,2.0,1,0,0
56,0,95334.0,2,5.0,1,3,11,17,1,5.0,1,0,1
40,1,174000.0,1,40.7,2,0,0,9,1,2.0,0,0,0
46,1,30000.0,2,53.2,2,0,4,8,1,4.0,0,0,0
28,1,96964.0,2,52.7,1,0,14,15,0,2.0,1,0,0
34,1,59286.0,2,5.0,1,0,5,6,0,4.0,0,1,0
54,0,87726.0,2,42.9,2,2,9,4,1,5.0,0,0,1
55,0,30000.0,1,19.8,2,0,0,9,1,5.0,1,0,1
60,1,96891.0,1,14.4,4,3,1,6,1,5.0,1,0,0
65,0,87712.0,2,5.0,2,3,12,17,1,2.0,1,0,0
49,0,79769.0,2,30.3,2,2,12,18,1,3.0,1,0,0
55,1,95679.0,2,5.0,1,3,7,3,1,2.0,0,0,0
64,0,134501.0,2,48.9,1,2,13,19,1,4.0,0,0,0
47,0,91775.0,0,32.1,1,0,2,3,1,2.0,1,0,0
42,1,107212.0,1,72.4,2,1,5,3,0,3.0,0,1,0
29,1,73985.0,2,32.3,1,1,10,12,0,4.0,1,0,1
42,1,66977.0,2,5.0,1,0,2,10,0,4.0,1,0,0
43,2,155798.0,2,48.2,3,1,8,13,0,2.0,1,0,0
44,0,93100.0,0,82.9,1,2,0,3,1,2.0,1,0,0
43,0,133234.0,2,5.0,2,1,13,8,1,3.0,0,0,0
32,0,94902.0,2,50.4,1,2,12,13,0,3.0,0,1,0
28,1,39901.0,1,78.8,2,3,1,4,1,3.0,0,0,0
59,0,55542.0,1,13.1,1,0,5,9,1,2.0,1,0,0
37,0,61690.0,2,60.3,2,1,2,12,0,2.0,1,1,0
55,1,77274.0,2,41.2,2,2,8,16,0,4.0,0,1,0
45,0,115755.0,2,33.1,1,1,11,17,1,5.0,1,0,1
30,1,83367.0,2,65.1,3,2,5,3,0,2.0,1,1,0
34,0,109775.0,2,39.6,1,1,9,18,0,3.0,0,0,0
59,1,164179.0,2,65.1,2,1,4,11,0,2.0,1,1,0
30,0,57624.0,2,66.5,1,1,13,12,0,2.0,1,1,0
50,1,105601.0,1,56.8,4,2,5,5,1,5.0,1,0,1
39,0,104074.0,2,34.0,2,1,5,17,1,1.0,0,0,0
53,1,75723.0,2,16.5,2,0,11,16,0,5.0,1,0,1
35,1,30000.0,2,43.7,2,2,14,16,1,5.0,1,0,0
36,1,121824.0,2,55.3,2,3,8,13,0,1.0,0,1,0
58,0,30000.0,1,99.0,1,1,1,3,1,4.0,1,0,0
34,1,69465.0,2,6.0,1,0,10,10,0,4.0,1,0,1
68,0,64020.0,2,53.3,1,2,14,15,1,3.0,1,0,0
45,1,66434.0,2,96.0,3,0,2,3,0,1.0,0,1,0
43,1,102231.0,1,75.5,2,2,2,5,1,3.0,0,1,0
55,1,89729.0,0,18.4,2,2,0,3,1,2.0,1,0,0
28,1,30000.0,2,67.0,2,3,8,9,0,4.0,0,1,0
54,0,30000.0,2,25.2,3,2,6,16,0,4.0,0,0,0
52,0,84758.0,2,28.3,1,1,6,18,0,4.0,1,0,0
42,0,53122.0,1,18.9,1,2,3,2,1,5.0,0,0,0
32,0,88201.0,1,61.8,3,1,7,3,1,5.0,1,0,1
50,0,112540.0,0,69.1,2,1,1,1,1,4.0,0,0,0
55,0,47030.0,2,25.0,1,3,2,3,1,3.0,1,0,1
63,0,128429.0,2,85.4,1,2,8,19,0,1.0,0,0,0
46,0,80353.0,2,51.5,1,2,14,4,1,3.0,1,0,0
54,1,30000.0,1,5.0,1,2,6,1,1,1.0,0,0,0
31,0,40256.0,2,76.1,1,0,13,9,1,3.0,0,0,0
31,0,87678.0,2,42.2,3,1,6,6,0,2.0,1,0,0
36,0,76258.0,1,5.0,2,2,7,7,0,4.0,1,0,0
58,1,63571.0,2,66.0,2,2,13,14,1,3.0,0,0,0
69,1,102883.0,1,92.1,3,1,5,8,1,5.0,1,0,1
59,1,73232.0,1,33.0,1,1,3,1,1,1.0,1,0,0
64,1,67598.0,2,35.2,1,2,14,19,0,1.0,0,0,0
57,1,64221.0,2,41.5,3,2,7,3,0,4.0,1,0,0
48,1,71090.0,1,25.8,3,2,2,5,1,4.0,1,0,1
39,0,103376.0,2,53.8,3,1,2,8,1,3.0,0,0,0
46,0,68476.0,1,67.3,4,3,1,9,1,2.0,0,0,0
51,0,71934.0,2,28.2,2,0,7,9,0,1.0,1,0,0
39,1,93141.0,2,92.1,2,2,12,4,0,2.0,1,1,0
45,1,101793.0,0,82.1,2,1,1,0,1,1.0,1,0,0
26,0,72223.0,0,40.0,1,1,2,1,1,1.0,0,0,0
31,1,109262.0,2,28.6,1,1,9,19,0,1.0,0,0,0
50,0,64358.0,2,96.6,1,3,14,19,1,1.0,1,0,0
57,0,90805.0,1,34.3,4,2,7,6,1,1.0,0,0,0
57,1,115831.0,1,31.6,1,0,6,4,1,2.0,0,0,0
56,0,56521.0,2,31.4,2,1,10,7,0,3.0,1,0,0
66,0,108802.0,1,82.6,1,2,0,4,1,3.0,1,0,0
67,0,30000.0,2,5.0,2,2,5,4,1,2.0,0,0,0
40,1,59962.0,2,9.1,2,1,13,4,1,2.0,0,0,0
48,0,124829.0,2,62.7,2,2,2,12,0,5.0,0,1,0
47,0,109149.0,1,58.1,1,1,2,5,1,5.0,1,0,1
55,1,62006.0,2,22.0,2,3,3,15,0,1.0,0,0,0
64,1,81449.0,2,20.4,2,2,8,9,1,2.0,1,0,0
32,0,32275.0,0,31.8,1,0,2,0,1,2.0,1,0,0
49,1,90350.0,1,54.1,2,1,5,1,1,4.0,0,0,0
66,0,100048.0,1,5.0,2,1,4,8,1,4.0,1,0,1
61,0,81108.0,1,38.0,1,2,6,9,1,4.0,0,0,0
56,0,77121.0,2,80.3,2,2,9,9,1,5.0,1,0,1
41,0,30000.0,1,43.1,1,2,0,7,1,4.0,0,0,0
48,1,107191.0,2,17.9,1,1,6,12,0,2.0,1,0,0
47,1,40478.0,2,96.7,1,2,4,19,1,3.0,0,0,0
57,0,86732.0,2,57.2,2,1,5,6,0,1.0,1,0,0
28,1,51317.0,2,34.2,2,0,7,6,0,5.0,1,0,0
37,0,93603.0,2,29.8,1,0,6,15,1,4.0,1,0,0
32,1,82783.0,2,51.3,3,2,6,4,0,2.0,1,1,0
34,1,44909.0,0,36.4,1,3,2,3,1,4.0,1,0,0
48,0,152819.0,1,24.6,1,1,0,1,1,4.0,1,0,0
56,0,73288.0,1,5.5,1,3,6,6,1,3.0,0,0,0
64,0,90003.0,1,52.9,1,1,2,4,1,3.0,1,0,1
64,1,51726.0,0,28.0,1,1,0,0,1,2.0,1,0,0
25,0,119401.0,1,17.2,2,2,3,1,1,3.0,1,0,0
49,1,131482.0,1,32.3,1,1,3,5,1,1.0,1,1,0
37,1,102679.0,1,60.9,2,2,0,4,1,2.0,1,0,0
54,0,134191.0,2,44.3,3,0,8,12,1,4.0,1,0,1
44,0,89671.0,0,30.4,1,2,1,3,1,5.0,0,0,0
56,1,83359.0,1,49.0,2,2,6,8,1,1.0,0,0,0
29,1,55613.0,0,59.2,3,2,0,2,1,4.0,1,0,0
30,0,96869.0,1,46.1,1,1,7,4,0,1.0,0,1,0
32,0,107495.0,2,78.0,1,2,4,8,0,5.0,1,1,1
65,1,72600.0,1,23.6,1,0,2,3,0,1.0,1,0,0
34,1,117588.0,2,49.1,1,1,8,18,0,4.0,0,0,1
47,1,122743.0,2,11.0,1,0,6,3,0,2.0,1,1,0
39,0,109272.0,1,43.4,2,2,2,6,1,3.0,1,0,0
58,0,93217.0,1,72.3,1,1,4,1,1,2.0,0,0,0
63,1,106779.0,1,62.7,2,1,3,7,1,3.0,0,0,0
50,0,51202.0,0,42.3,1,2,2,0,1,2.0,1,0,0
65,1,96161.0,2,10.6,2,2,2,10,1,1.0,0,0,0
42,1,104489.0,1,38.6,2,3,5,5,1,1.0,1,0,0
69,1,67689.0,2,14.6,1,2,7,12,1,3.0,1,0,0
57,0,78720.0,2,55.1,1,2,7,15,0,2.0,0,1,0
44,0,64373.0,1,8.5,1,1,0,5,1,5.0,1,0,1
58,1,54241.0,2,18.1,2,1,11,15,0,1.0,1,0,0
64,1,76940.0,2,42.5,3,2,13,10,0,5.0,1,0,0
65,0,84906.0,2,80.3,3,2,6,10,1,4.0,1,0,0
52,0,84287.0,0,54.3,2,1,2,2,1,4.0,1,0,1
38,0,69340.0,2,49.5,3,1,6,7,1,1.0,1,0,0
31,1,73253.0,2,13.5,2,1,12,3,0,4.0,0,1,0
40,0,84287.0,1,92.6,2,1,6,4,1,3.0,1,0,0
53,0,38341.0,0,30.4,2,0,2,3,1,1.0,0,0,0
43,0,113143.0,1,44.7,1,2,6,5,0,5.0,0,1,0
55,1,101747.0,2,30.5,1,1,7,8,0,2.0,0,0,0
26,0,77719.0,1,46.4,3,1,6,2,0,2.0,1,1,0
65,1,50809.0,2,22.7,2,2,5,17,1,4.0,1,0,0
69,0,97474.0,0,32.0,2,2,1,1,1,2.0,1,0,0
43,1,125860.0,0,66.3,1,2,2,0,1,4.0,0,0,0
59,1,109156.0,2,5.0,1,1,5,13,0,4.0,0,0,0
30,0,31488.0,1,5.0,1,3,3,2,1,5.0,1,0,0
44,0,86934.0,1,66.2,1,0,1,7,1,3.0,1,0,0
52,0,89212.0,0,70.6,2,3,2,1,1,1.0,0,0,0
51,1,142842.0,2,21.7,1,3,3,16,0,3.0,0,0,0
45,1,64584.0,2,78.3,1,0,14,13,1,3.0,0,0,0
48,1,41327.0,0,44.8,1,2,2,3,1,3.0,1,0,0
45,0,92887.0,1,10.1,2,2,0,6,0,1.0,1,1,0
42,0,54116.0,1,76.1,2,1,3,7,0,4.0,1,2,0
25,0,81190.0,2,65.6,3,1,11,7,1,3.0,1,0,1
69,1,106333.0,0,31.3,1,1,0,3,1,2.0,0,0,0
29,1,87595.0,1,65.5,2,3,6,8,1,5.0,1,0,0
35,0,47771.0,2,82.9,3,3,7,19,0,4.0,0,0,0
43,1,103485.0,1,46.5,3,2,7,5,1,4.0,1,0,1
62,1,42562.0,2,47.1,2,2,7,3,1,3.0,0,0,0
54,0,71462.0,0,42.7,2,1,1,1,0,1.0,1,1,0
34,1,70443.0,0,5.0,2,1,2,0,1,5.0,1,0,1
30,1,129606.0,1,82.3,3,2,0,2,1,4.0,1,0,0
62,0,124368.0,2,28.6,2,2,11,13,1,2.0,1,0,0
60,1,174000.0,1,44.3,2,2,3,9,0,3.0,1,1,1
40,0,67081.0,2,10.4,2,2,11,17,1,3.0,0,0,0
65,0,82508.0,1,65.8,3,1,7,4,0,1.0,0,0,0
67,0,95721.0,1,5.0,2,1,4,3,1,4.0,0,0,0
32,1,113725.0,2,24.2,3,2,3,5,1,4.0,0,0,0
62,2,53431.0,2,18.2,1,2,12,19,0,5.0,0,0,0
32,1,108881.0,2,5.0,2,1,11,3,0,3.0,1,0,1
52,1,126405.0,2,34.4,2,1,8,6,0,1.0,1,0,0
58,0,127346.0,2,60.6,3,2,7,5,1,5.0,1,0,1
61,2,93027.0,0,46.9,1,0,0,1,1,5.0,0,0,0
68,0,30689.0,2,15.6,1,1,6,9,0,5.0,1,0,0
52,1,67830.0,2,62.3,2,2,7,10,0,1.0,0,1,0
27,0,122988.0,2,33.4,1,2,5,12,0,2.0,1,1,0
28,1,45249.0,1,81.3,2,1,7,1,1,2.0,1,0,0
31,1,63410.0,2,24.8,2,1,13,10,0,1.0,1,0,0
66,1,80295.0,1,13.0,3,1,7,9,1,4.0,1,0,0
28,0,83548.0,1,22.2,2,1,4,3,1,2.0,1,0,0
33,1,85499.0,0,26.7,2,1,2,2,1,4.0,1,0,1
49,1,74057.0,2,41.5,2,2,13,7,1,3.0,1,0,0
28,1,73743.0,2,106.0,1,1,8,17,0,4.0,0,0,0
36,1,95539.0,2,18.0,1,0,6,4,1,4.0,1,0,0
30,1,30000.0,1,42.9,1,1,7,1,1,3.0,0,0,0
69,1,30000.0,1,17.6,2,0,7,9,1,3.0,1,0,0
53,1,84287.0,1,34.1,2,1,1,9,1,3.0,0,0,0
45,2,94487.0,2,68.5,1,1,13,7,1,5.0,1,0,1
66,0,62930.0,1,41.4,1,2,1,2,1,4.0,0,0,0
40,1,65608.0,2,43.8,1,2,11,6,0,1.0,1,1,0
34,1,64387.0,1,48.1,2,2,6,6,1,4.0,1,0,0
30,0,64417.0,2,37.2,2,1,12,10,0,2.0,0,0,0
58,0,55166.0,2,30.7,2,2,7,18,0,3.0,1,0,0
52,1,30000.0,2,13.7,2,0,5,3,1,1.0,1,0,0
63,1,98379.0,1,68.2,2,1,3,9,1,3.0,1,0,0
40,1,136288.0,0,20.2,1,0,0,3,0,4.0,0,1,0
67,0,82735.0,0,49.9,3,2,1,0,1,3.0,1,0,1
33,0,65003.0,2,97.0,1,0,11,9,0,3.0,1,1,0
28,1,92864.0,2,5.0,2,2,3,7,0,2.0,0,1,0
49,0,167638.0,0,26.8,3,1,0,0,1,5.0,1,0,1
33,1,92902.0,1,35.5,3,1,4,3,1,4.0,0,0,0
66,0,79300.0,1,5.0,2,0,3,4,1,1.0,0,0,0
49,0,83083.0,2,20.0,2,2,11,17,1,2.0,0,0,0
54,0,101125.0,2,91.4,4,1,8,19,0,5.0,1,0,1
53,0,125126.0,2,52.8,1,0,12,8,0,3.0,0,0,0
56,1,102351.0,2,80.3,1,0,7,19,0,3.0,0,1,0
68,0,108147.0,2,5.0,1,3,7,8,1,4.0,1,0,1
30,0,96272.0,2,106.0,1,1,11,13,0,2.0,1,1,0
67,1,30000.0,1,68.8,2,2,5,2,1,3.0,0,0,0
27,2,62809.0,0,24.9,2,2,1,0,1,2.0,1,0,0
43,0,133315.0,1,5.0,2,2,7,1,0,1.0,0,0,0
27,1,107505.0,2,57.3,1,1,11,8,0,1.0,1,1,0
49,1,108778.0,1,35.0,2,2,7,5,0,5.0,1,0,1
39,0,40242.0,2,5.0,1,1,5,17,0,2.0,1,0,0
39,0,90753.0,1,15.4,2,0,4,3,1,5.0,1,0,1
39,0,127868.0,1,45.8,4,1,1,1,1,2.0,1,0,0
52,0,84640.0,2,57.0,4,1,4,10,1,4.0,1,0,1
29,1,110770.0,1,51.2,3,2,6,7,1,2.0,1,0,0
46,1,155088.0,2,106.0,2,2,13,10,1,1.0,0,0,0
63,1,44546.0,1,21.3,1,2,7,7,1,2.0,1,0,0
67,0,97126.0,1,31.5,3,1,0,2,1,1.0,1,1,0
55,0,128079.0,1,75.1,1,0,4,8,1,4.0,0,0,0
49,1,101467.0,2,61.3,1,1,6,16,1,5.0,1,0,1
40,0,68762.0,1,66.2,2,1,2,1,1,2.0,1,0,0
26,0,150385.0,1,25.9,3,2,2,9,1,4.0,1,0,1
54,1,91313.0,2,38.9,3,0,3,4,0,2.0,1,1,0
62,0,76871.0,1,60.3,2,0,1,9,1,4.0,1,0,1
48,2,114834.0,0,66.5,2,1,0,2,1,2.0,1,0,1
27,2,57821.0,0,5.7,2,2,0,1,1,2.0,0,0,0
41,0,125496.0,1,49.4,1,2,0,7,1,5.0,1,0,1
50,0,41017.0,0,14.0,2,3,0,3,1,1.0,1,0,0
60,1,79179.0,1,69.2,2,3,0,7,0,3.0,1,1,0
55,0,86075.0,1,36.8,2,1,1,4,1,2.0,0,0,0
66,1,169446.0,2,48.6,1,2,8,15,1,2.0,1,0,1
33,1,56394.0,2,36.6,1,2,12,17,0,5.0,1,0,1
51,0,135186.0,1,17.3,3,0,2,6,1,4.0,0,0,0
48,1,50425.0,0,67.5,1,0,1,3,1,3.0,0,0,0
26,1,135917.0,1,52.3,1,2,2,1,1,3.0,0,0,1
50,1,100223.0,0,36.4,1,0,1,1,1,4.0,1,0,1
31,0,30000.0,1,5.0,1,1,7,9,1,5.0,0,0,0
58,0,91889.0,2,21.1,4,2,5,9,1,3.0,1,0,1
53,0,58080.0,1,44.7,1,2,0,3,1,5.0,0,0,0
41,0,98376.0,1,53.8,3,2,6,9,1,2.0,1,0,0
56,1,90812.0,1,58.2,1,2,6,5,1,4.0,1,0,1
66,1,138487.0,2,43.8,2,2,14,14,1,5.0,0,0,1
36,0,57321.0,2,33.1,2,0,2,11,0,4.0,1,1,0
47,0,39229.0,2,13.4,2,1,8,11,0,3.0,1,0,0
40,1,174000.0,0,14.7,2,1,2,1,1,4.0,1,0,1
56,1,89915.0,0,75.3,1,1,0,0,1,2.0,1,1,0
52,1,53170.0,2,14.2,3,3,6,12,1,4.0,1,0,1
44,1,49610.0,2,35.4,2,0,14,8,1,5.0,1,0,0
30,0,156760.0,1,30.2,3,1,2,2,1,1.0,1,0,1
26,0,146892.0,2,12.8,2,0,6,8,1,2.0,1,0,0
38,0,107100.0,1,41.9,2,1,0,3,1,1.0,1,0,0
48,0,73646.0,2,47.7,1,3,11,7,1,5.0,0,0,0
53,1,103307.0,2,5.0,1,0,2,12,1,4.0,0,0,0
31,1,59321.0,2,55.1,2,2,10,9,0,2.0,1,1,0
30,1,81652.0,2,23.7,4,2,9,13,0,3.0,1,0,1
28,0,84758.0,1,20.8,1,2,7,6,1,4.0,0,0,0
66,1,128015.0,1,41.75,2,2,6,2,1,3.0,0,0,0
37,1,133382.0,1,21.9,2,2,2,5,1,1.0,1,0,0
51,0,94308.0,1,22.3,1,1,7,4,1,5.0,0,0,0
57,0,65470.0,0,65.5,1,1,0,1,0,4.0,0,1,0
48,0,71968.0,2,22.2,2,2,14,12,1,3.0,1,0,0
35,0,117876.0,2,49.7,1,3,14,15,0,3.0,1,0,0
60,1,38694.0,1,5.0,2,0,1,8,1,4.0,0,0,0
65,0,62606.0,2,52.4,1,3,13,7,0,3.0,0,0,0
58,1,59870.0,1,85.9,2,0,3,1,1,5.0,0,0,0
25,1,63831.0,1,38.8,2,2,5,6,1,4.0,1,0,0
56,0,146677.0,2,5.0,1,1,7,4,1,3.0,0,0,0
28,1,102187.0,2,15.5,2,2,5,15,1,1.0,1,0,0
49,1,102183.0,2,5.0,1,2,9,5,0,3.0,0,0,0
63,1,30000.0,1,7.3,4,1,3,1,0,5.0,1,1,0
54,1,84190.0,2,106.0,1,0,4,5,0,4.0,1,2,0
56,0,115953.0,1,49.7,2,2,1,4,1,1.0,1,0,0
49,1,142270.0,0,5.0,2,1,2,1,1,5.0,0,0,0
34,2,84043.0,2,80.3,1,2,2,5,1,1.0,0,0,0
56,0,68204.0,2,60.6,4,1,14,6,0,5.0,0,1,0
38,2,71095.0,2,15.3,2,2,9,16,1,2.0,0,0,0
60,1,95079.0,0,57.0,2,2,0,1,1,5.0,0,0,0
69,0,98334.0,0,34.4,3,1,0,0,1,4.0,0,0,0
27,0,49648.0,2,46.5,1,2,8,15,0,2.0,1,0,0
42,1,55125.0,1,106.0,2,1,1,6,1,4.0,1,0,1
47,0,151786.0,2,74.0,3,1,9,7,0,1.0,0,1,0
55,0,113948.0,1,51.2,3,0,5,6,1,2.0,1,0,0
61,0,73569.0,2,50.0,4,2,9,3,1,2.0,0,0,0
47,0,86877.0,2,28.9,4,2,9,19,0,5.0,1,0,0
58,1,117937.0,2,57.5,2,2,7,14,1,3.0,0,0,0
65,0,95235.0,0,81.0,1,1,1,3,1,4.0,0,0,0
63,2,86800.0,0,60.3,3,1,1,2,1,4.0,1,0,0
53,1,65619.0,2,44.9,2,0,4,18,0,3.0,0,0,0
29,0,70595.0,2,29.5,2,2,6,8,0,3.0,0,0,0
69,0,57932.0,2,5.0,3,1,7,11,1,2.0,0,0,0
62,1,93680.0,1,51.4,2,2,2,3,1,1.0,0,0,0
25,0,57359.0,0,24.8,2,2,0,1,1,5.0,1,0,1
37,1,54300.0,2,50.2,3,2,13,18,1,1.0,0,0,0
51,0,123112.0,2,32.5,4,3,10,5,0,3.0,1,0,1
27,1,71981.0,1,5.0,1,3,4,6,1,3.0,0,0,0
32,1,71132.0,2,72.2,1,2,12,14,0,3.0,1,0,1
62,0,99336.0,2,48.6,1,2,6,7,0,3.0,1,0,0
69,0,93572.0,2,41.6,1,2,14,6,1,1.0,1,0,0
37,1,78096.0,2,68.6,1,2,10,12,1,3.0,1,0,1
59,1,81774.0,2,39.6,2,1,5,13,1,5.0,0,0,0
28,0,53133.0,2,60.8,3,2,14,19,0,4.0,1,0,0
57,1,151628.0,1,26.5,2,0,4,5,1,2.0,1,0,0
52,1,46895.0,1,36.6,4,1,1,8,1,1.0,1,0,0
68,1,79039.0,2,43.9,4,0,8,3,0,5.0,1,1,0
32,1,95149.0,1,40.3,1,2,1,7,1,3.0,0,0,0
67,1,65120.0,2,22.1,2,2,7,16,1,4.0,1,0,1
27,0,98914.0,2,12.9,2,2,6,5,0,5.0,1,0,1
34,0,30000.0,1,36.3,1,1,6,3,1,5.0,0,0,0
30,1,67762.0,2,41.0,1,1,6,5,0,2.0,0,1,0
51,0,121345.0,0,18.5,2,0,2,3,1,4.0,1,0,1
27,0,42324.0,2,69.2,2,1,8,6,1,5.0,1,0,0
47,1,38274.0,1,74.6,1,2,3,6,1,1.0,1,0,0
52,0,174000.0,2,25.4,2,1,5,11,0,3.0,1,0,1
39,2,155701.0,2,31.7,3,1,11,6,0,5.0,0,0,0
35,1,154904.0,1,37.8,2,2,2,8,0,2.0,0,2,0
28,1,42782.0,2,41.1,3,2,8,15,1,5.0,1,0,0
55,1,56202.0,2,36.8,2,3,14,19,1,4.0,1,0,1
61,1,64511.0,2,28.4,1,2,3,12,1,2.0,1,0,0
66,0,102245.0,2,26.1,3,2,8,6,0,4.0,1,0,1
43,0,143397.0,1,70.2,4,0,2,5,1,4.0,0,0,0
62,1,56892.0,2,5.0,4,0,8,4,1,3.0,0,0,0
43,1,134325.0,1,72.1,1,1,4,2,1,2.0,0,0,0
27,0,67341.0,1,59.9,2,1,7,8,1,5.0,1,0,0
58,0,97151.0,2,63.9,1,2,5,12,1,3.0,1,0,0
45,0,143922.0,1,43.9,2,2,3,1,0,2.0,1,1,0
34,1,46346.0,1,6.4,2,2,3,1,1,2.0,0,0,0
48,1,108200.0,1,20.1,3,2,1,2,1,3.0,0,0,0
65,2,83713.0,2,24.4,4,2,7,14,1,1.0,0,0,0
38,2,149408.0,2,68.4,3,2,2,11,0,3.0,1,1,1
63,0,85079.0,1,25.5,1,1,0,3,1,3.0,0,0,0
56,0,174000.0,2,61.7,2,0,7,4,0,5.0,1,1,1
41,0,133358.0,2,11.6,2,0,6,12,0,2.0,1,0,1
63,1,61541.0,1,24.6,1,0,2,2,0,2.0,0,1,0
48,1,120437.0,1,73.6,3,1,0,6,1,1.0,1,0,0
33,1,174000.0,0,27.9,2,0,1,0,0,2.0,0,1,0
39,1,99325.0,2,35.9,1,1,5,14,0,4.0,0,0,0
44,1,113129.0,2,67.8,3,1,14,17,0,3.0,1,1,0
51,0,82460.0,1,29.2,2,1,2,1,1,2.0,1,0,1
66,2,75363.0,2,73.6,1,2,8,3,1,3.0,1,0,0
45,0,78255.0,2,25.9,1,1,3,17,1,2.0,0,0,0
39,0,85051.0,2,35.3,2,1,4,12,0,1.0,1,1,0
67,1,93544.0,1,11.9,1,2,7,7,0,4.0,0,0,0
69,0,99757.0,2,28.2,3,0,6,10,1,4.0,1,0,0
31,0,88412.0,1,5.0,1,0,2,4,0,4.0,0,1,0
54,2,125419.0,2,35.9,1,1,3,4,0,4.0,1,1,0
67,1,41126.0,1,67.0,2,1,3,6,1,5.0,0,0,0
47,1,62211.0,2,85.3,3,1,13,10,0,1.0,1,1,0
28,1,72805.0,2,30.0,2,2,10,4,0,2.0,0,0,0
33,1,88108.0,1,44.4,3,1,2,6,0,1.0,1,1,0
62,0,80871.0,1,47.8,3,2,5,4,1,2.0,1,0,0
31,0,126891.0,0,28.5,1,1,1,3,1,5.0,0,0,0
64,1,117475.0,2,81.7,3,2,13,12,0,3.0,1,1,0
30,0,75582.0,2,37.5,2,1,13,14,1,1.0,1,0,0
65,1,90597.0,0,46.7,2,1,0,3,1,5.0,1,0,1
49,0,30000.0,2,37.0,2,3,3,17,0,3.0,0,0,0
37,1,53192.0,2,58.5,1,2,2,5,0,5.0,1,0,0
31,0,147199.0,2,40.1,3,1,12,7,1,2.0,1,0,1
30,0,106431.0,1,63.9,1,1,2,4,1,5.0,0,0,0
43,1,86877.0,2,48.4,4,0,5,18,0,4.0,1,0,0
33,1,78897.0,2,5.0,1,1,4,6,1,1.0,0,0,0
68,1,85462.0,1,5.8,1,1,3,1,1,3.0,0,0,0
53,1,30000.0,0,46.3,2,2,1,2,1,1.0,0,0,0
46,0,84758.0,2,38.8,1,1,9,14,1,4.0,1,0,1
67,1,99247.0,2,47.0,4,2,7,16,1,1.0,1,0,0
69,0,82465.0,2,38.3,1,0,3,16,1,5.0,0,0,0
64,1,93922.0,1,52.7,4,1,4,4,0,2.0,0,1,0
63,1,52886.0,2,61.9,1,1,12,3,0,1.0,0,1,0
66,1,43248.0,1,38.5,2,0,6,2,1,1.0,0,0,0
59,1,72637.0,2,23.8,2,0,7,6,1,5.0,1,0,1
41,1,61515.0,2,34.4,2,3,10,19,0,2.0,1,0,0
54,0,174000.0,1,50.7,1,1,4,6,1,4.0,0,0,0
41,1,86436.0,1,84.1,2,1,0,5,0,4.0,0,1,0
62,0,96968.0,2,50.5,3,2,5,17,0,4.0,1,0,1
64,1,39412.0,0,23.2,1,0,1,3,1,1.0,0,0,0
66,1,30000.0,0,64.9,1,3,0,0,0,4.0,1,1,0
65,1,112357.0,2,69.1,1,0,2,15,1,2.0,1,0,1
33,2,89376.0,2,74.4,3,3,7,19,0,2.0,0,0,0
33,0,84906.0,2,37.4,3,2,13,5,0,1.0,0,0,0
47,1,107490.0,0,16.2,2,2,0,0,1,2.0,1,0,0
67,1,36350.0,1,32.3,2,2,0,5,1,2.0,1,0,0
63,1,49270.0,2,44.9,2,0,2,11,1,1.0,1,0,0
63,1,104732.0,1,46.2,4,2,7,5,1,2.0,0,0,0
41,2,94763.0,1,55.0,2,2,0,4,1,5.0,1,0,0
42,1,30000.0,0,57.7,2,2,0,1,1,5.0,0,0,0
47,1,73842.0,2,15.9,2,1,3,9,0,1.0,1,0,0
40,0,78274.0,1,34.7,2,1,5,1,1,1.0,0,0,0
43,1,91603.0,0,75.1,2,2,2,2,1,2.0,1,0,0
62,0,67941.0,2,74.0,1,1,9,4,0,2.0,1,0,0
27,2,30000.0,2,40.9,2,2,12,19,0,1.0,0,1,0
27,0,35856.0,2,14.3,2,1,2,12,0,2.0,1,0,0
56,2,84427.0,1,37.1,3,2,5,3,1,3.0,1,0,1
39,0,155116.0,2,16.1,1,2,11,13,1,5.0,1,0,1
31,1,111132.0,0,32.1,4,2,1,1,1,5.0,1,0,1
65,1,99853.0,2,46.3,2,2,3,19,1,1.0,1,0,0
30,1,83207.0,1,31.9,1,3,3,5,1,3.0,0,0,0
59,1,73361.0,2,39.0,1,1,5,16,0,4.0,0,0,0
56,1,94575.0,2,28.8,1,1,14,16,1,1.0,1,0,0
29,0,53786.0,2,67.1,3,0,13,7,1,1.0,1,0,0
31,0,53217.0,1,39.0,1,2,7,3,1,3.0,1,0,0
45,1,66983.0,2,46.0,2,0,12,19,1,4.0,0,0,0
43,1,64973.0,1,48.9,1,2,4,6,0,2.0,0,2,0
27,0,30000.0,1,44.0,1,2,0,4,1,5.0,1,0,1
48,0,132670.0,2,14.1,2,1,2,17,1,3.0,1,0,0
48,0,65525.0,2,70.6,1,2,8,11,0,1.0,0,1,0
62,0,118904.0,1,54.0,1,1,0,1,1,4.0,1,0,0
25,0,45187.0,2,29.5,1,3,2,9,0,3.0,0,0,0
31,1,95812.0,2,35.6,2,2,9,14,0,1.0,1,1,0
64,0,86449.0,1,41.6,1,2,5,5,1,5.0,1,0,0
54,1,68043.0,1,80.2,1,1,1,2,0,5.0,0,2,0
58,1,105787.0,1,37.4,2,0,1,7,1,2.0,0,0,0
43,0,55197.0,0,43.0,3,2,0,0,1,5.0,1,0,0
25,0,40848.0,1,64.9,2,1,5,6,0,5.0,1,2,0
26,1,37821.0,0,60.3,1,0,1,3,1,4.0,1,0,0
35,1,30000.0,0,53.7,3,1,1,0,1,3.0,0,0,0
47,1,30000.0,1,33.9,1,2,5,6,1,5.0,0,0,0
27,0,30000.0,2,78.6,1,2,11,5,0,1.0,0,1,0
63,0,84287.0,0,17.4,2,1,1,0,1,2.0,1,0,0
37,0,84287.0,2,13.6,2,3,7,6,0,5.0,1,0,1
58,1,117413.0,1,42.6,1,2,6,6,1,3.0,1,0,1
40,1,85332.0,2,45.7,1,1,4,16,0,2.0,0,0,0
67,1,171971.0,2,22.8,1,2,10,14,1,4.0,1,0,1
32,1,38174.0,2,38.0,2,0,13,5,0,3.0,1,0,0
26,0,80200.0,1,49.1,2,1,4,7,1,3.0,1,0,0
29,0,45123.0,1,69.4,1,2,3,7,1,5.0,1,0,1
67,1,54268.0,0,80.5,3,1,2,0,0,2.0,0,2,0
64,0,56805.0,1,43.7,2,3,6,8,0,4.0,1,0,1
26,0,127423.0,2,5.0,1,0,7,4,0,4.0,0,0,0
30,0,63441.0,2,24.9,3,3,11,9,1,5.0,0,0,0
28,1,30000.0,2,33.4,1,2,6,14,1,5.0,1,0,1
53,1,63254.0,1,38.0,1,2,5,3,0,2.0,0,1,0
27,0,88670.0,2,48.0,3,2,11,11,1,4.0,1,0,1
52,0,79786.0,1,46.6,1,2,5,9,0,3.0,1,0,0
39,1,154059.0,1,52.2,2,2,6,4,1,5.0,1,0,1
37,0,47920.0,2,69.6,4,2,9,6,0,5.0,0,1,0
29,0,85667.0,1,5.0,2,0,5,8,0,1.0,0,1,0
48,0,105077.0,2,91.6,2,2,2,8,1,3.0,1,0,0
38,0,112422.0,1,34.3,2,1,5,4,1,1.0,1,0,0
43,0,85292.0,2,17.4,3,0,5,17,0,4.0,1,0,1
61,1,95892.0,2,68.1,2,2,7,6,1,1.0,0,0,0
29,1,50395.0,2,55.6,2,1,14,5,0,1.0,0,0,0
50,0,52265.0,1,41.7,1,2,7,6,1,3.0,0,0,0
47,1,155970.0,1,47.8,1,3,5,8,1,4.0,0,0,0
65,1,63828.0,2,106.0,1,1,7,19,0,2.0,0,0,0
32,1,84657.0,1,7.9,1,1,7,9,0,2.0,1,0,0
67,2,107147.0,2,16.1,1,0,8,19,0,1.0,0,0,0
27,0,91553.0,2,35.4,3,2,10,19,0,1.0,1,0,0
44,1,95160.0,1,49.0,2,2,2,4,1,3.0,1,0,1
44,0,84233.0,1,37.2,2,1,0,9,1,4.0,1,0,0
29,0,147596.0,2,84.4,2,2,4,5,0,1.0,0,1,0
68,0,44040.0,0,34.5,2,2,1,2,1,1.0,1,0,0
50,1,87558.0,2,85.3,1,1,11,8,0,5.0,1,2,0
41,1,85132.0,2,47.5,2,1,8,19,0,1.0,0,1,0
26,0,41767.0,1,7.0,1,3,6,9,1,4.0,0,0,0
27,0,68691.0,1,43.6,2,3,3,4,1,3.0,1,0,0
34,1,84287.0,1,74.0,2,1,0,7,1,3.0,1,0,1
62,1,102259.0,1,61.0,2,1,5,8,0,5.0,1,1,1
26,0,98140.0,1,41.5,2,1,1,2,1,4.0,0,0,0
49,2,111342.0,1,19.6,2,0,4,5,1,3.0,0,0,0
45,1,96593.0,2,92.3,1,1,2,3,0,2.0,0,2,0
42,1,96355.0,2,46.6,2,3,6,9,1,2.0,1,0,0
46,0,121660.0,2,10.4,2,1,12,10,1,1.0,1,0,0
58,0,30000.0,2,13.6,2,1,10,16,1,3.0,0,0,0
66,1,98803.0,2,73.2,3,2,12,6,1,3.0,1,0,0
69,1,30000.0,2,34.5,1,2,8,11,0,3.0,1,0,0
61,1,107621.0,2,53.3,2,2,12,14,1,2.0,1,0,0
63,0,59758.0,2,44.3,1,2,8,4,0,5.0,0,0,0
54,0,98225.0,1,25.1,3,1,2,5,1,2.0,1,0,0
57,1,41632.0,1,26.0,1,2,3,2,1,5.0,0,0,0
30,1,133907.0,1,13.8,1,1,7,4,1,5.0,0,0,0
37,2,71174.0,0,73.3,1,3,2,3,1,3.0,1,0,0
44,0,92577.0,2,40.9,2,2,7,3,0,3.0,0,1,0
58,1,87683.0,1,6.6,3,2,4,8,1,2.0,1,0,0
37,1,53081.0,2,71.6,1,2,8,18,1,4.0,1,0,0
66,0,111748.0,2,16.2,3,2,4,19,0,2.0,1,0,0
46,1,33757.0,2,51.7,4,1,3,5,1,3.0,1,0,0
45,1,58781.0,0,5.0,1,2,0,0,1,4.0,0,0,0
38,1,96322.0,2,12.1,2,2,8,15,0,5.0,1,0,1
60,0,69202.0,1,25.1,1,2,6,3,1,4.0,0,0,0
29,1,30000.0,2,45.8,2,1,12,19,1,5.0,0,0,0
44,0,78012.0,2,34.5,2,2,3,19,1,2.0,1,0,0
66,0,49450.0,1,16.3,1,2,5,2,1,2.0,0,0,0
64,1,174000.0,2,69.3,3,1,11,8,0,4.0,0,1,0
36,0,30000.0,1,62.8,2,2,1,5,1,1.0,1,1,0
64,1,106439.0,1,33.4,3,2,2,7,1,3.0,0,0,0
53,2,70908.0,2,36.4,1,2,3,5,0,1.0,0,1,0
59,1,60218.0,1,53.9,1,2,6,4,1,4.0,1,0,0
62,1,146538.0,2,20.7,2,2,13,9,0,1.0,0,0,0
36,0,144676.0,2,50.7,3,1,6,8,1,3.0,0,0,0
36,1,96599.0,1,38.349999999999994,3,3,1,7,0,5.0,1,1,0
44,1,147480.0,1,33.9,1,1,6,7,0,3.0,1,0,1
50,0,61924.0,2,15.5,1,3,4,14,0,5.0,1,0,1
57,0,130118.0,2,98.8,2,2,9,18,1,2.0,0,0,0
65,0,32236.0,0,5.0,2,1,0,2,0,1.0,1,1,0
62,0,93259.0,2,50.9,1,2,14,10,0,3.0,0,0,0
52,1,69148.0,1,9.4,1,0,0,9,1,5.0,1,0,1
55,1,107814.0,1,55.0,1,3,5,5,1,5.0,1,0,1
53,1,107293.0,0,39.5,1,0,2,1,1,2.0,0,0,0
47,0,111390.0,0,48.3,2,1,0,1,1,3.0,1,0,1
35,1,98239.0,2,38.3,2,3,7,18,0,1.0,1,0,0
42,0,101226.0,0,84.6,2,1,0,1,1,2.0,1,0,0
30,0,105817.0,1,80.6,1,3,1,8,1,4.0,1,0,1
46,1,81562.0,2,21.3,1,2,9,19,1,3.0,1,0,0
29,1,78941.0,2,48.9,2,2,11,16,0,1.0,1,0,0
30,1,30000.0,1,49.7,2,2,3,7,1,1.0,1,0,0
54,1,84748.0,2,5.0,1,2,10,16,1,4.0,1,0,1
66,0,101888.0,2,50.5,2,0,6,9,0,1.0,0,1,0
63,0,68868.0,1,20.2,1,2,4,9,1,2.0,1,0,0
47,1,81105.0,2,62.2,2,2,4,7,0,1.0,0,1,0
35,0,79043.0,1,9.5,1,2,6,4,1,1.0,1,0,0
26,1,67819.0,1,37.5,1,2,4,4,1,5.0,0,0,0
38,0,79890.0,1,18.6,1,1,2,9,1,5.0,1,0,1
33,1,40892.0,0,44.4,1,3,1,3,0,5.0,1,1,0
51,0,69054.0,2,19.5,2,3,13,7,1,1.0,1,0,0
41,1,103884.0,2,34.8,2,2,14,8,1,5.0,1,0,1
25,0,89609.0,1,56.1,2,2,3,8,1,5.0,1,0,1
42,0,106085.0,0,33.4,3,1,2,2,1,2.0,1,0,0
45,0,91687.0,0,22.2,1,1,2,0,1,1.0,1,0,0
27,0,148268.0,1,28.9,1,1,6,1,1,5.0,1,0,1
45,0,71973.0,2,66.2,1,3,2,6,0,1.0,1,1,0
63,1,113137.0,2,42.7,2,1,13,7,1,5.0,1,0,1
55,1,73597.0,2,32.8,2,2,14,4,0,3.0,0,1,0
51,0,41173.0,0,23.2,2,1,0,3,1,5.0,1,0,1
49,0,34942.0,1,42.4,2,3,0,9,1,5.0,1,0,1
46,1,93586.0,1,5.0,2,2,2,6,1,5.0,1,0,1
63,0,58519.0,2,47.7,1,0,12,19,1,2.0,0,0,0
35,1,98754.0,0,30.1,2,2,1,0,1,5.0,0,0,0
57,1,146435.0,0,37.5,1,3,1,0,1,4.0,0,0,1
44,1,30000.0,1,51.8,1,3,0,4,0,3.0,0,1,0
38,2,82436.0,1,52.1,2,3,3,1,1,4.0,1,1,1
30,0,72135.0,0,69.5,1,1,2,1,0,1.0,0,1,0
31,1,32979.0,2,14.5,1,2,9,9,0,1.0,0,0,0
52,1,71332.0,1,25.3,2,1,2,7,1,2.0,0,0,0
53,1,64103.0,2,58.3,3,2,7,5,0,1.0,0,1,0
31,1,50896.0,2,52.0,2,1,4,16,0,4.0,0,0,0
66,0,88310.0,2,15.4,1,0,14,18,1,4.0,1,0,0
58,0,56734.0,1,67.6,1,2,3,8,1,2.0,1,0,0
32,0,30000.0,1,19.9,1,0,5,5,1,5.0,0,0,0
48,0,77067.0,2,33.9,3,2,7,16,1,4.0,1,0,1
51,1,49346.0,2,33.2,3,0,11,19,1,4.0,1,0,0
39,1,97033.0,1,40.6,2,1,2,5,1,5.0,0,0,0
46,1,30000.0,2,75.5,4,3,3,6,0,1.0,0,1,0
64,0,89051.0,1,42.5,1,0,3,5,1,1.0,0,0,0
40,0,74862.0,2,51.8,3,0,8,19,1,5.0,0,0,0
25,1,81951.0,2,47.4,2,1,11,19,1,1.0,1,0,0
66,1,30000.0,2,55.3,2,2,7,3,0,1.0,1,1,0
27,0,106111.0,1,34.5,3,1,7,9,1,3.0,0,0,0
47,1,72991.0,0,22.7,2,2,2,1,1,5.0,1,0,1
44,0,140560.0,2,31.3,1,3,6,18,1,2.0,1,0,1
64,1,74541.0,1,34.7,3,1,1,8,0,5.0,0,0,0
38,0,133134.0,0,39.3,2,2,1,3,1,5.0,0,0,0
30,2,67070.0,1,32.2,2,1,6,3,1,1.0,1,0,0
69,2,160772.0,2,29.1,2,1,9,12,1,4.0,0,0,0
40,1,30000.0,2,54.4,2,1,11,14,1,3.0,1,0,0
36,1,125088.0,1,48.3,2,1,3,5,0,4.0,1,1,0
31,1,30000.0,1,24.4,3,1,1,2,1,3.0,0,0,0
61,1,103664.0,2,64.2,2,1,8,12,0,1.0,0,0,0
37,0,126744.0,2,52.6,1,2,4,4,1,1.0,0,0,0
38,1,46543.0,2,12.3,1,1,2,16,0,4.0,1,0,0
54,1,95212.0,1,96.8,2,2,5,3,1,5.0,0,0,0
46,0,115317.0,2,70.3,1,1,10,15,1,5.0,1,0,1
68,1,131577.0,1,5.0,2,0,7,3,1,2.0,1,0,1
53,1,91988.0,2,103.9,2,2,4,5,0,4.0,0,2,0
45,1,100545.0,2,16.3,2,2,14,5,1,1.0,0,0,0
31,0,62670.0,1,18.3,3,2,3,9,1,3.0,0,0,0
39,1,96538.0,1,83.7,1,1,3,6,0,3.0,1,1,0
44,1,121749.0,0,58.5,1,1,2,3,1,4.0,1,0,1
40,0,53838.0,1,28.7,3,1,3,7,1,3.0,0,0,0
68,1,98242.0,2,72.7,2,1,5,13,1,3.0,1,0,0
58,0,66291.0,2,58.3,2,2,8,12,0,3.0,1,0,0
58,1,113851.0,2,41.2,1,2,9,19,1,4.0,1,0,1
36,0,100067.0,2,66.3,2,1,14,10,0,3.0,0,0,0
65,1,100317.0,2,79.6,1,2,8,19,0,2.0,1,0,0
69,1,128072.0,2,63.1,1,1,10,12,1,2.0,1,0,0
68,0,107925.0,2,75.3,2,1,10,10,0,1.0,1,1,0
54,0,92749.0,1,41.1,2,2,3,5,1,5.0,1,0,1
28,0,53551.0,2,9.3,2,3,2,14,1,1.0,1,0,0
64,1,50395.0,2,10.5,1,2,6,17,0,2.0,1,0,0
38,1,87836.0,2,36.1,1,2,7,8,0,4.0,0,0,0
63,1,94641.0,1,69.5,2,1,7,1,1,3.0,0,1,0
28,1,96517.0,2,76.0,3,3,14,6,1,5.0,0,0,1
57,1,137541.0,1,21.1,2,1,1,6,1,2.0,1,0,1
33,1,66839.0,0,19.9,2,1,1,0,1,1.0,1,0,0
34,1,107798.0,1,46.6,1,0,3,5,1,2.0,0,0,0
38,0,139785.0,2,68.9,3,2,9,14,1,3.0,0,0,0
40,1,86903.0,0,24.9,2,2,0,1,1,4.0,1,0,0
30,1,100878.0,2,42.9,1,1,2,6,1,4.0,1,0,1
58,0,40640.0,1,20.1,1,1,5,7,1,3.0,1,0,0
54,1,64626.0,1,42.9,2,0,4,5,1,4.0,1,0,0
40,0,52251.0,2,59.0,2,2,3,19,0,1.0,0,1,0
50,2,75904.0,2,35.7,3,1,4,12,1,1.0,1,0,0
61,1,94236.0,2,13.8,2,1,2,6,1,5.0,1,0,1
68,1,96803.0,0,55.6,2,1,1,2,1,1.0,1,0,0
55,0,100678.0,0,36.8,1,2,1,0,1,4.0,0,0,0
29,0,97630.0,0,46.8,1,2,1,2,1,4.0,1,0,1
69,0,119322.0,2,54.4,2,3,6,18,0,5.0,0,0,0
30,1,93729.0,1,30.1,1,2,0,4,1,5.0,1,0,1
66,0,86844.0,0,35.3,1,2,2,2,1,2.0,1,0,0
66,1,119835.0,2,28.6,2,1,2,14,1,3.0,0,0,0
39,1,67778.0,1,19.2,2,3,0,6,0,2.0,1,1,0
28,1,75888.0,0,35.9,3,2,2,3,1,4.0,1,0,1
25,0,72768.0,2,36.0,4,3,2,6,0,4.0,0,0,0
48,0,71121.0,0,36.2,2,2,0,1,0,3.0,1,1,0
41,1,106993.0,2,76.1,3,1,8,18,1,5.0,0,0,0
67,1,76946.0,1,62.2,1,3,2,4,1,3.0,0,0,0
45,1,150089.0,2,37.5,1,2,9,6,1,3.0,0,0,0
49,0,96727.0,2,63.1,2,2,7,18,0,3.0,1,1,0
65,1,46893.0,2,61.5,2,1,6,15,0,1.0,0,1,0
50,0,58259.0,1,48.3,1,2,1,6,1,4.0,1,0,0
65,1,111593.0,2,25.3,3,2,12,18,1,4.0,1,0,1
35,1,166757.0,2,45.7,3,2,13,15,0,2.0,1,0,1
39,0,79750.0,2,43.7,2,0,5,4,1,1.0,0,0,0
58,0,103079.0,0,41.6,2,2,0,2,1,3.0,1,0,0
26,1,143438.0,2,35.7,4,0,9,6,0,4.0,1,1,0
33,0,101725.0,2,27.0,2,2,12,5,1,2.0,0,0,0
39,1,55532.0,2,55.1,1,1,6,15,0,1.0,1,1,0
62,0,90674.0,1,47.8,1,1,0,9,0,5.0,1,1,0
53,0,109211.0,1,30.8,1,0,0,3,0,4.0,0,0,0
41,1,91728.0,1,17.1,2,1,3,8,1,1.0,1,0,0
42,1,107418.0,1,20.9,1,2,5,3,1,3.0,0,0,0
52,1,121075.0,2,44.1,1,2,8,5,1,5.0,1,0,1
58,1,33144.0,0,18.4,2,2,2,2,0,5.0,0,1,0
39,1,76495.0,1,50.2,2,0,2,1,1,2.0,1,0,0
46,0,120518.0,1,5.0,2,2,0,1,0,3.0,1,1,0
50,0,92642.0,2,25.6,1,0,14,17,1,3.0,0,0,0
57,1,145403.0,2,31.5,1,2,2,17,0,2.0,0,0,0
61,1,140587.0,2,13.4,2,2,9,9,1,2.0,1,0,0
25,1,103229.0,1,106.0,1,2,2,1,1,3.0,0,0,0
45,0,58652.0,1,77.6,2,2,7,8,1,3.0,1,0,0
31,0,165093.0,2,63.6,1,1,3,14,0,1.0,0,0,0
37,0,95106.0,2,16.9,2,0,10,17,0,5.0,1,0,0
56,1,105071.0,2,47.4,3,0,13,16,0,2.0,0,0,0
68,1,79234.0,1,5.0,2,1,4,7,1,2.0,1,0,1
55,1,75891.0,1,35.7,2,2,1,3,1,2.0,0,0,0
65,1,86844.0,1,66.9,2,2,1,7,1,3.0,0,0,0
29,0,68341.0,1,41.2,1,1,3,2,0,3.0,1,1,0
49,1,151110.0,2,56.4,2,3,8,17,0,2.0,1,0,0
61,0,30000.0,2,56.8,1,1,11,3,1,3.0,0,0,0
34,1,30000.0,2,5.0,2,1,5,7,1,1.0,1,0,0
40,1,72570.0,1,14.8,2,3,0,3,0,1.0,1,0,0
35,0,30000.0,2,5.0,2,2,12,17,1,4.0,0,0,0
55,1,41365.0,0,23.3,2,1,0,1,1,5.0,1,0,0
31,0,94660.0,2,55.1,2,2,10,11,0,3.0,1,1,0
67,1,70893.0,0,49.5,1,1,2,0,1,2.0,0,0,0
51,0,101720.0,2,46.8,2,2,7,18,0,1.0,1,0,0
58,1,47216.0,0,42.0,3,2,2,1,1,2.0,0,0,0
25,0,79595.0,2,43.9,2,2,7,17,1,5.0,1,0,1
47,1,108244.0,1,26.2,2,2,1,5,1,1.0,1,0,0
54,1,62705.0,0,58.3,1,2,0,1,1,1.0,1,0,0
56,1,51741.0,2,24.3,2,3,6,4,1,1.0,1,0,0
47,1,128293.0,2,63.2,1,2,14,12,0,4.0,0,0,0
51,0,104990.0,2,33.0,1,0,4,7,0,5.0,0,1,0
28,0,95621.0,2,5.3,2,2,7,9,0,3.0,0,0,0
34,1,132496.0,2,5.0,2,3,4,18,0,2.0,0,0,0
54,0,96613.0,0,20.0,2,3,1,2,1,1.0,1,0,0
67,1,121025.0,2,42.5,1,1,14,7,0,5.0,1,0,1
26,1,101603.0,1,65.9,2,2,3,7,1,2.0,0,0,0
40,1,66408.0,2,32.3,1,3,7,7,1,2.0,1,0,0
68,0,46929.0,0,36.9,1,2,0,2,1,5.0,1,0,0
63,0,99359.0,0,14.0,4,0,2,2,1,1.0,1,0,0
26,1,107315.0,2,59.3,4,1,4,11,0,4.0,0,0,0
35,0,48028.0,1,18.8,3,0,0,1,1,2.0,1,0,0
47,1,30000.0,1,44.9,2,1,2,4,1,4.0,1,0,0
59,0,78418.0,1,45.8,1,1,0,5,1,2.0,1,0,0
36,1,86831.0,2,21.9,2,0,5,17,0,5.0,1,0,1
57,0,85513.0,2,43.9,2,1,12,11,1,1.0,1,0,0
28,1,66646.0,1,32.4,2,1,0,8,1,5.0,1,0,0
68,1,96854.0,2,59.7,3,3,12,11,0,2.0,1,1,0
56,1,121778.0,1,52.4,1,3,1,1,0,3.0,0,1,0
55,1,85475.0,2,24.3,3,2,3,13,0,3.0,0,0,0
64,0,72649.0,2,61.1,2,2,11,19,1,4.0,0,0,0
41,0,51280.0,1,21.3,2,2,4,7,1,1.0,0,0,0
41,0,85913.0,1,61.2,1,2,7,8,1,5.0,0,0,0
55,1,61100.0,1,95.9,1,1,3,1,1,3.0,1,0,0
50,0,120602.0,1,106.0,3,1,3,2,1,5.0,0,1,0
67,0,89340.0,1,38.95,2,1,5,6,1,2.0,0,0,0
35,1,92040.0,2,61.9,1,2,14,14,1,5.0,0,0,0
47,0,110708.0,1,11.4,1,1,3,3,1,3.0,1,0,1
58,1,72683.0,2,39.3,4,1,8,15,1,2.0,1,0,1
63,2,154551.0,1,51.9,2,2,2,9,0,3.0,1,0,1
49,1,135170.0,1,38.9,1,2,4,6,1,5.0,1,0,1
55,1,96915.0,2,18.4,1,1,7,11,1,4.0,0,0,0
68,0,128801.0,0,35.4,1,1,0,0,1,5.0,1,0,1
39,0,84164.0,1,39.2,1,1,2,2,0,5.0,1,1,0
64,1,110595.0,0,30.3,1,2,0,0,1,2.0,0,0,0
32,1,69719.0,0,71.4,1,1,2,2,1,3.0,1,0,1
44,0,147129.0,1,71.8,2,1,1,8,1,1.0,1,0,0
36,1,42205.0,1,40.9,2,2,6,7,1,5.0,1,0,1
42,0,102769.0,2,32.4,2,2,10,5,1,5.0,1,0,1
32,0,104625.0,0,37.8,2,0,1,1,1,4.0,0,0,0
48,0,84906.0,2,38.6,3,2,3,8,0,1.0,1,1,0
64,1,69957.0,1,21.1,2,1,7,7,1,4.0,0,0,0
54,0,134362.0,1,106.0,2,1,5,4,1,3.0,1,0,1
37,0,120423.0,2,70.3,1,1,12,15,1,3.0,0,0,0
53,1,84609.0,0,80.3,2,0,1,1,1,3.0,1,0,0
45,1,57898.0,2,5.0,2,0,7,15,1,5.0,1,0,1
65,0,91032.0,2,40.4,2,2,13,16,0,2.0,1,0,0
47,0,174000.0,2,79.5,1,2,10,8,0,1.0,0,1,0
31,1,42833.0,1,77.7,2,3,7,5,1,1.0,1,0,0
35,1,129664.0,1,14.1,2,1,5,9,1,2.0,1,0,1
69,1,94936.0,2,41.2,1,0,8,4,1,3.0,0,0,0
40,1,116472.0,2,5.0,4,1,10,13,1,2.0,0,0,0
56,0,80209.0,2,9.3,2,2,9,13,0,3.0,0,0,0
48,1,62412.0,0,30.3,1,1,2,1,1,1.0,0,0,0
41,0,49809.0,1,34.8,3,1,1,5,1,2.0,0,0,0
56,0,59534.0,2,60.7,4,1,12,5,1,3.0,0,0,0
51,0,88742.0,2,74.3,2,2,3,10,1,1.0,0,0,0
51,1,84529.0,1,36.7,1,2,0,7,1,2.0,1,0,0
40,1,62210.0,2,43.8,2,2,11,11,0,2.0,1,0,0
55,0,65737.0,1,19.4,2,1,2,4,1,2.0,1,0,0
67,1,62724.0,2,31.5,2,1,14,14,0,3.0,1,0,0
26,1,69825.0,1,60.4,3,2,2,3,0,5.0,1,0,1
46,1,32282.0,2,67.2,1,1,10,8,0,3.0,1,0,0
59,0,85720.0,2,44.7,1,0,6,15,1,5.0,0,0,0
51,0,43864.0,2,28.4,3,1,4,9,0,2.0,0,1,0
42,0,80675.0,2,85.9,2,2,11,19,0,2.0,1,0,0
67,0,118144.0,2,41.3,1,1,11,7,1,1.0,1,0,0
40,0,84906.0,0,76.7,3,1,2,3,1,1.0,1,1,0
54,1,119293.0,2,42.9,3,0,11,4,0,1.0,1,0,0
55,1,60892.0,2,55.9,2,2,11,6,0,4.0,1,1,0
53,2,73327.0,1,62.3,3,0,6,4,0,4.0,1,1,0
59,1,94651.0,0,52.3,2,0,1,1,1,1.0,1,0,0
34,0,101036.0,2,58.7,2,0,7,13,1,1.0,1,0,0
67,1,44146.0,2,34.0,3,2,12,19,1,5.0,0,0,0
38,1,94814.0,2,65.4,2,3,12,19,0,1.0,1,0,0
52,1,103598.0,2,5.0,1,2,2,4,0,2.0,1,0,1
37,1,94223.0,2,43.1,1,2,9,17,1,3.0,1,0,1
25,1,121810.0,2,29.3,2,0,14,8,0,4.0,0,0,0
46,0,80577.0,2,45.8,2,1,4,11,0,1.0,1,0,0
29,1,99724.0,2,82.7,1,1,2,17,1,4.0,0,0,0
59,0,130373.0,2,45.3,1,1,6,7,0,2.0,1,1,0
48,0,68898.0,1,66.3,1,0,2,5,1,5.0,1,0,1
39,1,168012.0,1,89.9,1,3,0,5,1,2.0,0,0,0
53,1,73928.0,1,31.7,2,0,7,2,1,3.0,0,0,0
50,1,106227.0,1,44.4,2,2,3,9,1,5.0,1,0,1
43,1,101008.0,2,68.4,1,1,13,5,1,5.0,0,0,1
41,1,81165.0,1,5.0,1,2,0,8,1,2.0,1,0,1
50,0,113263.0,0,35.1,3,1,0,2,1,4.0,1,0,1
40,1,78590.0,0,79.8,2,1,2,1,1,2.0,1,0,0
46,0,40751.0,1,29.0,1,0,2,2,1,2.0,0,0,0
63,0,100176.0,2,79.5,3,1,13,10,0,4.0,1,1,0
26,0,129682.0,1,29.6,2,2,2,6,1,3.0,0,0,1
49,0,73881.0,1,48.2,3,1,2,6,0,5.0,1,2,0
64,1,108094.0,2,6.2,2,2,13,6,1,4.0,1,0,1
48,1,31810.0,2,27.1,4,2,3,8,0,3.0,1,1,0
39,0,59191.0,0,31.6,2,2,2,3,1,1.0,0,0,0
39,0,129544.0,2,42.2,4,2,5,7,0,1.0,1,1,0
64,0,97645.0,0,46.6,1,2,0,0,1,2.0,1,0,0
29,0,96573.0,1,5.0,2,3,4,9,1,3.0,0,0,0
58,0,30056.0,0,61.5,2,1,2,2,0,3.0,1,1,0
32,0,119397.0,2,80.8,1,2,7,4,1,1.0,0,0,0
66,1,30000.0,2,78.6,2,2,13,8,0,2.0,0,1,0
27,0,84906.0,0,14.1,3,0,2,1,1,4.0,1,0,1
27,0,34544.0,1,83.5,1,0,7,1,0,2.0,1,1,0
40,1,79198.0,2,33.0,1,1,14,5,0,2.0,1,0,0
41,1,80833.0,1,47.4,2,1,3,6,1,5.0,0,0,0
36,0,92808.0,0,37.8,2,2,1,2,1,5.0,0,0,0
46,1,70041.0,1,38.7,2,1,1,4,1,3.0,1,0,1
42,1,129028.0,1,10.4,2,3,2,6,1,1.0,1,0,1
33,1,100941.0,0,45.9,2,1,2,0,1,4.0,0,0,0
48,2,36229.0,1,24.3,2,3,2,4,1,5.0,1,0,0
40,1,56353.0,0,56.9,1,0,0,2,1,4.0,1,0,0
54,1,144692.0,2,39.3,2,2,9,12,0,2.0,0,0,0
42,1,32508.0,2,42.1,3,2,5,12,0,5.0,0,1,0
59,0,34451.0,0,21.3,1,0,0,3,1,4.0,0,0,0
49,1,103090.0,0,53.4,2,0,2,3,1,4.0,1,0,1
48,1,30000.0,2,24.4,1,1,7,19,0,5.0,0,0,0
50,0,84851.0,2,35.0,1,1,5,4,0,1.0,1,1,0
25,1,91022.0,0,53.3,3,2,0,1,1,2.0,1,1,0
51,1,62266.0,0,15.0,2,3,2,0,1,2.0,1,0,0
50,1,111539.0,2,76.1,2,2,13,6,0,1.0,0,1,0
48,2,30000.0,2,5.0,2,1,8,10,1,5.0,1,0,0
43,1,77433.0,1,5.0,1,2,3,5,1,3.0,0,0,0
57,1,89831.0,2,11.0,4,1,14,14,0,1.0,1,0,0
56,0,90936.0,2,60.2,2,1,11,18,0,5.0,0,0,0
35,0,98359.0,2,44.7,4,2,6,19,1,5.0,0,0,0
37,1,108831.0,2,32.8,2,1,6,18,0,2.0,1,0,0
47,0,112447.0,0,7.7,2,1,0,1,1,2.0,1,1,0
41,0,67379.0,0,10.6,2,2,2,0,1,1.0,0,0,0
60,0,66190.0,2,9.2,3,1,3,14,1,4.0,1,0,1
61,2,85104.0,2,20.0,1,2,5,14,0,4.0,1,0,1
38,0,86437.0,1,23.9,1,3,5,9,1,2.0,0,0,0
51,0,124570.0,2,26.0,1,2,8,5,0,1.0,1,0,0
32,1,51005.0,0,34.9,2,2,0,0,1,3.0,1,0,0
45,1,76537.0,1,25.7,2,1,3,6,0,4.0,0,0,0
46,0,75277.0,2,40.7,3,1,12,9,0,1.0,0,1,0
69,1,86822.0,0,35.7,2,0,1,2,1,1.0,0,0,0
38,0,139919.0,0,29.8,1,2,1,1,1,1.0,0,0,0
33,1,49491.0,1,49.3,2,2,4,2,1,4.0,0,0,0
55,1,97805.0,1,43.6,2,1,0,6,1,3.0,0,0,0
59,0,116998.0,1,36.8,3,1,3,3,1,2.0,1,0,1
29,0,116796.0,1,68.1,2,1,0,2,1,1.0,1,0,0
62,0,86092.0,2,36.9,2,2,14,8,0,5.0,0,0,0
40,1,61385.0,2,36.5,1,2,3,10,0,2.0,0,1,0
67,0,30000.0,1,11.4,1,1,3,5,1,1.0,1,0,0
43,0,85464.0,1,79.8,1,2,3,2,0,1.0,0,1,0
36,1,99209.0,0,14.6,1,1,0,3,1,5.0,1,0,0
56,1,51331.0,2,75.7,2,2,4,6,0,1.0,0,1,0
27,0,95524.0,2,24.2,2,1,8,17,1,5.0,1,0,0
38,1,100063.0,2,50.2,1,2,10,9,0,1.0,0,1,0
46,1,90753.0,2,57.9,2,0,3,17,0,1.0,0,0,0
27,1,62794.0,2,30.4,2,2,4,17,0,5.0,1,0,0
41,0,130037.0,1,20.6,2,0,0,9,0,5.0,0,0,0
68,1,30000.0,2,61.1,3,1,13,5,1,5.0,0,0,0
62,1,112848.0,1,25.5,2,2,4,5,1,1.0,0,0,0
37,1,84887.0,2,11.0,1,1,9,6,0,5.0,0,0,0
56,0,51804.0,2,29.4,2,3,6,6,0,1.0,0,0,0
31,1,94124.0,2,62.6,2,1,13,16,1,5.0,1,0,1
26,1,42798.0,1,35.1,2,0,1,6,1,4.0,1,0,1
62,1,84301.0,2,90.1,1,1,11,14,1,2.0,1,0,0
67,0,31568.0,0,24.5,3,1,0,2,1,2.0,1,1,0
59,1,114515.0,1,82.0,2,1,5,6,1,3.0,0,0,0
41,0,30000.0,1,50.8,2,2,7,1,1,2.0,0,0,0
60,1,49837.0,2,31.6,2,2,10,13,0,1.0,1,1,0
46,0,97373.0,0,67.7,1,1,1,3,1,2.0,1,0,0
58,1,76802.0,1,53.0,2,1,4,3,0,3.0,1,0,0
28,0,96198.0,1,25.8,4,2,1,7,1,4.0,1,0,0
48,1,61888.0,0,5.0,1,1,0,3,0,1.0,1,1,0
69,0,30000.0,2,12.2,1,2,10,8,1,2.0,0,0,0
61,1,93552.0,1,58.9,1,0,0,3,1,2.0,1,0,1
68,1,122282.0,1,23.2,2,2,1,8,0,3.0,0,1,0
49,2,101268.0,0,51.2,2,1,1,2,1,5.0,0,0,0
52,0,99851.0,2,78.8,1,3,14,19,1,5.0,0,0,0
43,1,105722.0,0,47.9,1,2,0,0,1,2.0,1,0,0
51,1,59190.0,2,15.5,1,3,12,18,0,3.0,1,0,0
36,0,64989.0,1,37.3,3,2,1,7,1,4.0,1,0,0
63,1,168218.0,1,15.2,1,3,3,9,1,5.0,1,0,1
37,2,87328.0,1,5.0,1,2,5,2,1,2.0,0,0,0
31,1,61701.0,2,38.9,1,0,2,14,1,3.0,0,0,0
25,1,110227.0,0,31.6,1,1,2,2,1,2.0,1,0,0
40,1,103466.0,1,47.5,2,3,7,4,1,5.0,1,0,1
43,2,107561.0,1,26.2,2,2,1,3,1,1.0,1,0,0
31,1,123547.0,2,27.7,4,1,5,10,0,5.0,0,0,0
54,0,53506.0,2,9.4,2,2,7,18,1,3.0,0,0,0
36,0,53951.0,1,9.1,2,2,1,1,1,1.0,1,0,0
49,1,103006.0,2,37.1,2,2,3,15,1,5.0,1,0,1
67,1,66642.0,1,48.3,2,2,5,9,0,3.0,1,1,1
62,1,67075.0,1,55.8,2,0,6,2,1,4.0,1,0,0
38,0,98364.0,2,11.3,1,1,6,11,0,1.0,1,0,0
30,1,36796.0,1,10.5,1,2,1,4,1,4.0,1,0,0
69,1,53387.0,2,31.9,2,2,4,16,1,4.0,0,0,0
67,0,30000.0,2,59.4,3,0,8,14,0,2.0,0,0,0
25,0,78339.0,0,23.3,2,3,2,0,1,3.0,1,0,0
45,1,75316.0,2,38.3,1,2,3,16,0,1.0,0,0,0
47,0,84999.0,1,32.9,2,0,1,4,1,2.0,0,0,0
35,1,98797.0,2,45.2,1,2,5,9,0,2.0,0,0,0
43,0,94036.0,2,58.4,2,0,4,9,0,5.0,1,1,0
67,1,76388.0,1,89.7,2,1,6,2,1,1.0,1,0,0
40,0,60093.0,2,28.1,3,3,13,17,0,3.0,1,0,0
26,0,122193.0,2,5.0,4,3,7,7,0,5.0,1,1,0
67,1,115260.0,2,47.4,1,3,4,9,1,4.0,0,0,0
63,1,64202.0,1,39.5,2,1,7,7,1,5.0,0,0,0
54,0,128064.0,2,56.0,1,2,14,3,0,4.0,0,1,0
63,0,30000.0,1,69.4,1,0,3,9,1,5.0,1,0,0
44,1,38909.0,1,60.6,3,0,2,2,1,2.0,0,0,0
59,0,40402.0,2,55.3,1,1,8,17,0,4.0,0,0,0
34,1,70886.0,2,80.4,1,2,14,16,0,1.0,0,0,0
50,0,125998.0,1,24.7,2,0,1,9,1,2.0,1,0,0
45,1,62391.0,1,35.9,2,2,4,7,1,3.0,0,0,0
48,1,30000.0,2,43.0,2,1,3,14,0,1.0,1,1,0
37,1,86435.0,1,42.6,3,1,5,9,1,3.0,1,0,0
40,0,78525.0,0,58.9,2,1,0,1,1,1.0,0,0,0
51,1,46357.0,1,14.6,2,0,6,9,1,3.0,1,0,0
61,0,48080.0,1,8.6,1,2,3,8,1,4.0,1,0,1
46,0,91328.0,2,76.8,2,1,14,7,0,1.0,1,1,0
62,1,100453.0,2,50.1,3,2,14,15,1,4.0,0,0,0
63,1,68719.0,2,80.7,3,1,14,9,0,4.0,1,1,0
42,1,120573.0,0,40.1,2,2,1,2,1,3.0,1,1,0
53,1,79644.0,2,40.95,2,3,9,14,0,3.0,0,0,0
30,0,144772.0,2,22.6,1,0,5,18,0,1.0,1,0,0
37,1,44686.0,1,12.8,3,2,5,1,1,3.0,1,0,1
38,0,54878.0,2,45.1,2,2,8,17,0,2.0,1,0,0
25,0,86503.0,2,22.4,1,1,3,11,0,2.0,0,1,0
62,0,69975.0,2,60.2,1,0,14,16,0,2.0,1,0,1
26,1,84308.0,0,45.2,1,1,2,0,1,5.0,1,0,0
68,1,99080.0,0,91.7,2,2,2,2,1,5.0,1,0,0
33,1,76381.0,1,55.6,1,0,7,4,1,4.0,1,0,0
64,1,90337.0,2,56.4,2,2,2,14,1,3.0,1,0,0
54,1,139549.0,1,32.3,2,2,2,1,0,1.0,0,2,0
68,1,30000.0,2,19.0,3,1,13,15,0,4.0,0,0,0
29,1,114739.0,1,20.5,1,3,4,4,1,1.0,0,0,0
30,1,75061.0,2,37.3,1,3,7,3,0,2.0,0,1,0
32,1,129137.0,2,66.1,4,1,7,11,1,1.0,0,0,0
34,0,82189.0,2,53.0,1,1,8,19,0,4.0,0,0,0
49,1,87761.0,2,41.3,2,1,4,19,1,5.0,0,0,0
55,1,131282.0,1,5.4,1,2,1,6,1,4.0,0,0,0
62,1,125106.0,1,68.8,1,0,0,2,1,3.0,1,0,0
40,0,157700.0,1,24.6,2,1,1,4,1,1.0,1,0,0
52,0,84758.0,2,5.0,1,2,2,13,0,2.0,0,0,0
39,0,128197.0,1,63.8,2,3,0,4,1,3.0,1,0,0
33,1,129990.0,1,30.6,1,3,0,1,1,3.0,0,0,0
42,0,130382.0,2,5.0,1,3,2,10,0,5.0,1,0,0
50,1,82511.0,2,67.3,2,0,2,8,0,2.0,1,1,0
40,1,93355.0,2,29.9,2,1,4,8,0,2.0,1,0,0
40,1,116139.0,2,37.2,1,2,6,16,0,3.0,0,0,0
67,1,88628.0,2,45.4,1,2,13,5,0,3.0,1,1,0
31,1,63907.0,2,61.5,3,1,2,6,1,5.0,1,0,1
37,0,75631.0,2,8.0,1,2,3,14,1,5.0,1,0,0
53,0,95280.0,1,27.5,1,1,0,6,1,5.0,1,0,1
48,1,70319.0,2,56.1,2,2,2,3,0,4.0,0,1,0
37,1,75105.0,2,40.45,1,3,10,8,0,5.0,0,0,0
33,1,134936.0,0,15.6,2,1,0,0,1,1.0,1,0,0
35,1,44987.0,2,16.7,1,0,13,16,1,3.0,1,0,0
66,1,109530.0,2,51.0,2,1,6,19,0,3.0,1,0,0
66,1,103799.0,1,25.9,1,2,5,2,1,2.0,1,0,0
58,1,44307.0,1,30.7,1,2,7,7,1,3.0,1,0,0
27,0,118709.0,2,24.3,4,1,10,3,0,3.0,0,1,0
56,0,51375.0,2,15.4,2,3,14,3,0,4.0,0,0,0
57,0,117510.0,1,52.8,2,2,7,8,0,1.0,1,1,0
26,0,63110.0,2,58.3,1,3,9,8,0,3.0,1,1,0
36,1,89972.0,0,55.9,2,2,0,0,1,4.0,0,0,0
44,0,104663.0,0,41.2,1,1,0,2,0,2.0,1,2,0
35,1,87338.0,1,11.3,2,1,1,8,1,4.0,0,1,0
66,0,79846.0,1,20.0,1,1,5,2,1,2.0,0,0,0
32,0,79723.0,0,35.2,2,1,0,1,1,1.0,1,0,0
52,0,155281.0,2,60.7,1,0,8,5,1,1.0,1,0,0
54,1,85689.0,1,42.6,1,1,0,8,1,5.0,1,0,0
41,0,126131.0,0,102.8,1,0,0,3,1,1.0,0,0,0
58,1,106747.0,2,24.9,1,0,2,10,0,1.0,1,0,0
31,1,71714.0,0,8.0,3,1,1,0,1,5.0,1,0,1
56,1,86629.0,2,38.7,2,2,2,17,1,1.0,0,0,0
38,0,84065.0,2,17.4,1,2,3,13,1,5.0,0,0,0
31,1,87818.0,1,5.0,4,1,0,5,1,4.0,1,0,0
52,1,84642.0,2,5.0,1,0,3,3,0,1.0,1,0,0
57,0,113784.0,2,85.0,1,2,11,5,0,1.0,0,1,0
36,1,78631.0,2,45.4,2,1,3,12,0,1.0,0,1,0
38,1,88603.0,1,70.3,1,1,5,9,0,2.0,1,1,0
55,0,32980.0,2,68.9,2,1,7,18,1,5.0,1,0,1
61,1,108747.0,1,51.9,2,1,3,4,1,2.0,1,0,0
37,0,93726.0,1,12.5,1,1,3,6,0,1.0,1,1,0
66,0,65792.0,2,59.3,1,2,12,8,1,3.0,0,0,0
62,0,70779.0,2,5.0,3,1,7,7,1,1.0,0,0,0
62,2,174000.0,2,37.7,1,0,8,3,0,5.0,0,0,1
31,1,93962.0,1,84.3,1,1,1,8,1,1.0,1,0,0
64,0,73464.0,1,74.2,1,1,5,3,1,2.0,1,0,0
28,1,60411.0,2,28.4,1,1,3,11,0,5.0,0,0,0
43,1,63272.0,2,34.0,3,2,8,13,0,1.0,1,0,0
64,0,111362.0,2,55.1,1,2,11,3,0,3.0,0,1,0
34,0,62966.0,1,29.5,1,2,7,7,1,5.0,0,0,0
37,0,59180.0,2,28.3,3,2,6,3,0,3.0,0,0,0
55,0,128578.0,2,34.1,1,2,6,14,0,3.0,1,0,0
36,1,124399.0,0,41.5,3,2,1,1,1,1.0,1,0,0
56,0,30000.0,2,34.0,2,3,9,14,1,5.0,0,0,0
52,1,30000.0,2,20.7,1,0,5,12,1,1.0,0,0,0
49,1,45177.0,1,28.2,2,2,1,9,1,1.0,1,0,0
35,1,116449.0,2,19.4,1,1,10,9,1,2.0,1,0,0
25,0,109496.0,1,74.1,2,2,2,9,1,5.0,1,0,1
36,1,113154.0,2,80.7,2,1,13,7,0,1.0,0,0,0
61,0,82028.0,2,41.05,1,2,12,18,1,4.0,0,0,0
37,0,73220.0,1,64.3,1,2,2,9,1,4.0,1,0,0
66,0,73965.0,1,61.4,4,2,6,8,0,2.0,1,1,0
25,1,55347.0,2,86.6,1,2,12,7,1,1.0,0,0,0
25,0,92054.0,2,31.1,1,1,13,11,1,2.0,1,0,0
40,1,39436.0,2,53.4,2,1,14,19,0,5.0,0,0,0
41,1,76983.0,1,60.1,3,0,4,9,0,4.0,0,0,1
50,0,174000.0,1,55.8,2,1,2,2,1,2.0,0,0,0
63,1,41534.0,0,17.3,1,2,2,1,1,4.0,1,0,0
40,1,108685.0,1,30.7,3,2,6,4,0,5.0,1,1,0
46,1,74941.0,1,97.0,2,1,0,2,1,2.0,0,0,0
59,0,51365.0,2,41.2,2,2,11,3,1,3.0,0,0,0
55,0,75339.0,2,5.8,2,3,11,10,0,2.0,1,0,0
30,1,107470.0,2,35.7,2,0,4,15,0,3.0,0,1,0
26,0,53099.0,1,31.0,2,0,5,9,1,2.0,0,0,0
54,0,112142.0,2,28.6,1,1,6,11,1,5.0,0,0,0
33,2,37297.0,0,11.8,1,1,0,0,1,2.0,0,0,0
26,1,39473.0,1,79.4,2,2,6,4,1,3.0,1,0,0
67,1,84899.0,0,42.0,3,0,0,0,1,1.0,0,0,0
54,1,72951.0,1,36.3,1,2,1,5,1,1.0,0,0,0
59,1,60375.0,1,49.3,1,1,4,1,1,2.0,0,0,0
56,1,87115.0,1,33.4,2,2,0,7,1,1.0,0,0,0
66,0,84778.0,1,75.0,2,3,2,8,1,4.0,1,0,0
39,0,149076.0,2,40.6,1,2,12,9,0,2.0,0,0,0
49,0,88393.0,0,40.4,1,2,0,2,1,5.0,1,0,1
58,0,110239.0,2,35.9,2,1,2,7,0,1.0,1,1,0
50,1,55365.0,0,24.8,2,2,2,0,1,3.0,1,0,0
48,0,65184.0,2,43.6,3,1,3,5,0,1.0,1,1,0
34,1,33968.0,2,76.5,2,1,14,16,0,2.0,1,0,0
39,1,72441.0,1,46.3,2,0,0,4,1,2.0,1,0,0
49,1,79166.0,2,58.7,4,3,8,17,1,4.0,0,0,0
26,0,72441.0,2,49.1,3,0,4,8,0,2.0,0,0,0
57,0,32480.0,2,64.1,2,2,9,9,0,2.0,1,0,0
60,1,102624.0,2,37.2,3,0,3,13,1,3.0,1,0,0
41,2,96666.0,1,41.1,1,0,6,6,1,5.0,1,0,0
28,1,84926.0,2,5.0,3,2,7,4,0,5.0,1,0,1
46,0,106355.0,2,38.6,1,3,6,13,1,3.0,0,0,0
65,1,70523.0,1,44.1,3,1,7,5,1,4.0,1,0,0
35,0,162643.0,1,34.5,2,2,4,4,1,5.0,0,0,0
43,1,58451.0,2,25.9,2,1,14,6,1,2.0,1,0,0
47,1,89604.0,2,41.9,1,1,4,19,1,1.0,0,0,0
63,0,56131.0,2,8.2,1,2,7,14,0,1.0,0,0,0
57,1,47922.0,0,43.9,2,1,2,3,1,2.0,0,0,0
28,0,30000.0,1,84.3,1,2,7,7,1,1.0,1,0,0
41,1,111873.0,2,22.1,4,1,7,13,0,5.0,0,0,0
42,0,89322.0,0,18.8,1,2,1,0,1,1.0,1,0,0
63,0,123567.0,0,19.1,2,1,2,1,1,3.0,1,0,1
41,1,77397.0,2,70.2,1,2,4,17,0,1.0,1,1,0
32,1,91818.0,1,53.7,1,1,5,9,1,1.0,1,0,0
46,0,104726.0,0,26.3,2,1,1,2,1,5.0,1,0,1
40,1,44355.0,2,5.0,3,2,3,16,0,2.0,1,0,0
33,0,112498.0,2,77.7,3,1,8,3,1,3.0,1,0,0
30,1,60492.0,1,8.6,2,0,5,3,1,1.0,0,0,0
51,0,68765.0,0,56.8,2,1,0,0,1,4.0,0,0,0
52,1,100694.0,2,30.6,1,2,14,19,0,1.0,1,0,0
36,0,43983.0,2,23.5,1,3,8,13,0,4.0,1,0,0
43,1,107442.0,2,59.7,2,2,6,15,0,2.0,1,1,0
26,0,108248.0,1,7.7,2,0,1,3,1,3.0,0,0,0
48,0,53043.0,1,52.4,4,1,2,8,1,4.0,1,0,0
48,0,112759.0,2,29.8,1,0,8,4,0,4.0,1,0,1
41,0,97409.0,1,54.8,3,2,3,8,1,1.0,1,0,0
56,1,96748.0,1,5.0,1,2,4,3,1,4.0,0,0,0
32,1,108703.0,1,79.9,4,1,7,1,1,5.0,1,0,1
25,1,53154.0,2,5.0,1,2,2,18,1,5.0,0,0,0
66,0,57020.0,0,55.8,1,2,2,2,1,3.0,0,0,0
48,1,58228.0,2,5.0,2,2,8,10,0,5.0,1,1,1
25,1,120041.0,2,82.9,1,2,10,17,0,4.0,1,1,0
58,0,50544.0,0,11.7,2,3,0,1,1,1.0,1,0,0
49,1,81040.0,2,25.9,1,3,13,18,0,5.0,1,1,0
62,0,86322.0,1,98.5,2,0,1,4,1,3.0,1,0,1
52,0,59192.0,0,19.1,3,1,2,2,1,4.0,1,0,0
40,1,80181.0,0,74.5,2,1,1,2,1,4.0,1,0,0
66,1,98569.0,0,68.5,3,1,1,0,0,3.0,1,2,0
52,2,45781.0,2,30.2,2,2,5,6,1,2.0,1,0,0
28,0,137965.0,0,59.4,1,2,2,3,1,1.0,0,0,0
40,0,81451.0,2,8.0,1,1,3,17,0,3.0,1,0,0
48,1,50269.0,1,44.9,2,2,2,8,1,1.0,1,0,0
48,1,137424.0,2,71.2,3,1,5,3,0,2.0,1,1,0
60,1,78506.0,1,54.6,1,2,0,8,1,1.0,0,0,0
56,0,30000.0,1,73.4,1,1,0,8,1,1.0,1,0,0
33,1,62922.0,1,50.3,1,1,1,4,0,3.0,1,1,0
56,1,78802.0,2,38.8,1,2,13,10,1,3.0,1,0,0
42,1,105933.0,2,13.6,2,1,8,3,0,3.0,0,0,0
48,0,77334.0,1,43.0,3,1,7,9,1,4.0,1,0,0
29,2,150251.0,1,12.1,1,2,1,5,0,3.0,1,1,1
60,1,89552.0,2,35.4,2,3,2,10,0,2.0,0,1,0
67,0,130271.0,1,26.2,1,2,2,2,1,1.0,0,0,0
37,0,123594.0,2,37.8,2,2,5,11,0,2.0,1,1,0
54,0,88509.0,2,24.2,2,3,2,17,0,5.0,1,1,0
35,0,141074.0,0,10.5,1,2,1,3,1,4.0,1,0,0
61,1,123532.0,2,79.2,2,1,7,5,0,3.0,1,1,0
64,0,143152.0,1,53.6,1,2,6,6,1,5.0,1,0,1
60,1,87649.0,1,55.6,2,1,5,1,1,5.0,0,0,0
58,1,84562.0,1,26.9,1,1,2,1,1,5.0,1,0,1
48,0,136534.0,2,44.0,2,2,11,18,1,3.0,1,0,0
32,1,106533.0,2,81.8,3,2,9,10,1,3.0,1,0,0
50,1,74986.0,2,58.2,1,2,12,19,1,2.0,1,0,0
49,0,116423.0,2,29.9,4,0,12,3,1,3.0,1,0,0
29,1,39350.0,2,31.0,2,1,7,7,0,4.0,0,1,0
37,0,30000.0,0,25.3,2,2,0,0,1,3.0,1,0,0
47,1,30000.0,1,52.8,1,2,4,5,1,4.0,1,0,0
40,0,78216.0,1,16.2,3,1,0,9,1,5.0,1,0,1
49,1,63844.0,2,28.8,2,2,11,13,0,2.0,1,0,0
50,1,84758.0,1,34.5,1,3,7,7,0,5.0,1,0,1
35,1,79559.0,1,64.4,3,1,3,9,1,3.0,1,0,0
35,0,84035.0,2,46.3,2,1,2,7,1,5.0,1,0,1
35,0,36855.0,2,55.4,2,0,14,17,0,1.0,0,1,0
66,0,90161.0,1,26.5,2,2,1,4,1,4.0,1,0,0
39,1,56135.0,2,40.6,1,1,10,15,1,3.0,1,0,0
55,1,136587.0,0,5.0,3,0,1,0,1,4.0,1,0,1
54,1,39123.0,1,50.3,1,0,2,4,1,3.0,0,0,0
27,1,81338.0,0,5.0,1,2,1,2,1,1.0,1,0,0
56,1,125772.0,2,5.0,1,1,3,11,0,2.0,0,0,0
32,0,44353.0,2,28.7,3,0,3,8,1,3.0,1,0,0
58,0,61015.0,1,33.1,4,1,7,1,0,4.0,1,2,0
69,0,75480.0,2,34.3,1,2,10,4,0,3.0,0,0,0
32,1,108704.0,2,11.8,1,3,4,17,0,2.0,1,0,0
28,1,30000.0,2,78.7,1,3,13,19,0,1.0,1,0,0
44,1,41398.0,2,31.8,1,1,12,8,0,2.0,0,1,0
26,1,127991.0,0,78.6,2,2,1,3,1,4.0,0,0,0
30,0,84360.0,2,8.8,1,2,3,9,1,4.0,1,0,1
30,1,83731.0,2,70.9,3,3,10,13,1,3.0,0,0,0
40,1,172085.0,2,30.4,3,2,7,11,1,1.0,1,0,1
46,0,80622.0,2,55.8,2,2,12,3,1,4.0,0,0,0
62,0,119510.0,2,41.6,2,0,3,6,0,2.0,1,1,0
62,0,157070.0,2,57.0,2,1,6,18,0,4.0,0,1,0
62,1,81699.0,1,78.1,4,2,5,6,1,1.0,0,0,0
29,1,30000.0,2,41.3,3,2,14,16,0,1.0,1,0,0
38,1,62451.0,0,44.3,2,2,2,0,1,1.0,0,0,0
48,0,109798.0,1,50.2,2,2,7,8,1,4.0,0,0,0
33,0,65847.0,1,22.2,1,1,4,9,1,4.0,0,0,0
33,0,116714.0,1,47.1,2,2,7,9,0,5.0,1,1,1
42,1,149984.0,2,21.8,2,2,5,5,1,4.0,1,0,1
68,0,108819.0,1,5.0,2,2,2,3,1,5.0,0,0,0
25,1,81445.0,2,34.1,2,2,6,14,0,4.0,1,1,0
48,0,55776.0,1,66.2,2,1,3,9,1,4.0,1,0,1
51,1,63966.0,2,45.8,3,1,11,17,0,5.0,0,0,1
54,1,101978.0,1,30.1,1,1,7,1,0,5.0,1,2,0
48,0,30000.0,1,30.1,2,2,0,6,1,5.0,1,0,0
66,1,99955.0,1,58.4,2,2,3,6,1,3.0,0,0,0
56,1,129705.0,2,42.8,3,1,7,19,0,3.0,0,0,0
55,0,100298.0,2,36.8,3,1,6,4,0,1.0,0,2,0
57,1,41942.0,2,61.1,4,2,13,13,0,2.0,0,1,0
52,0,72376.0,2,23.2,1,2,3,6,0,5.0,0,1,0
38,1,91203.0,0,67.6,2,2,1,1,0,2.0,1,2,0
46,0,107378.0,2,55.8,2,1,8,4,1,5.0,1,0,1
39,2,85806.0,2,32.0,2,1,3,9,0,2.0,1,0,1
65,1,135849.0,0,47.8,2,1,1,1,1,3.0,0,0,0
59,1,75116.0,2,21.0,2,1,7,15,1,2.0,1,0,0
54,1,33425.0,2,45.5,3,0,7,5,1,3.0,1,0,0
41,1,54296.0,2,56.3,2,3,13,16,0,3.0,0,0,0
40,1,103601.0,2,48.9,2,2,14,7,1,5.0,0,0,0
37,0,129834.0,1,66.5,2,2,1,3,1,4.0,1,0,1
54,0,105957.0,0,17.5,2,1,1,1,1,1.0,1,0,0
44,1,44652.0,0,64.4,1,1,0,2,1,5.0,1,0,0
58,1,104601.0,0,20.0,2,1,1,1,1,4.0,1,0,1
27,0,125322.0,2,48.8,3,2,3,11,0,5.0,1,0,1
50,1,131862.0,2,35.6,1,3,11,13,0,4.0,1,0,1
52,0,69457.0,0,5.3,3,0,2,3,1,2.0,0,0,0
26,0,84287.0,0,19.8,2,1,2,1,1,1.0,1,0,0
38,2,74771.0,2,48.0,2,1,14,16,0,3.0,1,0,0
35,2,96523.0,2,83.7,2,2,6,18,0,2.0,0,1,0
39,0,92450.0,1,58.7,2,1,7,9,1,1.0,0,0,0
53,0,109210.0,2,40.4,3,1,3,7,0,5.0,1,1,0
51,1,116976.0,0,63.5,1,1,2,2,1,4.0,1,0,1
33,0,64559.0,2,34.0,1,1,10,5,0,1.0,1,0,0
42,1,74783.0,2,27.3,1,0,5,9,1,1.0,0,0,0
37,1,106005.0,1,50.7,2,2,7,8,1,5.0,1,0,1
44,0,75029.0,2,37.2,2,2,14,14,1,2.0,1,0,0
36,1,30000.0,0,23.7,1,3,0,1,1,2.0,1,0,0
60,2,86171.0,2,8.5,3,2,5,14,1,2.0,0,0,0
60,1,138900.0,1,58.8,2,2,4,1,1,3.0,1,0,1
44,0,85205.0,2,41.1,2,1,11,6,1,1.0,0,0,0
25,1,127211.0,2,65.2,1,1,8,13,0,4.0,1,1,1
49,1,84287.0,0,7.3,2,2,2,1,1,3.0,1,0,1
67,1,134585.0,2,16.6,3,1,7,19,0,5.0,1,0,1
68,0,80934.0,2,74.5,1,1,7,5,0,4.0,0,1,0
48,1,69158.0,1,54.8,1,0,6,4,1,1.0,1,0,0
39,0,121053.0,2,50.0,3,0,10,5,1,4.0,1,0,1
52,0,84123.0,1,15.7,1,1,7,9,1,5.0,1,0,1
69,0,113977.0,2,50.3,1,0,5,14,0,5.0,1,0,1
52,0,50515.0,2,72.5,2,1,13,10,0,1.0,0,1,0
46,0,93963.0,0,5.0,4,2,0,0,1,2.0,1,0,0
68,0,48720.0,1,5.0,2,3,2,1,1,1.0,1,0,0
67,0,55149.0,2,56.3,3,1,2,5,1,2.0,1,0,0
28,0,48833.0,2,38.7,3,2,9,12,0,3.0,1,0,0
35,0,113371.0,2,41.5,1,2,9,19,0,5.0,1,0,1
53,0,103474.0,1,48.2,2,0,5,4,1,2.0,1,0,0
46,0,123549.0,1,43.1,2,2,2,9,1,5.0,1,0,1
37,1,70445.0,0,43.5,3,3,0,1,1,2.0,0,0,0
41,0,41676.0,2,21.3,3,0,6,18,1,2.0,0,0,0
37,1,73462.0,1,48.1,1,3,0,2,1,4.0,0,0,0
47,1,76942.0,1,32.3,3,1,7,4,1,3.0,1,0,0
45,0,63201.0,0,5.0,2,1,2,1,1,4.0,0,0,0
69,1,96381.0,2,86.7,2,2,8,17,1,2.0,0,0,0
55,1,133616.0,2,30.2,2,2,11,15,0,5.0,1,0,1
60,1,122567.0,2,68.6,2,0,7,13,0,5.0,1,1,1
55,1,59069.0,1,34.0,1,1,5,4,0,3.0,1,0,0
60,1,66417.0,1,65.1,1,2,7,8,1,5.0,0,0,0
57,1,163833.0,2,5.7,1,2,13,10,1,3.0,1,0,1
61,1,78134.0,0,33.6,3,1,0,2,1,2.0,1,0,0
42,1,87718.0,1,45.7,1,2,4,3,0,4.0,1,0,1
33,0,88889.0,0,57.5,1,2,2,3,1,1.0,0,0,0
53,1,120861.0,2,37.2,1,0,5,10,0,2.0,0,0,0
36,1,81093.0,1,21.9,1,0,1,6,1,3.0,1,0,0
50,1,66947.0,2,23.3,2,1,13,19,0,4.0,0,0,0
59,0,85456.0,2,74.9,2,0,8,9,1,5.0,1,0,1
65,1,82917.0,1,22.0,1,2,1,6,1,2.0,0,0,0
54,1,52707.0,0,29.1,2,2,2,2,1,2.0,1,0,0
68,1,146974.0,1,55.3,1,1,1,6,0,5.0,0,2,0
54,1,47350.0,2,43.1,1,2,7,11,0,3.0,1,0,0
36,1,91619.0,2,55.5,2,1,4,11,1,5.0,1,0,1
62,0,146468.0,0,47.5,2,2,2,1,1,1.0,0,0,0
59,0,53635.0,2,10.7,2,2,4,3,0,4.0,1,0,0
25,1,85132.0,2,54.2,3,2,12,4,1,3.0,1,0,1
37,0,126394.0,1,27.1,1,2,7,3,1,1.0,0,0,0
28,1,96688.0,2,11.0,1,1,3,19,1,4.0,0,0,0
57,0,30000.0,1,5.0,2,0,7,7,0,2.0,0,1,0
48,0,107839.0,1,46.7,2,0,4,7,1,3.0,1,0,0
30,1,163069.0,2,45.9,1,2,13,12,0,5.0,0,0,0
42,1,90202.0,0,38.3,3,0,1,1,1,3.0,1,0,1
65,1,120332.0,2,49.1,3,1,9,8,0,2.0,1,0,0
65,1,30000.0,2,11.7,2,2,9,4,0,2.0,1,0,0
43,1,132982.0,2,26.8,2,0,6,17,0,4.0,0,0,0
69,0,30000.0,1,13.1,1,2,5,6,1,3.0,1,0,0
29,1,71226.0,0,32.3,2,0,1,0,1,5.0,1,0,0
50,0,58355.0,2,74.7,1,1,11,7,0,3.0,0,1,0
41,1,72454.0,1,22.9,4,2,3,4,1,5.0,1,0,1
44,1,62655.0,1,35.7,1,2,3,8,1,2.0,0,0,0
41,0,90359.0,2,36.4,3,1,4,14,0,3.0,0,1,0
41,0,99897.0,2,41.2,2,0,2,9,0,3.0,0,0,0
59,1,134931.0,1,39.6,2,3,7,4,1,2.0,0,0,0
54,0,99766.0,2,54.6,2,1,12,8,0,2.0,0,1,0
47,1,61661.0,2,74.3,4,1,9,4,0,2.0,1,1,0
68,0,103929.0,0,43.0,1,1,2,2,1,2.0,1,0,1
64,0,75799.0,0,73.8,4,1,0,0,1,2.0,0,0,0
56,1,30741.0,0,17.6,2,0,0,0,1,3.0,1,0,0
45,1,88946.0,1,5.0,1,2,4,7,1,2.0,1,0,0
53,2,143307.0,0,39.0,2,2,0,0,1,4.0,1,0,0
33,0,105810.0,1,54.0,2,0,4,8,1,1.0,1,0,0
37,0,98869.0,2,53.3,2,1,4,17,1,4.0,0,0,0
45,0,42328.0,1,39.2,1,2,4,4,1,2.0,0,0,0
41,1,97548.0,2,52.8,1,2,13,11,0,2.0,0,0,0
66,1,48810.0,2,22.0,1,2,3,13,0,1.0,1,0,0
38,0,64713.0,1,68.4,1,0,6,6,1,3.0,0,0,0
57,1,78077.0,2,30.0,1,1,5,4,1,3.0,0,0,0
48,0,89292.0,0,62.0,2,1,1,1,1,5.0,0,0,0
38,0,73947.0,2,80.0,2,0,3,8,1,3.0,1,0,0
52,1,97949.0,2,59.2,1,1,5,18,1,2.0,0,0,0
44,0,174000.0,1,21.0,2,1,4,9,1,1.0,1,0,0
45,0,67259.0,1,58.7,1,1,6,6,0,2.0,1,1,0
46,1,32265.0,2,66.4,1,3,6,4,0,4.0,0,2,0
57,1,63144.0,0,25.8,2,2,2,0,1,3.0,0,0,0
49,0,30000.0,0,21.5,3,1,1,0,0,1.0,1,1,0
26,0,114836.0,2,33.7,2,2,12,8,0,4.0,1,0,0
60,0,74244.0,2,72.4,3,0,7,5,1,1.0,0,0,0
30,0,98913.0,2,14.8,2,1,5,4,0,1.0,1,0,0
35,1,84258.0,1,34.1,2,2,1,1,1,4.0,0,0,0
51,1,88148.0,0,48.3,2,2,2,2,1,2.0,1,0,0
67,1,62098.0,0,6.5,2,2,0,0,1,4.0,0,0,0
67,0,67797.0,0,61.2,3,2,0,1,1,2.0,1,0,0
37,1,54289.0,1,55.9,1,2,0,2,1,4.0,0,0,0
45,1,78296.0,2,106.0,1,2,13,16,0,3.0,1,1,0
32,1,30000.0,2,52.0,2,2,12,10,1,3.0,1,0,0
54,1,96521.0,1,43.0,1,1,6,1,1,4.0,1,0,1
53,0,85629.0,2,31.6,1,3,6,6,0,3.0,0,1,0
29,2,106592.0,1,57.4,2,2,1,8,1,1.0,1,0,0
48,1,122980.0,0,46.4,2,1,0,2,1,5.0,1,0,1
66,1,95468.0,1,12.7,1,1,1,8,1,4.0,0,0,0
29,1,86712.0,1,36.8,1,1,5,9,1,5.0,0,0,0
66,1,153234.0,2,64.6,2,1,3,15,0,4.0,0,1,0
47,0,86205.0,2,68.7,1,0,14,17,1,4.0,0,0,0
41,1,81631.0,1,63.7,3,3,1,7,0,4.0,1,1,0
36,0,135096.0,1,21.2,3,2,2,2,1,3.0,1,0,1
38,1,77072.0,2,28.8,1,0,12,11,1,2.0,0,0,0
26,0,105612.0,1,16.6,2,1,3,7,1,1.0,0,0,0
48,0,81155.0,2,47.4,2,2,7,11,0,4.0,0,1,0
48,0,73760.0,2,25.0,2,1,14,14,0,1.0,1,0,0
27,0,73399.0,2,52.6,1,0,12,12,1,4.0,1,0,0
52,1,139841.0,2,25.2,1,1,13,6,1,2.0,0,0,0
30,1,153602.0,0,5.0,1,1,1,1,1,1.0,1,0,0
48,1,39315.0,2,34.3,2,1,12,8,0,4.0,1,0,0
50,0,34754.0,2,68.1,3,2,5,10,0,5.0,0,0,0
63,1,140630.0,0,87.3,2,0,2,1,1,2.0,0,0,0
47,0,48131.0,0,25.9,4,2,2,3,1,3.0,0,0,0
69,1,125870.0,2,60.5,1,2,3,3,0,3.0,1,1,0
38,0,53956.0,2,22.8,1,2,8,9,0,2.0,1,0,0
56,0,36400.0,0,78.5,1,3,2,3,1,5.0,1,0,0
38,1,84554.0,2,29.2,3,1,12,13,1,2.0,0,0,0
68,1,96180.0,0,5.0,2,2,2,3,1,1.0,0,0,0
50,1,94279.0,1,5.0,2,1,6,9,1,5.0,1,0,0
62,0,84287.0,2,40.9,2,0,9,15,0,3.0,1,0,1
47,0,114111.0,2,35.1,3,2,11,3,1,3.0,1,0,0
47,1,92162.0,0,29.8,3,3,2,0,1,5.0,1,0,1
57,0,70308.0,2,56.7,2,2,2,19,0,1.0,1,0,0
30,0,109370.0,1,38.0,3,3,4,3,0,3.0,0,1,0
49,1,86877.0,0,30.1,4,2,0,1,1,3.0,0,0,0
52,0,89623.0,2,78.0,3,0,7,17,0,1.0,1,0,0
28,0,51018.0,0,5.0,2,2,2,3,1,3.0,1,0,0
34,1,40648.0,2,53.8,2,1,6,11,0,3.0,1,1,0
29,1,118947.0,2,66.2,2,1,13,8,0,4.0,1,0,1
45,1,30000.0,2,5.3,1,1,11,9,0,1.0,0,0,0
55,1,107239.0,0,55.8,2,1,1,3,1,5.0,1,0,1
34,1,94863.0,2,51.6,2,2,9,6,0,5.0,1,0,0
36,1,60598.0,2,33.3,2,2,2,8,0,2.0,1,0,0
46,0,71727.0,1,33.3,2,1,1,3,0,4.0,1,1,0
55,0,30000.0,2,37.0,3,2,4,14,1,5.0,1,0,0
30,1,92260.0,1,64.0,2,2,3,3,1,3.0,1,0,1
25,0,69005.0,2,5.0,1,0,4,9,1,4.0,0,0,0
42,0,146081.0,1,26.0,1,2,7,9,0,1.0,0,0,0
56,1,65903.0,2,5.0,1,2,11,9,0,1.0,1,0,0
50,1,37755.0,0,21.8,2,2,0,2,1,4.0,0,0,0
31,1,44440.0,2,53.1,1,2,9,6,0,5.0,0,0,0
53,1,31327.0,1,32.9,2,1,3,7,1,3.0,1,0,0
30,1,55717.0,2,34.7,2,1,9,3,1,5.0,1,0,0
56,0,89726.0,2,53.2,2,2,13,10,1,4.0,1,0,1
25,1,44625.0,2,30.5,1,1,8,17,1,2.0,1,0,0
65,0,44598.0,2,5.0,4,2,14,14,0,2.0,1,0,0
58,1,90833.0,1,8.2,2,1,1,9,1,4.0,0,0,0
42,0,83819.0,2,72.7,1,1,12,6,0,4.0,0,1,0
40,1,79249.0,1,39.4,1,1,2,8,0,1.0,1,0,0
29,1,94131.0,0,13.6,1,2,2,2,1,4.0,0,0,0
38,2,67636.0,0,100.4,1,1,2,0,1,3.0,0,2,0
45,0,72483.0,1,36.6,3,2,2,1,1,4.0,0,0,0
35,0,30000.0,1,46.4,1,1,1,9,1,1.0,1,0,0
45,0,85945.0,2,17.2,1,2,9,13,0,1.0,1,0,0
41,1,101795.0,0,23.1,3,2,2,1,0,3.0,0,1,0
68,1,147872.0,1,39.9,3,2,2,2,1,2.0,0,0,0
57,1,30000.0,2,39.3,2,3,6,15,1,1.0,1,0,0
47,0,152932.0,0,53.5,1,2,1,3,1,5.0,1,0,1
66,1,42355.0,2,65.0,1,1,6,4,0,5.0,1,1,0
50,0,39805.0,2,58.2,2,1,6,5,1,4.0,1,0,0
67,1,107819.0,1,37.1,3,2,7,7,1,1.0,1,0,0
49,0,97954.0,1,28.8,1,3,6,8,1,3.0,1,0,1
58,1,30000.0,2,26.8,3,2,11,12,0,3.0,1,1,0
61,0,122823.0,2,41.05,1,1,11,19,1,4.0,1,0,1
43,0,95238.0,2,16.8,2,1,13,15,0,2.0,0,0,0
49,0,30000.0,2,47.4,1,2,3,7,1,4.0,1,0,0
31,1,105710.0,1,5.0,3,1,0,6,1,3.0,0,0,0
43,1,43585.0,1,40.4,1,1,5,5,1,4.0,0,0,0
65,0,132993.0,1,70.2,3,2,4,7,1,2.0,0,0,0
29,1,133977.0,2,42.8,3,2,14,11,1,4.0,0,0,0
54,1,95715.0,1,74.2,3,1,2,8,1,3.0,1,0,1
68,1,52211.0,2,29.3,1,1,9,7,1,3.0,0,0,0
63,0,62849.0,2,5.0,4,1,12,5,0,5.0,1,1,0
58,0,55015.0,2,39.3,1,2,10,3,1,2.0,1,0,0
29,1,85708.0,2,34.8,2,0,11,10,1,5.0,0,0,0
59,1,112512.0,2,74.0,2,2,5,5,0,5.0,1,2,0
54,1,84758.0,0,50.9,1,0,2,1,1,3.0,1,0,1
55,0,51790.0,2,25.4,2,2,13,19,0,1.0,1,0,0
38,1,54847.0,2,50.1,2,2,3,7,0,2.0,1,1,0
49,0,64584.0,2,13.5,1,1,4,15,1,5.0,1,0,1
39,0,56136.0,0,66.0,2,2,1,1,1,1.0,1,0,0
68,1,94014.0,1,19.8,4,2,0,5,1,3.0,1,0,0
42,1,85349.0,1,56.6,2,0,6,2,1,5.0,1,0,1
32,0,51901.0,1,67.3,1,1,2,4,1,3.0,1,0,0
38,1,67919.0,0,76.1,2,0,1,0,1,4.0,0,1,0
49,1,144722.0,1,55.6,2,0,5,6,1,3.0,1,0,1
37,0,51511.0,2,54.2,1,1,14,3,0,3.0,1,1,0
60,1,111786.0,2,20.9,2,2,7,17,0,5.0,0,0,0
33,1,77802.0,2,5.0,2,0,2,13,1,3.0,0,0,0
25,1,44019.0,1,47.1,4,1,5,6,0,2.0,1,1,0
57,0,75153.0,2,58.0,1,2,14,10,0,4.0,1,0,0
28,0,89514.0,2,29.7,2,1,2,19,0,1.0,0,0,0
28,0,33812.0,1,15.8,2,3,4,3,1,5.0,1,0,1
56,1,72066.0,1,6.2,2,2,6,6,1,3.0,0,0,0
31,0,30000.0,1,17.4,4,0,2,4,1,4.0,1,0,1
59,1,90385.0,2,9.7,2,0,4,18,0,3.0,0,0,0
26,1,56962.0,1,41.8,1,1,6,9,1,3.0,1,0,1
33,0,84287.0,1,13.8,2,1,4,9,1,3.0,1,0,1
37,0,44178.0,2,82.4,2,1,14,5,1,4.0,0,0,0
49,1,100584.0,0,20.8,3,0,0,1,1,5.0,1,0,1
62,0,67864.0,0,36.9,2,0,2,3,1,5.0,0,0,0
59,0,112530.0,2,39.0,1,2,4,17,1,1.0,0,0,0
30,1,30000.0,2,27.2,1,0,10,15,0,5.0,0,0,0
43,0,102304.0,1,57.6,2,2,6,7,1,2.0,1,0,0
38,0,36620.0,0,55.7,2,1,1,1,1,2.0,0,0,0
28,1,82187.0,1,42.6,1,1,7,4,1,1.0,0,0,0
41,0,97934.0,2,67.6,1,2,7,9,0,2.0,0,0,0
28,1,129249.0,2,71.6,1,0,4,3,1,1.0,0,0,0
48,1,73624.0,1,74.9,3,2,2,4,1,4.0,1,0,0
47,0,131877.0,0,37.9,1,2,0,1,1,5.0,0,0,0
63,1,54307.0,2,23.8,3,1,14,19,0,4.0,0,0,0
33,1,123514.0,2,45.0,2,2,11,9,1,5.0,0,0,0
56,1,121005.0,1,5.0,1,1,3,4,1,1.0,0,0,0
41,1,99123.0,0,69.3,2,1,1,0,1,3.0,1,0,0
67,1,64714.0,1,26.7,1,1,3,1,1,3.0,1,0,0
27,1,66949.0,1,30.6,1,1,2,5,1,3.0,0,0,0
48,0,72971.0,2,5.0,2,1,14,9,0,2.0,1,0,0
65,1,71650.0,0,5.0,4,2,0,3,1,5.0,1,0,1
30,0,86069.0,1,8.6,1,1,0,7,1,5.0,1,0,1
52,0,58345.0,1,53.0,4,2,2,7,1,3.0,0,0,0
52,0,57487.0,2,43.6,3,1,5,11,1,5.0,1,0,0
66,0,52214.0,2,5.0,1,2,4,4,0,3.0,1,0,0
52,0,70325.0,0,5.0,4,1,2,3,1,1.0,1,0,0
40,1,107052.0,2,63.8,3,1,11,9,1,1.0,1,0,0
32,1,109945.0,2,40.8,2,1,3,18,0,5.0,0,0,0
58,0,38310.0,1,69.2,1,2,5,1,1,1.0,0,0,0
27,0,94645.0,1,79.9,3,1,3,4,1,5.0,1,0,1
58,0,94326.0,1,14.9,1,1,7,6,1,4.0,1,0,1
28,1,45035.0,2,49.2,1,2,12,12,0,2.0,0,0,0
28,0,95649.0,1,33.0,2,1,4,7,1,3.0,1,0,0
31,0,80606.0,2,58.4,1,1,11,5,0,3.0,0,0,0
29,0,67304.0,2,27.3,2,1,8,18,0,1.0,1,0,0
27,1,74099.0,2,35.7,1,2,2,15,1,4.0,0,0,0
30,1,122593.0,2,45.9,1,3,7,19,0,5.0,0,1,0
37,0,77979.0,1,59.7,2,1,0,8,1,3.0,1,0,0
64,0,50430.0,1,37.4,1,3,4,6,1,2.0,1,0,0
67,0,88576.0,2,81.1,4,1,2,19,0,1.0,0,1,0
33,1,49669.0,2,5.0,1,2,6,19,1,4.0,0,0,0
26,1,70456.0,2,86.2,2,1,13,12,0,2.0,0,0,0
45,1,114095.0,2,85.6,1,0,13,9,0,5.0,1,0,1
62,1,44987.0,2,23.5,1,2,10,3,1,5.0,0,0,0
42,0,163142.0,1,44.4,2,1,5,7,1,5.0,1,0,1
66,1,107532.0,2,84.4,3,1,5,4,0,2.0,1,2,0
39,0,62315.0,2,74.9,3,3,13,10,0,1.0,1,0,0
47,0,88142.0,2,5.0,1,1,2,15,0,1.0,0,0,0
59,0,54944.0,2,48.1,3,0,3,4,0,1.0,0,1,0
32,0,58410.0,0,84.0,2,1,1,3,1,3.0,1,0,1
25,1,30000.0,1,80.2,2,1,1,8,1,5.0,1,0,1
31,1,78815.0,0,17.7,1,1,0,3,1,2.0,0,0,0
32,1,36647.0,2,35.5,4,2,13,15,0,3.0,0,0,0
37,1,122078.0,2,8.4,2,1,14,3,0,2.0,1,0,0
53,0,81098.0,0,19.2,2,2,2,0,1,3.0,0,0,0
27,1,64908.0,2,15.5,1,2,9,8,1,1.0,1,0,0
39,0,57528.0,0,57.4,3,1,2,1,1,2.0,1,0,0
27,1,82481.0,2,33.7,1,0,6,7,1,2.0,0,0,0
49,0,96160.0,1,49.0,1,0,5,9,1,3.0,0,0,0
40,0,87998.0,0,26.3,3,1,1,2,1,3.0,1,0,1
69,0,38300.0,2,73.0,1,1,11,16,1,2.0,1,0,0
52,1,76123.0,1,69.7,2,2,6,1,1,2.0,1,0,0
49,0,116167.0,2,46.9,2,1,13,10,0,4.0,0,0,0
60,0,127620.0,1,36.2,2,0,3,9,1,5.0,1,0,1
53,1,56629.0,0,56.1,2,1,1,3,1,4.0,1,0,0
67,0,96291.0,1,43.6,2,1,0,5,1,2.0,1,0,0
65,0,55520.0,2,55.5,2,2,3,12,1,2.0,1,0,0
47,0,150144.0,2,53.9,2,2,4,18,1,5.0,0,0,1
29,1,98984.0,1,21.9,1,2,0,4,0,3.0,1,0,0
69,0,89555.0,1,34.0,1,1,2,7,1,3.0,1,0,0
63,1,92154.0,1,57.9,1,3,2,2,0,1.0,1,1,0
33,0,119876.0,1,19.3,2,1,3,9,1,1.0,0,0,0
44,1,65129.0,2,84.0,2,1,9,14,0,5.0,1,1,0
27,1,133006.0,1,55.8,2,2,0,8,1,5.0,1,0,1
50,0,86057.0,1,34.7,4,1,0,9,1,4.0,1,0,0
56,0,86601.0,1,18.6,1,2,1,9,1,1.0,1,0,1
62,1,97044.0,1,45.7,3,1,4,3,0,2.0,0,1,0
50,1,63987.0,2,39.0,2,1,12,11,0,3.0,0,0,0
48,1,144943.0,1,11.4,2,1,5,7,1,5.0,1,0,1
47,1,160266.0,2,53.2,2,2,6,10,1,3.0,0,0,0
47,0,71748.0,1,66.8,3,1,5,4,1,3.0,0,0,0
41,1,78829.0,2,28.3,2,1,5,10,1,5.0,0,0,0
32,2,113050.0,2,5.0,2,2,9,18,1,5.0,1,0,1
67,1,74131.0,2,65.4,1,2,3,6,1,2.0,1,0,0
32,2,45760.0,0,81.8,1,2,2,3,1,4.0,1,0,0
65,0,80946.0,2,52.6,2,1,3,9,0,1.0,0,0,0
43,1,74989.0,0,31.1,3,1,0,1,1,1.0,0,0,0
56,2,131719.0,0,23.6,2,0,2,2,1,1.0,1,0,0
31,0,107580.0,2,17.3,1,0,3,12,0,4.0,0,0,0
53,1,99826.0,1,45.3,1,2,6,5,0,1.0,1,1,0
39,0,48634.0,0,38.7,1,3,2,3,1,1.0,1,0,0
28,0,129727.0,2,36.3,3,1,9,3,1,4.0,1,0,1
69,1,174000.0,2,5.0,2,3,12,5,0,5.0,0,0,1
29,0,90815.0,2,41.0,2,1,11,3,1,2.0,0,0,0
62,1,131266.0,1,7.3,2,1,2,8,1,2.0,0,0,0
58,1,119613.0,2,39.3,1,2,9,12,1,2.0,0,0,0
39,1,99440.0,1,52.4,1,0,2,3,1,5.0,0,0,0
54,1,129958.0,0,48.4,2,2,1,2,1,4.0,1,0,0
42,0,76970.0,2,44.1,1,2,2,10,0,1.0,1,2,0
43,1,117885.0,2,22.3,1,1,3,12,0,4.0,0,0,0
39,0,140600.0,2,53.5,2,1,4,18,0,4.0,1,1,0
54,1,75667.0,1,65.8,1,2,3,3,1,4.0,1,0,0
53,0,134160.0,2,32.4,2,3,11,18,0,2.0,0,0,0
42,0,118779.0,2,46.9,1,0,10,12,0,3.0,0,0,0
45,1,128751.0,1,28.6,1,2,1,6,1,1.0,0,0,0
51,1,30000.0,1,5.0,1,1,0,5,1,2.0,1,0,0
69,0,112713.0,0,36.1,1,3,2,3,1,2.0,1,0,0
29,0,47784.0,2,10.2,2,0,8,17,0,4.0,0,0,0
63,0,102382.0,2,57.0,2,3,8,19,1,4.0,1,0,1
37,0,158737.0,2,41.2,1,2,2,10,0,5.0,0,0,0
54,1,126555.0,2,38.8,1,2,3,4,1,2.0,0,0,0
45,0,55524.0,0,21.0,1,1,2,2,1,2.0,1,0,0
38,0,109244.0,2,29.2,1,2,8,5,0,4.0,1,1,0
67,0,121391.0,2,55.9,2,0,6,7,1,2.0,1,0,0
48,1,55819.0,1,42.2,1,1,7,2,1,3.0,0,0,0
63,0,84287.0,2,87.7,2,1,5,16,0,1.0,0,1,0
37,0,95899.0,2,44.4,3,2,3,18,0,1.0,1,0,0
41,1,52805.0,1,81.8,1,2,7,6,0,4.0,1,0,0
56,0,88307.0,2,75.7,1,1,5,12,1,4.0,1,0,0
52,1,124395.0,2,77.7,4,2,10,18,0,3.0,1,0,0
51,1,91347.0,1,29.9,1,2,0,6,1,2.0,1,0,1
35,0,95197.0,0,32.4,1,1,1,2,1,1.0,1,0,0
49,0,102462.0,2,5.0,1,2,12,18,1,3.0,0,0,0
61,0,92230.0,2,69.1,2,2,14,5,1,5.0,0,0,0
28,0,121044.0,2,78.2,1,0,8,4,0,1.0,1,2,0
55,1,63471.0,2,32.6,1,0,6,13,0,3.0,0,0,0
31,0,97089.0,2,29.4,3,2,7,18,0,5.0,0,0,0
45,1,103547.0,1,44.0,3,2,7,7,1,5.0,1,0,1
53,1,77337.0,0,5.0,1,1,0,3,1,5.0,1,0,1
31,1,93031.0,1,35.3,2,3,5,4,1,4.0,0,0,0
27,0,83947.0,1,29.7,2,2,0,5,1,5.0,1,0,1
41,1,119109.0,2,42.9,2,1,3,17,1,3.0,1,0,0
44,1,84055.0,2,33.2,3,3,10,6,0,5.0,1,0,0
46,0,83172.0,1,78.7,1,2,3,2,1,2.0,1,0,0
65,1,51344.0,1,23.6,3,0,5,7,0,1.0,0,1,0
29,1,58476.0,2,39.7,1,2,2,7,0,1.0,0,1,0
38,0,99314.0,2,82.7,2,1,10,15,0,5.0,1,1,1
68,0,33996.0,1,47.2,1,1,2,5,1,4.0,0,0,0
43,1,100095.0,1,21.1,1,1,5,9,0,2.0,0,0,0
47,0,30000.0,2,5.0,2,1,3,19,0,2.0,1,0,0
62,0,40287.0,1,32.4,1,1,5,7,1,5.0,0,0,0
63,1,82079.0,0,12.0,3,2,2,3,1,4.0,0,0,0
52,1,103735.0,1,92.3,2,2,3,5,1,3.0,0,0,0
64,0,137505.0,1,5.0,1,0,0,5,1,3.0,0,0,0
37,0,82072.0,1,27.2,1,2,1,8,1,2.0,1,0,0
41,0,143032.0,1,22.9,2,2,3,7,1,2.0,1,0,0
42,0,74693.0,0,46.0,3,1,1,3,1,3.0,1,0,0
60,0,79923.0,0,46.5,1,2,0,2,1,5.0,0,0,0
41,1,104437.0,1,49.3,2,0,2,8,0,1.0,1,0,0
55,1,104309.0,1,77.1,2,1,4,2,1,5.0,1,0,1
27,0,95924.0,0,5.6,2,3,0,3,1,4.0,1,0,0
63,1,84770.0,2,34.0,2,2,5,6,1,5.0,1,0,1
55,0,62434.0,0,50.0,2,0,2,1,1,3.0,1,0,0
46,0,85586.0,2,56.0,1,3,9,3,0,2.0,1,0,0
52,1,165617.0,2,18.0,2,3,10,6,0,5.0,1,0,1
59,0,96643.0,0,20.3,3,2,2,2,1,2.0,1,0,0
36,0,148216.0,2,77.5,3,1,7,19,1,3.0,1,0,0
27,0,118364.0,0,68.1,2,1,0,0,1,5.0,0,1,0
68,1,159939.0,2,28.6,1,2,14,8,1,5.0,1,0,1
43,1,56549.0,2,90.7,1,1,10,11,0,2.0,0,1,0
27,1,128821.0,1,71.9,3,2,0,6,1,3.0,1,0,1
43,0,113905.0,2,15.8,2,1,10,14,0,4.0,0,0,1
48,0,30000.0,1,79.3,2,2,5,2,1,5.0,1,0,0
59,2,111875.0,1,63.0,2,3,7,4,1,3.0,1,0,1
38,1,63508.0,2,33.7,3,1,9,5,0,3.0,1,0,0
50,1,67622.0,1,47.0,1,1,1,4,1,3.0,0,0,0
62,0,76812.0,2,22.5,1,0,8,8,1,2.0,1,0,0
58,1,38836.0,2,41.5,2,0,7,18,0,5.0,1,0,0
40,0,94074.0,2,58.3,2,1,3,11,1,2.0,1,0,0
58,1,96058.0,2,56.4,1,0,13,17,0,4.0,1,0,1
29,0,110968.0,2,30.4,1,1,14,10,1,2.0,1,0,0
41,0,30000.0,1,64.5,1,1,4,9,1,3.0,1,0,0
34,1,30000.0,2,21.6,1,2,9,3,1,3.0,0,0,0
64,1,94810.0,1,5.8,2,2,2,7,1,5.0,1,0,1
31,0,61487.0,1,61.0,1,0,0,1,1,2.0,0,0,0
26,0,96195.0,0,13.1,1,2,0,0,1,4.0,1,0,1
63,0,32897.0,0,41.4,1,1,0,3,1,2.0,1,0,0
46,0,91200.0,2,16.4,1,1,14,11,0,2.0,0,0,0
40,1,69951.0,0,39.5,2,0,1,0,1,2.0,1,0,0
44,0,69806.0,2,41.150000000000006,1,2,6,18,1,3.0,1,0,0
34,0,145275.0,2,13.8,4,1,3,4,0,1.0,0,0,0
57,1,103088.0,2,10.4,4,2,13,18,0,3.0,0,0,0
53,1,30000.0,1,42.4,1,1,5,4,1,2.0,1,0,0
50,1,84758.0,1,74.1,1,2,0,2,1,5.0,1,0,1
40,0,46794.0,1,55.1,3,1,7,3,1,1.0,1,0,0
43,1,84870.0,2,25.0,2,2,14,15,1,3.0,1,0,0
29,1,82258.0,1,39.0,1,2,5,3,1,2.0,0,0,0
36,1,74861.0,1,54.9,1,3,7,6,1,3.0,1,0,0
25,1,30000.0,2,5.0,1,2,10,17,0,3.0,1,0,0
28,0,84394.0,1,19.4,2,1,4,7,1,2.0,0,0,0
50,0,84758.0,2,27.5,1,3,14,16,1,1.0,1,0,0
38,1,104576.0,2,22.3,2,0,7,13,0,3.0,0,1,0
65,1,141293.0,2,63.0,1,1,5,15,0,2.0,0,0,0
34,0,97995.0,2,21.3,1,3,10,16,0,2.0,1,0,0
42,0,88641.0,2,45.0,1,1,14,4,0,4.0,0,0,0
52,0,62608.0,1,29.2,1,1,2,1,0,1.0,0,0,0
40,1,99638.0,2,43.3,1,1,7,17,0,5.0,1,0,1
61,0,80048.0,1,49.0,2,0,1,6,1,1.0,0,0,0
54,0,87208.0,1,57.2,3,0,2,5,1,1.0,0,0,0
48,1,150159.0,1,51.3,3,2,3,8,1,1.0,0,0,0
42,1,101024.0,0,75.3,1,2,0,0,1,4.0,0,0,0
66,0,122099.0,2,55.5,3,1,5,12,1,1.0,1,0,0
48,1,33330.0,1,25.4,2,1,5,9,0,2.0,1,1,0
55,1,45129.0,1,6.6,4,1,0,8,0,2.0,0,0,0
57,1,64441.0,1,47.9,1,2,7,9,1,4.0,1,0,0
36,0,51130.0,0,10.9,1,1,1,1,1,1.0,1,0,0
58,2,61171.0,2,81.4,2,2,4,14,0,4.0,0,1,0
54,1,30000.0,1,49.3,2,2,2,2,1,5.0,0,0,0
41,1,43893.0,1,41.5,2,0,3,5,0,4.0,1,1,0
29,0,121580.0,2,26.7,2,1,14,3,0,2.0,0,0,0
68,0,63719.0,1,49.5,2,1,5,7,1,2.0,0,0,0
44,0,44419.0,0,43.1,1,1,2,2,1,3.0,0,0,0
46,1,158394.0,2,27.4,2,1,14,7,0,5.0,1,0,1
52,0,60848.0,2,43.7,1,2,9,17,0,2.0,0,0,0
38,0,88703.0,0,47.2,2,2,1,3,1,2.0,1,0,0
46,1,74399.0,2,36.4,2,2,12,5,0,5.0,0,0,0
64,0,61819.0,1,37.8,1,2,7,2,1,1.0,1,0,0
65,0,112750.0,1,21.3,2,2,4,8,1,3.0,1,0,0
62,1,54931.0,2,41.2,1,2,7,19,1,2.0,0,0,0
56,0,90968.0,2,5.0,1,1,3,8,0,2.0,1,0,0
68,1,30000.0,2,43.1,2,1,5,19,0,1.0,1,0,0
42,1,128495.0,2,67.3,1,3,10,7,1,4.0,1,0,1
68,1,58857.0,1,28.0,2,1,4,6,1,5.0,1,0,1
52,1,76157.0,0,69.0,2,1,2,2,1,5.0,1,0,1
38,0,96366.0,2,5.0,1,2,5,13,0,2.0,0,0,0
28,1,36345.0,2,24.2,4,1,10,4,0,1.0,1,1,0
60,0,135104.0,1,41.0,1,2,2,9,1,3.0,1,0,1
51,1,41697.0,2,81.1,2,2,12,13,0,5.0,1,0,1
29,0,80546.0,1,56.0,3,3,7,2,0,2.0,0,1,0
68,0,39651.0,1,36.6,4,3,0,9,1,5.0,1,0,0
44,0,86505.0,1,56.5,1,1,1,7,1,4.0,1,0,1
69,1,54989.0,2,27.2,1,2,5,7,1,2.0,1,0,0
42,1,64158.0,2,5.0,3,1,2,3,0,5.0,1,1,0
52,1,30000.0,2,17.0,2,2,12,14,0,4.0,0,0,0
38,1,66808.0,1,36.7,2,2,7,8,1,4.0,0,0,0
59,0,79694.0,2,9.4,1,3,9,14,1,2.0,0,0,0
45,1,71701.0,1,41.6,3,0,2,3,0,5.0,1,0,0
34,1,154146.0,1,74.1,1,2,6,1,0,5.0,0,1,0
69,1,86347.0,1,26.6,3,2,2,8,1,1.0,1,0,0
55,1,116801.0,2,66.9,3,1,10,19,0,3.0,0,0,0
65,1,112406.0,1,34.3,3,2,5,2,1,1.0,0,0,0
49,1,51878.0,2,19.0,1,1,13,18,1,2.0,0,0,0
53,1,55606.0,1,5.0,1,2,7,1,1,1.0,1,0,0
51,0,99223.0,2,5.0,1,2,14,11,0,3.0,1,0,1
51,0,30000.0,2,61.8,2,3,2,5,0,1.0,1,0,0
33,0,110263.0,1,68.9,2,2,7,7,0,4.0,0,1,0
64,1,117126.0,1,59.1,2,2,0,1,1,4.0,0,0,0
48,1,96404.0,0,15.7,2,2,0,3,1,4.0,1,0,1
62,1,117377.0,2,28.5,2,1,11,8,0,3.0,1,0,0
65,0,115685.0,1,47.8,4,1,6,5,1,4.0,1,0,0
35,1,103032.0,0,45.6,1,3,2,2,1,1.0,0,0,0
36,0,84906.0,2,24.5,3,1,6,4,0,5.0,1,0,1
45,0,100929.0,2,44.0,2,0,8,6,0,1.0,1,0,0
48,0,90150.0,1,45.1,1,3,7,3,1,2.0,1,0,0
31,0,102728.0,2,50.8,1,2,8,14,1,4.0,1,0,1
61,1,100662.0,1,32.4,1,2,6,5,0,3.0,1,0,1
64,0,90336.0,2,41.2,1,1,8,5,0,5.0,0,1,0
49,1,44214.0,2,63.8,2,1,10,10,1,2.0,1,0,0
43,1,174000.0,1,37.0,1,0,3,9,0,4.0,1,0,1
62,0,116365.0,1,32.0,1,2,5,8,1,2.0,1,0,0
49,0,97612.0,2,78.5,1,1,5,12,0,4.0,0,0,0
41,0,81417.0,2,37.1,1,2,10,19,1,5.0,1,0,1
49,1,57069.0,1,46.0,3,0,5,3,0,4.0,0,1,0
50,0,40030.0,0,71.7,3,1,0,2,1,1.0,0,0,0
30,0,149950.0,2,23.9,2,2,14,11,0,2.0,1,0,0
28,1,46901.0,2,7.3,2,2,13,17,0,3.0,1,0,0
59,1,84906.0,2,106.0,3,2,4,19,1,2.0,0,0,0
39,0,102893.0,1,27.9,1,2,6,3,0,2.0,0,0,0
55,0,124686.0,1,29.3,2,0,2,1,1,5.0,1,0,1
66,0,79855.0,2,16.9,2,2,7,12,0,3.0,1,0,0
61,0,107936.0,1,53.6,2,2,1,5,1,1.0,0,0,0
41,1,163958.0,2,55.6,2,2,3,4,0,3.0,1,1,0
32,1,106610.0,0,53.3,1,2,0,1,1,2.0,1,0,0
45,0,67284.0,1,62.6,2,2,0,3,1,3.0,0,0,0
52,0,163545.0,2,60.8,2,1,11,13,0,1.0,1,0,0
64,0,100712.0,1,24.4,2,2,2,1,1,1.0,0,0,0
45,0,92136.0,1,79.5,2,1,3,5,1,1.0,0,0,0
44,1,52122.0,2,56.5,2,0,11,18,1,1.0,1,0,0
39,0,70705.0,2,62.0,2,2,6,19,0,3.0,1,0,0
47,0,84979.0,2,5.0,3,1,3,12,1,3.0,1,0,1
58,0,71784.0,2,63.7,4,3,9,14,0,1.0,1,0,0
28,1,71861.0,2,50.9,2,2,5,10,0,5.0,1,1,0
37,1,78405.0,1,50.8,1,3,1,8,1,1.0,1,0,0
34,0,115576.0,2,52.8,1,1,7,12,1,3.0,1,0,1
46,0,136715.0,1,38.4,1,1,2,9,1,3.0,0,0,0
63,2,79964.0,2,32.4,1,2,10,3,1,2.0,1,0,0
32,0,96658.0,2,85.3,1,3,9,16,0,1.0,1,1,0
37,1,30000.0,2,6.3,3,2,11,14,0,2.0,1,0,0
38,0,30000.0,0,62.0,1,2,2,0,1,1.0,1,0,0
27,0,82017.0,2,80.0,3,1,6,17,0,3.0,1,0,0
31,1,58566.0,2,106.0,3,2,2,10,0,2.0,1,2,0
63,0,95718.0,2,46.3,1,2,9,19,0,5.0,1,0,0
49,0,85662.0,0,5.0,2,0,0,1,1,4.0,0,0,0
52,0,104353.0,2,45.5,3,1,2,17,0,2.0,0,0,0
29,1,101001.0,1,84.2,3,0,5,6,1,3.0,0,0,0
67,1,129297.0,2,7.5,3,2,6,16,0,5.0,1,0,1
48,1,124835.0,2,17.7,2,0,10,18,1,2.0,0,0,0
35,1,63190.0,2,27.9,3,2,6,10,1,4.0,1,0,1
66,1,91783.0,2,50.4,1,2,8,19,0,2.0,0,0,0
42,0,91019.0,2,51.9,2,0,9,7,1,1.0,1,0,0
32,1,30000.0,1,68.2,2,2,0,7,1,4.0,0,0,0
49,0,80807.0,2,34.3,1,2,2,17,1,1.0,1,0,0
42,0,77350.0,2,73.9,2,3,14,19,0,5.0,0,0,0
68,1,118904.0,1,20.2,1,1,3,7,1,5.0,0,0,0
50,0,36554.0,2,87.6,1,3,7,5,0,5.0,1,1,0
32,1,93872.0,1,64.8,2,1,5,9,1,1.0,1,0,0
66,1,125038.0,1,72.3,1,2,7,1,1,2.0,0,0,0
41,0,52417.0,1,38.0,2,1,4,4,1,4.0,1,0,0
67,1,91211.0,2,52.1,1,3,14,18,1,2.0,0,0,0
36,1,136057.0,2,39.6,1,2,9,16,1,1.0,0,0,0
50,0,87643.0,2,10.8,3,1,6,11,0,5.0,1,1,1
46,0,60318.0,2,77.2,2,2,10,12,0,5.0,1,0,0
35,1,69765.0,2,106.0,4,0,7,9,1,1.0,1,0,0
31,1,72488.0,2,20.6,4,1,4,7,1,1.0,0,0,0
50,0,92312.0,1,33.9,1,1,5,6,1,1.0,1,0,0
45,0,63694.0,2,65.2,2,3,8,18,1,2.0,1,0,0
50,0,92573.0,2,33.6,1,2,3,12,1,3.0,1,0,1
29,0,99114.0,0,9.3,1,2,2,2,1,1.0,1,0,0
49,0,103348.0,0,65.2,1,1,1,2,1,1.0,0,1,0
64,0,48035.0,1,51.2,1,0,6,3,1,3.0,0,0,0
36,0,92492.0,1,48.9,2,1,6,5,1,2.0,1,0,0
38,0,32642.0,2,53.3,3,1,10,7,0,2.0,0,0,0
62,1,95717.0,2,42.1,1,1,7,8,0,3.0,1,0,1
68,2,165361.0,1,35.3,1,0,6,8,1,3.0,1,0,0
41,0,64411.0,2,61.4,1,1,12,3,0,3.0,1,1,0
43,0,80325.0,1,52.4,2,0,5,9,1,4.0,1,0,0
25,1,74793.0,2,29.0,2,2,8,6,0,3.0,0,1,0
43,1,115141.0,2,5.0,3,1,2,3,0,4.0,0,0,0
36,1,45398.0,2,34.2,4,0,3,6,0,1.0,1,1,0
25,1,64804.0,2,5.0,1,1,8,13,0,3.0,1,0,0
69,1,34258.0,2,50.0,2,2,4,3,0,5.0,1,1,0
41,0,131360.0,0,47.1,2,2,1,3,1,1.0,1,0,0
44,0,159929.0,0,22.2,3,1,0,3,1,3.0,1,0,1
40,1,66265.0,0,5.0,2,1,1,1,1,2.0,0,0,0
45,1,42364.0,1,50.6,2,0,2,5,1,5.0,1,0,0
54,0,52358.0,0,52.8,2,1,2,0,1,3.0,1,0,0
61,0,43560.0,0,61.8,2,2,2,3,0,4.0,1,1,0
44,0,45799.0,0,5.0,2,2,2,2,1,2.0,1,0,0
63,1,111441.0,1,17.9,1,3,2,7,0,4.0,1,1,1
32,0,69968.0,2,32.8,2,1,5,9,0,5.0,0,0,0
59,0,72047.0,2,13.8,1,2,6,17,1,1.0,1,0,0
62,0,98598.0,1,30.8,1,1,3,1,1,3.0,0,0,0
65,0,88365.0,2,11.9,1,1,3,11,0,4.0,0,0,0
29,1,57558.0,2,49.8,2,0,14,5,1,3.0,1,0,0
60,0,108763.0,0,40.8,1,1,2,2,1,4.0,1,0,1
49,0,71057.0,2,8.6,2,2,14,15,0,1.0,0,0,0
50,1,105046.0,1,14.4,1,2,5,6,1,2.0,0,0,0
59,0,114268.0,0,64.2,1,1,0,1,1,4.0,1,0,1
32,1,132969.0,0,50.6,2,0,0,0,1,4.0,1,0,0
25,1,143054.0,2,61.9,1,0,10,10,0,3.0,1,0,0
69,0,87083.0,2,27.8,2,1,11,7,1,5.0,0,0,0
50,1,114010.0,0,56.9,2,0,1,2,1,3.0,1,0,0
39,0,62134.0,2,82.8,1,2,4,5,0,5.0,1,1,0
31,1,103706.0,2,22.3,2,1,8,18,1,4.0,0,0,0
37,1,48026.0,1,22.6,2,2,7,2,0,3.0,0,2,0
43,0,30000.0,1,13.0,1,1,2,2,0,1.0,1,1,0
49,1,101413.0,1,69.9,3,2,7,7,1,1.0,0,0,0
57,1,100740.0,2,7.0,2,1,10,18,1,4.0,0,0,1
54,2,105293.0,1,15.1,1,2,3,4,1,1.0,0,0,0
29,0,73479.0,0,57.8,3,2,0,0,1,5.0,0,0,0
31,1,135625.0,2,31.0,2,2,10,4,1,4.0,1,0,1
67,0,94664.0,2,10.6,1,1,8,8,1,2.0,1,0,0
28,0,94724.0,1,53.9,3,0,2,6,1,5.0,0,0,0
49,1,87808.0,2,58.1,4,0,7,3,0,5.0,1,1,0
60,0,145644.0,2,60.3,1,2,6,4,1,5.0,1,0,1
25,1,80108.0,0,29.4,4,0,0,2,1,3.0,1,0,0
28,0,35771.0,2,61.4,2,0,14,7,0,3.0,0,0,0
54,0,30000.0,0,5.0,1,2,0,0,1,4.0,0,0,0
40,0,112404.0,2,32.2,2,0,13,13,0,3.0,1,0,0
33,1,30000.0,2,59.9,1,2,12,6,1,3.0,0,0,0
29,0,87626.0,2,64.6,3,2,11,13,0,4.0,0,1,0
52,1,104685.0,2,26.3,3,1,5,9,1,3.0,1,0,0
41,1,121791.0,1,51.5,1,1,2,3,1,1.0,1,0,0
44,0,84555.0,2,65.0,4,2,6,15,0,2.0,1,1,0
36,0,59647.0,2,13.1,1,2,9,12,0,5.0,1,0,1
69,0,81952.0,2,59.8,2,1,3,9,0,2.0,1,0,0
31,0,90411.0,0,31.8,1,1,1,2,1,1.0,0,0,0
59,0,51663.0,0,69.7,2,0,0,0,0,3.0,0,2,0
64,1,46945.0,2,5.0,1,1,8,3,0,3.0,1,1,0
32,0,84287.0,1,57.3,2,2,5,8,1,2.0,1,0,0
51,0,48967.0,1,60.4,2,2,0,3,1,1.0,0,0,0
52,0,78879.0,2,75.9,1,0,12,14,1,4.0,1,0,0
50,1,135852.0,2,23.5,1,2,12,4,0,1.0,0,0,0
25,1,82911.0,0,26.3,2,0,2,2,1,2.0,1,0,0
47,0,30000.0,1,48.8,2,2,2,7,1,3.0,1,0,1
64,1,148825.0,2,14.1,2,1,14,6,0,3.0,0,0,0
39,0,67665.0,2,21.3,4,0,9,6,0,3.0,0,0,0
52,1,90740.0,2,50.6,2,0,5,12,1,2.0,0,0,0
35,1,115671.0,0,51.9,2,1,2,3,1,5.0,1,0,1
48,1,125145.0,0,41.0,4,1,1,2,1,1.0,1,0,0
67,1,146613.0,2,38.95,3,1,6,15,0,3.0,1,0,0
51,1,61967.0,2,18.5,3,2,5,9,0,1.0,0,0,0
29,1,92744.0,2,60.3,3,2,12,8,0,3.0,0,0,0
27,1,96715.0,1,74.0,1,2,2,7,0,2.0,1,2,0
68,1,108831.0,2,55.9,3,1,4,13,1,3.0,1,0,0
45,1,63736.0,2,63.2,2,2,13,12,1,4.0,0,0,0
67,0,64557.0,0,26.4,2,1,1,2,1,4.0,1,0,0
55,1,54607.0,0,36.7,2,3,2,0,1,3.0,1,0,1
40,0,96300.0,1,50.5,2,2,1,4,1,2.0,1,0,0
34,1,69691.0,2,47.4,1,1,2,19,0,4.0,0,0,0
39,1,83023.0,0,9.2,4,1,0,0,1,4.0,0,0,0
53,1,127476.0,2,46.5,2,2,13,16,0,5.0,0,0,0
50,1,42736.0,1,59.4,3,2,0,3,1,5.0,1,0,0
59,0,78391.0,2,106.0,2,1,3,5,0,5.0,1,1,1
54,0,106163.0,2,37.1,2,2,2,10,1,5.0,0,0,0
66,0,85052.0,2,24.4,2,1,6,11,0,1.0,0,0,0
46,1,105917.0,1,47.5,2,1,2,5,1,3.0,1,0,1
49,1,75216.0,2,73.0,2,1,11,16,1,5.0,1,0,1
63,0,71065.0,1,59.0,2,0,2,8,1,4.0,0,0,0
27,1,142551.0,2,27.0,1,1,12,10,0,1.0,1,0,1
47,1,70712.0,1,74.4,2,2,1,5,1,5.0,1,0,0
45,0,84287.0,1,27.5,2,2,4,2,1,5.0,1,0,1
50,1,60387.0,2,79.4,1,1,11,10,1,4.0,0,0,0
27,1,109194.0,2,37.2,1,1,12,8,0,4.0,1,0,1
27,1,89018.0,1,97.4,1,1,2,4,1,3.0,0,1,0
56,1,98583.0,2,31.0,1,2,6,15,0,4.0,0,1,0
53,1,91414.0,2,62.7,1,2,7,17,1,5.0,1,0,1
46,1,129909.0,1,50.5,1,2,6,1,1,3.0,1,0,1
60,1,124067.0,0,37.2,2,1,1,1,1,4.0,1,0,1
30,0,128676.0,2,48.0,2,3,8,19,1,3.0,1,0,0
67,0,74766.0,2,37.7,2,2,6,16,0,3.0,1,0,0
43,1,125372.0,2,26.2,2,0,9,9,0,4.0,0,1,0
36,0,89096.0,1,16.6,3,2,5,7,1,2.0,1,0,0
47,0,99586.0,1,5.0,4,1,7,9,1,4.0,1,0,0
66,0,89267.0,2,16.1,2,1,12,12,0,1.0,0,0,0
59,1,30000.0,2,77.0,2,2,8,3,0,2.0,0,1,0
33,0,100710.0,2,13.8,1,1,7,17,0,4.0,0,0,0
34,1,30000.0,2,60.1,2,1,3,17,0,4.0,1,1,0
56,1,106276.0,0,41.2,1,2,0,3,1,4.0,0,0,0
57,0,143025.0,2,5.0,2,2,9,8,0,3.0,1,0,1
65,0,70189.0,2,68.5,2,1,11,13,0,1.0,0,0,0
29,0,115447.0,1,67.8,4,2,1,8,0,3.0,1,1,0
61,1,85833.0,0,62.8,2,2,0,3,1,4.0,1,0,0
59,1,30000.0,0,36.5,1,1,1,2,1,2.0,1,0,0
67,1,115325.0,0,56.5,1,2,1,2,1,5.0,0,0,1
59,1,78840.0,1,5.0,1,1,0,7,1,1.0,0,0,0
67,0,84535.0,1,67.7,1,2,4,8,1,3.0,1,0,0
42,1,143524.0,1,10.1,3,2,0,9,1,5.0,1,0,0
33,0,81264.0,0,62.8,1,2,0,0,1,5.0,1,0,1
61,0,100480.0,1,81.9,2,1,4,5,1,2.0,1,0,1
56,0,160553.0,2,5.0,1,1,4,3,1,3.0,0,0,0
44,1,30000.0,2,77.2,2,1,7,8,0,3.0,1,1,0
38,1,116212.0,1,31.7,1,2,1,4,1,4.0,1,0,1
60,1,57865.0,2,37.2,2,0,6,8,1,5.0,1,0,1
39,0,142385.0,2,25.9,1,1,10,8,1,1.0,1,0,1
31,0,70492.0,2,57.7,2,1,14,8,0,5.0,0,0,0
68,0,107091.0,2,41.6,2,2,12,5,0,2.0,1,1,0
69,0,130680.0,1,49.7,4,1,3,8,1,4.0,1,0,1
49,1,76862.0,1,50.4,1,1,6,1,1,1.0,1,0,0
56,1,105005.0,0,72.3,1,2,2,2,1,1.0,1,0,0
34,0,115005.0,0,96.6,2,2,1,0,0,1.0,0,2,0
56,2,98809.0,2,33.0,3,2,2,13,1,4.0,0,0,0
37,1,124192.0,2,26.9,1,1,4,12,1,3.0,0,0,0
36,0,92180.0,2,23.3,3,1,4,12,1,1.0,0,0,0
50,0,44559.0,2,24.2,1,2,13,13,0,1.0,0,0,0
46,0,38250.0,1,21.0,2,2,3,2,0,2.0,1,0,0
46,1,33790.0,1,46.5,1,2,5,7,1,4.0,1,0,0
38,1,30853.0,2,40.849999999999994,2,1,8,11,1,1.0,1,0,0
29,0,113935.0,1,30.2,3,2,2,6,1,1.0,1,0,0
44,0,84287.0,1,35.4,2,2,5,6,1,1.0,1,0,0
27,1,105955.0,2,71.2,1,2,5,8,0,3.0,1,1,0
31,1,86137.0,1,11.8,2,1,2,3,0,5.0,1,0,1
34,1,86418.0,2,18.6,1,0,8,7,0,4.0,0,1,0
52,0,142796.0,1,42.5,1,1,6,8,1,3.0,0,0,0
60,1,78168.0,0,57.7,3,0,0,0,1,2.0,1,0,0
58,1,41635.0,2,39.3,2,2,14,12,0,4.0,1,0,1
67,0,83086.0,0,76.2,1,1,1,3,0,5.0,0,1,0
58,0,102030.0,2,30.9,3,2,3,9,0,4.0,1,1,0
54,1,107852.0,2,69.6,1,3,3,17,1,2.0,0,0,0
64,1,63194.0,1,32.0,1,3,5,3,1,3.0,1,0,1
25,1,88616.0,2,22.5,3,2,11,9,0,5.0,1,1,0
66,0,61337.0,1,16.1,1,0,0,1,0,4.0,1,1,0
26,0,88726.0,2,64.4,1,0,8,3,1,3.0,1,0,1
42,1,133964.0,0,77.2,2,2,1,1,1,1.0,1,0,0
32,1,166791.0,2,5.0,1,2,13,4,0,2.0,1,0,0
68,0,64488.0,0,91.4,2,2,2,0,1,3.0,1,1,0
26,1,74923.0,1,5.0,1,2,2,6,1,3.0,1,0,1
48,1,84205.0,2,31.3,2,0,5,17,1,5.0,1,0,1
65,1,57948.0,1,11.2,2,1,2,8,1,2.0,1,0,0
41,2,44021.0,2,36.1,1,2,8,11,0,5.0,1,0,0
51,1,110516.0,2,60.9,2,3,9,11,1,3.0,1,0,1
62,1,119658.0,1,47.3,3,2,5,3,0,5.0,1,0,1
59,0,86664.0,2,8.5,1,1,9,16,0,3.0,1,0,1
28,1,55313.0,2,42.6,3,2,13,13,0,2.0,0,0,0
38,2,41432.0,2,29.2,1,3,9,4,0,3.0,1,0,1
45,1,99265.0,2,5.0,4,2,14,4,0,3.0,1,0,0
25,1,69235.0,0,40.4,1,2,2,3,1,5.0,1,0,0
62,0,50983.0,1,32.1,3,1,1,7,0,3.0,0,1,0
54,0,74056.0,2,29.5,3,2,7,15,0,2.0,0,0,0
50,1,84758.0,1,35.6,1,2,6,7,1,4.0,1,0,1
42,1,132822.0,1,59.8,1,1,7,7,1,5.0,0,0,0
47,0,154839.0,2,57.7,1,2,7,7,0,3.0,1,1,0
68,0,97077.0,1,71.8,1,2,0,1,1,1.0,1,1,0
64,1,119928.0,1,48.1,1,2,5,3,0,5.0,0,0,0
56,2,98424.0,2,62.2,2,1,9,12,0,5.0,0,0,1
60,2,79150.0,1,21.3,2,1,1,1,1,4.0,0,0,0
68,1,73311.0,2,76.0,1,2,8,16,0,3.0,1,1,0
44,1,55805.0,2,12.6,2,1,6,7,1,5.0,1,0,1
32,1,141034.0,2,33.5,1,3,3,16,1,5.0,0,0,1
33,1,32791.0,1,24.9,1,0,2,1,0,5.0,1,1,0
36,2,68598.0,2,49.7,2,2,2,9,0,3.0,0,0,0
51,0,89340.0,0,37.25,2,2,0,1,0,5.0,0,1,0
61,1,73536.0,0,30.6,1,2,2,0,1,1.0,1,0,0
27,0,84287.0,0,47.1,2,3,0,3,0,5.0,1,1,1
41,1,105025.0,1,28.0,1,1,3,7,1,5.0,0,0,0
25,1,119512.0,1,27.3,2,1,5,7,1,5.0,1,0,1
33,1,132284.0,2,43.4,1,1,13,8,0,5.0,1,0,1
40,0,86077.0,2,27.5,2,2,8,9,0,3.0,0,0,0
26,1,66522.0,1,57.2,1,3,3,8,1,1.0,1,0,0
26,1,131444.0,1,73.4,3,2,3,5,0,3.0,0,1,0
67,2,116365.0,2,59.5,1,2,10,13,1,1.0,1,0,0
53,0,92776.0,1,32.3,1,2,6,4,1,4.0,1,0,1
51,0,82696.0,2,38.6,2,1,7,12,1,5.0,1,0,1
65,1,50509.0,0,5.0,1,3,1,2,0,1.0,0,0,0
60,1,128128.0,1,62.8,2,2,5,3,1,4.0,1,0,0
46,1,112352.0,0,32.0,3,3,0,0,1,4.0,1,0,1
48,0,74656.0,2,41.2,2,2,6,14,0,1.0,0,0,0
25,1,43012.0,0,84.6,2,2,1,0,1,3.0,1,0,0
45,1,63341.0,2,63.7,1,1,10,8,0,3.0,0,0,0
46,0,63869.0,2,34.3,3,1,8,11,1,1.0,0,0,0
68,0,30000.0,0,54.2,2,1,1,3,1,4.0,0,0,0
62,0,110160.0,1,57.1,1,2,1,8,1,4.0,1,0,0
50,1,85853.0,1,23.6,1,1,2,5,1,3.0,0,0,0
57,1,30000.0,2,45.7,2,2,6,11,1,3.0,1,0,0
27,0,30983.0,1,5.0,2,1,2,8,1,2.0,1,0,0
27,0,30000.0,0,10.0,1,1,2,2,1,3.0,0,0,0
66,1,98477.0,2,53.3,4,2,10,5,0,3.0,1,1,0
27,1,114772.0,1,47.8,1,1,0,5,1,4.0,1,0,1
25,0,60748.0,0,72.9,2,1,0,0,1,1.0,1,0,0
51,1,130693.0,1,63.1,2,2,4,4,0,3.0,0,1,0
51,1,57369.0,2,63.5,1,2,13,3,0,1.0,1,0,0
31,1,147931.0,1,29.4,2,1,0,9,1,5.0,0,0,0
68,1,78569.0,1,43.9,2,1,5,9,0,3.0,0,1,0
63,0,30000.0,1,71.0,2,2,2,9,1,5.0,0,0,0
50,1,84758.0,1,33.5,1,1,7,7,1,5.0,1,0,1
55,0,132225.0,2,25.8,2,1,12,5,0,2.0,0,1,0
45,0,84287.0,2,22.4,2,1,5,7,0,2.0,1,0,0
45,1,116173.0,2,41.7,1,2,11,6,1,2.0,1,0,1
45,0,75499.0,1,34.3,2,0,6,5,0,1.0,1,1,0
34,1,30000.0,1,53.7,3,1,3,9,1,2.0,1,0,0
32,0,127707.0,2,43.8,2,1,5,9,1,5.0,1,0,1
27,1,76289.0,2,46.6,1,3,4,12,0,5.0,1,1,0
64,0,51954.0,2,31.3,2,1,9,5,0,2.0,0,1,0
61,1,52956.0,2,56.1,2,1,12,3,0,2.0,1,2,0
63,1,138567.0,1,65.3,2,2,2,8,1,4.0,0,0,0
42,1,85159.0,1,74.2,2,1,5,1,0,3.0,1,1,0
26,0,41411.0,2,40.1,1,1,12,12,0,4.0,1,0,0
30,1,83810.0,1,45.8,1,1,2,5,1,1.0,0,0,0
32,1,57995.0,2,60.4,2,0,2,6,1,2.0,1,0,0
43,1,30000.0,1,32.7,2,1,4,8,1,4.0,1,0,0
34,1,111775.0,1,55.7,4,2,1,3,1,5.0,0,0,0
54,0,78800.0,2,40.5,2,2,10,11,0,1.0,0,1,0
30,0,54469.0,0,90.4,1,2,2,1,0,4.0,1,2,0
52,1,90977.0,1,36.6,1,3,0,3,1,3.0,1,0,0
61,0,48171.0,1,50.6,3,2,3,6,1,2.0,0,0,0
52,0,99767.0,2,60.8,2,0,4,10,0,5.0,1,0,1
67,0,83859.0,2,9.9,1,1,6,19,0,3.0,1,0,0
39,0,104216.0,1,25.7,2,2,7,3,1,3.0,1,0,0
46,1,61996.0,0,5.0,1,1,2,1,1,1.0,1,0,0
40,1,67817.0,1,32.9,2,2,3,8,1,4.0,0,0,0
58,1,57993.0,2,5.0,3,0,14,4,0,1.0,1,0,0
66,1,73225.0,2,21.0,2,3,9,9,1,3.0,0,0,0
35,0,88155.0,1,55.2,2,2,5,9,1,5.0,0,0,0
57,0,133026.0,1,27.7,1,1,7,5,1,5.0,1,0,1
50,0,54065.0,1,53.1,3,2,0,6,1,4.0,0,0,0
53,0,80728.0,0,31.8,1,0,2,3,1,3.0,0,0,0
34,1,90469.0,1,47.2,2,0,2,3,0,4.0,1,1,1
59,1,74075.0,2,5.0,3,1,6,14,0,5.0,1,0,0
62,0,63813.0,1,8.1,2,1,0,6,0,2.0,0,1,0
32,1,104581.0,2,17.3,1,0,9,4,0,1.0,1,1,0
41,1,77420.0,1,33.6,2,2,5,4,1,5.0,0,0,0
50,0,51824.0,1,19.1,1,1,0,3,1,4.0,1,0,0
43,2,58311.0,1,24.9,3,2,3,6,1,5.0,1,0,1
42,1,69572.0,2,78.0,1,0,3,19,0,3.0,1,0,0
33,0,81515.0,1,52.7,2,1,6,9,1,5.0,1,0,0
65,1,92175.0,1,25.6,1,2,6,6,1,3.0,0,0,0
32,0,79532.0,2,41.9,2,0,11,6,1,1.0,0,0,0
25,1,119596.0,1,5.0,1,2,1,2,1,4.0,0,0,0
50,0,66415.0,1,46.5,1,2,6,5,1,2.0,0,0,0
48,0,92789.0,2,50.7,3,2,10,4,1,3.0,0,0,0
49,0,63386.0,2,59.1,1,2,9,11,0,5.0,1,0,0
43,1,95263.0,1,38.1,2,1,6,9,1,2.0,1,0,0
44,1,57360.0,1,5.0,2,0,0,7,1,5.0,0,0,0
28,1,136888.0,2,49.4,2,1,9,10,0,5.0,1,1,1
32,0,86491.0,2,18.4,1,2,7,6,0,2.0,1,0,0
42,0,48279.0,0,28.3,1,1,0,2,1,1.0,0,0,0
67,1,106142.0,0,66.3,1,0,2,0,1,4.0,1,0,1
55,1,126651.0,1,12.4,2,0,3,5,1,1.0,1,0,0
50,2,108524.0,0,105.2,1,2,0,1,1,5.0,1,0,1
56,0,145814.0,2,5.0,1,2,7,12,0,5.0,1,0,0
33,1,41430.0,2,5.0,1,2,2,10,1,3.0,0,0,0
41,1,68649.0,2,59.4,2,1,4,17,0,1.0,1,0,0
39,1,38604.0,0,39.9,2,1,2,1,1,5.0,0,0,0
48,0,91454.0,2,5.0,1,2,10,12,1,1.0,1,0,0
61,1,35654.0,2,84.6,2,2,3,9,1,5.0,0,0,0
35,1,78851.0,2,66.7,2,2,5,13,0,3.0,1,0,0
31,0,53193.0,2,59.5,2,1,13,17,1,5.0,0,0,0
44,1,99969.0,2,10.9,2,1,3,4,0,2.0,0,1,0
50,0,103158.0,0,22.5,2,2,0,3,1,4.0,0,0,0
39,0,64384.0,1,46.0,4,2,1,7,1,3.0,1,0,0
26,0,73009.0,2,51.0,1,0,2,7,0,3.0,1,2,0
39,0,111941.0,2,43.8,1,1,10,15,1,3.0,1,0,0
64,1,88778.0,1,55.1,2,2,2,7,1,4.0,0,0,0
61,1,73452.0,1,25.1,3,0,4,2,1,4.0,1,0,0
41,1,87561.0,2,5.0,1,2,5,9,1,5.0,1,0,1
58,0,143670.0,2,42.8,2,2,9,18,0,3.0,1,0,0
27,1,99619.0,1,48.2,2,1,5,8,1,3.0,1,0,0
42,1,103550.0,1,47.1,2,2,6,6,1,3.0,1,0,0
48,1,79348.0,2,29.7,2,1,10,11,1,1.0,0,0,0
60,0,49986.0,0,19.5,2,1,1,1,1,3.0,1,0,0
42,0,35294.0,2,40.2,1,1,2,17,1,3.0,1,0,0
50,1,87365.0,1,31.1,2,1,1,8,1,5.0,0,0,0
43,0,108989.0,0,50.1,3,3,1,0,1,1.0,0,0,0
30,1,144795.0,2,5.0,1,1,14,8,1,1.0,1,0,0
46,1,49390.0,1,12.5,1,1,2,4,1,4.0,1,0,0
52,1,113116.0,0,5.0,2,2,2,0,1,5.0,1,0,1
45,1,73151.0,0,92.1,2,2,2,2,1,4.0,0,0,0
55,0,30000.0,2,5.0,1,1,6,9,0,1.0,1,0,0
45,1,96259.0,2,44.0,1,1,14,15,1,1.0,1,0,0
28,1,102946.0,0,44.7,1,2,2,2,1,1.0,1,0,0
66,0,58937.0,2,14.0,2,1,10,16,1,1.0,1,0,0
26,2,89280.0,1,53.1,2,2,1,4,1,4.0,1,0,0
67,1,154369.0,1,58.5,1,1,4,7,1,2.0,1,0,0
64,0,92319.0,2,11.1,1,2,3,17,0,1.0,1,0,0
40,1,138132.0,2,89.6,2,0,13,15,1,3.0,1,0,1
58,0,58127.0,2,40.8,1,1,10,15,1,2.0,1,0,0
31,0,57546.0,2,53.9,2,1,6,17,0,3.0,1,0,0
29,0,30000.0,2,42.8,1,2,11,7,0,3.0,0,0,0
35,2,45031.0,2,37.9,1,1,9,3,0,1.0,0,0,0
32,1,101119.0,1,5.0,2,3,0,9,1,4.0,0,0,0
65,1,61670.0,2,65.5,3,1,13,7,0,1.0,1,0,0
52,1,79415.0,1,28.5,2,3,3,4,1,4.0,1,0,0
31,1,30863.0,0,38.7,2,2,1,0,1,1.0,0,0,0
49,1,78348.0,2,26.7,1,2,7,13,0,5.0,1,0,1
38,0,79245.0,0,73.7,1,1,0,0,1,2.0,0,0,0
40,1,79670.0,2,54.0,2,2,7,10,0,1.0,1,1,0
59,0,39396.0,1,6.9,1,1,2,4,1,5.0,1,0,0
40,0,82945.0,2,65.8,1,1,13,8,0,2.0,1,0,0
28,0,119054.0,1,19.7,1,0,5,2,0,1.0,1,1,0
43,1,84758.0,2,32.8,1,2,3,12,0,4.0,1,0,0
59,0,114057.0,2,22.5,1,2,9,13,0,5.0,1,0,1
57,1,80222.0,2,79.7,1,1,8,11,0,3.0,1,0,0
46,1,85469.0,2,20.8,2,2,13,19,0,4.0,0,0,0
42,0,92830.0,2,9.0,1,1,7,9,0,5.0,0,1,0
68,0,69432.0,0,74.0,1,2,2,2,1,3.0,1,0,0
40,0,92369.0,1,32.2,2,0,2,2,1,1.0,0,0,0
35,1,134829.0,2,60.8,3,2,2,12,1,4.0,0,0,0
48,0,30000.0,2,68.1,2,3,10,4,0,5.0,1,0,0
67,2,81622.0,2,5.0,1,2,4,11,1,5.0,1,0,1
68,0,60520.0,2,67.9,1,3,13,17,0,2.0,1,0,0
32,0,102042.0,1,52.2,1,1,2,7,1,1.0,0,0,0
44,0,133085.0,1,93.0,2,2,4,1,0,5.0,1,2,1
34,2,84758.0,2,85.9,1,1,13,4,1,3.0,0,0,1
27,1,124186.0,2,70.3,1,1,5,9,0,3.0,1,1,0
69,1,134580.0,2,34.6,2,1,11,19,0,2.0,0,1,0
41,0,65478.0,2,87.6,3,1,5,7,0,1.0,0,1,0
58,1,89577.0,2,70.6,1,2,3,5,0,2.0,0,0,0
57,0,30000.0,2,32.7,2,1,11,19,0,3.0,0,0,0
57,1,44513.0,1,53.6,3,1,5,9,0,4.0,0,1,0
47,1,52167.0,2,10.1,4,2,10,6,0,5.0,0,1,0
66,1,96704.0,2,44.6,1,2,3,18,0,2.0,1,0,0
27,0,88489.0,1,5.0,1,3,5,2,0,2.0,1,1,0
40,1,30000.0,2,48.2,2,3,6,16,0,4.0,1,0,0
43,1,81181.0,2,48.9,2,2,5,18,0,3.0,0,0,0
55,1,121819.0,2,12.7,3,3,10,7,0,1.0,0,1,0
53,1,30000.0,0,71.6,2,1,1,1,1,1.0,1,0,0
50,0,139364.0,1,39.6,1,1,5,9,1,5.0,0,0,0
25,0,54743.0,1,5.0,2,1,6,5,1,2.0,1,0,0
45,0,112458.0,2,46.9,1,1,12,11,1,2.0,1,0,0
65,1,30216.0,2,38.8,2,3,10,12,0,3.0,0,0,0
54,1,30000.0,0,50.5,1,2,2,2,1,1.0,1,0,0
47,1,59602.0,1,68.4,1,1,0,2,0,5.0,1,1,0
54,1,66417.0,1,28.7,2,2,4,7,1,1.0,0,0,0
55,1,113525.0,2,29.5,1,2,3,14,0,5.0,0,1,0
46,1,62633.0,0,106.0,2,1,0,0,1,5.0,0,0,0
52,0,119120.0,2,15.1,2,1,3,4,0,1.0,0,0,0
66,0,35867.0,0,28.7,1,3,2,1,1,3.0,0,0,0
26,1,77431.0,0,50.6,3,0,0,3,1,1.0,1,0,0
59,1,100074.0,2,58.4,1,1,14,8,1,1.0,0,0,0
34,0,30000.0,2,5.0,3,2,10,11,1,1.0,1,0,0
66,0,112054.0,1,37.4,1,2,1,1,1,2.0,1,0,0
55,1,36523.0,2,37.1,1,0,11,15,1,5.0,0,0,0
68,0,91213.0,2,39.9,1,2,14,9,1,5.0,1,0,1
60,1,84681.0,2,9.8,4,1,5,15,1,2.0,0,0,0
66,1,109091.0,2,60.9,1,0,13,4,0,2.0,1,0,1
43,1,78357.0,2,5.0,2,2,3,12,1,3.0,1,0,0
29,0,57728.0,2,21.2,2,2,14,6,0,1.0,0,0,0
26,0,109717.0,2,8.0,1,2,5,14,1,1.0,1,0,0
65,0,94999.0,2,35.7,3,1,3,12,1,3.0,1,0,0
34,1,48752.0,2,5.0,4,1,3,5,0,4.0,1,1,0
40,0,84287.0,0,34.7,2,2,2,2,1,1.0,0,0,0
44,0,105426.0,2,14.8,3,1,10,11,0,5.0,0,0,0
48,1,38329.0,0,20.9,2,2,1,0,1,1.0,0,0,0
28,0,84595.0,1,18.1,1,2,5,8,1,3.0,0,0,0
69,0,71635.0,2,54.4,4,2,4,11,1,4.0,1,0,1
37,1,107750.0,2,58.7,2,2,4,19,1,5.0,1,0,1
52,0,30000.0,2,19.9,2,2,2,6,1,4.0,1,0,0
58,0,113362.0,2,56.5,2,2,14,15,0,3.0,0,0,0
39,1,57397.0,2,51.6,3,1,2,15,1,2.0,0,0,0
31,1,88511.0,2,90.4,3,1,8,15,0,2.0,1,0,0
38,0,31599.0,0,5.0,4,0,2,2,1,4.0,0,0,0
31,0,119604.0,2,54.4,3,0,10,7,1,1.0,0,0,0
63,0,115355.0,2,30.3,3,2,4,3,0,5.0,0,1,0
44,1,149892.0,1,13.6,2,1,5,4,1,4.0,1,0,1
67,1,39955.0,1,5.0,1,2,4,7,1,3.0,0,0,0
45,1,107310.0,1,12.0,1,1,0,5,0,1.0,1,1,0
39,1,44875.0,2,20.7,1,0,4,15,0,4.0,1,0,0
46,1,126390.0,2,59.7,2,2,3,11,1,1.0,0,0,0
50,2,30041.0,1,7.4,2,0,7,7,1,1.0,1,0,0
47,0,85473.0,2,43.1,4,3,6,14,0,2.0,0,0,0
49,0,122564.0,2,61.4,1,2,14,5,0,5.0,1,0,1
48,0,30000.0,2,33.9,1,0,10,14,1,1.0,1,0,0
43,0,81323.0,1,57.5,2,2,2,8,1,4.0,0,0,0
34,0,86106.0,2,27.3,1,0,12,19,1,1.0,1,0,0
41,0,67141.0,1,42.0,3,0,5,2,1,4.0,1,0,0
67,1,96642.0,0,82.5,2,2,1,1,1,4.0,1,0,0
27,0,111765.0,2,5.0,1,2,11,3,1,3.0,0,0,0
48,1,118421.0,1,73.7,2,3,0,4,0,2.0,1,2,0
25,0,120127.0,2,58.9,1,1,13,13,0,4.0,1,0,0
30,1,80872.0,2,43.7,2,1,7,4,1,2.0,0,0,0
50,1,35228.0,2,61.0,1,1,2,9,0,5.0,0,1,0
42,1,130646.0,0,50.7,2,2,0,1,1,2.0,1,0,0
50,1,88907.0,2,68.4,2,0,9,12,1,3.0,1,0,0
53,1,124701.0,1,35.2,4,1,4,6,0,5.0,1,1,1
26,0,102515.0,2,50.1,1,0,11,10,1,4.0,1,0,1
69,1,130896.0,0,27.8,4,0,0,2,1,2.0,0,0,0
50,1,65144.0,1,44.9,1,0,1,2,1,5.0,1,0,0
49,0,174000.0,2,63.8,1,2,5,10,0,5.0,1,1,1
62,0,77247.0,2,5.0,2,0,10,7,0,3.0,1,0,0
68,1,79562.0,1,46.1,1,1,7,5,0,3.0,0,1,0
32,1,151125.0,2,5.0,1,1,14,12,0,4.0,0,0,0
65,1,140960.0,1,16.4,2,1,4,4,1,5.0,1,0,1
69,1,142148.0,0,11.0,2,1,1,2,1,1.0,1,0,1
42,0,44902.0,2,35.0,2,2,6,13,1,1.0,1,0,0
64,1,100757.0,2,29.3,2,0,13,6,1,3.0,0,0,0
69,0,115796.0,2,48.7,1,2,12,5,0,5.0,1,1,1
66,1,73678.0,1,10.2,1,3,3,4,0,3.0,0,0,0
25,1,86877.0,1,30.1,4,2,3,4,0,4.0,1,1,0
69,1,55848.0,0,36.0,2,2,2,3,1,4.0,1,0,0
26,1,86474.0,0,12.6,1,1,1,3,1,5.0,1,0,0
69,1,61293.0,2,62.8,1,2,6,17,0,4.0,0,0,0
68,0,96187.0,1,43.0,2,0,5,7,1,3.0,0,0,0
34,1,54759.0,2,15.1,1,0,9,15,1,5.0,1,0,0
45,0,76218.0,2,21.7,1,2,8,8,1,5.0,0,0,0
65,0,91578.0,2,68.6,2,3,7,3,0,5.0,1,1,0
60,1,37423.0,2,14.0,1,3,14,19,0,1.0,1,0,0
26,1,66516.0,1,60.0,1,2,2,8,1,2.0,0,0,0
32,1,53989.0,2,10.2,2,1,9,15,1,4.0,0,0,0
56,1,144619.0,2,41.8,3,3,11,6,0,2.0,0,1,0
66,1,87906.0,1,41.4,1,1,5,3,1,1.0,0,0,0
54,1,67069.0,2,59.6,1,2,12,11,1,1.0,0,0,0
48,0,85317.0,2,21.3,2,2,12,15,1,5.0,1,0,1
43,0,73995.0,2,36.8,4,0,14,19,1,4.0,0,0,0
39,2,71958.0,1,5.0,2,0,0,6,0,4.0,1,0,0
31,0,30000.0,2,42.9,3,1,7,18,0,5.0,1,0,0
32,0,99727.0,1,41.3,1,3,1,9,0,2.0,0,0,0
43,0,30000.0,2,72.6,1,2,7,11,1,1.0,0,0,0
37,0,127716.0,0,72.6,4,2,2,1,1,4.0,0,0,0
67,0,119142.0,1,61.4,1,2,5,6,0,3.0,1,1,0
26,0,117270.0,2,41.5,2,2,5,5,0,1.0,1,0,0
55,1,119666.0,2,70.2,1,2,10,3,1,5.0,1,0,1
55,1,35848.0,1,51.9,2,1,3,9,1,4.0,1,0,0
65,1,70399.0,2,26.5,2,1,12,18,0,1.0,1,0,0
55,0,67838.0,1,69.8,3,2,2,8,1,4.0,0,0,0
28,0,133431.0,0,78.0,1,2,1,2,1,4.0,0,0,0
42,0,88637.0,1,37.5,2,2,3,7,1,4.0,0,0,0
33,0,87302.0,2,55.1,3,3,10,15,0,5.0,1,1,1
54,0,83137.0,2,64.7,1,1,9,4,1,1.0,1,0,0
37,1,58635.0,1,37.7,2,1,1,2,1,5.0,1,0,0
60,1,76847.0,1,62.4,3,3,0,5,0,4.0,1,2,0
65,0,84675.0,2,24.0,1,1,11,17,0,5.0,1,0,1
57,0,63637.0,2,54.7,3,2,2,11,0,3.0,1,1,0
57,1,106421.0,1,45.4,2,2,3,3,1,4.0,0,0,0
61,0,30000.0,1,61.5,2,0,4,4,1,2.0,1,0,0
50,1,58245.0,2,62.7,2,2,5,13,1,5.0,1,0,0
53,0,55322.0,2,57.0,1,2,14,13,0,3.0,1,0,0
44,0,30000.0,0,72.8,2,3,1,1,1,3.0,1,0,0
35,1,67217.0,1,54.5,1,0,2,8,1,2.0,1,0,0
52,1,107254.0,2,49.9,3,1,7,9,0,5.0,1,0,1
59,0,139751.0,1,22.7,2,1,3,1,1,2.0,1,0,0
46,0,89400.0,2,35.4,4,2,12,4,0,4.0,0,0,0
49,1,47675.0,2,61.7,4,3,9,5,0,3.0,1,1,0
59,0,80006.0,1,61.5,2,1,0,5,1,4.0,1,0,1
56,0,57298.0,2,30.3,3,2,4,4,1,2.0,0,0,0
41,1,130657.0,1,34.2,2,0,2,9,1,4.0,1,0,0
55,0,59836.0,2,36.8,2,0,12,19,1,5.0,1,0,1
36,1,30000.0,0,36.9,3,0,0,0,1,4.0,1,0,1
60,1,86095.0,2,5.0,1,1,3,4,0,1.0,0,2,0
52,1,30000.0,1,51.9,2,2,2,9,1,2.0,1,0,0
67,0,57961.0,2,52.1,2,2,13,17,0,4.0,0,1,0
40,1,60918.0,2,11.8,1,1,10,4,1,3.0,1,0,0
29,0,89712.0,1,89.5,2,2,2,1,1,1.0,1,0,0
69,1,104308.0,2,5.0,2,2,11,13,1,5.0,0,0,0
56,1,109935.0,1,57.0,1,1,5,4,1,1.0,1,0,0
58,1,100247.0,2,10.5,2,1,10,7,0,2.0,1,0,0
47,1,72085.0,0,28.9,2,1,0,1,1,3.0,0,0,0
57,0,83816.0,2,5.3,1,2,14,11,0,2.0,1,0,0
28,1,137899.0,0,44.0,1,1,0,0,1,4.0,0,0,0
47,0,171327.0,2,18.5,1,1,5,14,0,2.0,0,0,0
26,0,84906.0,1,5.0,3,2,4,8,0,3.0,0,1,0
48,0,110561.0,1,5.0,2,2,1,4,1,4.0,1,0,0
41,1,98947.0,1,41.2,1,3,5,1,0,1.0,1,1,0
56,1,128022.0,1,47.7,2,2,6,5,1,1.0,0,0,0
68,1,105573.0,0,31.9,1,2,2,0,1,2.0,1,0,0
27,1,103269.0,2,47.9,2,2,3,15,0,5.0,0,1,0
38,0,58811.0,1,52.5,3,2,2,7,0,2.0,1,0,0
57,0,107839.0,0,38.6,3,0,0,1,1,5.0,0,0,0
64,0,57726.0,2,22.1,2,2,8,5,1,4.0,1,0,1
29,0,115757.0,2,18.1,2,2,12,16,0,1.0,1,0,0
57,1,123083.0,0,46.3,1,1,2,0,0,4.0,0,1,0
29,1,71706.0,2,66.5,1,3,7,8,1,3.0,1,0,0
43,0,56676.0,2,15.4,2,1,8,9,0,1.0,1,0,0
40,1,174000.0,1,6.0,1,0,6,2,1,3.0,1,0,0
66,1,100936.0,2,49.8,1,1,10,13,0,4.0,0,1,0
65,1,55969.0,1,89.2,1,1,6,1,1,1.0,1,0,0
55,1,50359.0,2,5.0,2,1,8,6,0,1.0,1,0,0
68,0,36165.0,1,5.0,2,2,2,7,1,4.0,1,0,0
27,1,102898.0,2,23.8,1,0,6,19,1,3.0,1,0,1
35,1,108971.0,2,15.6,1,2,5,7,0,1.0,0,0,0
25,1,61652.0,2,40.6,3,2,12,18,1,1.0,1,0,0
30,0,59115.0,1,8.3,2,1,0,3,1,1.0,1,0,0
68,0,95883.0,2,55.2,1,3,3,10,0,5.0,1,1,0
36,1,74119.0,1,20.9,2,0,3,8,1,4.0,1,0,0
60,1,112962.0,1,59.8,1,2,6,1,1,5.0,0,0,0
62,1,67119.0,1,5.0,1,3,3,7,1,1.0,1,0,0
49,0,117536.0,2,53.1,2,1,10,10,1,1.0,0,0,0
41,1,48179.0,2,6.7,2,1,11,16,1,2.0,1,0,0
32,0,125752.0,2,27.4,3,2,10,9,0,3.0,1,0,0
51,0,95481.0,1,42.4,2,2,7,1,1,5.0,0,0,0
63,1,139887.0,2,39.1,2,3,3,10,1,4.0,0,0,0
42,0,55560.0,2,41.8,2,0,2,7,0,3.0,0,1,0
37,1,103296.0,2,29.2,1,2,10,5,0,4.0,0,0,0
49,1,107280.0,0,60.2,1,2,2,1,1,2.0,1,0,0
69,1,134436.0,1,6.2,2,1,7,3,1,1.0,0,0,0
51,1,102472.0,2,22.8,3,1,5,11,1,3.0,0,0,0
50,0,73938.0,1,15.7,2,2,7,7,1,1.0,0,0,0
31,1,89504.0,1,23.7,2,1,2,8,1,5.0,1,0,1
57,1,30000.0,2,29.1,3,3,14,9,0,3.0,1,0,0
27,1,35361.0,1,5.0,2,1,6,9,1,3.0,0,0,0
35,1,30000.0,2,53.3,2,1,13,12,1,4.0,1,0,0
41,0,54739.0,1,17.9,2,2,4,6,1,5.0,1,0,0
48,0,39944.0,0,69.6,1,2,2,1,1,2.0,1,0,0
64,1,49797.0,1,29.7,3,2,4,7,1,1.0,0,0,0
57,1,87278.0,2,41.6,1,1,8,5,1,5.0,1,0,1
53,0,30000.0,0,38.5,1,2,2,1,1,1.0,0,0,0
41,1,124673.0,1,94.3,3,1,2,6,1,4.0,0,0,0
46,1,68001.0,1,48.5,2,2,2,5,1,3.0,0,0,0
49,1,117949.0,2,5.0,1,1,5,7,1,1.0,0,0,0
36,1,103843.0,1,78.8,1,0,7,1,0,5.0,0,1,0
26,0,86504.0,1,22.3,2,1,5,2,1,3.0,0,0,0
36,1,55586.0,1,59.4,4,0,1,5,0,4.0,0,2,0
53,1,106470.0,2,105.2,1,1,3,11,1,5.0,0,0,0
34,1,91560.0,1,19.9,2,2,4,9,1,4.0,0,0,0
35,0,111210.0,1,77.7,1,2,5,8,1,4.0,0,1,0
60,0,100931.0,2,37.0,1,1,5,13,0,1.0,0,0,0
29,1,100720.0,1,51.5,2,1,0,3,1,4.0,1,0,1
56,0,101672.0,1,60.1,2,0,5,8,1,1.0,1,0,0
66,1,109508.0,2,39.9,1,0,11,12,1,3.0,1,0,1
46,0,100273.0,2,38.9,1,1,4,4,0,2.0,0,1,0
34,0,105068.0,2,54.0,1,0,10,16,0,5.0,1,1,0
33,1,86661.0,2,60.6,2,3,12,3,0,2.0,1,1,0
53,1,103143.0,1,30.4,2,2,3,1,1,2.0,0,0,0
64,0,74903.0,1,44.4,2,1,7,9,1,1.0,1,0,0
32,1,64824.0,1,41.3,2,1,4,6,1,4.0,0,0,0
43,1,39736.0,2,5.0,4,1,6,16,0,2.0,0,0,0
38,1,66363.0,1,28.5,1,1,2,4,0,5.0,0,0,0
50,0,55791.0,2,17.2,3,2,6,3,0,4.0,0,0,0
45,1,78765.0,2,24.8,1,1,9,7,0,4.0,1,0,1
69,1,92902.0,1,10.5,3,2,1,5,1,1.0,1,0,0
64,0,88871.0,2,96.6,4,2,5,4,1,1.0,1,0,0
35,1,42379.0,1,54.4,3,2,0,3,1,3.0,1,0,0
66,0,67695.0,2,39.3,2,3,4,13,0,4.0,1,1,0
29,0,59811.0,0,22.4,3,0,1,2,1,5.0,1,0,1
69,0,80631.0,2,6.1,1,0,9,15,1,4.0,1,0,0
59,0,83615.0,0,26.9,3,1,0,3,1,3.0,1,0,1
48,0,116304.0,2,36.8,1,1,13,8,1,5.0,1,0,0
35,1,98171.0,1,22.3,1,1,6,9,1,3.0,1,0,1
59,0,30000.0,0,5.0,3,1,1,1,1,5.0,1,0,1
41,1,91762.0,2,37.0,1,2,6,11,1,4.0,1,0,0
26,1,97471.0,1,81.6,2,1,1,7,1,5.0,1,0,1
57,0,86928.0,2,34.6,2,1,7,12,0,4.0,0,0,0
66,0,117232.0,0,47.2,2,0,0,1,1,5.0,1,0,0
45,1,120639.0,1,47.5,1,1,1,8,0,2.0,0,1,0
37,0,109170.0,2,51.8,2,3,11,9,0,4.0,1,0,1
31,0,67997.0,2,18.9,3,2,13,8,0,2.0,1,0,0
37,1,67332.0,1,101.5,1,2,2,4,1,4.0,0,0,0
58,1,64557.0,0,5.0,2,1,1,3,1,2.0,0,0,0
58,2,98644.0,2,37.6,3,0,7,17,1,1.0,1,0,0
59,2,143716.0,2,40.1,1,0,5,19,0,5.0,1,0,1
58,1,106608.0,1,20.8,2,1,4,6,1,3.0,1,0,0
35,0,84287.0,2,78.8,2,2,4,18,0,2.0,1,1,0
52,0,70842.0,1,53.1,1,2,5,4,0,2.0,1,1,0
47,1,78211.0,1,51.6,1,0,3,4,0,2.0,1,1,0
43,1,97203.0,2,61.6,1,0,14,15,0,4.0,1,0,1
43,1,120459.0,1,38.2,1,2,0,2,1,1.0,0,1,0
66,2,90190.0,2,47.1,2,2,3,8,0,1.0,0,0,0
61,1,96677.0,2,5.0,2,2,8,13,0,2.0,0,0,0
34,1,125089.0,0,76.1,2,2,2,2,0,1.0,1,1,0
43,1,43461.0,1,36.7,2,2,6,8,0,4.0,1,1,0
35,0,138199.0,2,30.1,2,0,12,8,1,1.0,0,0,0
50,0,62378.0,2,5.0,1,1,11,4,1,4.0,1,0,1
54,0,30000.0,1,39.2,1,1,7,6,1,2.0,1,0,0
60,1,80199.0,0,12.6,1,2,2,0,1,2.0,1,0,0
26,0,127807.0,2,53.9,2,0,2,9,0,3.0,1,1,0
55,1,122674.0,1,16.7,2,2,5,5,1,4.0,1,0,1
58,1,30000.0,0,17.9,1,3,2,3,1,2.0,1,0,0
30,1,108009.0,1,36.8,2,1,1,1,1,4.0,0,0,0
37,1,129379.0,2,58.6,2,2,9,6,0,2.0,1,0,1
67,1,74737.0,1,27.7,1,2,6,3,1,5.0,0,0,0
49,1,64171.0,1,24.5,2,2,4,2,1,1.0,1,0,0
41,0,72406.0,1,27.0,2,1,2,8,1,1.0,1,0,0
26,0,76075.0,2,6.7,2,2,10,7,0,4.0,0,1,0
29,1,64683.0,1,67.2,3,2,2,4,0,5.0,0,1,0
53,1,103414.0,1,20.8,2,1,7,5,1,5.0,0,0,0
64,1,90134.0,2,68.9,3,1,7,6,0,3.0,1,1,0
52,1,37262.0,2,77.0,2,1,10,4,1,2.0,0,0,0
40,1,94036.0,2,33.9,1,1,12,3,1,2.0,1,0,0
61,0,152835.0,1,57.3,1,1,1,5,0,1.0,0,1,0
49,0,53108.0,2,5.0,2,1,5,3,0,4.0,0,0,0
51,1,31801.0,1,48.9,2,3,3,2,1,2.0,1,0,0
53,0,38396.0,0,36.5,3,1,0,1,0,1.0,0,1,0
66,1,104158.0,2,7.2,1,2,4,10,0,3.0,1,1,0
65,1,53038.0,1,6.5,1,1,3,6,1,1.0,0,0,0
57,1,139488.0,2,34.4,3,2,12,18,0,5.0,0,0,1
29,1,59296.0,2,9.0,2,3,4,9,0,3.0,1,0,0
29,1,75255.0,1,25.0,2,0,0,6,0,4.0,1,1,0
31,0,62806.0,2,73.9,1,2,10,16,1,4.0,1,0,0
46,1,41648.0,2,62.7,2,1,6,5,1,4.0,0,0,0
48,1,30000.0,2,46.6,1,2,9,12,0,5.0,0,1,0
63,0,38395.0,2,89.7,2,1,5,17,1,4.0,1,0,0
30,0,44443.0,1,98.5,1,1,5,4,1,4.0,0,1,0
30,1,44403.0,2,63.8,2,2,13,13,0,2.0,1,0,0
67,0,88208.0,2,55.8,1,3,4,15,0,5.0,0,0,0
48,1,84758.0,1,31.4,1,1,2,3,1,3.0,1,0,1
61,1,138555.0,1,77.6,1,2,5,6,0,1.0,1,1,0
47,0,156452.0,2,40.9,1,2,6,7,1,2.0,1,0,1
42,1,80685.0,2,5.0,1,1,2,16,0,3.0,0,0,0
30,0,79856.0,0,46.2,1,1,1,2,1,3.0,1,0,1
25,1,136543.0,0,17.3,3,1,2,2,1,2.0,1,0,0
28,0,81051.0,0,79.6,2,0,0,3,0,2.0,1,1,0
58,0,73693.0,0,33.1,1,1,2,3,1,4.0,0,0,0
32,0,46688.0,1,42.2,2,3,1,9,1,4.0,1,0,0
25,1,112697.0,1,36.1,2,1,1,2,1,1.0,1,0,0
62,0,139165.0,2,7.6,1,2,3,7,0,1.0,1,0,0
27,0,90365.0,1,25.3,1,2,0,7,1,3.0,0,0,0
32,1,30000.0,2,42.4,2,2,11,8,0,3.0,1,1,0
57,0,84586.0,1,34.2,2,0,2,4,0,3.0,1,1,0
26,1,174000.0,1,33.8,1,2,7,4,1,4.0,0,0,0
43,0,119783.0,2,61.6,1,2,13,5,1,3.0,1,0,0
57,1,129073.0,2,43.0,1,2,8,10,0,2.0,1,0,0
63,1,89526.0,2,74.1,3,2,4,12,0,3.0,1,1,0
30,1,81728.0,2,15.7,2,1,8,8,1,4.0,1,0,1
43,1,125866.0,2,50.5,1,2,12,18,0,4.0,0,0,0
52,0,65752.0,1,36.2,1,3,2,3,0,5.0,0,1,0
52,1,30000.0,0,56.0,2,3,0,3,1,3.0,0,0,0
44,1,77266.0,2,49.4,1,0,7,7,1,1.0,0,0,0
34,0,102424.0,2,45.7,2,0,6,6,0,1.0,0,1,0
30,0,30000.0,0,51.1,1,1,0,0,1,5.0,0,0,0
66,1,152182.0,2,41.5,3,1,3,9,0,5.0,1,0,0
40,0,48113.0,1,46.1,3,3,4,3,1,1.0,0,0,0
33,0,108678.0,2,5.0,4,1,8,19,1,3.0,1,0,0
27,1,86259.0,1,23.8,2,1,3,2,1,4.0,1,0,1
63,1,30000.0,1,23.4,2,1,1,2,0,2.0,0,1,0
39,1,83810.0,1,26.6,1,2,5,6,1,1.0,1,0,0
34,1,124349.0,0,66.6,1,1,0,1,1,4.0,0,0,1
31,1,59903.0,2,64.9,1,3,4,13,1,1.0,1,0,0
62,1,100346.0,1,12.7,1,0,6,4,1,5.0,1,0,1
53,0,95894.0,1,40.95,2,1,0,6,1,5.0,1,0,1
46,1,44982.0,1,44.9,2,2,6,8,1,2.0,1,0,0
33,1,63424.0,1,80.2,1,2,1,2,1,3.0,1,0,0
55,0,91438.0,1,47.7,2,1,3,4,1,5.0,1,0,1
49,0,68707.0,1,63.5,2,2,5,8,1,1.0,0,0,0
41,2,52585.0,2,75.1,2,3,6,9,0,4.0,1,1,0
45,1,94741.0,2,5.0,3,1,10,9,0,1.0,0,0,0
68,1,93133.0,1,62.4,3,2,2,8,1,2.0,1,0,0
29,1,127960.0,2,61.0,1,1,11,7,0,4.0,1,1,0
36,0,121507.0,2,50.7,2,1,7,13,1,1.0,1,0,0
39,1,169619.0,1,15.3,3,2,1,3,1,3.0,1,0,1
46,1,42514.0,2,32.2,2,1,9,4,0,3.0,1,1,0
33,1,117280.0,2,27.8,1,2,8,9,1,1.0,0,0,0
27,0,56530.0,0,48.1,4,1,0,2,1,5.0,1,0,1
64,0,80968.0,1,49.0,2,2,5,6,1,1.0,1,0,0
44,0,39061.0,2,77.3,1,0,13,4,1,3.0,0,0,0
56,1,84106.0,1,17.2,1,2,4,1,1,3.0,1,0,0
46,0,115933.0,1,17.8,3,1,1,3,1,1.0,0,0,0
61,1,75953.0,1,63.3,2,1,4,9,0,5.0,0,0,0
59,0,109424.0,2,81.8,2,1,9,3,0,5.0,0,0,0
42,0,112790.0,2,76.9,1,0,6,14,0,4.0,0,0,0
27,1,90859.0,2,68.5,2,1,9,17,0,2.0,1,0,0
33,0,95289.0,1,10.6,2,2,2,1,0,5.0,1,0,0
43,0,59521.0,1,32.8,2,0,6,2,1,3.0,1,0,1
37,1,37732.0,0,31.8,2,1,0,0,1,2.0,0,0,0
62,1,103019.0,2,59.0,3,2,12,12,1,1.0,0,0,0
42,1,85825.0,2,30.3,1,3,4,15,0,3.0,0,0,0
36,1,30000.0,0,38.349999999999994,1,1,1,2,1,1.0,0,0,0
27,1,67380.0,1,24.1,1,1,0,3,1,5.0,0,0,0
47,1,94275.0,1,5.0,4,0,2,9,1,1.0,1,0,0
69,0,63865.0,1,43.5,4,2,3,3,1,3.0,0,0,0
67,1,94863.0,2,66.6,1,2,14,16,1,2.0,1,0,0
29,1,56798.0,2,34.6,4,1,4,10,1,3.0,1,0,0
60,0,49415.0,2,5.0,1,2,8,15,0,1.0,1,0,0
44,1,126950.0,2,55.5,2,2,3,16,0,2.0,0,0,0
38,2,99114.0,2,29.7,2,1,7,11,1,3.0,1,0,0
62,0,30000.0,1,51.4,2,2,4,9,1,3.0,0,0,0
45,0,132217.0,0,29.9,2,3,1,3,1,3.0,1,0,0
60,1,78058.0,2,37.2,3,1,6,6,1,3.0,0,0,0
49,0,30000.0,0,30.8,1,0,0,0,1,2.0,0,0,0
33,0,59449.0,2,48.9,1,2,2,14,0,4.0,1,1,0
60,1,70833.0,2,38.3,2,2,5,18,0,5.0,1,0,1
50,0,48105.0,2,42.9,2,2,12,18,1,4.0,1,0,0
67,1,41807.0,1,79.2,1,3,1,4,0,4.0,1,1,0
28,1,93711.0,2,42.6,3,2,8,8,0,2.0,1,1,0
63,0,97311.0,1,26.1,2,2,3,8,1,3.0,0,0,0
29,1,100913.0,0,37.5,2,2,2,0,1,4.0,1,0,1
33,0,88397.0,2,58.4,1,2,7,9,1,1.0,0,0,0
54,0,56513.0,0,16.7,2,1,2,0,1,2.0,1,0,0
60,1,30000.0,2,58.2,1,2,3,3,1,3.0,1,0,0
25,0,127183.0,1,47.4,1,1,2,1,1,4.0,1,0,0
40,1,60188.0,1,86.0,1,2,2,8,1,3.0,0,0,0
52,1,82021.0,2,56.8,1,1,9,14,0,2.0,0,0,0
26,0,86854.0,2,34.1,1,0,5,16,1,2.0,0,0,0
25,1,98602.0,1,85.2,1,2,3,8,1,4.0,1,0,0
35,1,54917.0,2,17.5,1,2,13,3,0,1.0,0,1,0
37,1,30469.0,1,35.3,3,2,4,4,1,2.0,1,0,0
48,0,97439.0,2,20.7,2,0,7,14,0,5.0,1,0,1
62,0,96448.0,2,58.4,1,2,4,7,1,3.0,1,0,0
65,1,127369.0,0,41.3,3,1,2,2,1,4.0,1,0,1
48,1,104090.0,0,9.9,3,2,1,2,1,1.0,0,0,0
30,0,107166.0,1,43.0,2,2,0,3,1,1.0,0,0,0
31,0,107805.0,2,53.7,2,1,12,9,0,1.0,0,0,0
28,1,120533.0,1,37.1,1,1,0,4,1,3.0,1,0,1
37,1,64838.0,0,48.5,2,2,1,0,1,2.0,1,0,0
37,0,132288.0,2,59.7,1,1,14,8,0,5.0,0,0,0
66,0,101093.0,2,43.3,2,2,4,7,0,1.0,0,1,0
52,0,57868.0,2,13.2,2,1,14,6,0,5.0,1,0,1
25,0,92375.0,1,41.6,1,1,3,3,1,1.0,0,0,0
45,1,49844.0,2,56.0,4,1,5,4,0,1.0,0,1,0
26,0,132921.0,1,5.0,4,0,7,1,1,2.0,0,0,0
37,1,79986.0,2,41.9,2,1,3,13,0,3.0,1,0,0
35,0,97601.0,2,52.8,2,1,7,10,0,1.0,0,1,0
57,1,138432.0,1,38.1,3,2,1,2,0,3.0,0,0,0
42,1,80000.0,2,72.4,1,2,3,7,0,1.0,0,1,0
64,0,81143.0,2,54.4,4,1,10,4,0,3.0,1,1,0
26,1,62650.0,1,46.5,4,1,7,6,1,4.0,1,0,0
43,1,105679.0,2,62.3,1,3,3,4,0,5.0,0,1,0
62,1,123754.0,2,63.1,1,2,12,19,0,2.0,1,0,0
31,0,74411.0,0,51.3,1,2,1,1,1,2.0,0,0,0
63,1,126498.0,0,28.3,1,2,2,2,1,5.0,1,0,1
58,1,120989.0,0,20.3,1,2,2,0,1,4.0,0,0,0
67,1,86246.0,1,34.0,1,1,4,4,1,2.0,1,0,0
39,1,30000.0,1,51.4,1,2,1,4,1,3.0,1,0,0
57,1,30000.0,2,59.6,3,3,3,14,1,5.0,1,0,1
50,0,62557.0,1,50.2,1,2,1,2,1,2.0,0,0,0
69,0,101344.0,2,36.7,2,3,9,3,0,4.0,1,0,1
62,1,123884.0,1,53.3,3,2,6,6,1,5.0,0,0,0
39,1,61864.0,2,61.7,4,2,7,5,1,1.0,1,0,1
59,0,87306.0,1,47.7,2,3,3,8,1,4.0,0,0,0
30,0,78018.0,0,10.8,2,1,2,2,1,5.0,1,0,1
52,0,30000.0,0,26.8,1,1,2,2,1,4.0,1,0,0
59,1,106670.0,2,38.5,1,0,2,11,0,5.0,1,0,1
55,1,89956.0,1,62.1,1,1,3,3,1,3.0,1,0,0
25,1,115613.0,1,35.9,2,1,1,7,1,4.0,0,0,0
67,0,93694.0,2,13.9,2,2,10,16,0,3.0,1,0,0
64,0,44282.0,0,43.7,1,1,1,0,1,1.0,1,0,1
67,0,87215.0,2,16.2,1,0,9,4,1,4.0,1,0,0
60,1,117192.0,2,5.0,3,2,9,10,0,4.0,0,0,0
46,0,129368.0,2,84.0,1,1,12,18,0,5.0,0,0,0
29,1,53037.0,1,11.7,1,2,1,6,0,5.0,0,0,0
59,1,85894.0,2,47.5,1,1,10,5,1,1.0,1,0,0
60,0,84816.0,2,16.0,3,2,12,18,0,1.0,0,0,0
61,1,136598.0,2,10.3,1,2,5,10,0,5.0,0,0,0
37,1,110059.0,1,52.2,1,2,5,8,1,3.0,0,0,0
58,1,99265.0,2,9.8,2,2,7,14,0,3.0,0,0,0
37,0,80886.0,2,24.8,2,1,12,16,0,3.0,1,0,1
44,0,139777.0,2,62.4,2,1,14,13,1,2.0,1,0,1
28,1,74654.0,2,51.4,1,0,10,18,0,5.0,0,0,0
58,0,129981.0,0,13.9,2,2,1,0,1,3.0,1,0,0
48,1,44256.0,1,66.4,1,3,3,2,0,5.0,0,2,0
37,0,124739.0,0,56.0,2,2,0,3,1,2.0,0,0,0
27,1,66135.0,2,23.8,1,1,13,12,0,3.0,0,0,0
43,0,55986.0,2,5.0,2,2,6,11,1,1.0,1,0,0
65,0,86505.0,0,58.7,1,2,1,1,1,4.0,0,0,0
39,0,111242.0,1,24.2,1,0,3,6,1,5.0,1,0,1
36,0,90716.0,2,22.4,2,2,8,7,0,1.0,0,0,0
62,1,41084.0,2,39.0,1,1,13,7,0,1.0,1,1,0
55,1,133770.0,0,5.0,4,2,1,3,1,1.0,1,0,0
50,1,86091.0,2,38.1,2,0,10,12,0,5.0,1,0,1
36,1,60148.0,2,85.6,3,1,4,17,1,2.0,1,0,0
43,1,103882.0,2,27.7,1,1,8,5,0,5.0,1,0,0
32,1,68859.0,2,5.0,2,2,13,10,1,5.0,1,0,1
58,0,119500.0,1,41.0,1,2,5,1,1,2.0,1,0,0
40,1,49047.0,2,53.8,2,2,4,3,1,2.0,1,0,0
46,0,35083.0,1,45.0,3,1,5,5,1,2.0,1,0,0
53,0,103955.0,2,5.0,4,0,12,3,1,4.0,0,0,0
60,0,82252.0,2,50.1,1,0,12,14,1,5.0,0,0,0
48,0,90187.0,2,70.7,3,1,5,3,0,1.0,0,2,0
37,0,69403.0,2,24.9,2,2,3,18,0,1.0,0,0,0
49,1,104947.0,2,40.4,3,0,5,9,0,4.0,1,1,1
45,0,30000.0,2,69.2,3,2,12,10,1,5.0,1,0,0
56,0,118469.0,1,78.4,4,2,6,7,1,2.0,0,0,0
52,1,79458.0,2,49.8,1,2,4,4,1,3.0,1,0,1
34,0,67705.0,2,13.2,2,2,12,6,1,5.0,1,0,1
57,0,84848.0,1,53.2,1,1,7,6,1,1.0,1,0,0
50,0,30000.0,2,46.5,3,2,8,9,1,5.0,1,0,1
46,1,84839.0,0,84.2,1,3,2,3,0,2.0,1,1,0
50,0,30000.0,2,53.3,2,1,4,18,1,5.0,1,0,0
39,1,58187.0,2,7.4,2,2,6,13,0,3.0,1,0,0
50,0,84560.0,1,31.9,1,2,2,6,0,4.0,0,1,0
30,0,79638.0,0,66.3,2,2,0,0,0,3.0,0,1,0
32,0,99412.0,2,18.3,1,2,10,15,0,4.0,0,0,0
67,1,96709.0,2,49.1,3,1,3,3,0,2.0,0,1,0
47,0,84758.0,1,21.3,1,1,2,4,0,2.0,1,1,0
34,0,123577.0,2,48.3,1,2,8,6,1,4.0,0,0,0
26,0,39253.0,2,54.0,1,2,10,12,1,1.0,0,0,0
38,1,30000.0,0,57.7,1,2,2,0,0,5.0,1,1,0
29,1,100953.0,0,5.0,1,2,2,0,1,2.0,1,0,0
47,0,36927.0,2,16.2,2,2,3,14,1,4.0,1,0,0
67,0,56658.0,0,68.6,1,2,2,1,1,3.0,0,0,0
36,1,93442.0,2,5.0,2,1,13,16,1,4.0,1,0,0
36,1,114111.0,1,37.8,4,1,2,6,1,1.0,0,0,0
62,1,79681.0,2,37.9,3,2,3,7,0,1.0,0,1,0
41,2,69803.0,0,97.2,2,2,1,1,1,2.0,0,0,0
45,0,70920.0,1,33.5,3,1,5,6,1,1.0,0,0,0
26,0,120902.0,1,25.7,1,2,3,7,0,5.0,0,1,0
50,0,108152.0,2,40.4,3,2,7,14,1,5.0,1,0,1
60,0,88222.0,2,73.7,1,2,13,7,0,4.0,1,1,0
49,0,107730.0,1,61.5,4,0,7,3,1,4.0,0,0,0
45,0,107886.0,2,63.8,3,2,7,5,0,2.0,1,1,0
32,0,92136.0,2,5.0,1,0,13,11,1,4.0,1,0,1
25,1,80966.0,1,45.5,1,0,1,3,1,1.0,0,0,0
57,0,99412.0,2,24.5,1,2,4,15,1,5.0,0,0,0
53,0,140163.0,2,33.9,3,1,13,8,0,1.0,0,1,0
59,1,110518.0,1,37.5,1,3,3,9,1,5.0,0,0,0
68,0,104533.0,0,89.8,3,0,1,2,0,5.0,0,2,0
35,0,165087.0,0,66.0,4,0,1,3,1,4.0,0,0,0
52,0,30000.0,1,72.9,1,0,5,5,1,3.0,0,0,0
47,0,92626.0,1,69.8,1,2,2,5,1,5.0,0,0,1
50,0,90017.0,1,28.3,4,0,6,9,0,4.0,1,0,1
38,1,61979.0,2,40.849999999999994,3,2,8,10,0,3.0,1,1,1
59,1,30000.0,1,40.7,1,1,4,2,1,1.0,0,0,0
63,0,90366.0,2,34.1,2,1,2,19,1,4.0,0,0,0
64,0,59010.0,2,23.9,1,0,9,7,0,1.0,0,0,0
43,0,45081.0,1,57.4,2,0,3,1,1,5.0,1,1,0
41,1,125987.0,2,48.8,1,2,5,16,0,3.0,1,1,1
31,1,80791.0,1,82.6,1,0,5,5,1,1.0,0,0,0
52,1,30000.0,0,5.0,1,2,2,3,1,2.0,1,0,0
31,0,95823.0,1,41.1,1,1,0,3,0,2.0,1,2,0
44,0,58891.0,1,39.9,1,2,4,4,1,3.0,0,0,0
48,1,35933.0,0,45.3,1,1,0,0,1,2.0,0,0,0
39,0,63733.0,0,62.8,2,0,1,0,1,3.0,1,0,1
50,1,118693.0,2,69.8,1,1,12,15,1,2.0,0,0,0
34,1,42982.0,1,75.0,1,1,7,6,1,3.0,1,0,1
52,1,85054.0,1,5.0,1,3,7,5,0,5.0,1,0,0
41,1,85227.0,2,74.4,2,2,8,7,0,2.0,0,1,0
43,1,87404.0,1,32.1,1,2,1,2,0,1.0,1,1,0
36,1,121522.0,2,11.0,2,0,13,4,1,2.0,1,0,0
40,1,41971.0,0,45.6,1,0,2,2,1,4.0,1,0,0
48,1,101200.0,1,40.6,3,3,4,7,1,3.0,1,0,0
32,1,111621.0,0,58.1,2,0,2,3,1,2.0,1,0,1
44,2,41320.0,2,37.4,2,1,9,10,1,5.0,0,0,0
33,1,86633.0,1,66.1,1,2,7,9,1,3.0,1,0,0
67,2,90705.0,2,80.1,1,2,12,9,1,1.0,1,0,0
55,1,82761.0,2,51.1,2,1,14,16,1,2.0,0,0,0
39,0,146811.0,2,38.2,1,2,7,16,0,4.0,0,0,0
46,0,60847.0,2,32.1,1,1,10,4,1,5.0,0,0,0
43,0,60197.0,2,16.2,2,2,3,3,0,2.0,1,1,0
50,0,44087.0,1,13.9,1,0,2,7,1,3.0,0,0,0
32,1,90266.0,2,39.0,2,1,7,6,0,4.0,0,0,0
63,0,75681.0,2,56.8,2,2,12,7,1,5.0,1,0,1
25,0,66125.0,2,28.0,1,2,7,18,0,3.0,1,0,0
62,0,138250.0,2,7.0,1,2,2,11,1,3.0,1,0,1
25,0,70155.0,1,52.8,1,2,1,9,1,2.0,1,0,0
57,1,70256.0,2,5.0,1,2,11,6,0,4.0,1,0,1
46,1,30000.0,1,19.9,2,1,5,2,1,4.0,1,0,0
54,1,109551.0,2,5.0,1,1,14,5,1,5.0,1,0,1
36,1,113187.0,2,53.9,1,3,11,19,1,1.0,1,0,0
36,2,125871.0,1,35.5,2,2,7,9,1,3.0,1,0,0
40,1,70148.0,2,29.3,2,2,2,15,1,2.0,0,0,0
25,0,38742.0,1,40.1,3,0,6,7,1,4.0,0,0,0
68,1,103158.0,1,45.0,2,0,5,9,1,2.0,1,0,0
64,0,67515.0,2,70.8,2,2,11,6,0,2.0,0,0,0
47,1,95098.0,0,44.6,4,2,0,0,1,4.0,1,0,1
25,1,59215.0,1,5.0,1,2,6,8,1,2.0,1,0,0
47,0,96170.0,2,55.9,2,2,11,13,0,4.0,1,1,0
50,1,91821.0,2,55.8,1,1,10,3,0,5.0,1,0,0
28,0,83940.0,2,67.7,1,2,11,10,0,3.0,0,0,0
38,0,74205.0,2,35.7,2,2,4,15,1,1.0,0,0,0
59,1,121956.0,2,72.3,3,2,10,14,1,3.0,0,0,0
60,1,101627.0,1,68.9,2,1,3,2,1,3.0,1,1,0
66,1,79144.0,1,41.75,2,3,6,6,0,5.0,1,1,0
59,1,167214.0,1,25.9,3,2,1,1,0,2.0,1,1,0
57,1,106059.0,0,33.3,2,1,1,1,1,5.0,0,0,1
50,0,99645.0,2,58.9,1,1,6,6,1,3.0,1,0,0
28,1,82451.0,1,106.0,2,1,3,3,1,4.0,1,0,1
35,0,67835.0,1,47.9,1,1,1,9,1,1.0,0,0,0
42,0,50824.0,2,5.0,1,2,5,5,1,2.0,1,0,0
36,1,117151.0,2,40.8,1,1,9,7,1,5.0,1,0,0
62,1,62267.0,0,79.1,2,0,0,2,1,1.0,0,0,0
41,0,61311.0,2,38.7,1,0,3,14,0,2.0,1,0,0
64,0,123261.0,1,73.5,1,0,0,6,1,2.0,1,0,0
42,1,37291.0,2,32.1,2,2,10,4,1,2.0,1,0,0
69,1,75541.0,1,62.6,2,3,6,9,1,2.0,0,0,0
67,0,90996.0,2,41.3,2,2,12,12,0,4.0,0,0,0
59,1,41426.0,2,60.1,2,2,14,13,1,2.0,1,0,0
64,0,111332.0,0,48.6,2,2,1,1,1,1.0,0,0,0
35,1,134476.0,2,64.7,2,2,6,3,0,4.0,1,2,0
68,0,30000.0,1,24.0,2,1,2,7,1,2.0,0,0,0
57,2,127333.0,2,63.9,1,1,4,7,0,5.0,1,1,1
38,1,110612.0,2,31.6,1,1,14,15,1,5.0,1,0,1
66,1,79930.0,2,51.6,1,2,8,12,1,4.0,0,0,0
64,0,74640.0,1,28.2,2,2,5,9,1,1.0,1,0,0
26,0,137468.0,0,78.9,1,0,2,1,1,3.0,1,0,1
32,1,114723.0,1,66.6,2,2,1,8,1,3.0,1,0,0
47,0,92665.0,1,18.0,2,0,3,8,1,5.0,1,0,1
36,1,44420.0,1,25.7,3,2,1,1,0,2.0,1,0,0
58,0,118161.0,2,67.8,2,2,11,14,0,4.0,0,0,0
59,1,89363.0,2,20.6,1,1,2,5,0,5.0,0,1,0
65,1,30000.0,0,66.7,1,2,1,3,0,4.0,0,1,0
68,1,77760.0,2,10.9,1,0,12,18,1,2.0,1,0,0
33,0,56686.0,2,16.9,2,1,9,19,0,2.0,0,0,0
53,1,61024.0,2,73.6,1,1,14,6,0,5.0,1,2,0
35,1,112545.0,1,33.2,1,2,3,8,1,4.0,1,0,1
38,0,79898.0,1,53.0,1,0,1,7,0,1.0,1,1,0
26,0,114964.0,2,38.9,1,2,4,12,1,2.0,1,0,0
55,0,103320.0,1,52.3,4,1,4,7,1,3.0,0,0,0
27,0,55621.0,1,43.9,2,2,3,1,1,5.0,0,0,0
52,1,116850.0,2,86.0,3,1,8,15,0,5.0,1,1,1
53,0,59931.0,2,19.8,3,2,6,14,0,2.0,0,0,0
34,0,110195.0,1,70.0,2,1,1,7,0,4.0,1,0,0
47,0,76660.0,0,49.5,3,2,0,0,1,3.0,1,0,0
26,1,115278.0,2,29.6,2,2,5,14,0,3.0,1,0,0
59,0,122146.0,2,5.0,2,3,5,17,0,5.0,1,0,1
40,0,53374.0,1,59.8,3,0,1,6,1,1.0,0,0,0
51,0,86915.0,2,21.6,1,1,11,8,0,4.0,1,0,1
62,1,168628.0,1,11.2,2,2,0,7,1,5.0,0,0,0
62,0,63680.0,2,52.0,4,1,13,13,1,5.0,0,0,0
36,0,85163.0,2,38.5,3,2,5,17,0,2.0,1,0,0
54,1,80826.0,2,78.3,3,0,6,6,0,4.0,1,1,0
36,0,72532.0,2,28.6,2,2,13,5,0,1.0,1,1,0
33,0,59225.0,2,106.0,3,2,2,11,1,5.0,1,0,1
69,1,75232.0,2,62.0,1,2,12,11,0,2.0,1,1,0
55,1,99246.0,1,49.3,1,1,5,5,0,3.0,0,1,0
39,1,91804.0,1,25.8,2,1,7,8,1,1.0,1,0,0
38,1,30000.0,2,55.1,3,2,13,15,1,3.0,0,0,0
35,1,64641.0,2,10.1,1,2,3,8,0,3.0,1,0,0
46,0,119346.0,2,5.0,2,1,10,14,1,3.0,1,0,1
46,1,113781.0,1,21.9,2,2,4,3,1,3.0,0,0,0
41,1,77528.0,2,62.8,1,1,13,10,1,1.0,0,0,0
44,0,96559.0,0,67.5,2,1,2,2,1,3.0,0,0,0
26,1,54374.0,2,58.0,1,1,4,5,0,4.0,1,1,1
62,2,30000.0,0,73.2,1,2,0,2,1,3.0,0,0,0
32,1,64151.0,0,10.0,2,2,1,3,0,3.0,1,1,0
44,0,60094.0,1,13.3,1,2,4,9,1,5.0,0,0,0
50,0,66857.0,2,27.9,2,2,8,11,1,3.0,1,0,0
26,1,116448.0,2,22.0,2,1,3,6,0,2.0,1,1,0
69,1,85441.0,1,71.7,1,3,3,6,0,2.0,0,1,0
43,1,93623.0,1,52.4,3,1,2,3,1,5.0,1,0,0
69,1,52276.0,1,23.2,1,0,0,5,1,1.0,1,1,0
39,1,54085.0,2,22.7,1,2,8,8,1,2.0,0,0,0
51,1,97432.0,1,67.4,2,2,6,1,0,4.0,1,1,0
63,0,109868.0,2,27.5,2,2,7,5,0,1.0,0,1,0
54,1,39869.0,2,65.9,1,2,11,11,0,5.0,0,0,0
42,0,114514.0,1,45.8,1,1,5,4,0,3.0,0,1,0
56,1,151989.0,2,14.3,1,1,12,16,0,4.0,1,0,0
69,0,126720.0,2,54.5,1,2,2,6,0,4.0,1,1,0
33,1,110564.0,2,15.2,2,1,4,7,0,4.0,0,1,0
41,1,61724.0,2,80.9,1,2,11,14,0,5.0,0,0,0
36,0,48525.0,2,42.3,2,2,8,3,0,2.0,1,1,0
64,1,75802.0,1,29.1,2,0,5,8,1,3.0,1,0,0
51,1,78580.0,2,80.5,1,1,14,19,0,3.0,1,1,0
62,1,144230.0,1,39.2,1,2,6,3,1,3.0,0,0,0
53,0,93562.0,2,21.5,3,2,2,13,0,1.0,0,1,0
59,1,129701.0,1,52.0,1,1,0,4,1,4.0,0,0,0
60,1,97565.0,1,62.7,2,0,6,2,1,3.0,0,0,0
37,1,42656.0,2,5.0,1,1,12,19,1,2.0,1,0,0
59,1,100416.0,1,22.7,2,1,5,4,1,2.0,1,0,0
56,0,86877.0,2,54.6,4,1,12,6,0,5.0,1,1,0
37,1,112035.0,2,43.9,3,1,8,18,0,1.0,1,0,0
55,1,48360.0,1,18.5,1,2,3,6,1,3.0,1,0,0
27,0,36484.0,2,42.9,1,2,8,6,0,2.0,1,1,0
68,0,74052.0,2,21.4,1,2,9,9,0,1.0,0,0,0
42,1,104064.0,2,34.1,2,1,10,8,0,4.0,1,0,0
69,2,51305.0,1,20.1,4,1,3,1,1,1.0,1,0,0
66,0,110019.0,1,51.8,2,2,4,5,1,2.0,1,0,1
34,0,64186.0,2,58.9,2,2,12,8,1,5.0,1,0,1
57,1,99509.0,2,45.8,1,1,6,11,1,2.0,1,0,0
39,1,58884.0,0,5.0,2,2,0,1,0,5.0,0,1,0
31,0,102609.0,2,44.4,2,1,13,6,0,3.0,0,0,0
69,1,81718.0,2,44.4,1,3,4,3,0,2.0,1,1,0
66,0,145958.0,1,27.8,1,1,5,9,1,2.0,0,0,0
40,1,96991.0,2,12.1,2,3,4,12,0,3.0,1,0,0
56,1,91289.0,1,83.6,2,2,1,6,1,4.0,1,0,1
45,0,102647.0,2,5.0,1,2,10,5,1,3.0,0,0,0
28,1,42493.0,0,27.9,4,2,2,0,1,1.0,0,0,0
54,1,125767.0,2,55.6,4,2,7,9,1,4.0,0,0,0
29,0,80704.0,2,78.4,3,2,5,8,0,1.0,0,1,0
67,0,33153.0,2,5.0,3,1,5,16,1,1.0,1,0,0
47,0,30000.0,2,7.9,1,3,4,3,1,1.0,0,0,0
43,0,65540.0,1,59.2,1,0,5,5,0,4.0,1,0,0
30,1,66975.0,2,45.1,2,2,7,9,0,1.0,1,0,0
42,1,127228.0,1,46.9,3,1,0,8,1,1.0,1,0,0
29,0,161147.0,2,8.9,1,2,12,17,1,5.0,1,0,0
44,1,139247.0,0,30.9,4,1,2,0,1,2.0,1,0,0
69,1,77966.0,1,39.5,3,2,2,1,1,2.0,0,0,0
32,0,30000.0,1,77.7,2,2,4,5,1,4.0,0,0,0
31,0,174000.0,2,44.3,2,1,3,11,0,5.0,0,1,0
67,1,67724.0,2,24.8,2,2,13,16,0,2.0,1,0,0
63,1,72673.0,1,73.7,2,2,1,9,1,3.0,1,0,0
33,1,108070.0,2,30.2,1,2,2,3,0,2.0,1,1,0
66,0,79170.0,2,48.5,2,2,11,16,0,2.0,0,0,0
65,1,66514.0,1,51.4,4,0,4,8,1,2.0,0,0,0
26,0,30000.0,2,41.5,1,1,14,5,0,3.0,1,0,0
37,1,30000.0,1,74.4,1,2,3,4,1,5.0,0,0,0
65,0,84296.0,2,67.8,2,2,4,14,0,4.0,0,0,0
67,2,165514.0,1,29.7,1,2,1,1,1,2.0,0,0,0
38,0,73825.0,2,49.9,2,1,2,11,0,3.0,0,0,0
38,0,135173.0,2,36.2,3,0,6,5,1,2.0,0,0,0
55,1,129372.0,2,26.2,1,1,11,9,0,1.0,1,1,0
34,0,44589.0,1,5.0,2,1,5,2,1,3.0,1,0,0
49,1,91750.0,0,87.9,1,2,2,2,1,5.0,0,0,0
63,1,49109.0,2,76.7,1,0,13,7,0,3.0,1,1,0
47,0,38952.0,2,41.3,2,2,5,19,0,1.0,1,1,0
46,1,100422.0,1,37.9,2,1,3,4,0,5.0,0,0,0
61,1,126825.0,2,38.1,2,2,10,9,1,4.0,0,0,0
56,0,43501.0,2,24.0,1,2,6,6,1,4.0,1,0,0
47,1,53074.0,0,25.4,1,0,1,0,1,1.0,0,0,0
50,1,59004.0,2,39.6,2,1,6,18,0,5.0,1,0,1
25,2,108984.0,2,41.9,1,1,7,16,0,5.0,1,0,1
49,1,37642.0,2,12.2,1,1,2,4,1,5.0,1,0,0
68,1,70814.0,2,39.1,1,3,5,8,0,3.0,1,1,0
52,1,84767.0,2,5.0,2,2,10,11,0,3.0,1,0,0
62,0,46229.0,2,69.5,1,1,3,9,0,2.0,1,1,0
55,1,89180.0,2,62.5,1,2,8,11,1,5.0,1,0,1
52,1,151601.0,1,18.3,3,2,2,5,1,5.0,0,0,1
65,1,60949.0,2,69.3,2,2,6,10,1,2.0,1,0,0
69,1,98704.0,2,71.6,2,2,6,12,1,2.0,0,0,0
50,1,113782.0,0,22.3,4,2,0,0,1,4.0,0,0,0
42,1,55588.0,2,64.7,2,1,3,14,1,1.0,1,0,0
40,0,102855.0,2,39.2,4,3,3,16,0,3.0,1,1,0
39,1,39702.0,1,62.1,1,3,2,8,0,4.0,1,0,1
27,0,81699.0,2,40.4,2,2,6,18,1,3.0,1,0,1
50,1,56891.0,2,26.1,2,1,3,15,0,4.0,1,0,0
44,1,135300.0,2,82.1,4,2,9,18,0,4.0,0,1,0
51,0,100018.0,0,61.1,1,0,0,1,1,5.0,1,0,1
30,1,137688.0,2,39.1,2,1,9,15,0,1.0,0,0,0
51,0,88638.0,1,8.5,1,3,7,8,1,1.0,1,0,0
32,0,48872.0,2,21.8,1,1,12,5,0,5.0,1,0,0
43,1,51780.0,2,12.7,1,2,5,11,0,3.0,1,0,0
59,0,79400.0,2,23.1,2,2,3,15,0,4.0,1,0,1
52,1,120579.0,1,5.0,4,2,5,6,0,1.0,1,0,0
25,0,69078.0,0,65.1,1,1,1,3,1,5.0,1,0,0
30,0,67713.0,1,46.5,2,3,3,1,0,2.0,1,1,0
44,0,168863.0,0,41.5,2,1,0,3,1,3.0,1,0,1
64,0,114850.0,2,9.4,1,1,3,17,1,3.0,1,0,1
65,0,90844.0,2,41.2,1,0,8,11,0,5.0,1,1,1
33,1,100628.0,2,5.0,3,0,5,8,1,3.0,1,0,0
38,0,97648.0,2,16.6,3,3,6,15,1,2.0,0,0,0
59,1,174000.0,2,5.0,1,2,10,17,0,1.0,0,0,0
61,1,91361.0,2,29.8,1,0,3,17,0,5.0,1,0,0
67,1,142725.0,1,35.6,4,1,3,4,1,4.0,1,0,1
39,1,66600.0,2,106.0,2,1,7,16,1,4.0,0,0,0
30,0,162632.0,2,54.2,1,2,13,12,1,3.0,1,0,1
45,1,98561.0,1,63.1,3,1,7,5,1,4.0,1,0,0
42,0,141248.0,2,75.5,1,1,4,3,1,5.0,1,0,1
56,1,134689.0,2,40.6,1,1,10,13,1,1.0,0,0,0
68,1,66439.0,2,29.2,1,1,9,6,1,2.0,0,0,0
41,1,105718.0,2,14.3,1,0,7,15,0,5.0,1,1,1
59,0,85663.0,2,42.9,1,0,14,19,1,5.0,1,0,1
60,0,45910.0,2,7.9,2,1,4,10,0,2.0,1,0,0
32,1,111837.0,1,22.2,2,0,3,2,1,2.0,1,0,0
58,1,57990.0,0,48.4,3,2,2,1,1,5.0,1,0,1
48,0,151315.0,1,6.9,1,2,2,3,1,5.0,0,0,0
30,1,98296.0,0,54.6,1,1,2,0,1,3.0,0,0,0
50,0,65738.0,0,51.0,2,2,0,0,1,3.0,1,0,0
54,0,30000.0,2,36.8,2,1,8,16,0,4.0,1,0,1
69,0,30000.0,1,39.1,2,2,1,8,1,2.0,0,0,0
36,0,89105.0,1,60.8,1,1,0,9,1,4.0,1,0,0
64,0,30000.0,1,82.2,3,2,3,6,1,5.0,1,0,1
65,1,40408.0,0,70.1,1,0,1,1,1,4.0,0,0,0
43,0,151054.0,1,44.4,1,0,0,7,1,5.0,1,0,1
56,0,122486.0,1,60.5,3,2,0,5,1,1.0,1,0,0
40,1,62745.0,2,70.9,1,3,3,6,0,5.0,0,2,0
50,1,89986.0,1,23.4,2,2,2,5,1,3.0,1,0,0
58,0,56784.0,1,16.3,2,1,5,4,1,1.0,1,0,0
34,0,94683.0,1,43.6,1,2,5,7,1,3.0,1,0,0
29,1,93904.0,1,19.4,2,1,3,7,1,3.0,0,0,0
27,1,43181.0,1,43.9,2,0,0,3,1,5.0,1,0,1
34,0,68790.0,2,62.8,2,1,2,4,1,5.0,1,0,0
35,0,106546.0,0,16.3,1,1,0,3,1,3.0,0,0,0
56,0,64014.0,1,5.0,1,1,5,9,0,5.0,1,0,1
49,1,33053.0,2,39.9,2,2,5,19,0,4.0,0,0,0
65,1,133517.0,2,44.5,2,2,14,12,0,5.0,1,0,1
51,1,150425.0,2,50.3,2,0,9,16,0,4.0,1,0,1
61,0,91125.0,2,41.9,4,2,2,7,1,1.0,0,0,0
62,0,71548.0,1,61.4,4,2,6,1,1,1.0,1,0,0
54,0,98796.0,2,63.8,1,1,13,11,0,4.0,1,0,1
33,1,54545.0,1,11.0,1,3,6,2,1,5.0,1,0,1
59,0,58656.0,2,59.4,1,1,10,3,1,2.0,0,0,0
51,0,113060.0,1,83.7,1,1,4,3,0,1.0,0,1,0
51,1,34852.0,1,5.0,2,2,3,2,1,1.0,0,0,0
42,0,95147.0,2,36.1,1,2,3,3,0,3.0,0,1,0
39,1,79830.0,1,5.0,1,1,2,2,1,5.0,1,0,1
31,0,123089.0,2,31.0,2,1,11,12,0,4.0,1,0,1
58,1,91275.0,2,88.3,1,2,8,4,0,1.0,1,1,0
66,1,30000.0,1,46.8,1,1,0,6,0,1.0,1,1,0
61,0,134587.0,1,20.5,2,2,5,5,1,4.0,0,0,0
55,1,109085.0,2,35.7,2,3,9,12,0,3.0,1,0,1
41,0,96403.0,2,48.8,2,0,4,10,1,3.0,0,0,0
30,1,30000.0,1,13.5,2,0,5,9,0,5.0,1,1,1
54,0,38126.0,2,46.2,1,2,8,16,0,2.0,1,0,0
36,0,118379.0,2,5.0,1,1,4,18,0,4.0,0,0,0
67,0,86353.0,1,31.7,3,1,1,2,1,2.0,0,0,0
41,1,111139.0,1,44.0,2,2,3,5,1,5.0,1,0,0
59,1,115326.0,0,65.7,1,1,0,2,1,4.0,1,1,1
31,2,84906.0,2,52.7,3,0,14,16,1,5.0,1,0,0
69,1,106519.0,0,95.7,1,2,0,1,0,2.0,1,1,0
58,0,93600.0,2,45.8,1,2,9,5,0,1.0,1,0,0
63,1,118958.0,2,16.4,2,2,14,13,0,2.0,0,0,0
41,1,67027.0,2,30.0,3,2,5,15,1,2.0,1,0,0
66,0,40809.0,2,41.7,2,3,2,11,0,2.0,1,0,0
30,1,88524.0,0,21.9,3,1,0,0,0,3.0,1,1,0
58,1,108690.0,2,7.0,1,1,12,13,1,4.0,1,0,0
34,1,69534.0,1,53.9,4,1,6,1,1,3.0,1,0,0
33,1,61250.0,2,45.1,1,1,10,14,1,1.0,1,0,0
30,0,118525.0,2,5.0,2,0,2,14,0,3.0,0,0,0
25,1,152412.0,1,5.0,1,2,0,9,1,1.0,0,0,0
41,1,81778.0,2,39.7,2,1,8,3,0,1.0,0,0,0
36,0,94528.0,1,28.8,1,0,5,1,1,3.0,0,0,0
28,0,84758.0,2,5.0,1,1,12,10,0,4.0,1,0,1
35,1,70030.0,2,10.5,3,0,8,16,0,3.0,1,0,0
40,0,30000.0,0,27.3,2,2,2,0,1,1.0,1,0,0
60,1,64482.0,2,13.0,4,1,9,16,0,4.0,1,0,1
45,0,73201.0,2,29.4,3,2,3,5,0,1.0,1,1,0
55,0,78871.0,1,38.5,1,2,0,8,1,5.0,1,0,1
28,1,123821.0,1,5.0,1,2,7,4,1,2.0,1,0,0
64,1,30000.0,1,77.6,2,2,6,7,0,3.0,1,1,0
65,1,43998.0,1,23.5,2,2,0,6,0,4.0,0,0,0
37,1,102589.0,2,9.5,4,2,8,10,0,5.0,0,0,1
36,0,104201.0,1,38.3,2,2,0,1,1,4.0,1,0,1
68,1,122806.0,1,39.9,2,2,5,8,1,4.0,1,0,1
26,1,99280.0,2,5.0,1,1,5,6,0,4.0,1,0,0
31,0,45300.0,1,45.7,2,2,6,1,0,4.0,1,1,0
41,0,51081.0,2,51.2,3,2,7,7,0,3.0,1,1,0
65,1,57185.0,1,34.2,1,1,5,1,1,3.0,1,0,0
40,0,94151.0,0,42.7,2,2,2,1,1,3.0,0,0,0
39,1,80673.0,1,32.5,2,1,0,5,1,2.0,1,0,1
69,0,99801.0,1,65.2,1,1,6,1,0,1.0,0,2,0
30,1,71575.0,1,59.1,1,2,4,7,1,5.0,0,0,0
45,1,118068.0,2,48.4,1,1,9,7,0,1.0,0,1,0
29,1,77900.0,2,64.8,2,0,6,16,0,5.0,0,1,0
40,0,36202.0,1,42.1,2,2,3,8,1,4.0,0,0,0
55,0,31108.0,2,106.0,1,2,12,12,0,3.0,1,2,0
53,1,123375.0,1,27.0,1,1,2,8,1,1.0,1,0,0
38,0,127763.0,0,37.4,1,2,1,2,1,1.0,0,0,0
59,1,30000.0,2,83.1,2,0,6,17,0,4.0,0,1,0
44,1,44929.0,2,41.2,2,0,7,15,0,4.0,0,0,0
58,1,119620.0,2,63.8,1,2,13,17,0,2.0,1,0,0
68,1,127906.0,2,50.2,2,0,12,15,0,1.0,1,0,0
34,0,40800.0,2,54.3,2,1,3,17,1,1.0,0,0,0
26,1,69327.0,2,40.0,2,2,7,3,0,1.0,1,0,0
55,0,37142.0,2,33.2,1,0,2,14,1,3.0,1,0,0
41,1,80642.0,1,5.0,2,3,2,6,0,2.0,1,1,0
31,0,87948.0,0,51.8,1,1,2,3,1,2.0,1,0,0
57,2,30000.0,2,35.7,2,1,2,6,0,2.0,0,0,0
59,0,62756.0,1,16.2,4,2,3,5,0,4.0,1,0,0
56,0,136740.0,1,34.1,1,2,3,5,1,2.0,0,0,0
41,0,38891.0,2,7.0,2,1,11,11,1,1.0,0,0,0
48,1,74033.0,1,56.4,2,1,2,9,0,3.0,0,1,0
65,1,128889.0,1,22.3,1,3,6,5,1,1.0,1,0,0
66,1,126964.0,0,36.2,1,3,2,3,1,5.0,1,0,1
45,0,74248.0,2,27.7,1,0,13,16,0,4.0,0,0,0
65,0,86204.0,1,43.9,2,1,6,7,1,2.0,0,0,0
47,1,63802.0,2,100.4,2,2,5,3,0,5.0,0,1,0
53,2,129787.0,2,40.95,2,1,6,18,1,1.0,1,0,0
66,0,73538.0,0,54.0,2,3,0,1,1,5.0,1,0,0
30,0,30000.0,2,57.9,2,2,4,19,0,4.0,0,0,0
69,1,93595.0,2,38.3,2,3,8,9,0,5.0,0,2,0
46,1,99295.0,2,40.5,2,1,12,11,1,1.0,1,0,1
69,1,81954.0,1,38.3,4,1,2,4,0,1.0,1,0,0
69,1,100024.0,0,31.7,4,2,2,3,1,1.0,1,0,0
36,0,146587.0,2,33.0,1,2,11,3,0,5.0,1,0,1
57,0,76757.0,2,55.6,2,2,13,10,0,4.0,1,0,1
54,0,30000.0,1,33.5,2,0,0,1,0,5.0,1,1,0
59,0,82832.0,1,42.7,1,0,1,2,1,4.0,1,0,1
40,0,77543.0,1,42.2,2,1,1,2,0,3.0,1,1,0
39,1,77318.0,1,43.2,2,2,2,7,1,2.0,1,0,0
55,1,103776.0,1,8.7,3,2,6,3,1,1.0,0,0,0
44,1,133621.0,1,33.5,2,1,3,8,0,2.0,1,1,0
41,0,120587.0,2,41.7,1,1,3,7,1,5.0,1,0,1
68,1,60285.0,2,46.0,1,0,14,16,0,3.0,0,0,0
46,1,71817.0,2,60.4,4,0,12,19,0,5.0,1,1,0
51,0,30000.0,2,37.8,2,0,8,9,0,2.0,1,1,0
43,1,90330.0,1,55.1,2,1,5,9,0,2.0,0,1,0
39,0,137634.0,2,35.2,1,2,8,10,0,3.0,1,1,1
54,1,30000.0,0,5.0,1,2,2,1,1,3.0,0,0,0
25,0,65085.0,1,5.0,2,3,0,4,1,2.0,0,0,0
52,1,54134.0,2,5.0,2,1,2,3,0,2.0,1,0,0
26,1,74472.0,1,19.4,2,0,2,8,1,4.0,0,0,0
59,0,55548.0,2,34.3,3,2,14,12,0,1.0,0,0,0
52,0,70597.0,1,17.0,2,2,7,8,0,5.0,1,1,0
28,1,85613.0,0,18.8,2,1,2,0,1,5.0,0,0,0
28,0,109964.0,1,66.3,2,3,2,6,1,2.0,0,0,0
25,0,87961.0,2,11.5,2,1,5,16,0,2.0,1,1,0
35,0,36253.0,2,20.0,4,0,5,15,1,3.0,1,0,0
69,1,57207.0,1,61.1,4,0,1,6,1,4.0,1,0,0
61,1,89893.0,1,50.2,2,2,4,9,1,3.0,0,0,0
36,1,120207.0,1,54.8,2,2,1,5,1,4.0,1,0,1
55,0,30504.0,2,36.8,1,1,8,16,0,2.0,1,0,0
30,1,131068.0,1,34.6,3,1,7,4,0,2.0,1,1,0
54,1,83960.0,1,40.8,3,2,7,4,1,2.0,1,0,0
48,0,90446.0,2,35.4,1,2,10,7,0,2.0,0,0,0
28,0,44570.0,1,41.9,1,1,6,2,1,4.0,1,0,1
35,1,46215.0,0,42.7,1,2,2,0,1,4.0,0,0,0
29,1,66344.0,1,5.2,1,2,2,5,1,3.0,1,0,0
41,0,97082.0,1,49.4,2,0,2,9,1,1.0,1,0,0
44,1,142466.0,1,67.1,1,0,0,7,1,4.0,1,0,1
28,1,79449.0,2,33.2,2,2,3,4,1,1.0,0,0,0
31,1,78292.0,1,79.0,2,2,5,4,1,2.0,0,0,0
57,1,84229.0,1,48.8,1,2,4,9,0,2.0,1,0,0
62,0,107799.0,2,58.5,1,1,9,16,1,1.0,1,0,0
52,0,42155.0,1,50.8,3,1,0,4,1,5.0,1,0,1
36,0,75830.0,1,50.8,2,2,1,1,1,1.0,1,0,0
66,1,72270.0,1,5.0,1,0,6,3,1,1.0,1,0,0
37,0,90702.0,2,29.3,2,2,8,4,1,2.0,0,0,0
28,1,167185.0,2,67.1,2,2,2,12,1,2.0,1,0,1
59,0,85454.0,2,54.0,2,2,14,10,0,1.0,0,0,0
68,1,56168.0,1,18.5,1,1,6,6,0,4.0,1,1,0
28,0,74927.0,1,67.3,2,2,3,9,1,3.0,0,0,0
66,0,115809.0,2,37.4,1,1,7,5,1,5.0,0,0,1
47,0,79363.0,1,15.9,1,2,3,2,1,5.0,0,0,0
40,2,45431.0,2,47.1,2,2,14,14,0,5.0,1,0,0
49,0,118170.0,2,45.1,1,3,4,4,0,2.0,0,0,0
45,0,71018.0,1,25.1,1,2,6,6,1,1.0,0,0,0
32,1,58534.0,1,59.7,3,1,6,9,1,2.0,0,0,0
51,0,130815.0,2,53.1,3,1,5,11,1,2.0,1,0,1
27,0,79672.0,2,86.7,2,2,12,7,0,5.0,0,1,0
52,0,98064.0,2,44.3,4,1,10,14,0,3.0,0,0,0
69,2,147643.0,2,27.0,2,2,6,5,0,2.0,0,0,0
37,1,30000.0,2,59.8,3,2,11,9,1,1.0,1,0,0
52,1,49136.0,2,50.8,3,2,13,18,1,4.0,0,0,0
27,0,103281.0,1,17.1,2,1,1,2,1,5.0,0,0,0
56,1,106206.0,0,28.9,2,0,2,1,1,2.0,1,0,0
35,0,102773.0,0,34.1,2,2,1,0,1,4.0,1,0,1
27,1,60467.0,2,24.7,1,2,11,13,0,4.0,1,1,0
27,0,143947.0,2,45.8,3,1,14,14,0,5.0,1,0,1
45,0,101494.0,0,56.6,2,1,0,3,1,3.0,1,0,0
29,0,40065.0,1,21.9,2,1,2,7,1,3.0,0,0,0
40,0,82483.0,2,63.3,2,0,6,3,0,5.0,0,1,0
66,1,50716.0,1,16.8,2,1,2,3,1,2.0,1,0,0
52,1,32084.0,1,43.3,1,2,6,5,0,1.0,0,1,0
26,0,46345.0,2,22.9,2,2,3,16,1,3.0,1,0,0
32,1,127283.0,2,81.0,2,2,13,19,1,1.0,1,0,0
41,2,139464.0,1,73.1,3,0,3,3,1,4.0,0,0,0
48,0,66751.0,2,42.5,1,1,4,8,1,4.0,1,0,1
47,0,117572.0,0,57.1,1,2,2,3,1,4.0,1,0,1
36,0,56416.0,2,104.3,1,2,10,16,0,1.0,0,1,0
57,0,77007.0,1,37.7,1,0,2,9,1,4.0,1,0,0
42,0,106309.0,1,12.7,2,0,0,5,1,4.0,1,0,1
51,1,113038.0,1,12.0,1,2,4,3,1,3.0,0,0,0
29,1,67918.0,1,37.2,1,2,3,7,1,4.0,1,0,1
27,0,144851.0,1,8.9,2,2,4,4,1,2.0,0,0,0
65,1,74366.0,2,61.3,4,3,3,10,0,5.0,0,1,0
66,0,64097.0,1,41.75,1,1,6,9,1,4.0,0,0,0
44,0,87061.0,2,25.2,2,1,7,6,1,1.0,0,0,0
63,1,87833.0,2,47.9,2,1,3,6,0,2.0,1,1,0
66,0,93856.0,1,70.0,2,2,5,1,1,5.0,0,0,0
56,1,41379.0,2,55.2,2,2,8,12,1,4.0,0,0,0
58,0,138227.0,2,53.6,1,0,14,6,0,2.0,0,0,0
57,0,30000.0,0,56.6,2,2,0,3,1,3.0,1,0,0
52,0,79087.0,1,24.4,2,2,1,2,1,3.0,1,0,0
38,0,30000.0,1,37.1,2,1,7,5,1,3.0,0,0,0
64,0,101062.0,0,39.0,2,2,1,0,1,5.0,1,0,1
46,0,87953.0,2,26.8,2,2,13,4,0,3.0,0,0,0
63,2,80142.0,2,20.1,2,2,10,18,0,4.0,0,0,0
25,0,98495.0,2,56.8,2,3,7,10,0,4.0,0,0,0
26,0,97250.0,1,5.0,1,0,5,1,0,1.0,1,0,0
36,1,80186.0,1,47.2,3,1,3,8,1,1.0,0,0,0
33,1,87658.0,0,31.3,2,1,2,3,0,3.0,1,2,0
30,1,42518.0,1,83.7,1,0,1,4,1,1.0,1,0,0
30,1,84906.0,2,48.0,3,1,4,17,0,3.0,0,0,0
29,0,89877.0,2,36.1,1,3,2,7,1,2.0,1,0,0
55,1,85102.0,0,21.2,1,1,1,1,0,1.0,1,0,0
42,1,75544.0,2,31.7,1,2,9,16,0,4.0,0,0,0
60,1,110640.0,2,24.4,2,1,12,14,0,1.0,1,0,1
25,0,61845.0,0,38.7,4,3,0,2,0,2.0,0,2,0
48,1,83633.0,0,81.5,4,1,0,1,1,5.0,1,0,1
33,1,52615.0,1,70.1,4,1,1,3,1,3.0,1,0,0
65,1,94032.0,1,95.5,1,2,4,8,0,1.0,0,2,0
39,1,139318.0,2,5.0,1,2,5,3,1,5.0,0,0,0
32,1,107330.0,2,59.0,2,2,9,9,1,3.0,0,0,0
57,0,83953.0,1,64.6,1,2,0,3,1,1.0,1,0,0
57,1,74382.0,1,72.2,1,0,4,3,1,1.0,0,0,0
63,1,87504.0,2,19.5,2,2,2,15,0,2.0,1,0,0
41,0,57450.0,1,45.8,3,2,0,8,0,2.0,1,0,0
31,0,64788.0,1,33.9,2,3,5,9,1,3.0,1,0,0
43,0,150235.0,2,38.0,1,1,5,10,0,3.0,0,0,1
28,1,70387.0,1,37.1,1,1,3,4,0,3.0,0,1,0
43,1,85512.0,2,24.6,2,1,10,14,1,4.0,1,0,1
67,0,103219.0,1,41.8,2,2,3,5,1,2.0,0,0,0
60,1,41018.0,1,32.5,1,1,2,1,1,5.0,0,0,0
55,1,52411.0,2,71.0,3,1,11,13,0,2.0,1,0,0
53,1,88795.0,2,26.8,2,2,3,9,0,5.0,0,0,0
34,0,64019.0,0,53.3,1,1,1,0,1,3.0,1,0,0
69,1,104546.0,0,77.8,3,1,1,3,0,3.0,0,2,0
37,1,30000.0,2,31.0,2,3,12,14,0,3.0,1,0,0
52,0,108147.0,2,24.7,1,2,6,9,1,4.0,0,0,0
29,0,78122.0,2,45.7,1,2,8,15,0,3.0,1,0,0
43,0,65211.0,1,22.9,2,1,7,7,0,2.0,0,0,0
68,1,67118.0,2,49.6,1,3,11,18,0,1.0,1,0,0
62,1,105863.0,0,26.8,4,2,0,0,0,2.0,1,1,0
66,1,30000.0,2,36.9,1,2,6,8,0,2.0,1,1,0
45,0,110100.0,2,56.0,3,2,4,12,1,3.0,0,0,0
40,1,124146.0,2,61.4,2,2,10,8,0,4.0,0,0,0
57,1,141358.0,2,87.0,3,2,11,10,0,3.0,1,0,1
59,1,85040.0,1,7.3,1,1,3,4,1,5.0,1,0,0
64,1,71259.0,2,34.6,1,3,2,4,0,1.0,0,1,0
44,0,101882.0,0,5.0,2,2,2,1,0,2.0,1,0,0
47,1,30000.0,0,24.0,3,3,0,0,1,1.0,1,0,0
65,1,84287.0,2,39.7,2,0,13,16,0,5.0,1,0,1
54,0,67839.0,2,6.6,2,2,13,14,1,1.0,1,0,0
61,0,57433.0,1,23.6,3,1,6,9,1,1.0,1,0,0
50,0,157600.0,1,50.4,3,1,0,3,1,1.0,1,0,0
25,0,107731.0,1,39.15,1,1,4,9,1,1.0,1,0,1
60,1,30000.0,1,60.8,1,2,5,4,1,3.0,1,0,0
56,0,128183.0,2,23.9,3,0,9,7,1,5.0,1,0,1
49,0,101411.0,1,61.9,3,0,4,4,0,1.0,0,1,0
66,0,110725.0,0,28.9,3,0,0,3,1,5.0,1,0,1
55,1,111355.0,1,17.3,2,2,5,3,1,4.0,0,0,0
69,0,61726.0,1,50.5,1,1,3,7,1,2.0,1,0,0
43,0,65925.0,1,11.1,3,1,3,9,0,2.0,0,0,0
67,0,137301.0,2,52.5,1,2,5,19,0,3.0,0,0,0
67,0,84440.0,2,59.6,3,2,5,13,1,2.0,1,0,0
27,2,115709.0,1,32.0,1,1,3,3,0,1.0,1,2,0
66,1,62118.0,1,70.5,1,1,0,4,1,4.0,1,0,1
35,1,69396.0,2,47.8,1,0,11,10,0,5.0,0,0,0
48,0,78124.0,1,32.9,1,0,7,2,0,2.0,0,0,0
38,0,56563.0,0,39.4,2,3,0,0,1,4.0,0,0,0
51,1,128352.0,2,76.7,1,2,13,5,0,3.0,1,1,0
35,1,123268.0,2,6.9,2,1,7,3,0,5.0,0,0,0
61,1,73808.0,2,5.6,2,2,4,15,0,1.0,1,0,0
42,0,109475.0,0,5.0,1,1,2,2,1,1.0,1,0,0
29,0,86306.0,1,34.7,3,1,0,9,1,5.0,1,0,1
61,1,72421.0,2,37.5,1,0,11,9,1,3.0,0,0,0
25,1,58555.0,0,71.9,2,1,1,0,1,1.0,1,0,0
28,0,72804.0,1,40.2,3,3,1,8,1,3.0,1,0,0
54,1,84287.0,1,22.2,2,1,4,3,1,5.0,1,0,0
27,1,56509.0,0,27.8,1,2,0,2,1,1.0,0,0,0
55,1,118089.0,2,5.0,3,1,6,12,1,4.0,0,0,0
55,1,116889.0,2,106.0,1,1,3,4,0,4.0,0,2,0
41,2,122303.0,2,37.7,4,2,7,14,0,4.0,1,1,0
31,1,37639.0,1,88.0,1,2,3,1,1,2.0,1,0,0
40,1,108883.0,1,38.6,2,3,4,5,1,1.0,1,0,0
61,1,109917.0,1,75.8,3,2,6,3,1,4.0,0,0,0
58,0,97379.0,1,42.7,2,1,1,4,1,3.0,1,0,1
63,1,90950.0,2,23.4,1,0,9,19,0,5.0,1,0,1
37,1,81271.0,2,45.6,2,2,11,13,1,3.0,0,0,0
50,1,113232.0,1,27.7,1,1,5,1,1,4.0,0,0,0
54,0,105194.0,0,31.4,2,2,2,1,1,4.0,1,0,0
32,0,99914.0,2,13.3,2,1,5,7,0,1.0,1,0,0
52,0,93232.0,2,61.2,1,3,12,14,0,1.0,1,0,0
42,0,69726.0,1,36.5,1,2,1,1,0,3.0,0,2,0
69,1,79524.0,1,56.5,2,1,7,3,1,5.0,1,0,1
38,1,30000.0,2,43.2,1,1,2,10,1,5.0,1,0,1
50,0,104179.0,1,15.5,1,0,3,6,1,2.0,0,0,0
49,0,92697.0,2,43.4,2,2,8,13,0,3.0,1,0,0
47,0,90669.0,1,50.9,3,2,7,9,1,2.0,0,0,0
29,1,63985.0,1,10.1,1,1,1,6,1,3.0,1,0,1
29,0,76452.0,1,5.0,2,3,4,2,1,3.0,1,0,0
35,0,121232.0,2,9.5,1,1,9,16,1,5.0,1,0,1
34,0,41026.0,2,68.7,2,1,7,15,0,5.0,0,0,0
65,1,34781.0,1,60.2,2,1,5,1,1,5.0,0,0,0
41,1,78571.0,2,52.2,1,2,5,6,1,3.0,0,0,0
57,0,59262.0,0,56.0,1,3,1,3,1,5.0,1,0,0
67,0,84287.0,2,66.2,2,1,10,15,0,2.0,0,1,0
67,2,81110.0,0,32.6,2,3,0,1,1,3.0,1,0,0
49,1,98725.0,2,39.8,1,2,3,12,0,5.0,1,0,1
60,1,30000.0,2,19.5,1,1,6,16,1,4.0,0,0,0
52,1,140649.0,1,49.5,3,3,3,2,0,4.0,1,1,1
48,0,91813.0,2,35.3,1,1,7,17,0,3.0,0,0,0
29,1,75255.0,2,46.9,1,1,4,8,0,4.0,0,0,0
36,0,91446.0,0,76.9,3,2,0,1,0,1.0,1,2,0
51,1,65823.0,2,18.9,2,0,5,12,0,2.0,0,0,0
59,1,118481.0,1,45.1,4,2,4,4,1,4.0,0,0,0
53,1,151014.0,2,37.5,1,1,10,13,0,1.0,1,0,0
42,0,109719.0,1,55.4,1,1,3,4,1,3.0,1,0,1
57,1,127899.0,2,5.0,1,3,2,14,1,2.0,0,0,0
29,0,69435.0,1,79.1,1,0,2,9,1,5.0,0,0,0
42,0,83363.0,2,28.4,2,2,3,19,0,1.0,0,0,0
51,1,34515.0,1,59.8,1,0,3,7,1,2.0,0,0,0
39,1,42588.0,2,25.3,1,2,3,19,0,5.0,1,0,0
35,1,60770.0,2,52.2,1,1,6,12,0,4.0,1,0,0
49,0,57432.0,2,73.5,3,3,8,15,1,3.0,0,0,0
43,1,75370.0,2,63.9,1,1,5,19,0,1.0,1,0,0
40,1,117097.0,2,43.3,1,1,11,6,0,2.0,1,1,0
51,0,81771.0,2,63.7,1,2,4,3,1,5.0,1,0,1
28,1,117267.0,2,28.3,2,1,6,3,1,1.0,1,0,0
42,0,32578.0,1,23.5,2,2,6,9,1,1.0,1,0,0
45,1,174000.0,2,62.0,1,2,5,4,1,1.0,1,0,1
28,1,78074.0,2,79.0,2,2,14,3,0,1.0,1,2,0
69,1,93084.0,1,5.0,1,1,1,2,1,4.0,1,0,1
52,1,124296.0,2,41.4,2,2,10,11,1,3.0,1,0,1
41,0,93314.0,1,61.6,1,1,1,7,1,1.0,1,0,1
34,0,61973.0,0,16.2,3,2,2,2,1,3.0,1,0,0
51,1,101113.0,1,11.3,3,2,1,8,1,3.0,1,0,1
64,1,30000.0,1,43.7,1,1,0,6,1,3.0,1,0,0
56,1,111033.0,2,42.7,1,2,3,19,1,4.0,1,0,1
57,1,68930.0,2,54.9,3,0,3,7,0,3.0,1,1,0
26,0,137733.0,1,50.4,1,1,4,9,1,3.0,1,0,1
42,0,42027.0,1,24.4,1,0,3,6,1,2.0,1,0,0
47,1,80437.0,0,38.6,1,1,2,0,1,5.0,0,0,0
48,0,103351.0,0,70.7,1,1,2,2,0,3.0,0,1,0
47,1,81876.0,1,75.9,2,1,0,1,1,3.0,1,1,0
48,1,69022.0,0,41.2,4,2,2,2,1,1.0,0,0,0
42,1,89543.0,1,5.0,1,0,2,4,1,2.0,1,0,0
50,0,127633.0,2,40.7,3,2,5,4,1,1.0,0,0,0
51,0,57974.0,0,27.1,3,0,1,3,1,3.0,1,0,0
67,1,37942.0,2,15.0,2,1,3,5,0,3.0,1,0,0
64,0,70922.0,0,49.1,3,1,1,3,1,5.0,1,0,1
25,0,57308.0,1,70.1,1,0,6,5,1,1.0,0,0,0
36,1,78447.0,2,66.0,2,2,6,11,0,3.0,0,1,0
41,1,109797.0,2,55.1,1,0,3,10,1,1.0,1,0,0
35,1,121716.0,1,56.9,2,0,7,6,1,5.0,0,0,1
27,1,61366.0,2,58.1,2,1,8,3,0,1.0,1,1,0
54,1,103507.0,2,25.0,2,1,7,8,1,3.0,0,0,0
52,1,43011.0,2,49.0,4,0,7,12,0,1.0,0,0,0
66,1,97980.0,2,31.5,2,2,11,19,0,5.0,0,0,0
27,2,87070.0,2,23.3,3,2,3,8,0,4.0,1,0,0
51,1,101793.0,0,10.2,1,1,2,0,1,3.0,1,0,0
61,1,53776.0,2,45.7,1,3,4,14,1,5.0,0,0,1
69,1,73212.0,1,54.2,2,1,7,8,1,4.0,1,0,0
35,1,131181.0,1,65.5,4,2,1,1,1,4.0,1,0,1
47,1,76366.0,2,24.4,1,0,6,7,1,2.0,1,0,0
65,1,93585.0,1,39.5,2,1,0,8,1,5.0,0,0,0
44,0,82670.0,0,27.9,3,2,2,1,1,3.0,1,0,0
46,1,75512.0,1,49.7,2,0,4,9,0,1.0,1,1,0
41,1,163926.0,2,13.2,3,1,12,6,0,2.0,0,0,0
45,1,90830.0,1,23.6,2,0,1,5,1,5.0,1,0,1
59,1,98546.0,2,21.2,1,2,3,5,0,5.0,1,0,1
27,0,120287.0,1,53.7,2,2,3,4,1,4.0,0,0,0
67,1,61175.0,2,64.3,3,3,2,4,1,5.0,1,0,0
45,1,102429.0,2,37.4,2,2,4,7,1,5.0,0,0,0
41,1,130030.0,1,31.0,1,1,0,4,1,4.0,0,0,0
66,0,69804.0,1,28.2,4,2,2,2,1,1.0,0,0,0
51,1,141069.0,1,34.5,2,2,5,5,1,2.0,1,0,0
69,1,75980.0,1,8.7,2,2,7,7,1,3.0,0,0,0
27,1,51583.0,2,15.7,3,1,9,3,0,5.0,0,1,0
28,1,105539.0,1,53.1,1,1,7,6,0,3.0,1,1,0
47,1,63889.0,0,20.9,2,1,0,3,1,2.0,0,0,0
45,1,52997.0,2,67.4,4,0,11,9,0,1.0,1,1,0
28,0,143206.0,1,47.4,2,2,4,5,1,5.0,1,0,1
65,1,30000.0,2,42.6,3,1,7,7,1,2.0,1,0,0
51,1,30000.0,2,55.7,1,0,14,5,1,1.0,1,0,0
32,0,74898.0,0,34.6,3,2,1,2,1,2.0,0,0,0
69,0,124429.0,2,30.9,1,3,2,6,1,3.0,0,0,0
57,0,89948.0,0,40.2,3,0,1,3,1,2.0,0,0,0
53,1,119892.0,1,15.9,1,2,4,8,1,1.0,0,0,0
42,0,119963.0,1,35.0,2,1,0,5,1,5.0,0,0,0
33,0,117631.0,1,41.0,1,1,0,5,1,3.0,1,0,0
43,1,30000.0,1,18.4,4,1,7,7,1,5.0,0,0,0
63,1,77400.0,1,35.75,2,1,4,8,1,2.0,0,0,0
62,1,126595.0,1,58.6,2,1,2,7,1,2.0,1,0,0
32,0,80054.0,0,79.7,1,1,1,1,1,5.0,1,0,1
63,1,126994.0,2,13.6,3,2,4,6,1,4.0,1,0,1
34,1,106635.0,1,50.8,2,2,2,7,1,4.0,1,0,1
39,1,47973.0,2,42.6,2,2,14,7,0,1.0,0,0,0
44,0,104262.0,2,68.3,2,2,4,10,0,5.0,0,1,0
25,1,94282.0,2,24.5,3,0,10,4,0,5.0,1,1,0
30,1,30000.0,1,28.8,1,1,6,5,1,1.0,0,0,0
49,1,123852.0,1,24.5,2,1,7,7,1,5.0,1,0,0
47,1,40100.0,0,15.7,1,1,1,3,1,5.0,0,0,0
61,1,163870.0,1,22.3,1,3,1,6,1,4.0,1,0,1
64,1,51561.0,1,53.5,2,1,0,2,1,2.0,0,0,0
58,0,138387.0,2,31.5,1,0,4,12,1,1.0,1,0,1
68,1,30000.0,2,25.8,2,2,11,15,0,2.0,0,0,0
39,1,111622.0,2,77.0,2,3,11,11,1,1.0,1,0,0
68,1,147529.0,0,61.5,1,3,0,3,1,5.0,0,0,0
41,1,135478.0,2,45.0,1,1,3,14,0,2.0,1,0,0
37,1,85878.0,0,19.8,2,0,2,0,1,4.0,1,0,0
45,1,50799.0,0,30.1,4,2,0,1,1,3.0,1,0,0
43,0,88339.0,2,38.5,2,1,13,19,1,4.0,1,0,0
64,0,35410.0,2,24.7,1,2,9,15,1,1.0,1,0,0
29,1,89299.0,2,42.4,1,2,8,19,0,4.0,1,0,0
43,1,76268.0,0,5.0,1,2,1,2,1,5.0,1,0,0
36,1,99187.0,0,5.0,4,1,2,1,0,3.0,0,0,0
49,1,105631.0,1,10.2,3,0,6,6,1,3.0,0,0,0
27,0,55535.0,2,29.9,1,3,12,13,0,3.0,1,0,1
30,1,94338.0,1,52.7,2,1,4,6,1,4.0,1,0,0
36,0,115941.0,2,32.3,2,3,11,6,0,1.0,0,1,0
66,1,108126.0,2,29.8,1,1,6,10,0,4.0,1,0,0
68,0,84287.0,2,5.0,2,2,6,3,0,3.0,0,1,0
69,0,99102.0,2,61.9,2,0,8,18,1,3.0,1,0,1
61,1,79524.0,2,41.05,1,2,10,19,1,5.0,1,0,1
45,0,90667.0,2,71.5,3,2,14,14,1,3.0,1,0,0
58,1,123466.0,2,37.0,1,2,7,5,0,4.0,1,1,0
29,0,81304.0,2,60.4,1,2,6,13,0,5.0,0,1,0
40,1,75573.0,2,5.0,2,2,13,7,0,4.0,1,0,0
45,1,53253.0,2,13.2,1,2,10,12,1,2.0,1,0,0
46,0,74071.0,1,5.0,2,1,3,9,1,2.0,1,0,0
47,0,94589.0,2,44.0,1,2,8,19,1,3.0,1,0,0
57,0,121085.0,2,25.3,3,1,7,15,0,2.0,1,0,0
58,1,63808.0,2,83.2,1,0,11,9,1,4.0,0,0,0
43,1,44133.0,2,54.0,3,2,6,9,1,5.0,1,0,0
64,1,53658.0,2,32.3,2,0,9,14,0,5.0,1,0,1
43,0,85800.0,0,86.1,1,2,2,3,1,5.0,1,0,0
46,0,87305.0,1,21.7,2,2,2,7,1,2.0,1,0,0
47,1,125012.0,2,47.0,2,1,13,14,0,3.0,1,0,0
45,0,120772.0,2,66.8,2,1,6,10,0,5.0,0,1,0
66,0,101019.0,2,36.7,2,3,3,12,0,5.0,1,0,1
35,1,66172.0,1,48.5,1,2,7,4,1,3.0,0,0,0
32,1,48894.0,2,33.0,1,3,4,18,1,3.0,0,0,0
57,0,89170.0,0,76.3,2,1,2,2,1,5.0,1,0,1
50,1,87848.0,1,7.9,1,2,6,1,1,4.0,1,0,0
65,1,70011.0,0,22.9,2,3,1,0,1,4.0,0,0,1
34,0,78402.0,0,23.1,2,3,2,3,1,4.0,1,0,1
35,1,65624.0,1,50.5,1,1,1,7,0,5.0,0,1,0
43,0,30000.0,2,44.0,1,2,9,4,0,5.0,1,1,0
66,1,63750.0,0,26.5,1,1,0,0,1,4.0,1,0,0
49,1,111391.0,2,5.0,2,3,4,11,1,2.0,1,0,0
55,2,99189.0,1,50.7,1,2,3,1,1,3.0,1,0,0
42,1,102049.0,2,70.5,2,2,2,4,0,3.0,1,2,0
55,1,30000.0,2,57.0,3,2,6,11,1,2.0,1,0,0
36,1,30000.0,0,55.3,3,3,1,1,1,5.0,0,0,0
55,0,131056.0,2,51.3,2,2,10,5,1,1.0,0,0,0
52,0,30000.0,1,90.4,1,2,7,9,1,1.0,0,0,0
62,1,55303.0,1,38.1,2,0,3,2,1,4.0,1,0,0
45,1,81438.0,2,6.1,2,2,9,11,0,5.0,1,0,0
39,0,146064.0,0,13.1,2,1,2,1,1,1.0,0,0,0
28,1,111534.0,1,50.1,3,3,7,4,0,5.0,1,0,1
25,1,80680.0,1,38.8,4,3,0,1,1,5.0,0,0,0
63,0,41501.0,2,30.1,2,3,12,7,1,3.0,1,0,0
27,1,117587.0,1,13.0,2,3,6,6,1,4.0,1,0,1
46,0,64731.0,2,62.6,4,2,14,5,0,5.0,1,1,1
54,0,74804.0,1,5.0,1,1,5,8,0,5.0,1,0,1
35,1,121415.0,2,66.6,2,2,5,8,1,3.0,0,0,0
33,0,74776.0,1,36.1,1,1,7,6,1,1.0,1,0,0
64,1,89189.0,1,46.4,1,3,1,5,0,1.0,1,1,0
39,0,174000.0,0,17.4,1,3,2,1,1,3.0,1,0,1
59,0,81966.0,1,38.3,1,1,0,9,1,4.0,0,0,0
27,0,118431.0,1,49.1,4,2,3,7,1,1.0,1,0,1
36,1,112179.0,2,30.0,2,1,13,15,0,3.0,0,0,0
46,0,84758.0,2,14.2,1,2,14,6,1,1.0,1,0,0
49,1,93452.0,2,28.7,1,2,3,10,1,4.0,0,0,0
31,1,62066.0,2,27.5,1,2,12,11,1,1.0,1,0,0
58,0,85208.0,1,20.9,2,2,7,3,1,4.0,1,0,1
67,1,118610.0,1,34.4,2,2,4,7,1,4.0,0,0,0
68,1,75613.0,0,11.4,4,2,0,1,1,5.0,1,0,1
55,0,95730.0,2,48.0,2,1,7,16,0,5.0,1,1,1
26,0,34716.0,1,83.9,1,2,1,3,1,3.0,1,1,0
44,0,71167.0,2,30.3,2,1,10,8,1,2.0,1,0,1
43,1,92031.0,2,48.4,3,1,10,19,0,5.0,0,0,0
56,1,97937.0,2,47.2,2,1,8,13,1,4.0,1,0,1
35,1,132749.0,1,5.0,1,1,7,5,1,2.0,0,0,0
59,1,97011.0,2,64.4,2,1,5,14,0,4.0,0,0,0
35,1,122389.0,1,71.8,1,2,1,6,0,1.0,0,1,0
36,1,93921.0,2,37.1,2,1,8,4,1,3.0,1,0,0
25,1,62225.0,2,35.8,1,1,13,8,0,4.0,1,0,0
30,1,129737.0,2,40.9,2,2,14,11,1,2.0,0,0,0
57,0,54224.0,1,79.4,2,1,7,2,1,4.0,0,0,0
69,1,122344.0,2,8.0,2,0,12,4,0,1.0,0,0,0
49,1,121786.0,2,41.2,2,2,8,12,0,2.0,1,1,0
58,1,30000.0,1,5.1,1,2,1,6,0,4.0,1,1,0
47,0,119882.0,2,51.1,1,1,2,13,0,4.0,1,1,1
49,0,110302.0,1,48.7,1,0,4,7,1,4.0,0,0,0
51,0,56766.0,0,43.4,2,3,2,0,1,5.0,0,0,0
65,1,119545.0,2,49.4,1,1,6,17,1,4.0,0,0,0
33,1,82870.0,2,97.9,2,2,13,7,0,3.0,0,0,0
53,0,160395.0,1,5.0,1,3,6,4,1,3.0,1,0,1
31,1,99424.0,1,41.7,3,2,6,4,0,5.0,1,1,0
27,2,122934.0,2,5.0,3,3,11,3,0,5.0,1,0,0
50,0,71019.0,0,28.6,2,1,2,0,1,3.0,1,0,0
41,0,93919.0,1,41.4,1,2,1,1,1,2.0,1,0,0
49,1,119449.0,1,6.1,2,1,5,4,1,1.0,1,0,0
28,0,61405.0,2,42.1,1,2,4,3,0,3.0,1,1,0
56,1,81956.0,2,5.0,1,1,9,12,1,2.0,1,0,0
49,1,40487.0,1,52.6,3,0,4,7,0,4.0,1,1,1
42,0,40212.0,1,35.0,3,3,7,2,0,1.0,1,0,0
36,1,114956.0,0,5.0,1,1,2,2,1,1.0,0,0,0
44,1,87823.0,0,104.6,1,0,2,2,1,3.0,1,0,0
63,2,54198.0,2,7.1,1,3,14,7,1,3.0,0,0,0
54,1,112484.0,0,29.4,2,2,2,1,1,2.0,0,0,0
66,1,77162.0,0,14.9,1,1,0,0,1,3.0,1,0,0
67,0,30000.0,1,5.0,3,0,2,2,1,1.0,0,0,0
46,1,95299.0,1,76.2,1,0,4,8,0,5.0,1,1,1
62,0,98147.0,1,62.5,1,3,7,8,1,1.0,1,0,0
38,0,54001.0,0,71.2,2,2,1,3,0,2.0,0,1,0
51,1,54721.0,0,27.6,3,2,1,2,1,5.0,1,0,1
60,1,96488.0,2,33.8,3,2,9,19,0,3.0,1,0,0
45,0,84287.0,2,89.0,2,2,5,6,0,3.0,0,1,0
39,0,77897.0,1,86.1,3,3,4,5,1,2.0,0,0,0
48,0,99512.0,1,72.9,1,2,7,6,1,2.0,1,0,0
48,0,82440.0,1,70.5,1,2,6,6,1,1.0,1,0,0
51,0,119750.0,2,35.7,3,2,10,3,0,1.0,1,0,0
64,1,124712.0,0,36.9,1,2,1,0,1,5.0,1,0,1
49,1,106268.0,2,28.0,1,1,10,9,1,4.0,0,0,0
65,0,143987.0,2,46.6,1,1,7,17,0,2.0,1,0,0
41,0,30000.0,2,58.6,4,1,3,12,0,5.0,0,1,0
59,0,92411.0,1,34.6,3,3,7,8,1,3.0,1,0,0
66,1,117502.0,0,88.9,1,2,1,3,1,2.0,0,0,0
67,1,92277.0,1,28.2,2,3,4,3,1,4.0,1,0,0
56,0,75069.0,2,51.1,2,2,10,19,0,4.0,1,0,1
36,0,100627.0,2,52.4,2,0,14,13,1,3.0,1,0,0
29,1,103587.0,2,96.0,2,1,2,7,0,2.0,1,2,0
53,1,96759.0,2,5.0,2,0,3,6,0,1.0,0,1,0
29,1,128123.0,1,5.0,2,1,1,8,0,5.0,0,0,0
32,1,91684.0,2,7.0,2,1,6,19,1,5.0,0,0,0
37,1,91883.0,1,18.8,3,2,2,7,0,1.0,0,1,0
68,0,148255.0,2,18.6,1,2,8,12,0,4.0,1,0,1
33,1,104558.0,2,48.3,1,1,6,19,0,3.0,1,0,1
31,1,158001.0,1,29.4,1,2,0,3,0,1.0,1,1,0
35,1,113072.0,2,56.1,2,2,2,5,0,3.0,0,1,0
47,0,76018.0,1,64.3,1,1,4,1,1,1.0,0,0,0
62,1,85517.0,2,17.7,2,2,10,16,0,4.0,0,0,0
44,1,94495.0,2,47.3,4,1,7,14,1,1.0,1,0,0
43,1,54825.0,1,14.4,2,2,3,6,1,2.0,0,0,0
30,0,109783.0,1,83.2,3,2,1,4,0,3.0,0,2,0
60,1,30000.0,1,89.4,2,3,4,7,1,4.0,1,0,0
67,1,149582.0,2,12.5,1,0,10,5,0,3.0,0,0,0
45,0,123921.0,2,5.0,1,2,14,8,0,1.0,1,0,0
28,1,106219.0,2,44.4,3,2,2,19,1,2.0,0,0,0
25,0,93066.0,2,68.0,2,2,9,14,1,4.0,0,0,0
57,0,96061.0,1,72.2,2,2,6,9,1,5.0,0,0,0
30,0,96601.0,1,71.3,2,2,6,8,1,2.0,1,0,0
29,1,92134.0,0,36.2,4,1,1,1,1,3.0,1,0,0
40,1,109448.0,0,51.0,2,2,0,2,1,5.0,1,0,0
51,0,105911.0,1,79.7,3,2,6,8,1,4.0,1,0,1
63,1,92155.0,0,29.6,2,1,2,2,1,4.0,1,0,1
36,1,92897.0,2,5.0,3,2,11,5,0,1.0,1,0,0
57,0,67245.0,1,26.9,2,1,7,9,1,3.0,0,0,0
55,1,78511.0,1,47.0,1,2,3,7,1,3.0,1,0,0
53,1,89832.0,0,33.8,2,3,1,1,1,1.0,1,0,0
27,1,72005.0,1,91.6,2,1,5,1,0,3.0,0,1,0
64,1,139859.0,2,60.4,4,3,5,3,1,1.0,0,0,0
26,1,117090.0,1,48.3,2,2,7,1,1,1.0,1,0,0
68,0,94906.0,2,29.8,1,3,9,15,0,2.0,1,0,0
32,1,34051.0,2,24.5,1,1,9,4,1,5.0,0,0,0
55,2,93989.0,0,48.8,1,2,0,2,1,3.0,0,0,0
41,1,46515.0,2,29.0,2,0,6,10,0,3.0,0,1,0
51,1,90554.0,2,37.25,2,1,13,11,1,5.0,1,0,1
43,0,122864.0,1,51.2,1,1,1,9,1,5.0,0,0,1
35,0,90519.0,1,26.8,2,2,2,5,1,1.0,0,0,0
27,1,84287.0,2,5.0,2,2,11,7,0,1.0,1,0,0
40,1,84337.0,2,52.2,2,1,3,12,1,3.0,0,0,0
35,0,156183.0,2,41.0,3,2,11,19,0,2.0,1,0,0
34,0,137282.0,1,22.9,1,3,4,2,1,5.0,0,0,0
69,0,91548.0,1,32.8,1,3,2,8,0,4.0,1,1,0
51,0,85019.0,1,17.1,2,0,4,6,1,5.0,1,0,1
33,1,93678.0,2,46.7,2,1,14,11,0,2.0,1,0,0
58,1,30000.0,2,48.3,1,1,4,11,1,2.0,0,0,0
54,1,70386.0,1,66.3,2,0,7,3,1,3.0,1,0,1
47,1,55035.0,2,5.0,2,1,4,17,0,3.0,1,0,0
26,1,88178.0,0,76.4,2,2,2,3,1,5.0,0,0,0
28,1,119002.0,0,71.1,1,2,1,3,1,1.0,0,0,0
26,0,49568.0,1,33.7,4,1,5,6,1,5.0,0,0,0
27,0,69047.0,1,52.1,1,3,6,8,0,1.0,1,0,0
54,0,101563.0,2,35.3,2,1,5,4,1,3.0,0,0,0
46,0,90284.0,1,38.8,1,2,1,3,1,5.0,1,0,1
40,0,130001.0,2,65.4,1,2,13,10,1,5.0,1,0,1
27,0,73250.0,2,32.5,2,2,7,5,0,2.0,0,0,0
56,0,88627.0,2,23.4,2,1,4,5,0,3.0,0,2,0
68,1,149088.0,1,23.1,2,1,3,4,1,3.0,0,0,0
36,1,107154.0,2,35.4,2,1,11,17,1,1.0,1,0,0
28,1,59275.0,1,46.8,3,1,6,9,1,4.0,1,0,0
58,2,92355.0,1,59.1,1,2,0,5,1,3.0,0,0,0
35,1,119665.0,2,31.8,2,0,13,15,0,1.0,0,0,0
36,1,61121.0,2,69.4,1,3,14,14,0,3.0,1,1,0
49,0,39976.0,2,40.0,2,1,8,8,0,3.0,1,1,0
28,1,78727.0,2,67.9,1,1,13,13,1,5.0,1,0,1
45,0,73023.0,1,18.3,2,1,7,2,1,1.0,1,0,0
63,1,65678.0,0,47.0,1,0,2,3,1,4.0,1,0,0
26,1,30000.0,2,49.2,1,2,6,13,0,5.0,0,0,0
68,0,104154.0,2,34.4,2,0,6,16,0,4.0,0,0,0
51,1,63398.0,2,7.3,1,2,4,7,1,3.0,1,0,0
56,0,55879.0,0,5.0,1,1,2,3,1,2.0,0,0,0
36,1,84287.0,1,5.0,2,2,6,6,1,4.0,0,0,0
66,1,104075.0,2,83.9,2,2,8,5,1,5.0,1,0,0
25,0,83533.0,2,71.3,1,2,7,15,0,2.0,1,0,0
66,1,53674.0,1,82.7,3,0,2,5,1,1.0,1,0,0
67,0,30000.0,0,88.8,1,2,1,3,1,1.0,0,1,0
48,1,138167.0,2,10.0,1,1,7,5,0,5.0,0,1,0
60,1,90149.0,2,7.0,1,1,6,14,1,2.0,0,0,0
39,0,82998.0,1,5.0,3,3,7,5,0,4.0,0,0,0
34,1,114667.0,1,59.6,3,0,2,4,1,2.0,1,0,1
69,0,102368.0,2,17.0,1,3,7,17,0,1.0,0,0,0
52,1,30000.0,2,40.1,2,2,11,17,0,3.0,1,0,0
26,2,33647.0,0,58.2,2,1,2,3,0,5.0,1,0,1
61,1,132871.0,2,62.1,2,0,14,15,1,1.0,0,0,0
63,1,48731.0,2,5.1,2,2,5,14,1,5.0,1,0,1
49,0,119765.0,2,27.0,2,2,11,4,0,3.0,0,0,0
52,1,30000.0,2,20.9,2,2,10,14,0,1.0,0,0,0
63,1,70185.0,2,50.4,1,2,11,3,0,3.0,0,1,0
37,1,133551.0,0,46.6,2,1,0,0,1,1.0,0,0,0
26,1,110132.0,0,32.7,1,1,2,3,1,1.0,1,0,0
38,1,107706.0,1,72.4,2,2,5,4,1,2.0,0,0,0
39,2,32334.0,1,57.1,1,2,2,7,1,3.0,1,0,0
31,1,30000.0,2,53.3,4,0,13,16,1,1.0,1,0,0
43,0,139891.0,1,63.4,1,2,5,8,1,5.0,0,0,0
42,1,49005.0,2,52.2,2,0,10,5,1,1.0,1,0,0
62,1,131029.0,1,12.1,4,2,0,4,0,5.0,0,1,0
42,1,124469.0,2,42.0,2,1,9,10,0,2.0,0,0,0
34,1,40299.0,2,39.6,4,0,12,18,0,4.0,1,0,0
43,0,103838.0,2,5.0,1,1,8,10,0,4.0,1,0,0
32,0,49172.0,2,28.5,1,0,3,14,1,1.0,1,0,0
57,1,49828.0,2,46.5,2,2,6,16,0,1.0,1,0,0
28,1,97909.0,2,28.1,2,1,3,12,1,1.0,1,0,0
34,1,50003.0,2,37.6,1,3,3,18,0,1.0,1,0,0
32,0,55918.0,0,49.1,1,1,2,1,1,1.0,1,0,0
66,1,83198.0,1,36.8,2,2,7,3,1,1.0,0,0,0
51,0,127674.0,1,21.8,2,2,0,4,1,2.0,0,0,0
66,1,57898.0,2,18.8,2,1,14,17,0,3.0,1,0,0
64,0,128992.0,2,67.4,1,3,7,5,0,4.0,0,0,0
63,0,107950.0,1,50.3,3,2,4,7,1,4.0,0,0,0
53,1,88807.0,1,29.6,1,0,2,6,1,4.0,1,0,0
48,1,78493.0,2,24.2,3,1,4,6,0,5.0,1,1,0
65,0,88877.0,2,47.5,1,2,13,6,0,4.0,1,1,0
51,0,50093.0,1,29.4,1,1,3,7,1,5.0,1,0,1
59,1,127077.0,2,66.1,1,1,13,16,0,2.0,1,0,0
61,1,59709.0,2,47.0,2,3,8,10,0,3.0,1,0,0
54,1,50839.0,0,5.0,1,0,2,3,1,5.0,1,0,1
64,0,106274.0,2,52.1,2,1,8,14,1,3.0,0,0,0
56,1,119719.0,0,5.0,1,2,0,3,1,2.0,1,0,0
26,2,49056.0,2,5.0,3,3,3,14,0,4.0,1,0,0
65,2,58338.0,1,70.0,2,2,2,1,1,1.0,1,0,0
62,0,99663.0,2,32.0,2,1,6,15,0,2.0,1,0,1
59,1,96146.0,0,27.1,2,1,1,1,1,4.0,0,0,0
46,1,68533.0,2,66.6,1,1,6,12,0,4.0,0,1,0
52,0,65766.0,0,5.0,2,0,1,0,1,3.0,0,0,0
61,0,30000.0,1,41.7,2,2,0,5,1,3.0,1,0,0
25,1,79116.0,1,23.8,2,2,3,5,1,1.0,1,0,0
59,0,103482.0,0,44.2,1,2,0,1,1,1.0,1,1,0
42,0,78915.0,1,68.5,3,1,5,5,1,4.0,1,0,1
46,1,152366.0,0,33.6,1,2,0,2,1,4.0,1,0,1
27,0,56935.0,1,14.3,4,0,5,8,0,2.0,0,0,0
48,0,111707.0,1,33.0,2,1,3,7,1,5.0,0,0,0
55,1,99806.0,2,71.0,1,2,12,17,0,1.0,1,0,0
66,0,113882.0,1,7.2,2,2,3,2,1,4.0,0,0,1
58,1,66765.0,1,5.0,2,1,2,4,0,1.0,1,0,0
31,1,81716.0,2,36.8,2,2,3,10,0,3.0,0,0,0
67,0,144325.0,2,50.8,1,1,7,18,1,1.0,0,0,0
41,1,115750.0,2,92.5,3,1,14,6,0,3.0,1,1,0
64,0,63737.0,2,18.0,2,1,8,14,0,2.0,1,0,0
61,0,112772.0,0,5.0,1,1,2,1,1,5.0,0,0,0
36,1,147974.0,2,65.3,1,1,9,4,0,3.0,1,0,1
42,0,127746.0,2,30.3,2,1,11,3,0,5.0,1,0,1
47,1,117786.0,0,30.9,3,0,0,1,1,5.0,0,0,0
38,0,61211.0,2,41.2,2,2,3,18,0,3.0,1,0,0
54,1,39948.0,1,45.1,3,2,2,1,1,5.0,0,0,0
49,0,84287.0,1,41.8,2,1,6,9,1,3.0,1,0,0
56,0,46947.0,2,26.4,2,2,12,3,0,4.0,1,1,0
59,1,71040.0,1,18.2,3,1,3,8,1,3.0,0,0,0
52,1,30000.0,1,5.0,2,0,0,1,1,1.0,0,0,0
39,1,59447.0,2,28.3,2,1,7,18,0,4.0,1,1,0
44,0,85743.0,2,74.7,2,2,9,5,0,1.0,0,1,0
56,0,43206.0,1,39.7,3,2,5,8,1,1.0,1,0,0
30,1,118899.0,2,56.7,3,2,11,11,0,3.0,0,0,0
59,1,60996.0,2,37.3,2,0,9,6,0,3.0,1,0,1
45,1,95477.0,2,48.9,1,3,14,6,0,4.0,0,0,0
39,1,86924.0,2,69.4,1,3,13,13,1,5.0,1,0,1
51,1,112148.0,2,40.2,1,1,13,12,0,3.0,1,0,1
37,0,47036.0,1,15.0,2,2,0,4,1,4.0,0,0,0
59,1,50518.0,2,40.2,2,1,11,12,0,5.0,0,1,0
27,0,86989.0,2,13.1,3,0,6,7,0,4.0,0,0,0
39,1,30000.0,0,36.2,1,3,1,0,0,5.0,0,2,0
37,1,84410.0,2,24.9,2,0,5,16,0,5.0,1,1,0
46,0,30000.0,2,5.0,1,0,2,9,0,3.0,1,0,0
41,0,119903.0,2,30.2,1,1,13,16,1,5.0,0,0,0
45,0,134373.0,0,63.0,4,2,0,1,1,3.0,0,0,0
34,1,39224.0,1,66.5,3,3,0,4,1,2.0,1,0,0
37,0,129874.0,1,20.9,1,1,4,8,1,1.0,1,0,0
42,1,119973.0,1,5.0,1,2,1,3,1,2.0,0,0,0
62,1,100316.0,2,49.0,2,1,3,4,0,5.0,1,0,1
34,1,91813.0,2,28.4,2,1,7,13,0,3.0,0,1,0
55,1,109113.0,2,71.6,2,1,9,13,1,1.0,0,0,0
58,1,56835.0,1,63.7,3,0,4,8,1,4.0,0,0,0
50,1,105173.0,1,7.1,1,1,1,4,1,2.0,1,0,0
52,1,95720.0,2,30.4,2,1,13,14,0,5.0,0,0,0
50,0,93942.0,1,79.0,2,1,6,2,1,5.0,1,0,1
61,1,118984.0,1,15.9,2,2,1,5,1,1.0,1,0,0
60,0,30000.0,2,65.1,1,1,11,18,1,4.0,0,0,0
43,2,116348.0,0,24.2,2,2,0,1,1,5.0,1,0,1
59,1,87528.0,1,19.4,2,3,5,1,1,3.0,1,0,0
39,0,90901.0,2,78.3,2,1,5,4,0,4.0,1,1,0
65,1,113361.0,1,63.2,1,1,7,9,0,1.0,0,0,0
48,0,77242.0,2,31.7,1,2,2,6,1,3.0,0,0,0
67,1,72465.0,1,20.8,4,2,0,8,1,5.0,1,0,0
48,1,68439.0,1,79.9,2,0,4,2,1,2.0,1,0,0
62,0,100234.0,1,49.8,3,3,0,1,1,2.0,0,0,0
64,0,41118.0,0,10.8,2,1,0,3,1,2.0,1,0,0
28,1,112150.0,0,50.6,2,1,1,2,1,4.0,1,0,1
40,1,43199.0,1,11.9,1,1,5,7,1,1.0,0,0,0
43,2,30000.0,2,5.0,2,2,4,12,0,1.0,1,0,0
26,0,97144.0,2,25.9,3,2,4,9,0,2.0,0,0,0
42,1,50220.0,2,53.8,3,1,13,14,0,1.0,0,0,0
41,1,103198.0,2,40.6,1,2,13,15,1,3.0,1,0,0
28,1,145125.0,0,54.1,1,3,0,1,1,4.0,1,0,1
54,0,68243.0,1,33.5,2,1,6,5,1,1.0,0,0,0
38,0,139597.0,1,27.1,1,2,3,6,1,2.0,0,0,0
28,1,62481.0,1,21.3,3,3,7,3,1,4.0,1,0,0
30,1,44664.0,2,39.9,3,2,3,7,1,1.0,1,0,0
64,0,31802.0,0,40.9,2,1,1,1,1,1.0,0,0,0
49,0,95896.0,0,72.8,1,1,1,2,1,4.0,1,0,0
54,1,111819.0,1,40.2,3,2,7,8,1,3.0,0,0,0
47,1,96130.0,1,14.7,2,0,0,3,1,1.0,1,0,0
43,1,121400.0,0,44.6,4,0,0,1,1,1.0,0,0,0
43,1,84758.0,2,53.6,1,2,13,5,0,5.0,1,0,0
59,0,139014.0,1,16.5,2,1,6,4,1,3.0,1,0,1
59,1,61610.0,0,69.0,2,1,0,0,1,3.0,1,0,0
64,0,57809.0,0,43.7,1,2,0,0,1,4.0,1,0,0
39,0,101431.0,2,64.9,4,2,11,12,1,5.0,1,0,1
56,1,54018.0,2,5.0,4,3,3,8,1,1.0,1,0,0
47,1,141870.0,1,63.6,1,1,4,9,1,5.0,0,0,1
38,0,92193.0,1,84.8,2,1,4,5,1,3.0,0,0,0
50,1,87555.0,0,5.0,1,2,2,2,1,2.0,1,0,1
67,0,99640.0,2,5.0,1,0,7,12,0,5.0,1,0,1
60,1,85434.0,1,22.4,1,2,0,2,0,3.0,0,0,0
39,0,78453.0,2,26.0,1,0,9,9,0,1.0,1,0,0
26,1,150085.0,1,31.7,2,1,7,3,1,3.0,0,0,0
43,1,157509.0,1,96.3,3,2,5,9,1,4.0,0,0,0
54,1,73145.0,2,59.2,1,1,5,5,0,3.0,1,1,0
37,0,127284.0,0,27.9,2,0,0,3,1,2.0,0,0,0
39,0,95431.0,1,5.0,2,0,6,5,1,3.0,1,0,1
33,1,30000.0,1,18.9,3,2,5,4,1,5.0,0,0,0
57,0,148883.0,1,41.0,1,1,6,6,0,5.0,1,1,1
27,0,72700.0,0,13.7,1,2,0,1,1,3.0,1,0,0
54,0,106382.0,2,37.3,1,3,11,12,0,2.0,1,0,0
49,1,80942.0,0,19.9,2,2,0,2,1,5.0,1,0,1
57,2,81958.0,2,82.9,4,0,5,11,0,4.0,1,0,1
31,0,76967.0,1,43.1,2,2,5,7,1,2.0,1,0,0
55,1,144604.0,1,63.1,1,0,7,8,0,1.0,1,2,0
41,0,69169.0,1,61.9,1,2,6,2,1,4.0,0,0,0
59,0,63353.0,2,28.6,2,0,11,13,0,4.0,0,0,0
68,1,72243.0,1,58.4,2,0,1,6,1,3.0,0,0,0
26,1,125309.0,1,59.5,1,3,5,9,1,2.0,1,0,0
41,1,133511.0,2,38.0,3,2,7,4,0,1.0,1,0,0
36,0,91412.0,1,70.3,2,1,0,7,1,3.0,1,0,0
66,1,40804.0,1,29.2,2,0,4,9,1,3.0,0,0,0
25,2,32379.0,1,11.8,1,0,1,7,1,2.0,1,0,0
29,0,134339.0,1,38.3,3,3,1,5,1,1.0,1,0,0
64,1,143117.0,2,46.4,2,1,8,17,0,4.0,1,0,1
41,1,70591.0,1,55.7,1,3,0,1,1,2.0,1,0,0
58,1,109160.0,2,54.1,2,3,14,7,1,5.0,0,0,1
51,1,85652.0,2,13.4,3,0,11,11,0,3.0,1,0,0
27,1,115353.0,1,83.4,2,1,0,9,1,1.0,0,0,0
52,1,76360.0,1,54.1,4,2,3,2,1,3.0,1,0,1
68,1,78308.0,2,36.4,1,2,9,19,1,2.0,1,0,0
25,0,114372.0,2,39.15,3,3,3,3,1,1.0,1,0,0
35,1,100972.0,2,16.1,3,0,12,12,1,4.0,1,0,1
34,0,63007.0,2,28.3,2,3,6,11,0,1.0,1,1,0
35,1,55586.0,2,42.9,2,2,12,13,0,4.0,1,0,0
67,0,48080.0,1,57.2,2,1,5,1,0,1.0,1,1,0
56,1,31549.0,2,57.0,2,2,6,19,0,3.0,1,0,0
45,0,55879.0,1,69.7,1,3,7,4,1,5.0,1,0,0
51,1,71747.0,2,88.3,1,1,3,7,1,3.0,1,0,0
66,1,112358.0,1,86.1,1,2,3,8,0,1.0,1,1,0
58,1,126680.0,0,38.1,4,1,2,0,1,3.0,0,0,0
32,1,82433.0,1,54.2,1,1,7,5,1,1.0,0,0,0
46,0,139562.0,2,79.9,4,2,6,14,1,3.0,1,0,1
57,1,30000.0,0,58.0,3,2,2,1,1,4.0,1,0,0
35,1,81159.0,1,45.7,1,1,4,8,1,5.0,1,0,1
34,0,95819.0,2,40.4,1,3,8,19,1,5.0,0,0,0
27,0,76087.0,0,66.2,1,2,1,3,0,3.0,1,1,0
52,1,91167.0,2,5.0,3,3,12,11,0,4.0,0,0,0
57,0,98671.0,2,43.9,3,3,4,16,0,4.0,0,1,0
43,0,93353.0,1,8.2,1,2,2,4,1,3.0,1,0,0
41,0,71890.0,1,16.8,1,1,0,7,1,5.0,1,0,1
68,1,91879.0,1,45.6,1,1,1,9,1,4.0,0,0,0
42,0,30000.0,1,26.7,2,0,4,5,1,1.0,0,0,0
50,1,88615.0,2,57.9,2,1,12,14,0,1.0,0,0,0
32,0,106745.0,1,56.9,1,0,0,4,1,1.0,0,0,0
68,0,132058.0,2,65.4,1,1,3,16,0,4.0,0,0,0
31,0,34295.0,0,73.4,2,3,2,3,1,1.0,0,0,0
44,1,73799.0,0,106.0,1,2,0,3,0,5.0,0,1,0
54,0,102428.0,0,31.1,2,1,2,1,1,1.0,1,0,0
69,1,38605.0,1,99.4,2,1,3,7,1,4.0,1,0,1
42,0,50593.0,2,42.8,1,2,10,14,0,1.0,0,0,0
39,0,98447.0,1,52.0,1,2,0,6,0,2.0,0,1,0
44,1,30000.0,2,5.0,2,1,5,7,1,4.0,1,0,0
44,0,30886.0,2,16.8,2,3,10,16,0,5.0,0,0,0
39,0,69998.0,2,44.5,2,2,14,17,1,2.0,0,0,0
68,0,100248.0,1,24.8,2,2,6,5,1,3.0,0,0,0
42,0,121368.0,0,49.0,1,1,0,3,0,4.0,1,1,0
35,1,57177.0,0,21.5,1,2,2,3,1,2.0,0,0,0
61,1,49223.0,2,7.0,2,2,12,11,1,2.0,0,0,0
45,1,96256.0,2,52.3,4,2,11,4,1,4.0,1,0,1
54,1,84758.0,2,60.6,1,2,2,17,0,3.0,1,0,0
39,0,111811.0,2,17.8,1,0,5,3,0,2.0,1,1,0
63,1,57307.0,1,66.6,2,2,4,3,1,1.0,0,0,0
37,0,88653.0,2,34.3,3,2,12,5,0,2.0,1,0,0
26,1,118145.0,1,25.0,1,1,6,2,0,5.0,1,0,0
60,0,90077.0,2,32.8,1,1,6,12,0,1.0,1,0,0
52,1,133736.0,2,34.7,1,1,14,19,0,3.0,1,0,0
51,1,72955.0,0,62.9,1,1,0,2,0,2.0,0,2,0
49,1,101925.0,2,47.4,2,1,13,19,0,2.0,1,0,0
60,0,57337.0,2,50.5,1,1,14,6,0,4.0,0,1,0
51,1,84701.0,1,33.4,3,2,1,5,0,5.0,0,1,0
67,1,96213.0,1,26.4,1,0,4,8,1,3.0,1,0,0
45,0,89171.0,0,5.0,2,2,0,1,1,4.0,0,0,0
68,0,57473.0,2,53.3,2,3,5,6,0,4.0,1,1,0
46,1,85527.0,2,17.8,1,2,6,8,1,1.0,1,0,0
35,1,78497.0,2,34.6,1,0,11,3,1,2.0,0,0,0
39,1,83635.0,1,77.0,3,1,0,9,1,1.0,0,0,0
60,1,83809.0,2,81.8,2,1,5,3,0,2.0,1,1,0
62,1,97589.0,0,50.7,1,2,1,1,1,5.0,1,0,1
42,0,90283.0,2,59.3,3,2,12,4,0,3.0,1,0,1
51,1,35607.0,1,30.7,2,2,1,4,1,1.0,0,1,0
39,0,104885.0,0,28.4,1,0,0,0,1,4.0,1,0,0
31,0,54072.0,0,36.3,1,1,0,3,1,4.0,0,0,0
38,1,52533.0,1,62.2,2,1,1,5,1,4.0,1,0,0
66,2,74902.0,1,22.9,1,2,5,9,1,2.0,0,0,0
50,1,74682.0,1,97.4,1,1,1,9,1,4.0,1,0,0
42,1,30000.0,1,5.0,1,0,0,4,0,2.0,0,1,0
27,2,124432.0,2,79.0,2,1,8,18,0,5.0,0,0,1
36,1,30000.0,1,22.0,1,2,5,8,1,3.0,1,0,0
27,1,99822.0,2,21.0,3,1,8,12,0,1.0,0,0,0
45,0,30000.0,0,28.9,2,1,1,2,1,2.0,1,0,0
48,0,105596.0,2,11.7,2,3,7,16,0,5.0,0,0,1
47,1,71709.0,1,50.0,1,1,6,9,1,2.0,0,0,0
67,0,83314.0,2,22.1,2,2,5,13,0,3.0,0,0,0
61,1,48457.0,2,75.7,1,2,13,18,0,3.0,1,0,0
47,0,103503.0,2,64.0,2,2,13,11,0,1.0,1,1,0
41,1,96250.0,1,41.2,2,1,4,7,0,3.0,1,0,1
45,1,168654.0,2,48.1,1,2,11,19,0,2.0,1,0,0
25,1,76070.0,1,14.4,2,1,6,8,1,1.0,1,0,0
50,0,105292.0,2,28.2,3,1,3,8,0,5.0,1,1,0
25,0,113276.0,2,21.8,2,2,3,3,0,5.0,0,1,0
32,1,89578.0,1,47.2,2,0,7,4,1,2.0,1,0,0
62,1,74639.0,1,49.6,1,2,6,7,1,2.0,1,0,0
54,1,145514.0,2,25.3,1,0,12,3,1,3.0,0,0,0
47,1,75015.0,1,67.6,3,1,7,3,1,4.0,1,0,0
29,0,30000.0,1,36.7,2,2,7,1,1,1.0,1,0,0
66,0,56003.0,0,5.0,3,2,0,1,1,2.0,0,0,0
65,0,33799.0,0,59.9,2,1,0,0,0,5.0,1,1,0
59,1,78418.0,1,51.1,1,3,7,3,1,4.0,1,0,0
69,1,102547.0,2,15.7,1,2,12,11,1,4.0,0,0,0
35,1,99161.0,0,27.0,2,0,2,3,1,1.0,1,0,0
29,2,119625.0,2,46.7,2,2,6,12,0,2.0,1,0,0
27,1,64393.0,0,35.3,1,3,1,2,1,1.0,1,0,0
47,1,91201.0,1,22.6,2,2,5,8,1,3.0,0,0,0
66,0,40429.0,2,48.4,2,1,13,6,0,1.0,1,0,0
65,0,71331.0,2,5.0,2,0,11,9,0,2.0,1,0,0
49,0,121886.0,2,31.5,4,2,12,5,1,1.0,1,0,0
30,1,44002.0,1,40.1,1,2,7,1,1,4.0,1,0,0
57,1,120381.0,1,46.4,3,1,4,9,1,3.0,0,0,0
61,1,66199.0,1,46.7,3,0,0,2,1,4.0,0,0,0
64,1,96295.0,0,60.5,1,0,1,2,1,1.0,1,0,0
48,1,97859.0,2,17.6,1,3,7,14,1,3.0,1,0,1
31,0,40145.0,1,38.5,2,1,0,3,1,2.0,0,0,0
33,0,40522.0,2,28.7,2,0,5,15,0,5.0,1,0,0
25,1,94210.0,2,18.5,1,0,10,18,1,3.0,1,0,0
67,0,52568.0,2,48.6,3,1,7,12,1,1.0,1,0,0
35,0,91262.0,1,37.0,2,3,1,3,1,4.0,0,0,0
57,0,127439.0,1,5.0,1,2,1,3,1,2.0,1,0,0
27,0,134051.0,1,32.5,2,2,1,6,0,1.0,1,0,0
25,1,88137.0,1,39.15,2,1,7,6,1,3.0,0,0,0
46,1,31946.0,2,65.3,2,2,11,6,0,3.0,1,0,0
57,0,136025.0,2,16.1,2,3,12,9,0,5.0,1,0,1
38,1,87649.0,2,55.0,2,1,4,8,1,4.0,0,0,0
52,1,105640.0,2,33.1,1,1,12,17,1,4.0,1,0,0
55,1,59845.0,2,48.7,2,2,3,12,1,1.0,1,0,0
52,2,64505.0,1,70.6,1,1,3,3,1,2.0,1,0,0
27,1,55988.0,0,46.6,1,1,0,1,1,3.0,0,0,0
62,0,72874.0,2,37.5,2,2,13,15,1,5.0,0,0,1
33,0,55447.0,2,73.5,1,2,12,8,0,4.0,1,0,0
28,1,67519.0,1,5.0,1,2,3,1,0,3.0,1,1,0
42,1,30000.0,1,53.4,2,0,1,8,1,2.0,0,0,0
65,1,100055.0,2,42.4,2,1,2,12,0,2.0,1,0,0
58,0,122986.0,0,27.6,4,1,0,2,0,2.0,1,1,0
66,1,71909.0,2,25.6,1,2,8,6,0,3.0,0,0,0
30,0,77421.0,2,44.0,3,1,3,16,0,1.0,0,0,0
68,1,32447.0,1,25.5,1,0,5,6,1,5.0,0,0,0
38,1,61984.0,2,17.4,1,1,8,19,1,3.0,1,0,0
63,1,75311.0,0,23.3,1,1,0,3,1,2.0,0,0,0
35,1,68743.0,1,54.0,1,2,0,1,0,1.0,1,2,0
40,0,77331.0,1,5.0,3,2,6,3,1,5.0,1,0,1
26,1,164769.0,2,51.8,2,1,9,11,0,1.0,0,0,0
62,1,119934.0,1,53.7,3,1,4,6,1,5.0,1,0,1
49,0,75308.0,2,41.0,1,2,14,3,1,3.0,1,0,1
28,0,66292.0,2,61.5,1,3,12,5,1,4.0,1,0,0
37,1,78447.0,2,102.5,3,0,11,6,0,3.0,0,1,0
63,1,134502.0,2,72.8,1,2,14,14,0,2.0,1,0,1
33,0,146423.0,0,44.4,2,0,1,1,1,5.0,1,0,1
29,0,59721.0,1,28.8,2,3,5,1,1,2.0,1,0,0
61,1,42424.0,2,27.3,3,2,8,18,1,1.0,1,0,0
35,1,86543.0,1,30.1,3,1,4,6,0,3.0,1,0,1
37,0,153545.0,2,30.7,2,1,5,8,0,4.0,1,1,0
52,0,30000.0,1,90.1,3,3,3,1,0,1.0,1,1,0
46,1,104084.0,2,5.0,4,2,7,8,0,2.0,1,0,0
65,0,62240.0,1,99.8,2,0,3,6,1,1.0,0,0,0
57,1,69396.0,1,5.0,1,2,3,9,0,3.0,1,0,0
37,0,105796.0,1,31.1,1,1,3,3,1,5.0,1,0,1
41,0,94869.0,1,12.8,1,1,6,2,1,2.0,1,0,0
67,0,59715.0,2,33.1,2,3,10,18,0,4.0,1,0,0
27,0,103331.0,2,74.2,2,2,10,11,0,4.0,1,0,0
56,1,174000.0,1,23.9,2,2,6,1,0,1.0,1,1,0
46,1,39084.0,2,52.4,3,1,3,9,1,4.0,1,0,1
38,0,102063.0,2,36.0,3,2,6,4,0,5.0,1,0,1
39,1,66013.0,2,45.8,1,1,8,18,0,2.0,0,0,0
26,1,109965.0,1,34.2,2,2,3,1,1,3.0,0,0,0
49,1,42323.0,2,57.9,2,1,4,9,0,1.0,1,0,0
66,1,59798.0,2,37.4,1,1,8,17,0,1.0,0,1,0
34,1,91589.0,0,7.7,1,0,2,1,1,4.0,0,0,0
33,1,63155.0,1,59.6,2,1,6,5,1,3.0,1,0,1
42,0,86896.0,0,23.1,2,2,1,2,1,5.0,0,0,0
60,1,119036.0,2,23.9,2,2,9,9,0,2.0,1,1,0
48,1,78544.0,2,50.0,1,1,5,3,0,3.0,0,1,0
61,1,49395.0,2,15.9,2,0,8,17,1,3.0,0,0,0
42,1,132951.0,1,12.9,2,2,6,1,1,1.0,0,0,0
48,0,67079.0,1,43.8,3,0,3,8,1,1.0,1,0,0
62,1,124071.0,1,18.5,1,0,3,7,0,2.0,0,0,0
63,0,80653.0,1,21.0,3,1,4,2,1,5.0,0,0,0
50,0,59539.0,2,56.4,2,1,2,6,1,2.0,1,0,1
55,1,142863.0,1,10.6,1,0,1,5,1,4.0,1,0,1
41,1,79989.0,2,53.9,2,0,13,15,1,3.0,0,0,0
55,0,56777.0,1,10.1,3,2,3,5,1,2.0,0,0,0
67,1,138014.0,1,5.0,2,1,1,7,1,4.0,1,0,1
39,1,174000.0,2,15.1,1,2,10,11,0,2.0,1,0,1
28,1,54917.0,2,82.0,2,1,11,10,0,5.0,1,0,1
27,1,111495.0,1,6.0,1,2,4,1,1,4.0,0,0,0
60,1,97483.0,2,26.4,1,3,4,8,0,4.0,1,0,0
68,0,30000.0,2,16.3,2,1,14,5,0,5.0,1,0,1
33,0,51321.0,0,70.1,3,1,2,0,1,1.0,1,0,0
54,1,163475.0,2,47.4,1,0,11,10,1,3.0,0,0,0
67,0,107396.0,2,79.7,3,1,12,19,1,2.0,1,0,0
69,0,94270.0,2,26.1,2,2,9,7,0,2.0,0,1,0
64,1,51903.0,0,57.6,3,1,1,0,1,4.0,0,0,0
59,1,53210.0,1,76.3,1,1,7,1,0,3.0,1,2,0
66,1,111034.0,2,58.7,2,2,13,18,0,5.0,1,0,1
60,1,85131.0,1,51.4,2,1,6,8,1,4.0,0,0,0
50,0,47873.0,1,51.4,1,1,1,1,0,2.0,0,1,0
29,1,58816.0,0,31.3,2,2,1,0,1,3.0,1,0,0
52,0,72896.0,2,14.7,2,2,14,10,1,2.0,0,0,0
43,0,96710.0,2,45.7,3,2,13,17,1,1.0,0,0,0
53,1,44623.0,0,41.5,3,2,1,0,1,1.0,0,0,0
37,1,82601.0,2,14.5,2,3,12,12,0,4.0,1,0,1
46,0,64522.0,0,38.5,3,1,1,2,1,4.0,1,0,1
53,0,76270.0,2,28.9,2,2,4,4,1,3.0,1,0,0
29,1,71980.0,2,23.6,2,1,3,17,0,5.0,1,0,0
30,0,61505.0,1,35.3,2,3,6,1,1,5.0,0,0,0
61,0,88124.0,0,45.8,3,2,0,0,1,5.0,1,0,1
54,1,111091.0,1,52.3,3,1,7,8,1,4.0,1,0,0
59,1,30000.0,2,69.0,4,0,6,14,1,5.0,1,0,0
58,0,128491.0,1,26.6,2,3,3,1,1,4.0,1,0,0
36,1,56023.0,2,43.2,2,1,10,13,0,1.0,1,0,0
58,1,108788.0,1,17.1,2,2,2,3,1,5.0,0,0,0
60,1,60022.0,2,42.8,2,2,9,10,0,2.0,0,0,0
68,0,30000.0,1,44.0,3,2,4,5,1,4.0,1,0,0
39,0,30000.0,2,21.0,2,0,11,9,1,5.0,0,0,0
35,1,132715.0,2,43.7,2,1,9,8,0,2.0,1,0,1
58,2,142687.0,2,12.3,2,2,10,11,0,5.0,0,0,1
61,0,91184.0,2,46.8,2,1,3,3,0,3.0,0,1,0
59,1,104473.0,0,5.0,2,0,2,2,1,2.0,1,0,0
55,1,89657.0,1,5.0,4,3,7,3,1,3.0,1,0,0
25,0,30000.0,0,5.0,1,2,2,3,1,4.0,1,0,1
46,0,72604.0,2,28.4,1,2,14,15,1,2.0,1,0,0
45,1,39370.0,2,43.4,2,1,14,6,1,5.0,1,0,0
51,0,119154.0,0,41.8,1,1,1,2,1,4.0,1,0,1
25,2,92387.0,1,48.4,3,1,2,1,1,5.0,0,0,0
29,0,46590.0,1,47.9,3,2,0,8,1,2.0,1,0,0
58,1,30000.0,1,18.3,1,2,2,9,1,3.0,0,0,0
52,1,59242.0,1,46.8,2,2,7,2,1,3.0,1,0,0
29,1,30000.0,2,68.2,1,0,8,16,0,5.0,1,1,0
57,0,107919.0,2,5.0,1,3,10,13,0,3.0,0,0,0
35,1,113501.0,1,34.8,1,1,0,7,1,4.0,1,0,0
68,1,88069.0,2,12.6,2,1,5,9,1,5.0,0,0,1
39,0,38577.0,2,65.1,1,0,3,12,0,4.0,0,0,0
31,1,120429.0,2,43.8,1,2,10,10,0,2.0,0,1,0
29,1,78174.0,2,24.1,1,3,4,4,1,5.0,0,0,0
32,1,119183.0,2,103.7,3,2,5,10,0,2.0,0,1,0
34,0,70221.0,2,66.6,2,3,4,16,0,1.0,0,0,0
49,0,41430.0,2,34.5,1,0,11,10,0,4.0,0,0,0
51,0,88890.0,2,87.6,1,3,8,9,1,4.0,1,0,1
61,1,107565.0,2,71.6,1,2,3,16,1,3.0,1,0,1
38,1,38657.0,2,106.0,1,2,6,15,1,5.0,1,0,1
55,1,99357.0,2,30.2,3,2,6,15,0,1.0,1,0,0
48,0,84070.0,1,67.0,1,1,0,9,1,5.0,1,0,1
69,1,84207.0,2,33.7,1,2,6,15,0,5.0,0,0,0
43,0,156163.0,0,30.1,1,2,2,2,1,4.0,1,0,1
57,1,58922.0,2,5.0,2,1,10,17,1,3.0,1,0,0
39,1,44563.0,0,57.2,1,1,2,2,1,2.0,0,0,0
54,1,30000.0,0,8.7,2,0,2,0,1,1.0,0,0,0
52,1,140211.0,1,41.6,1,2,5,8,1,1.0,1,0,0
57,1,76033.0,2,37.7,3,2,6,8,1,4.0,1,0,0
68,0,110621.0,0,5.0,1,0,0,0,1,2.0,0,0,0
62,1,58748.0,2,22.9,3,1,14,3,0,4.0,0,0,0
69,0,114161.0,2,92.7,1,2,9,11,0,3.0,1,1,0
53,1,45093.0,1,60.1,2,3,0,7,1,4.0,1,0,1
45,1,81701.0,2,35.8,2,2,14,17,0,2.0,0,0,0
50,2,48561.0,2,36.1,1,0,6,17,1,4.0,0,0,0
44,0,55977.0,2,47.3,1,1,10,18,0,2.0,0,0,0
49,1,46213.0,2,49.1,2,1,12,3,1,3.0,1,0,0
28,1,85022.0,2,75.1,2,0,13,10,1,4.0,1,0,1
49,1,96658.0,2,40.5,2,1,11,9,0,3.0,1,0,0
69,1,83686.0,2,16.1,2,2,3,9,1,5.0,1,0,0
31,0,30000.0,1,66.3,2,2,3,8,1,4.0,1,0,0
25,1,51651.0,2,69.1,2,1,13,15,0,1.0,1,1,0
61,0,83171.0,2,5.0,1,1,14,7,1,5.0,1,0,0
55,0,85465.0,1,38.8,2,1,0,7,1,3.0,1,0,0
34,0,96007.0,2,29.8,3,0,7,5,0,5.0,0,1,0
49,1,84758.0,0,51.7,1,1,0,2,1,3.0,1,0,0
32,2,157107.0,2,7.6,3,1,9,19,0,5.0,1,0,1
48,1,56830.0,2,5.0,4,2,7,15,0,4.0,1,0,1
41,0,33108.0,2,35.0,1,1,11,3,0,1.0,0,0,0
37,1,120741.0,2,8.5,3,3,2,13,0,1.0,1,1,0
30,0,101897.0,0,29.6,4,2,2,3,1,1.0,0,0,0
50,0,123609.0,1,22.7,2,1,1,7,1,4.0,1,0,1
56,1,47348.0,0,27.5,1,2,0,3,1,4.0,1,0,1
34,0,31915.0,2,36.4,3,1,7,15,0,5.0,0,0,0
39,0,74657.0,1,99.7,1,2,3,9,1,3.0,1,0,0
52,1,68933.0,2,47.6,3,1,5,7,0,5.0,0,1,0
34,0,105286.0,1,5.0,2,2,7,9,1,3.0,0,0,0
48,0,45616.0,1,51.9,1,1,4,1,1,3.0,0,0,0
47,1,50650.0,1,74.0,2,2,2,4,1,4.0,1,0,1
60,0,57328.0,2,25.8,2,2,8,17,1,5.0,1,0,1
45,0,62838.0,2,76.1,2,2,9,6,0,1.0,1,1,0
36,0,139003.0,2,40.5,1,3,8,7,1,3.0,1,0,0
35,1,41468.0,0,48.2,2,2,0,2,1,4.0,0,0,0
40,0,79594.0,2,51.6,1,1,14,8,0,5.0,1,1,0
33,1,126365.0,2,69.5,2,1,7,15,0,1.0,0,0,0
68,1,108643.0,0,54.9,1,0,0,1,1,2.0,1,0,0
54,1,64507.0,2,56.3,1,1,9,8,0,5.0,1,0,0
57,1,90090.0,2,80.6,2,1,5,5,0,3.0,0,1,0
29,0,74709.0,2,37.1,1,2,11,19,1,4.0,0,0,0
28,0,134223.0,1,31.4,1,1,1,2,0,1.0,1,1,0
50,1,72892.0,0,45.5,1,2,2,0,1,4.0,0,0,0
30,2,91108.0,1,30.7,1,0,1,1,1,2.0,1,0,0
58,0,57473.0,2,33.0,1,3,10,6,0,2.0,0,0,0
46,1,130651.0,2,62.1,1,2,14,8,1,2.0,0,0,0
33,0,67409.0,2,54.9,2,0,10,6,1,4.0,1,0,0
59,0,116461.0,2,19.3,1,2,2,19,0,4.0,1,0,1
50,0,30000.0,2,11.7,3,1,8,4,0,1.0,0,0,0
50,1,117106.0,2,16.0,2,0,2,8,0,4.0,1,0,1
51,1,77368.0,2,32.0,2,1,6,10,0,3.0,0,2,0
53,0,168349.0,2,22.7,3,1,3,6,1,3.0,0,0,1
62,1,136752.0,1,37.9,2,2,6,7,0,1.0,1,1,0
60,1,80192.0,1,43.7,2,2,0,3,1,1.0,0,0,0
39,0,133070.0,2,31.0,1,0,13,7,1,5.0,1,0,1
34,1,73727.0,2,50.4,1,2,11,19,0,2.0,1,0,0
36,1,69083.0,1,22.6,2,1,5,2,0,1.0,0,1,0
43,1,102542.0,1,73.8,1,1,7,4,1,1.0,0,0,0
28,0,97667.0,1,42.6,1,0,4,7,1,2.0,1,0,0
58,0,78757.0,1,25.1,2,2,3,7,0,5.0,0,0,0
38,0,44910.0,2,71.9,1,0,10,17,1,2.0,1,0,0
65,0,52624.0,1,82.9,2,2,7,8,0,4.0,1,0,0
31,1,30000.0,2,65.8,2,3,14,18,1,1.0,0,0,0
66,0,98846.0,1,27.1,2,2,7,9,0,3.0,1,0,1
33,1,92649.0,1,17.6,2,2,7,8,0,1.0,1,0,0
48,0,58928.0,2,46.8,4,2,6,6,1,4.0,1,0,0
66,0,97238.0,2,31.4,1,2,11,7,1,4.0,0,0,0
52,0,78424.0,0,31.5,2,2,2,0,1,3.0,1,0,0
48,0,66428.0,1,52.4,3,0,5,4,1,3.0,1,0,0
53,1,104551.0,2,69.1,3,2,3,7,1,5.0,0,0,0
33,0,118544.0,0,73.1,2,1,1,3,1,3.0,1,0,0
54,1,93899.0,2,37.7,1,2,8,14,1,5.0,1,0,1
67,0,121286.0,1,31.5,2,3,2,5,0,1.0,1,0,0
27,1,50513.0,2,48.6,1,1,2,7,0,2.0,1,1,0
50,0,91282.0,1,5.0,2,3,0,2,1,5.0,1,0,1
32,0,162631.0,1,52.3,2,2,3,1,1,4.0,1,0,1
54,0,104276.0,1,47.9,1,2,4,3,1,1.0,1,0,0
61,0,94957.0,0,30.7,2,3,0,1,0,2.0,0,0,0
61,0,134348.0,2,51.1,1,2,8,8,1,5.0,1,0,1
29,0,47339.0,1,70.6,3,2,3,2,0,3.0,1,0,0
51,0,129257.0,1,59.2,3,2,4,8,0,4.0,0,1,0
43,1,74499.0,2,60.7,2,2,11,14,1,4.0,0,0,0
31,1,78595.0,2,41.1,2,2,10,18,1,3.0,1,0,0
27,1,99073.0,1,16.8,4,2,4,1,1,4.0,1,0,1
67,0,115841.0,1,87.8,2,1,4,6,1,5.0,1,0,1
30,0,109048.0,1,5.0,3,1,0,7,1,2.0,1,0,0
36,0,107333.0,0,52.0,3,2,0,3,1,3.0,1,0,0
28,1,68629.0,1,55.8,2,2,3,8,1,4.0,1,0,1
62,0,106588.0,2,40.7,1,1,11,6,0,5.0,1,0,1
37,0,47631.0,2,8.4,1,1,4,8,1,5.0,1,0,0
26,1,48910.0,1,37.8,2,3,6,8,0,1.0,0,1,0
56,0,78659.0,1,66.6,1,2,2,4,1,4.0,1,0,0
62,1,36404.0,0,62.1,2,1,1,2,1,2.0,1,1,0
50,2,54887.0,2,79.2,4,0,5,18,1,3.0,0,0,0
44,0,46959.0,0,58.5,1,1,2,3,1,5.0,1,0,0
50,0,123304.0,2,40.2,1,1,2,3,1,3.0,1,0,1
37,1,49042.0,2,69.1,2,1,13,3,1,4.0,0,0,0
36,0,87128.0,0,38.5,2,0,1,0,1,1.0,1,0,0
55,1,36972.0,1,46.5,1,1,0,3,1,1.0,1,0,0
34,1,67712.0,0,60.7,1,3,1,1,1,5.0,1,0,1
56,0,100732.0,2,49.0,1,1,2,12,0,3.0,1,1,0
46,1,106432.0,2,5.0,2,1,2,18,0,4.0,1,0,1
56,1,81825.0,1,37.4,2,3,6,6,1,5.0,1,0,0
43,0,114407.0,1,6.1,2,2,6,9,1,3.0,1,0,1
50,0,90508.0,0,61.7,1,2,0,0,1,2.0,1,0,1
60,1,65726.0,1,19.8,1,1,3,5,1,2.0,0,0,0
41,1,31124.0,1,64.1,2,1,3,7,1,2.0,0,0,0
42,1,73377.0,2,5.9,3,2,3,3,0,2.0,1,0,0
48,1,105020.0,2,43.3,3,1,4,9,1,4.0,1,0,1
64,0,75739.0,1,28.5,2,2,2,5,1,2.0,1,0,0
41,1,102406.0,1,78.9,2,3,0,5,1,5.0,1,0,1
64,0,49618.0,1,5.0,2,2,5,4,1,1.0,0,0,0
30,1,45391.0,2,58.4,4,3,8,5,0,1.0,1,1,0
33,1,53598.0,2,94.0,4,2,13,6,1,5.0,0,0,0
55,0,123899.0,2,78.1,1,3,11,11,0,4.0,1,1,0
64,1,77060.0,2,40.0,1,2,10,9,0,3.0,1,0,0
25,1,66474.0,1,62.6,3,1,4,5,1,5.0,1,0,0
36,1,73881.0,2,23.6,1,1,3,9,1,5.0,1,0,1
32,1,87466.0,2,52.4,3,2,14,19,0,2.0,1,1,0
56,1,109025.0,1,37.4,2,2,2,8,1,5.0,1,0,1
29,1,121827.0,2,37.3,1,3,6,8,1,4.0,0,0,0
63,1,45896.0,1,10.8,1,1,1,8,0,3.0,1,0,0
55,1,112363.0,2,56.9,1,1,3,12,0,3.0,0,0,0
68,0,105309.0,2,44.5,2,2,14,14,0,4.0,1,0,1
42,0,71149.0,2,25.9,2,1,9,10,0,2.0,1,0,0
33,0,75081.0,2,35.9,1,2,5,3,1,4.0,1,0,1
56,1,106837.0,2,46.4,1,1,5,15,0,4.0,0,0,0
61,0,85277.0,1,21.1,2,1,4,8,1,3.0,1,0,0
28,1,84758.0,1,5.0,1,2,5,4,1,4.0,0,0,0
56,1,128316.0,1,52.1,2,3,5,2,1,4.0,1,0,0
63,1,79965.0,1,54.8,2,1,6,9,1,2.0,0,0,0
38,0,130569.0,2,20.7,2,0,7,5,1,1.0,0,0,0
54,0,85224.0,0,9.5,2,0,1,0,1,3.0,0,0,0
62,1,51483.0,2,68.4,2,0,11,19,1,1.0,1,0,0
42,1,57076.0,2,58.8,1,1,14,6,0,3.0,0,1,0
25,1,54322.0,2,10.3,2,2,6,9,0,4.0,0,1,0
30,1,60401.0,2,60.8,1,2,14,12,1,1.0,0,0,0
44,0,84889.0,1,25.9,3,1,7,4,1,2.0,0,0,0
42,0,75943.0,1,18.8,2,1,2,1,1,4.0,1,0,1
53,1,109841.0,1,37.0,1,1,5,6,1,1.0,1,0,0
36,1,88125.0,2,41.7,2,1,7,9,0,2.0,1,0,0
42,0,88041.0,1,27.2,2,1,1,7,0,5.0,0,2,0
66,1,47905.0,2,38.2,2,2,8,9,1,2.0,0,0,0
26,0,95772.0,0,31.9,3,2,2,0,1,4.0,1,0,0
39,1,101193.0,0,86.8,3,3,1,1,0,1.0,1,1,0
54,1,66341.0,2,79.6,4,0,12,15,0,5.0,1,1,0
58,1,113010.0,2,54.3,3,0,11,17,0,3.0,1,0,0
67,1,40316.0,2,22.3,4,3,5,18,0,4.0,0,0,0
48,1,68356.0,1,20.1,2,2,6,9,0,2.0,1,0,0
41,0,52451.0,2,26.4,3,2,6,17,0,5.0,1,0,0
29,1,134433.0,1,52.4,2,2,0,3,0,2.0,0,1,0
29,1,49857.0,1,35.8,2,1,7,2,1,2.0,1,0,0
33,0,81751.0,1,41.9,2,1,5,3,1,3.0,1,0,0
27,0,56520.0,2,25.8,2,0,10,14,0,2.0,0,0,0
65,0,66889.0,1,32.6,1,3,2,7,1,4.0,0,0,0
28,1,53730.0,1,46.5,2,3,4,6,1,4.0,0,0,0
45,1,94445.0,1,100.3,1,1,0,6,1,3.0,0,0,0
45,0,78320.0,2,53.7,1,2,10,10,0,1.0,0,0,0
52,0,102123.0,2,21.7,2,1,7,17,0,2.0,0,1,0
51,1,53746.0,2,39.7,3,0,5,4,1,4.0,1,0,0
29,1,115744.0,2,8.3,1,0,2,15,0,2.0,0,0,0
55,0,155959.0,0,25.8,1,2,2,3,1,2.0,1,0,1
62,0,41450.0,1,5.0,2,0,4,5,1,4.0,1,0,0
49,0,70309.0,1,5.0,2,2,1,4,1,5.0,1,0,1
28,1,90396.0,1,58.9,1,0,2,1,0,1.0,0,2,0
40,1,30888.0,1,45.1,2,1,1,8,1,3.0,0,0,0
65,1,86033.0,2,44.1,1,3,3,12,0,2.0,0,1,0
53,1,106769.0,0,40.0,1,1,1,3,1,4.0,0,0,0
48,0,68445.0,0,36.5,1,1,1,1,1,5.0,0,0,0
62,1,84287.0,0,87.9,2,3,1,1,1,3.0,0,0,0
64,1,152758.0,0,31.4,1,1,0,3,1,2.0,1,0,0
32,1,119835.0,2,52.0,1,2,5,13,0,3.0,0,0,0
27,1,76793.0,1,38.8,3,2,0,3,1,2.0,1,0,0
67,1,39812.0,2,27.8,2,2,3,15,0,5.0,0,0,0
55,1,69687.0,1,78.5,1,1,5,6,1,5.0,1,0,1
29,0,88556.0,1,22.4,1,0,7,6,1,4.0,1,0,0
46,1,108860.0,2,43.3,2,1,11,5,0,1.0,1,0,0
32,0,142042.0,1,23.7,3,1,5,6,1,3.0,1,0,1
31,1,80647.0,2,32.9,1,2,10,11,1,3.0,1,0,0
54,1,30000.0,1,41.2,2,1,3,7,1,4.0,1,1,0
38,1,49277.0,2,28.3,3,1,7,8,0,5.0,1,2,0
47,1,86126.0,2,34.8,3,2,4,11,1,2.0,0,0,0
69,1,46845.0,1,15.4,1,1,1,9,0,4.0,1,0,0
31,1,97646.0,2,36.6,3,2,3,9,0,1.0,0,1,0
40,1,82499.0,1,52.4,1,2,6,6,1,2.0,0,0,0
57,0,68192.0,1,48.5,2,0,5,6,1,3.0,0,0,0
43,0,66085.0,2,52.2,2,2,14,7,1,3.0,1,0,1
60,0,95277.0,2,5.0,1,0,13,11,0,4.0,0,0,0
60,0,121433.0,1,40.9,1,0,0,5,0,5.0,1,1,0
34,1,132884.0,2,41.9,3,0,9,11,0,3.0,1,0,0
45,0,87572.0,2,16.3,2,1,6,3,1,3.0,0,0,0
38,0,125011.0,2,52.9,2,2,14,11,1,5.0,1,0,1
27,1,111935.0,2,89.7,3,2,5,7,0,1.0,0,1,0
38,0,115922.0,2,55.4,2,2,2,7,0,2.0,1,1,0
68,1,85372.0,2,28.1,4,0,11,3,0,2.0,1,1,0
25,0,70358.0,2,5.6,1,2,9,14,0,2.0,1,0,0
63,0,108681.0,2,19.5,2,1,6,7,0,5.0,1,1,0
26,1,55413.0,2,69.0,2,1,6,5,1,4.0,1,0,0
46,1,85015.0,1,77.3,2,1,1,8,1,1.0,1,0,0
25,0,84906.0,2,5.0,3,2,2,14,1,1.0,0,0,0
53,0,103451.0,1,49.0,3,1,6,5,1,2.0,1,0,0
51,1,172047.0,0,23.0,1,1,1,3,1,4.0,0,0,0
26,1,88903.0,1,59.5,4,2,7,5,1,3.0,0,0,0
66,0,112038.0,0,23.0,2,3,2,0,1,5.0,1,0,1
31,0,92880.0,1,45.1,3,2,7,8,1,3.0,0,0,0
58,0,114404.0,0,39.4,2,2,2,0,1,5.0,1,0,1
31,1,75073.0,2,51.4,3,3,7,16,1,1.0,1,0,0
56,1,102031.0,1,57.5,1,2,6,3,1,1.0,0,0,0
39,1,32860.0,1,7.9,2,0,2,1,1,3.0,1,0,0
36,1,88614.0,1,28.6,2,2,7,6,1,4.0,1,0,0
49,0,108193.0,2,60.0,1,0,3,17,1,2.0,1,0,0
52,1,67376.0,0,55.6,1,1,1,1,1,2.0,1,0,0
65,0,66159.0,1,54.2,1,1,6,3,1,3.0,0,0,0
35,1,60627.0,2,52.5,2,2,4,19,1,1.0,0,0,0
34,0,30000.0,2,55.4,1,3,2,10,0,4.0,1,1,0
61,1,78415.0,0,35.2,2,2,2,1,1,3.0,1,0,0
42,1,100262.0,2,49.9,1,2,2,11,1,2.0,1,0,0
38,1,97515.0,1,44.2,2,0,1,7,0,4.0,0,1,0
36,1,75142.0,1,38.349999999999994,4,3,7,5,0,4.0,1,1,0
66,1,38962.0,2,41.8,1,0,3,16,0,1.0,1,0,0
52,1,78737.0,2,20.1,2,1,6,3,0,5.0,0,1,0
48,0,84451.0,1,55.0,1,1,1,3,1,3.0,0,0,0
40,2,98616.0,2,5.5,1,3,10,13,0,1.0,0,0,0
66,1,85906.0,2,41.75,2,1,10,10,0,3.0,1,0,0
39,0,105886.0,2,82.6,1,1,2,8,1,5.0,0,0,1
45,0,89091.0,2,29.3,2,1,7,8,1,4.0,1,0,0
45,0,88252.0,1,34.3,2,1,5,9,1,3.0,1,0,1
47,1,111768.0,1,27.8,2,3,2,7,1,2.0,0,0,0
40,0,84906.0,0,34.0,3,0,0,0,1,2.0,1,0,1
50,2,104614.0,2,91.5,2,1,7,9,1,2.0,1,0,0
29,0,101730.0,1,62.7,3,1,2,7,1,1.0,0,0,0
45,1,106036.0,2,26.3,1,1,5,11,0,5.0,1,0,1
63,1,104912.0,2,87.6,1,2,13,13,1,4.0,1,0,1
27,1,55757.0,2,68.1,2,3,9,9,1,2.0,1,0,0
56,0,95484.0,2,5.0,2,2,8,14,0,1.0,1,0,0
34,1,149469.0,2,39.5,2,0,11,10,0,1.0,1,0,0
60,0,126575.0,1,5.0,1,2,7,7,1,2.0,1,0,0
29,0,94103.0,1,66.7,1,3,5,8,1,4.0,1,0,0
57,1,102260.0,0,68.6,1,2,1,0,1,2.0,1,0,0
54,0,83113.0,0,30.3,2,1,1,2,0,1.0,1,2,0
36,1,62721.0,1,8.9,3,1,6,5,0,2.0,1,0,0
56,0,30000.0,0,25.3,1,2,1,0,1,4.0,0,0,0
33,0,83912.0,1,31.7,2,1,6,6,1,4.0,0,0,0
28,1,57366.0,1,70.1,3,1,5,3,0,2.0,1,2,0
50,1,69483.0,1,25.8,1,1,6,3,1,4.0,1,0,1
26,1,118953.0,2,87.5,3,2,9,19,0,3.0,1,0,1
69,0,34278.0,1,34.3,2,1,6,6,1,3.0,1,0,0
27,0,174000.0,1,25.4,1,2,3,9,1,5.0,1,0,1
55,1,95493.0,0,28.0,2,1,0,2,1,2.0,1,0,0
68,0,118522.0,1,34.9,2,0,4,1,1,3.0,1,0,1
69,1,41733.0,0,23.1,1,2,1,0,0,1.0,1,1,0
48,0,35874.0,2,41.2,2,2,10,7,1,5.0,1,0,1
68,1,132704.0,2,31.9,2,2,8,15,0,1.0,1,0,0
46,1,66688.0,1,68.5,2,2,6,9,1,4.0,0,0,0
30,1,98064.0,1,22.6,1,1,7,3,1,3.0,1,0,1
37,1,30000.0,1,5.9,1,1,5,6,1,5.0,0,0,0
65,0,126834.0,1,8.2,3,2,4,4,1,5.0,1,0,1
28,0,58940.0,2,99.9,2,2,12,5,0,2.0,1,0,0
44,1,168609.0,2,27.7,1,2,9,15,0,1.0,1,0,0
49,0,82872.0,2,40.7,1,0,7,7,0,1.0,1,1,0
35,1,77428.0,2,16.0,2,2,14,4,0,1.0,1,0,0
32,0,82150.0,1,14.6,2,2,5,8,1,5.0,0,0,0
62,0,54006.0,2,55.1,2,1,12,14,0,4.0,1,0,0
68,1,30000.0,1,47.2,2,1,0,6,1,3.0,1,0,0
25,0,101579.0,2,12.1,1,1,6,17,0,1.0,0,0,0
63,1,41088.0,1,38.8,3,1,5,6,1,3.0,1,0,0
68,1,85426.0,0,31.4,1,2,2,1,1,3.0,0,0,0
67,1,107090.0,1,20.9,2,2,0,1,1,1.0,1,0,0
41,1,44912.0,1,16.6,3,2,3,3,0,3.0,1,1,0
35,1,84901.0,1,55.7,2,1,6,4,1,5.0,1,0,0
37,1,114304.0,2,59.0,3,1,11,12,0,2.0,1,0,0
67,1,70258.0,2,52.5,2,1,9,6,1,1.0,1,0,0
49,2,38372.0,0,24.0,1,3,1,1,1,1.0,0,0,0
69,1,107652.0,2,57.2,2,3,10,5,1,4.0,1,0,0
67,0,127183.0,1,38.6,2,0,3,8,1,4.0,1,0,1
37,1,30000.0,0,40.2,3,2,1,2,1,2.0,1,0,0
27,0,94752.0,1,5.0,3,2,0,9,1,5.0,1,0,1
59,1,108929.0,2,47.0,2,1,8,8,0,5.0,0,0,0
67,1,121433.0,2,48.7,1,2,8,4,0,4.0,0,2,0
41,0,53279.0,2,19.3,2,2,2,14,0,1.0,0,0,0
47,1,97267.0,0,88.7,4,0,0,1,1,2.0,0,0,0
47,1,85224.0,1,72.1,3,2,2,7,1,5.0,0,0,1
56,1,76795.0,2,78.2,2,1,9,17,1,5.0,0,0,0
68,0,74846.0,1,55.3,2,0,4,5,0,5.0,1,1,0
54,0,99297.0,2,88.2,1,1,13,12,1,2.0,1,0,1
44,0,140091.0,2,73.9,2,0,11,10,0,2.0,0,0,0
54,0,87830.0,2,65.0,3,0,4,18,0,1.0,1,0,0
28,0,70932.0,1,48.1,1,1,0,9,1,5.0,1,0,1
57,0,66792.0,0,34.6,3,2,0,3,1,1.0,0,0,0
51,1,67669.0,2,55.4,2,1,5,5,0,1.0,0,1,0
36,1,103053.0,1,61.7,1,2,0,7,1,3.0,1,0,0
69,1,47899.0,0,19.0,1,3,2,3,1,5.0,1,0,1
62,1,84531.0,2,23.9,3,2,7,17,1,5.0,1,0,1
45,0,107233.0,1,45.9,1,2,2,6,1,3.0,1,0,0
49,1,82345.0,0,15.6,1,0,2,3,1,4.0,1,0,0
40,0,78731.0,2,57.0,1,3,11,6,1,1.0,0,0,0
26,0,88902.0,2,28.7,1,1,11,13,1,3.0,1,0,0
65,1,131649.0,2,40.7,2,0,9,19,0,2.0,1,0,0
38,0,35531.0,2,8.6,2,1,5,17,1,5.0,1,0,0
66,1,86571.0,2,46.0,2,2,9,16,0,3.0,1,0,0
42,0,30000.0,0,59.2,1,3,0,2,1,3.0,0,0,0
68,1,117448.0,1,57.0,1,2,3,5,1,3.0,0,0,0
56,1,123144.0,0,45.5,3,2,2,0,1,3.0,1,0,1
31,1,105642.0,1,35.2,1,0,5,4,0,5.0,0,1,0
47,1,58657.0,2,51.0,2,1,9,14,1,3.0,0,0,0
25,1,89162.0,2,72.8,4,2,11,11,0,1.0,1,0,0
64,1,69282.0,2,50.3,2,1,10,15,1,2.0,0,0,0
37,1,44745.0,2,40.3,4,0,7,4,1,1.0,1,0,0
59,1,87487.0,1,51.5,1,2,7,8,1,2.0,1,0,0
55,0,108065.0,1,12.4,1,1,1,2,1,1.0,1,0,1
56,0,98629.0,2,29.3,2,2,11,3,0,2.0,0,0,0
67,1,150673.0,2,85.8,1,2,8,5,0,1.0,0,1,0
57,1,33592.0,1,47.5,2,0,7,5,1,5.0,0,0,0
60,1,56855.0,1,46.1,2,0,1,5,1,4.0,1,0,1
63,0,51353.0,2,18.1,3,1,5,17,1,4.0,1,0,0
63,1,63600.0,1,20.4,2,2,3,7,1,5.0,0,0,0
32,1,30000.0,2,58.7,2,3,10,11,0,3.0,0,0,0
68,0,92836.0,1,95.2,2,0,0,6,1,4.0,1,0,0
61,1,100920.0,2,30.8,1,0,3,13,0,1.0,0,1,0
63,0,69817.0,2,14.9,3,1,7,15,0,1.0,0,0,0
59,1,55538.0,2,86.4,2,1,14,12,0,2.0,0,0,0
69,0,35937.0,2,82.7,1,2,4,16,1,3.0,1,0,0
65,1,80051.0,1,66.7,3,0,5,3,1,4.0,1,0,1
54,0,90191.0,1,65.6,2,1,1,2,1,4.0,0,0,0
39,0,79563.0,2,5.3,2,1,4,6,1,4.0,0,0,0
50,1,163504.0,1,49.5,4,3,2,6,0,3.0,1,1,0
28,0,90981.0,2,59.4,2,2,4,13,1,1.0,1,0,0
56,0,93479.0,2,66.8,1,1,8,9,1,1.0,1,0,0
56,1,119602.0,1,56.8,1,1,6,6,1,1.0,0,0,0
42,0,69434.0,2,5.0,2,3,11,10,0,2.0,1,0,0
48,1,60403.0,1,5.0,2,1,1,6,1,3.0,1,0,0
62,1,41946.0,0,58.6,2,2,1,2,1,5.0,0,0,0
36,1,72660.0,1,26.8,1,1,4,9,1,1.0,0,0,0
60,1,83017.0,1,37.2,1,2,2,5,0,5.0,0,1,0
61,0,101620.0,2,5.0,2,1,12,4,0,3.0,0,1,0
30,1,107129.0,2,24.7,2,2,9,4,1,3.0,1,0,0
27,0,90422.0,2,26.7,1,1,8,12,0,1.0,0,0,0
54,0,151328.0,0,5.0,1,0,1,2,1,2.0,0,0,0
51,1,87611.0,2,5.0,1,0,9,15,0,3.0,1,0,1
65,0,155870.0,0,55.3,1,2,2,2,1,1.0,1,0,0
38,1,101583.0,2,13.3,2,0,12,3,0,1.0,1,1,0
64,1,79678.0,1,40.9,3,1,1,6,1,3.0,0,0,0
41,0,40883.0,0,5.0,4,0,2,0,1,4.0,1,0,0
58,2,72815.0,2,30.1,2,1,3,5,0,3.0,1,1,0
39,0,33819.0,2,62.7,2,2,7,18,0,2.0,1,1,0
30,1,104376.0,2,71.9,1,0,12,4,0,2.0,0,1,0
45,1,52808.0,1,27.5,2,2,4,1,1,1.0,1,0,0
28,1,112925.0,1,40.3,2,2,0,9,0,1.0,0,1,0
39,0,115516.0,1,99.4,2,1,4,5,1,3.0,1,0,1
61,0,69320.0,2,37.7,2,1,14,16,0,1.0,0,0,0
27,0,85416.0,1,66.9,2,2,4,1,1,5.0,0,0,0
38,1,110851.0,2,25.0,2,1,2,13,1,3.0,1,0,0
63,1,67451.0,0,26.8,3,2,0,2,1,5.0,0,0,0
42,1,49256.0,2,18.0,1,2,9,8,0,1.0,1,0,0
59,0,46755.0,1,35.5,1,1,4,9,1,3.0,1,0,1
26,0,70613.0,2,12.3,4,2,4,11,1,4.0,1,0,1
28,1,33528.0,2,9.4,2,2,5,17,0,4.0,1,0,0
35,1,78599.0,0,54.6,2,0,0,2,1,1.0,0,0,0
27,1,83782.0,1,81.4,2,0,0,5,1,4.0,1,0,0
30,2,90372.0,2,18.1,2,2,4,7,1,3.0,0,0,0
27,0,104886.0,2,40.1,2,1,2,9,0,1.0,1,1,0
69,1,87216.0,1,5.0,2,2,6,4,1,1.0,1,0,0
31,0,44954.0,1,5.0,1,1,7,9,1,4.0,1,0,0
40,1,40750.0,1,61.2,4,2,6,7,1,5.0,0,0,0
28,0,138530.0,1,57.6,2,1,7,8,1,1.0,1,0,0
38,1,46471.0,2,37.1,3,1,10,12,0,3.0,0,0,0
34,1,74089.0,2,64.4,2,1,7,4,1,3.0,1,0,0
43,0,142525.0,2,21.4,1,2,4,7,0,2.0,0,1,0
41,0,97597.0,2,5.0,2,1,10,14,1,1.0,1,0,0
50,0,46679.0,2,21.4,1,2,2,9,1,1.0,1,0,0
48,0,46407.0,2,5.0,3,2,2,10,0,2.0,0,1,0
64,1,90742.0,2,79.1,1,2,8,14,0,3.0,1,0,1
38,0,116799.0,2,34.0,2,2,6,17,1,4.0,0,0,0
30,0,63433.0,2,39.7,3,3,7,15,1,1.0,0,0,0
67,1,91148.0,2,74.1,1,2,9,16,1,4.0,1,0,1
64,2,99312.0,2,34.8,1,2,11,9,1,4.0,1,0,0
39,1,117280.0,2,75.4,1,3,9,3,0,5.0,0,1,0
30,0,36742.0,2,73.4,3,2,7,11,1,1.0,0,0,0
52,0,32779.0,1,50.4,1,1,4,4,1,3.0,1,0,0
42,1,74183.0,0,42.8,1,3,1,1,1,4.0,1,0,1
35,0,44561.0,1,57.9,1,2,0,2,1,5.0,0,1,0
49,2,81590.0,2,40.3,2,1,6,16,0,2.0,0,0,0
53,1,99721.0,1,32.1,1,1,0,8,1,5.0,1,0,1
56,1,89464.0,1,26.1,2,1,5,7,1,2.0,1,0,0
44,1,30000.0,1,81.7,1,2,7,2,1,3.0,1,0,0
51,2,119858.0,2,59.3,4,0,2,4,1,3.0,1,0,0
56,1,113258.0,2,20.3,2,2,4,7,1,4.0,0,0,1
69,1,30000.0,0,26.3,2,1,0,1,1,5.0,0,0,0
33,1,54438.0,1,23.3,1,2,0,2,1,4.0,1,0,0
33,0,80476.0,2,46.1,1,2,6,12,0,4.0,0,1,0
37,1,52147.0,2,21.6,4,2,2,3,1,3.0,0,0,0
60,1,144313.0,2,33.0,1,2,9,4,0,1.0,1,1,0
35,1,101041.0,2,5.0,2,1,4,9,0,3.0,1,1,0
46,0,34740.0,1,5.0,1,1,1,4,0,4.0,0,0,0
27,1,59053.0,0,34.1,2,2,1,3,1,5.0,1,0,0
25,1,44981.0,2,25.9,2,1,13,5,0,2.0,1,0,0
66,0,107289.0,2,53.5,2,2,2,4,0,3.0,0,1,0
68,0,119742.0,2,69.7,3,2,6,14,0,5.0,0,1,0
59,0,84758.0,2,39.0,1,2,11,14,0,2.0,0,0,0
34,1,79497.0,2,77.2,3,0,8,3,0,1.0,1,1,0
33,1,80044.0,1,18.0,1,3,0,7,1,4.0,0,0,0
59,1,46629.0,2,37.4,2,1,14,5,0,4.0,1,0,0
33,2,166549.0,1,20.0,2,3,5,7,1,3.0,1,0,1
30,0,116959.0,2,27.9,1,0,13,18,1,1.0,0,0,0
26,0,31527.0,2,65.4,4,0,4,6,0,1.0,0,1,0
48,0,30000.0,2,36.1,1,0,3,11,1,4.0,1,0,0
34,1,145388.0,2,54.9,2,2,6,6,0,2.0,1,1,0
58,1,130953.0,1,70.4,1,2,6,4,1,2.0,0,0,0
44,0,80545.0,2,22.0,1,1,11,14,0,2.0,1,0,0
29,1,84287.0,1,56.5,2,1,5,7,1,3.0,0,0,0
35,0,108459.0,1,28.1,3,1,6,5,1,4.0,1,0,0
55,0,86877.0,1,58.0,4,2,4,7,1,4.0,1,0,1
63,2,147727.0,1,45.8,1,0,3,1,1,2.0,0,0,0
42,1,106101.0,0,59.1,4,1,1,3,1,3.0,1,0,1
46,1,70905.0,1,41.4,2,2,3,9,1,3.0,0,0,0
59,1,134429.0,1,36.1,2,3,6,1,1,4.0,1,0,0
60,0,106718.0,2,82.6,3,1,13,11,0,3.0,0,0,0
62,0,156522.0,2,68.7,3,2,11,13,0,3.0,0,0,0
35,0,121391.0,2,33.1,1,2,3,14,1,1.0,1,0,0
40,0,108214.0,0,42.7,2,0,2,1,1,4.0,1,0,1
31,1,106844.0,2,40.2,3,2,9,6,0,5.0,1,0,1
32,1,41363.0,1,54.8,1,1,7,4,0,5.0,1,1,0
59,1,108909.0,0,74.6,1,2,2,1,1,3.0,0,1,0
43,1,130864.0,1,31.6,4,0,7,8,1,2.0,1,0,0
48,0,66259.0,0,100.7,3,3,0,1,1,4.0,0,0,0
27,1,88899.0,0,55.6,1,3,0,1,1,4.0,1,0,0
41,1,71199.0,2,48.2,1,2,6,17,0,2.0,0,0,0
27,1,148459.0,1,55.9,1,2,6,9,1,5.0,1,0,1
48,1,145041.0,2,47.7,2,2,2,11,0,5.0,1,1,0
51,0,84758.0,2,42.1,1,1,8,18,0,1.0,1,1,0
55,0,48280.0,0,14.5,1,0,2,3,1,5.0,1,0,1
30,1,78527.0,2,17.2,2,2,3,14,1,4.0,0,0,0
62,1,30000.0,1,44.5,1,2,6,3,0,1.0,1,2,0
37,1,70377.0,1,83.4,2,2,4,2,1,4.0,0,0,0
40,0,107198.0,2,13.7,1,2,11,3,0,5.0,1,0,1
56,1,108194.0,2,39.7,2,1,6,17,0,3.0,1,0,0
26,0,65414.0,2,49.0,1,1,3,14,0,2.0,1,0,0
30,2,106330.0,2,65.1,1,2,8,13,0,5.0,1,1,1
38,1,82325.0,2,32.5,1,2,13,6,1,5.0,1,0,1
64,1,90285.0,2,47.1,1,1,7,5,0,3.0,1,0,0
51,0,35292.0,2,38.2,3,2,3,17,1,2.0,1,0,0
34,1,94936.0,1,15.5,2,1,4,6,0,1.0,1,0,0
69,0,111797.0,0,76.7,3,0,2,3,1,3.0,1,0,0
68,0,131054.0,2,71.5,2,2,13,18,1,4.0,1,0,0
62,1,148144.0,2,7.1,1,0,12,9,0,2.0,0,0,0
51,1,104253.0,1,59.3,2,3,7,3,1,4.0,0,0,0
52,1,46092.0,1,24.2,2,2,4,8,1,2.0,1,0,0
31,2,104975.0,0,47.5,2,1,2,0,1,5.0,1,1,0
35,1,95906.0,2,30.8,1,3,4,6,1,1.0,1,0,0
36,1,74155.0,0,5.0,1,2,1,2,1,5.0,1,0,1
43,0,98465.0,2,60.9,2,1,7,13,1,2.0,1,0,0
44,0,74183.0,0,48.1,2,1,0,3,1,5.0,0,0,0
26,2,86146.0,0,89.0,1,1,0,0,1,3.0,1,0,1
60,1,129625.0,0,52.0,1,0,0,0,1,1.0,1,0,0
57,1,92660.0,2,58.2,3,0,12,12,1,5.0,0,0,0
25,0,81051.0,2,77.7,2,2,4,16,0,4.0,1,0,1
33,0,69955.0,1,36.9,1,2,4,5,1,5.0,1,0,1
43,0,61559.0,1,44.9,2,0,6,8,1,1.0,0,0,0
63,1,65546.0,2,49.6,2,1,14,6,0,4.0,1,1,0
64,0,93987.0,1,10.8,3,2,6,5,1,3.0,1,0,0
36,0,58919.0,2,58.8,1,2,4,7,0,1.0,0,1,0
45,1,95543.0,2,59.1,2,1,7,15,0,3.0,1,0,0
48,1,98740.0,1,64.7,3,0,5,1,1,3.0,1,0,0
60,1,91766.0,0,30.5,1,1,1,1,1,2.0,1,0,0
48,0,134466.0,2,15.1,3,1,9,14,1,4.0,0,0,0
64,0,66928.0,0,32.7,1,2,1,1,1,4.0,1,0,0
65,1,84287.0,1,54.9,2,2,5,9,1,1.0,1,0,0
61,1,72029.0,0,10.6,2,2,0,3,0,2.0,0,1,0
68,0,90367.0,1,7.2,2,2,3,1,1,4.0,1,0,1
54,1,131123.0,2,31.0,2,2,9,18,0,5.0,1,0,1
40,0,84103.0,2,32.4,3,3,11,17,1,4.0,0,0,0
63,1,108419.0,1,70.5,1,2,6,1,1,3.0,1,0,0
69,1,173199.0,1,40.3,2,1,1,2,0,5.0,0,0,1
61,1,99999.0,2,6.1,3,2,11,16,0,2.0,0,1,0
68,0,54394.0,1,43.4,1,1,6,9,0,3.0,1,1,0
55,0,87468.0,2,35.3,3,1,3,13,1,3.0,1,0,0
34,1,94878.0,2,42.1,2,1,2,9,0,3.0,1,1,0
60,0,84150.0,2,91.5,4,2,12,3,0,3.0,1,1,0
67,1,99648.0,0,5.0,1,1,0,3,0,5.0,0,1,0
53,1,84575.0,1,49.0,1,1,2,2,0,5.0,1,0,1
38,0,118260.0,2,10.9,2,1,13,12,1,2.0,0,0,0
43,1,54325.0,2,58.1,1,2,2,17,1,1.0,1,0,0
45,1,92121.0,0,5.0,2,1,0,1,1,2.0,1,0,1
56,0,45487.0,0,22.2,2,0,2,2,1,1.0,1,0,0
28,1,110624.0,1,62.3,1,2,0,8,1,5.0,1,0,1
27,0,51344.0,2,5.0,1,3,10,10,1,5.0,1,0,0
68,1,89501.0,2,5.0,3,1,6,8,1,2.0,0,0,0
56,1,90598.0,2,68.3,2,0,10,7,0,3.0,1,0,1
68,0,147642.0,1,46.4,1,2,6,6,1,5.0,0,0,0
52,1,115676.0,2,53.2,3,2,4,8,0,3.0,1,1,0
66,0,30000.0,2,30.1,3,3,13,18,1,4.0,1,0,0
31,0,48657.0,0,78.9,2,2,1,2,1,4.0,0,0,0
37,0,141599.0,2,33.8,2,0,2,17,1,5.0,1,0,1
40,0,50298.0,0,51.0,4,1,2,2,1,1.0,1,0,0
60,0,56564.0,0,33.5,2,0,0,1,1,1.0,1,0,0
46,0,76430.0,2,44.7,1,1,4,13,0,1.0,1,1,0
51,2,120355.0,2,72.8,3,1,6,3,0,1.0,0,1,0
57,0,43166.0,1,12.5,1,2,0,9,1,2.0,0,0,0
44,0,101737.0,1,16.9,3,1,7,4,1,3.0,0,0,0
50,0,62318.0,2,45.2,1,1,5,15,0,1.0,1,0,0
45,1,57174.0,1,5.4,1,2,5,1,1,5.0,1,0,0
53,1,53265.0,2,52.7,2,1,14,9,1,2.0,1,0,0
64,1,90034.0,2,68.6,2,1,2,14,0,5.0,1,2,0
42,1,66638.0,2,5.0,1,2,5,13,1,3.0,1,0,0
27,1,114050.0,0,64.1,1,1,0,3,1,2.0,1,0,0
31,0,50013.0,2,42.4,1,2,4,10,0,3.0,0,1,0
31,0,56342.0,0,47.9,4,3,1,1,1,2.0,0,0,0
35,1,56060.0,1,14.4,1,3,7,1,0,1.0,1,0,0
37,1,73346.0,2,48.0,2,2,3,11,0,2.0,1,1,0
64,1,94707.0,2,27.9,1,2,8,19,1,1.0,1,0,0
45,0,47163.0,2,57.7,1,2,11,6,0,4.0,0,1,0
63,1,174000.0,1,36.7,1,1,7,3,1,5.0,1,0,1
47,1,111891.0,2,22.0,2,2,13,18,1,2.0,1,0,0
29,0,30000.0,1,17.0,1,2,2,5,1,2.0,1,0,0
63,0,108464.0,2,23.3,2,3,12,10,0,4.0,1,0,0
35,0,110235.0,2,5.4,1,3,3,8,0,5.0,1,0,1
51,1,83557.0,2,18.2,2,2,4,10,0,3.0,1,0,0
38,0,131332.0,0,39.4,2,2,1,0,1,2.0,0,0,0
62,0,86415.0,2,19.4,2,1,3,10,0,3.0,1,0,1
54,0,51442.0,1,25.0,1,0,3,9,1,1.0,0,0,0
49,0,77166.0,1,22.2,2,2,7,5,0,1.0,1,1,0
30,0,161743.0,2,11.5,2,1,9,18,1,4.0,0,0,0
35,0,85794.0,2,25.0,1,0,9,17,0,5.0,0,0,0
35,0,129918.0,0,83.1,2,2,0,1,1,2.0,1,0,1
33,1,78066.0,1,72.5,1,3,4,5,1,2.0,1,0,0
52,0,116862.0,1,38.5,1,0,6,7,1,1.0,1,0,0
28,1,134064.0,2,57.3,2,0,12,4,1,5.0,1,0,1
25,1,56396.0,2,58.4,2,0,4,14,0,2.0,1,1,0
28,1,83745.0,2,34.0,2,1,14,8,0,3.0,1,0,0
65,1,45590.0,2,21.2,4,3,3,4,0,3.0,1,1,0
37,0,32357.0,1,26.4,2,2,6,1,0,3.0,0,0,0
66,1,99498.0,1,49.3,1,3,5,5,1,1.0,0,0,0
55,0,106765.0,1,5.0,2,2,5,3,1,1.0,0,0,0
26,0,84209.0,1,5.0,2,2,4,9,1,2.0,1,0,0
44,1,76848.0,2,52.2,1,2,9,16,0,3.0,1,0,0
60,1,36044.0,2,41.0,1,3,2,11,0,3.0,1,1,0
64,0,86042.0,2,5.0,3,2,12,16,0,1.0,1,0,0
42,1,83386.0,1,58.3,2,3,5,5,1,3.0,0,0,0
26,1,119214.0,0,52.1,4,1,1,1,1,3.0,1,0,0
49,0,61026.0,2,17.7,1,3,4,4,0,2.0,0,1,0
62,1,65228.0,0,47.7,1,0,2,1,1,2.0,0,0,0
30,1,103070.0,1,7.0,1,2,7,3,0,1.0,1,0,0
67,0,35289.0,2,57.1,3,1,10,14,0,1.0,1,0,0
49,0,86986.0,1,8.9,1,2,4,7,1,5.0,0,0,0
68,0,64197.0,1,10.8,2,1,0,3,1,4.0,0,0,0
31,0,103256.0,2,72.2,4,2,14,18,0,2.0,0,0,0
45,1,76954.0,2,55.3,1,2,6,7,1,3.0,1,0,0
52,1,48565.0,1,56.7,2,1,5,2,1,1.0,1,0,0
55,1,67401.0,1,82.5,2,0,2,2,1,3.0,1,0,1
46,1,30000.0,2,33.8,2,3,6,18,1,5.0,0,0,0
35,0,66987.0,2,28.9,2,1,12,13,1,1.0,0,0,0
69,0,30000.0,2,27.7,1,0,11,9,0,5.0,1,0,1
58,0,124823.0,2,70.8,2,3,12,8,1,4.0,1,0,0
42,1,91899.0,2,33.4,1,1,7,9,0,1.0,1,0,0
59,1,33091.0,2,27.9,2,2,9,13,0,3.0,0,0,0
49,1,101286.0,1,58.3,2,1,0,5,1,1.0,0,0,0
56,0,82195.0,2,15.8,2,1,4,3,0,2.0,1,2,0
68,0,62482.0,1,28.5,3,2,0,3,0,4.0,1,2,0
50,0,52573.0,0,40.7,1,1,2,2,0,5.0,1,1,0
43,0,93420.0,1,101.1,2,1,6,1,1,4.0,1,1,0
45,1,101498.0,2,23.5,1,2,11,6,1,3.0,1,0,1
47,1,69551.0,1,8.7,2,1,6,2,1,2.0,0,0,0
61,0,80595.0,1,55.0,1,1,3,6,0,4.0,1,2,0
57,0,94598.0,1,27.0,1,2,5,4,1,2.0,1,0,0
64,0,43427.0,1,49.3,2,1,2,4,1,5.0,1,1,0
46,1,69622.0,0,37.9,1,3,1,0,1,2.0,1,0,0
68,0,42077.0,2,49.8,2,1,7,9,0,2.0,0,0,0
58,0,122455.0,1,11.6,2,0,0,7,1,4.0,1,0,1
64,1,88813.0,2,40.9,2,2,14,7,1,1.0,1,0,0
33,0,95846.0,2,42.7,1,1,2,11,1,1.0,1,0,0
58,1,87341.0,2,78.3,1,0,13,10,0,2.0,0,2,0
31,1,30000.0,1,79.3,1,1,0,7,1,5.0,1,1,0
48,1,97627.0,2,38.4,2,0,4,7,0,3.0,0,0,0
25,0,30000.0,1,43.6,1,0,4,3,0,5.0,1,1,0
33,0,30000.0,1,46.7,3,1,5,5,1,1.0,1,0,0
32,0,88179.0,1,13.0,4,2,6,8,0,1.0,0,0,0
29,0,121387.0,2,52.5,2,1,5,19,1,5.0,0,0,0
33,0,145079.0,2,82.7,3,3,12,9,1,4.0,1,0,1
48,0,116743.0,1,79.7,3,1,5,2,1,3.0,1,0,1
47,1,75470.0,0,46.8,3,2,0,0,1,1.0,0,0,0
65,0,120191.0,1,70.1,2,1,5,6,1,5.0,1,0,1
26,1,132360.0,0,36.4,1,2,2,1,1,1.0,1,0,0
30,0,108724.0,1,5.0,3,2,5,3,1,4.0,0,0,0
35,1,30000.0,2,90.8,1,3,6,9,0,2.0,0,1,0
43,1,129781.0,2,28.1,1,2,7,9,0,1.0,1,0,0
56,1,30000.0,1,35.6,3,2,1,9,1,3.0,1,0,1
62,0,74231.0,1,55.6,1,1,6,1,1,2.0,1,0,0
27,1,161662.0,0,11.2,1,1,0,0,1,4.0,1,0,0
54,1,100740.0,2,69.8,3,0,12,5,1,1.0,0,0,0
37,0,77364.0,2,11.1,1,1,14,8,1,3.0,0,0,0
61,1,137570.0,0,43.6,1,2,0,2,1,4.0,1,0,1
46,1,98064.0,1,5.0,2,1,2,4,1,3.0,0,0,0
35,1,101152.0,1,44.4,4,0,1,9,0,5.0,0,1,0
54,0,102762.0,1,5.9,1,2,0,8,1,3.0,0,0,0
31,0,91412.0,1,46.6,2,2,6,8,0,2.0,0,0,0
46,1,138714.0,1,33.6,4,2,7,5,1,1.0,1,0,1
67,1,93105.0,2,40.3,2,3,7,5,0,1.0,0,0,0
67,1,46799.0,2,46.6,3,3,2,9,0,4.0,1,1,0
46,1,46094.0,2,47.4,3,1,10,3,0,2.0,1,0,0
45,1,52127.0,1,12.4,3,3,3,9,0,1.0,1,0,0
58,1,84906.0,2,29.0,3,1,8,5,1,1.0,0,0,0
34,0,96419.0,1,82.5,1,2,4,9,1,1.0,0,0,0
44,0,65003.0,1,30.4,2,2,5,3,1,5.0,0,0,0
46,1,93234.0,2,25.6,2,2,4,12,0,5.0,0,0,0
27,0,114491.0,2,16.6,1,1,6,16,1,1.0,0,0,0
48,1,90493.0,2,5.0,2,1,2,5,1,1.0,1,0,0
61,0,51280.0,1,6.6,1,2,6,4,1,5.0,1,0,0
48,1,84868.0,0,44.7,1,2,2,2,1,5.0,1,0,1
43,1,157270.0,2,32.2,1,3,7,17,0,3.0,1,0,1
28,1,91374.0,2,43.5,1,0,5,5,1,3.0,0,0,0
37,1,73742.0,2,40.8,2,3,5,12,1,1.0,1,0,0
30,0,76920.0,2,18.2,2,2,5,18,1,3.0,0,0,0
38,0,46018.0,2,80.3,2,2,4,8,1,2.0,1,1,0
62,1,31972.0,2,106.0,2,2,11,11,1,1.0,1,0,0
49,1,85627.0,2,20.3,2,1,3,13,1,5.0,1,0,1
58,1,137940.0,1,60.6,2,2,4,3,0,1.0,1,2,0
27,1,39254.0,2,28.4,3,0,7,11,0,1.0,0,0,0
39,1,158013.0,2,56.0,1,1,12,7,1,2.0,0,0,0
50,1,119480.0,2,47.6,2,2,7,14,0,1.0,1,0,0
37,0,50361.0,2,66.2,3,1,4,12,0,1.0,0,1,0
66,1,84532.0,0,32.4,2,1,0,3,1,1.0,0,0,0
55,0,52072.0,1,38.2,1,2,0,9,1,3.0,1,0,0
45,0,116397.0,1,83.9,2,2,3,4,1,1.0,0,0,0
43,2,95471.0,1,26.1,4,3,0,3,1,3.0,0,0,0
27,0,62597.0,1,73.3,1,0,3,6,1,5.0,1,0,1
38,1,87352.0,2,5.0,3,1,3,7,0,3.0,0,0,0
49,1,113601.0,0,77.5,1,1,0,0,1,3.0,1,0,0
26,1,107709.0,2,34.5,4,2,2,16,1,5.0,1,0,1
39,0,130914.0,1,68.4,1,0,4,4,1,1.0,1,0,0
58,1,62674.0,2,35.2,1,1,4,8,1,5.0,0,0,0
56,1,48991.0,1,68.6,2,2,4,5,1,5.0,1,0,1
69,1,73467.0,0,25.4,2,2,2,0,1,4.0,1,0,1
57,1,121363.0,1,19.5,1,2,7,2,0,2.0,1,1,0
49,1,92254.0,0,21.1,2,2,0,1,0,3.0,1,0,0
30,0,45980.0,2,5.0,3,0,4,18,1,1.0,1,0,0
37,0,50167.0,2,66.3,2,3,5,8,0,3.0,1,0,0
42,1,71865.0,1,5.0,1,2,6,5,0,1.0,1,1,0
65,1,81557.0,2,26.3,3,2,8,19,1,2.0,0,0,0
50,1,31911.0,2,10.8,4,1,3,14,1,2.0,1,0,0
27,0,119040.0,1,48.1,1,1,1,8,0,1.0,0,1,0
26,0,78973.0,1,48.0,1,2,3,3,1,5.0,0,0,0
44,1,122876.0,2,52.8,3,2,7,19,1,4.0,0,0,0
32,0,30000.0,1,16.6,1,2,6,7,1,4.0,0,0,0
67,1,122975.0,2,36.7,2,2,5,8,0,4.0,1,1,0
34,2,86407.0,1,70.7,2,1,5,6,1,2.0,1,0,0
36,1,90662.0,2,34.4,2,1,10,6,0,2.0,1,0,1
51,0,117402.0,2,31.7,2,2,3,7,0,4.0,0,1,0
56,0,97571.0,2,38.6,1,2,7,6,0,2.0,0,0,0
32,0,142955.0,2,50.3,1,0,5,7,0,3.0,1,1,0
67,0,97425.0,1,27.8,2,1,2,5,1,3.0,1,0,0
30,0,34531.0,2,70.9,2,0,9,12,0,4.0,1,0,1
29,0,134665.0,1,24.2,3,1,4,7,0,3.0,0,0,0
62,1,165687.0,2,26.6,2,2,3,3,1,2.0,1,0,0
42,0,133662.0,1,64.3,3,0,1,1,1,2.0,0,0,0
47,1,50967.0,2,14.3,1,0,5,13,0,5.0,1,0,1
26,1,30000.0,1,21.9,1,1,0,4,0,4.0,1,1,0
67,0,76030.0,2,40.1,1,2,12,11,0,3.0,0,0,0
55,0,123595.0,2,34.8,3,1,14,3,1,1.0,0,0,0
54,1,84287.0,2,62.9,2,2,8,13,0,4.0,0,0,0
35,1,79298.0,1,6.8,2,2,7,4,0,5.0,1,0,1
46,1,67840.0,0,8.5,2,0,1,0,1,4.0,1,0,1
26,1,100402.0,0,29.3,2,0,2,0,1,5.0,1,0,1
57,0,109146.0,2,69.4,1,2,12,8,0,4.0,1,1,0
28,1,99308.0,2,47.9,1,2,13,12,0,3.0,0,0,0
37,0,91330.0,2,22.6,4,0,4,5,0,4.0,0,0,0
51,1,148464.0,2,19.8,2,2,14,14,0,5.0,0,0,1
65,1,86532.0,1,42.4,2,2,3,1,1,4.0,0,0,0
63,0,82437.0,1,36.3,1,1,3,1,1,2.0,1,0,0
49,0,35012.0,1,83.7,1,2,5,2,0,2.0,0,1,0
58,1,65800.0,1,5.0,2,2,1,3,1,1.0,0,0,0
31,1,91159.0,2,7.9,3,1,11,13,1,5.0,1,0,1
38,1,66606.0,0,44.9,1,1,0,2,1,3.0,0,0,0
33,1,51437.0,2,62.4,2,2,6,8,0,2.0,0,1,0
60,1,59522.0,2,76.1,3,3,11,11,0,3.0,1,1,0
66,1,109479.0,0,52.7,2,2,1,3,1,3.0,1,0,0
29,1,77550.0,2,50.6,3,1,8,6,0,1.0,0,1,0
33,0,58561.0,2,68.9,2,2,13,3,0,4.0,1,1,1
63,1,80590.0,1,46.4,2,1,0,2,1,4.0,0,0,0
39,0,130470.0,2,34.6,3,2,3,6,1,4.0,1,0,1
25,0,53762.0,2,38.0,1,2,4,11,0,5.0,1,1,0
30,1,30000.0,1,82.3,2,3,6,9,1,4.0,1,0,0
41,1,104635.0,2,28.9,1,2,8,11,0,3.0,1,0,0
26,0,102280.0,2,5.0,2,1,8,12,0,3.0,1,0,0
42,1,131214.0,1,10.8,2,1,4,9,0,4.0,0,0,0
53,1,77515.0,2,35.4,2,0,9,12,1,2.0,1,0,0
27,1,129551.0,2,30.9,1,2,9,11,0,2.0,1,0,1
46,0,104916.0,1,78.2,1,2,0,7,1,2.0,0,0,0
32,1,126645.0,1,67.5,1,3,0,4,1,3.0,0,0,0
52,0,69693.0,2,27.6,2,1,11,16,1,1.0,1,0,0
44,0,30000.0,1,18.7,4,1,5,7,1,4.0,0,0,0
34,0,78051.0,2,42.3,1,2,9,3,0,3.0,1,1,0
55,1,144679.0,0,5.2,1,1,2,1,1,5.0,0,0,1
28,1,126955.0,0,53.9,3,2,0,3,1,3.0,1,1,0
33,0,75402.0,2,96.7,1,3,14,8,0,4.0,0,0,0
49,0,65359.0,2,60.0,2,2,6,4,0,4.0,1,1,0
29,0,125124.0,2,64.2,2,2,6,13,1,1.0,1,0,0
47,0,82844.0,2,76.7,2,3,5,6,0,5.0,1,1,1
50,1,37020.0,2,88.4,3,3,5,8,0,3.0,1,1,0
62,0,122680.0,1,39.3,2,2,7,8,1,2.0,1,0,0
56,1,114733.0,2,59.2,2,1,8,10,0,4.0,1,0,1
58,1,84758.0,1,60.1,1,1,3,3,0,2.0,1,1,0
44,0,83682.0,1,31.6,3,3,2,3,1,3.0,1,0,0
52,0,90030.0,2,15.7,2,2,7,3,0,5.0,1,1,1
31,1,68806.0,2,82.5,2,1,7,17,0,5.0,1,0,1
57,1,171467.0,2,5.0,2,1,10,13,1,2.0,1,0,1
47,2,97982.0,1,98.2,3,2,3,6,1,5.0,0,0,0
25,1,133279.0,2,61.7,1,3,7,11,1,4.0,1,0,0
65,1,91435.0,2,47.4,2,2,12,9,0,3.0,0,0,0
34,0,42659.0,2,33.1,1,3,10,13,0,1.0,1,0,0
60,0,65579.0,1,48.7,1,2,7,1,1,3.0,0,0,0
54,1,46833.0,2,5.6,2,1,2,8,0,2.0,0,0,0
36,0,58877.0,2,5.0,2,1,5,3,0,2.0,1,1,0
52,0,85889.0,1,36.6,2,2,6,3,0,5.0,1,0,1
64,0,84287.0,1,58.5,2,2,6,5,0,4.0,1,1,0
65,1,45419.0,2,36.7,2,2,7,4,0,5.0,1,0,1
45,1,30000.0,1,45.2,3,3,4,4,1,5.0,1,0,0
66,0,34091.0,1,29.6,2,0,2,8,1,4.0,1,0,1
53,1,68372.0,2,5.0,3,2,10,18,0,2.0,1,0,0
65,1,83658.0,2,67.4,1,2,5,14,1,4.0,0,0,0
63,0,96508.0,2,5.0,1,2,11,11,0,4.0,0,0,0
42,1,169534.0,0,58.2,1,2,2,0,1,3.0,1,0,0
27,0,137450.0,2,56.9,4,2,11,15,1,5.0,0,0,1
35,0,95119.0,2,31.6,3,0,7,6,0,1.0,1,0,0
37,0,30000.0,2,49.9,2,0,14,17,1,3.0,1,0,0
28,1,132101.0,1,33.3,1,1,7,9,1,4.0,0,0,0
33,0,67836.0,1,43.5,2,1,2,1,1,4.0,0,0,0
65,2,83796.0,1,42.4,1,3,5,1,1,2.0,1,0,0
34,1,75850.0,2,38.7,3,1,6,6,0,1.0,1,1,0
35,1,108330.0,0,69.3,1,1,1,1,1,5.0,0,0,0
54,0,83766.0,1,5.0,1,0,7,8,0,2.0,0,0,0
59,1,31505.0,2,28.8,1,1,9,12,0,1.0,1,0,0
52,1,123536.0,2,52.9,2,3,12,8,0,5.0,0,1,0
54,0,118810.0,2,5.0,2,0,5,16,1,1.0,1,0,0
38,1,122042.0,2,34.1,2,1,11,18,0,2.0,1,0,0
56,1,114943.0,1,5.0,2,1,0,1,1,5.0,1,0,1
28,1,34520.0,2,68.5,2,2,4,7,1,3.0,0,0,0
45,1,42465.0,1,62.0,1,2,5,2,1,4.0,1,0,0
52,1,30000.0,2,55.6,3,1,8,13,0,2.0,0,1,0
30,2,38857.0,2,44.0,2,2,3,17,1,2.0,1,0,0
64,1,73344.0,0,43.0,4,0,1,3,1,2.0,1,0,0
45,1,43018.0,2,8.5,2,1,12,8,1,2.0,1,0,0
63,0,78129.0,0,85.3,2,1,1,1,1,3.0,1,0,0
53,1,41344.0,0,51.3,1,0,2,3,1,4.0,0,0,0
55,0,101437.0,1,24.4,1,1,7,7,0,4.0,0,0,0
56,1,30000.0,2,5.0,2,1,5,8,0,1.0,0,0,0
27,0,92266.0,2,43.5,1,2,9,11,0,1.0,1,1,0
26,1,76650.0,2,14.2,2,0,13,11,0,2.0,1,0,0
31,1,53089.0,2,75.6,1,3,2,8,0,4.0,1,1,1
55,0,126966.0,1,36.8,1,2,6,1,1,3.0,1,0,1
66,0,113067.0,1,40.4,2,1,2,5,1,5.0,1,0,1
59,0,49766.0,1,30.3,1,3,4,5,0,2.0,1,0,0
38,0,121445.0,0,70.9,3,1,0,2,1,4.0,1,0,0
55,1,92901.0,0,69.4,2,1,2,0,1,2.0,0,0,0
34,1,72043.0,0,19.6,2,2,1,1,1,2.0,1,0,0
52,1,87026.0,0,38.6,2,2,0,0,0,1.0,0,1,0
66,1,69920.0,1,5.0,2,1,6,4,0,4.0,1,0,0
60,1,30000.0,0,5.0,2,1,0,2,1,2.0,0,0,0
44,1,32644.0,1,38.2,1,1,1,8,1,4.0,0,0,0
46,0,110550.0,2,9.8,2,1,5,16,0,2.0,1,0,1
64,1,93655.0,1,51.8,1,1,2,5,1,4.0,0,0,0
59,1,111031.0,1,28.0,1,1,1,2,0,5.0,1,1,1
35,1,98078.0,2,48.5,1,2,4,15,1,1.0,1,0,0
56,0,86255.0,0,12.4,1,0,1,1,1,4.0,1,0,1
38,1,87809.0,0,65.9,3,1,1,2,1,3.0,1,0,0
67,1,62154.0,1,52.3,3,3,3,4,1,2.0,1,0,0
59,1,130734.0,0,33.9,1,2,1,1,0,4.0,1,1,0
44,1,46477.0,0,5.0,3,3,0,3,1,2.0,1,0,0
25,0,100440.0,2,46.0,1,3,12,10,1,2.0,1,0,0
52,0,80006.0,2,6.2,1,2,13,7,0,5.0,0,0,0
51,0,92614.0,1,50.3,2,2,0,6,0,3.0,0,1,0
52,0,78278.0,1,26.5,1,2,4,5,1,5.0,0,0,0
26,1,58804.0,2,59.0,2,2,13,13,1,3.0,1,0,1
46,0,115154.0,0,11.9,2,0,1,0,1,1.0,1,0,0
31,1,51921.0,1,63.2,2,1,2,4,1,4.0,1,0,1
69,1,30000.0,0,40.1,1,1,0,0,1,2.0,0,0,0
38,1,63655.0,1,24.3,1,1,7,1,1,5.0,1,0,0
66,0,86877.0,2,5.0,4,2,6,8,1,2.0,1,0,0
62,1,107519.0,2,29.3,1,2,5,15,0,1.0,0,0,0
61,1,89740.0,1,57.1,3,1,6,3,1,4.0,1,0,0
58,1,94493.0,0,5.0,1,2,0,1,1,2.0,0,0,0
34,1,108875.0,2,57.5,1,2,11,19,1,1.0,1,0,0
64,1,74568.0,1,62.0,1,1,4,5,1,3.0,1,0,0
52,1,104297.0,1,73.5,2,3,7,8,1,5.0,1,0,0
44,0,59429.0,1,42.2,1,0,2,7,1,1.0,0,0,0
62,1,39370.0,1,28.8,2,2,3,6,0,4.0,0,0,0
28,0,30000.0,2,75.0,2,0,13,16,1,1.0,1,0,0
37,0,30000.0,0,5.0,3,1,1,2,1,4.0,1,0,1
29,0,77530.0,1,81.3,3,2,5,7,0,3.0,1,1,0
45,1,94303.0,2,64.2,1,0,13,17,0,4.0,1,0,0
69,1,100336.0,2,56.7,1,2,7,11,0,4.0,1,0,1
33,0,68679.0,1,49.0,1,2,0,6,0,3.0,0,1,0
61,1,104378.0,1,48.5,1,1,0,3,1,2.0,1,0,0
53,1,128558.0,1,90.6,1,1,6,2,1,5.0,1,0,1
35,1,78834.0,2,18.3,1,2,10,5,0,1.0,1,0,0
38,1,124531.0,2,30.7,1,2,6,17,1,2.0,1,0,0
27,1,84758.0,2,78.1,1,2,11,11,0,5.0,0,0,0
66,0,84734.0,2,63.2,1,1,9,5,1,3.0,0,0,0
47,1,117506.0,1,42.2,1,2,5,1,1,3.0,1,0,0
62,0,74797.0,2,36.4,2,2,10,11,0,2.0,0,0,0
39,0,52373.0,2,57.2,1,1,12,11,0,3.0,1,0,0
52,1,112176.0,1,5.0,1,2,2,1,1,1.0,0,0,0
34,1,61360.0,1,19.0,1,1,4,1,0,4.0,0,1,0
30,0,65757.0,2,63.0,1,2,12,8,0,2.0,1,0,0
39,1,131725.0,1,29.4,3,1,2,8,0,3.0,1,0,1
37,0,106618.0,2,38.5,2,0,6,15,1,3.0,1,0,0
52,0,41811.0,2,5.0,1,2,8,4,0,1.0,1,1,0
47,0,81353.0,1,46.9,3,1,2,5,1,2.0,0,0,0
36,1,96021.0,1,50.7,3,1,2,1,0,5.0,0,1,0
41,0,49646.0,2,69.2,2,0,2,11,0,1.0,1,0,0
44,0,158214.0,1,27.4,2,3,2,6,1,4.0,0,0,0
42,0,82313.0,2,40.1,1,1,10,8,0,2.0,0,0,0
58,0,89281.0,1,57.6,1,2,3,8,0,2.0,1,0,1
42,1,114059.0,1,29.2,1,2,0,7,0,3.0,0,0,0
46,1,48527.0,2,58.7,2,0,2,6,1,3.0,1,0,0
42,0,72886.0,2,35.0,2,2,8,8,0,2.0,0,0,0
61,0,121896.0,2,29.9,4,1,2,10,0,3.0,1,0,0
47,0,160711.0,1,25.9,4,2,1,7,1,3.0,0,0,0
39,1,116931.0,1,61.4,2,2,5,4,1,5.0,0,0,0
44,2,35457.0,0,48.4,1,0,1,1,1,5.0,0,0,0
47,1,71627.0,2,57.1,2,1,4,16,0,2.0,1,0,0
66,1,36388.0,0,5.0,1,1,1,2,1,2.0,1,0,0
68,1,99661.0,1,47.8,1,1,1,5,1,5.0,1,0,1
66,0,115813.0,0,39.0,2,0,1,1,0,4.0,0,1,0
56,0,96954.0,2,32.5,2,1,11,11,1,1.0,1,0,0
47,1,130024.0,1,39.5,2,1,6,7,1,4.0,1,0,0
45,1,151724.0,2,23.0,3,2,9,19,0,3.0,1,0,1
27,0,92451.0,2,101.6,1,2,10,10,0,1.0,0,1,0
29,0,122568.0,1,24.2,2,2,0,4,1,4.0,0,0,0
44,1,30000.0,2,21.5,3,1,12,6,1,1.0,1,0,0
28,2,82942.0,1,19.2,2,2,5,3,1,4.0,0,0,0
47,1,61127.0,1,19.5,3,0,1,8,1,2.0,1,0,0
43,1,78815.0,0,5.0,2,1,0,3,1,3.0,1,0,0
35,1,105706.0,1,31.7,2,1,7,3,1,3.0,1,0,0
49,1,103167.0,0,37.0,2,1,0,2,1,1.0,0,0,0
58,1,38921.0,0,5.0,3,1,0,0,1,4.0,1,0,0
51,1,103616.0,2,40.6,2,1,13,5,0,5.0,1,0,1
66,1,125685.0,2,41.5,3,1,8,10,1,1.0,1,0,0
66,1,86448.0,0,6.2,1,2,1,0,1,2.0,1,0,0
27,1,84906.0,2,45.2,3,2,14,8,1,4.0,0,0,0
33,0,132695.0,0,7.2,3,1,2,0,1,1.0,1,0,0
39,0,34335.0,2,50.9,3,2,12,3,1,3.0,1,0,1
35,1,61328.0,2,30.5,2,2,10,16,0,5.0,0,0,0
38,0,103058.0,2,50.7,1,1,14,16,0,5.0,1,0,1
49,1,82805.0,2,27.8,1,1,12,14,0,5.0,1,0,1
61,0,73436.0,1,65.4,1,3,6,6,1,4.0,0,0,0
68,1,62869.0,2,87.7,2,2,4,4,1,3.0,0,0,0
30,1,96811.0,1,24.3,1,2,0,3,1,1.0,1,0,0
34,0,61669.0,1,35.4,4,1,7,1,1,3.0,0,0,0
29,1,104125.0,1,82.7,2,1,4,8,1,2.0,1,0,0
66,0,66492.0,0,84.9,2,2,0,3,1,5.0,1,0,0
25,0,96458.0,2,31.0,2,2,7,19,1,2.0,1,0,0
30,0,52416.0,1,50.3,2,0,4,5,1,5.0,0,0,0
47,0,117793.0,2,32.9,2,2,10,5,0,5.0,1,0,0
54,0,91566.0,1,9.9,1,3,7,8,0,3.0,0,0,0
48,0,73882.0,1,20.1,1,2,6,4,1,5.0,0,0,0
34,0,30000.0,2,8.7,3,1,7,5,1,3.0,0,0,0
29,1,96347.0,2,93.6,2,1,6,17,1,4.0,1,0,1
28,0,30000.0,1,20.4,1,1,7,5,1,5.0,0,0,0
48,1,77202.0,2,48.3,2,1,4,4,1,1.0,0,0,0
68,0,86068.0,2,45.5,3,1,9,16,0,5.0,1,0,1
40,0,82640.0,2,45.8,2,2,7,5,1,1.0,0,0,0
25,2,88725.0,2,18.8,4,2,4,16,1,2.0,0,0,0
42,1,116243.0,0,89.0,2,1,1,3,0,4.0,1,2,0
37,0,57076.0,2,70.6,2,2,9,6,0,5.0,1,0,0
65,0,90257.0,1,31.0,2,1,0,5,1,1.0,1,0,0
60,0,41269.0,0,5.0,1,2,1,3,1,2.0,1,0,0
32,0,30000.0,2,5.0,3,2,7,17,0,2.0,1,0,0
34,0,165571.0,2,39.7,1,0,3,14,0,2.0,0,1,0
48,1,87109.0,1,15.0,1,1,7,7,1,4.0,1,0,1
30,0,125599.0,1,49.5,2,1,6,9,1,3.0,1,0,1
36,0,49077.0,2,38.349999999999994,1,2,4,16,1,3.0,1,0,0
55,0,107430.0,0,53.2,1,2,2,2,1,1.0,1,0,0
48,1,46678.0,0,81.3,1,0,1,1,0,5.0,1,2,0
25,1,93957.0,2,66.0,2,3,11,16,1,5.0,0,0,0
35,1,30000.0,0,5.0,1,3,2,3,1,2.0,1,0,0
63,0,104567.0,2,80.3,2,1,11,14,1,2.0,0,0,0
44,0,48469.0,2,42.2,4,2,13,10,0,1.0,1,0,0
58,0,121098.0,2,12.6,2,2,14,19,0,4.0,0,0,0
43,1,70809.0,1,67.5,3,0,4,8,1,1.0,1,0,0
59,0,36126.0,2,23.1,1,1,4,17,0,5.0,1,0,1
25,1,135047.0,1,30.1,2,2,1,3,0,4.0,1,1,0
31,0,63682.0,2,67.7,1,0,5,5,0,5.0,1,1,0
46,1,119848.0,1,77.6,1,1,4,6,1,3.0,0,0,0
33,1,107087.0,0,49.0,2,1,0,0,1,4.0,1,0,0
65,0,33767.0,1,73.2,3,2,6,1,1,2.0,1,0,0
28,1,57150.0,0,76.3,2,0,0,0,1,2.0,0,0,0
58,1,98559.0,2,15.5,1,1,3,13,1,2.0,1,0,0
48,0,112294.0,1,72.7,1,3,0,2,1,5.0,1,0,1
38,1,97107.0,2,38.7,3,1,5,11,0,5.0,1,1,1
26,0,147723.0,0,55.7,4,1,0,1,1,2.0,1,0,0
54,1,39917.0,2,60.4,4,2,10,7,0,1.0,1,0,0
65,0,77795.0,2,9.2,2,2,11,18,1,5.0,0,0,0
25,1,51918.0,2,5.0,2,1,9,19,0,4.0,0,0,0
69,0,55780.0,2,10.3,2,1,6,11,0,1.0,0,0,0
51,1,123800.0,2,55.3,2,1,6,8,0,1.0,1,0,0
25,0,104649.0,1,32.7,2,3,3,3,1,1.0,0,0,0
54,1,65864.0,0,44.7,1,2,1,0,1,1.0,1,0,0
58,0,97639.0,2,43.2,1,2,5,12,0,1.0,0,0,0
44,0,73356.0,1,35.0,1,2,5,9,0,3.0,1,0,0
42,1,87755.0,0,21.2,3,2,2,3,1,1.0,1,0,0
48,1,30000.0,1,5.0,2,2,2,9,1,5.0,1,0,0
30,1,92288.0,1,38.9,1,1,4,7,1,1.0,0,0,0
58,1,84173.0,2,39.3,1,1,7,5,1,4.0,1,0,0
46,1,79548.0,2,5.4,2,0,11,13,1,3.0,1,0,1
41,0,75771.0,1,7.0,1,2,4,6,1,5.0,0,0,0
50,1,51978.0,2,5.0,3,3,10,6,1,2.0,1,0,1
44,0,139077.0,2,72.8,2,1,10,3,0,3.0,1,0,1
66,0,124119.0,2,49.4,3,2,2,17,1,1.0,1,0,0
39,1,37132.0,1,20.1,1,0,5,2,1,2.0,1,0,0
51,2,134900.0,1,58.1,1,0,3,8,1,4.0,0,0,0
30,1,83827.0,1,48.0,1,2,0,4,1,4.0,1,0,0
48,1,132305.0,1,64.7,1,0,0,9,0,5.0,1,1,1
69,1,102300.0,1,75.9,2,2,4,4,1,4.0,1,0,1
58,1,92265.0,2,33.0,4,1,6,15,0,2.0,1,0,0
53,2,131789.0,2,34.7,3,0,10,5,0,5.0,1,0,1
33,1,91569.0,2,18.6,2,1,6,10,1,4.0,0,0,0
34,0,104447.0,1,77.4,2,2,5,4,1,2.0,1,0,0
44,1,63516.0,2,55.1,1,1,8,13,1,1.0,0,0,0
40,0,51776.0,2,59.3,1,1,10,16,0,4.0,1,1,0
28,0,71025.0,2,52.5,3,1,2,14,0,5.0,1,0,0
49,0,74034.0,1,31.5,2,2,4,5,1,4.0,0,0,0
60,0,82934.0,2,27.1,2,3,4,16,0,5.0,1,0,0
32,0,79204.0,2,47.1,2,0,3,8,0,3.0,1,1,0
26,1,67411.0,2,32.9,2,3,13,6,0,1.0,0,1,0
57,1,30000.0,2,10.0,3,2,8,3,0,5.0,1,0,0
57,0,63291.0,2,61.9,3,2,2,18,1,1.0,1,0,0
54,0,30000.0,2,14.2,1,2,9,11,0,2.0,0,0,0
33,1,110314.0,1,76.0,2,2,0,4,1,4.0,1,0,0
43,1,103578.0,0,76.9,2,3,1,0,1,3.0,1,0,0
35,0,74450.0,2,18.0,1,1,10,7,0,2.0,0,0,0
27,0,117771.0,0,30.2,1,2,2,2,1,1.0,1,0,0
44,0,131085.0,1,10.2,4,1,0,2,1,5.0,0,0,0
40,1,125937.0,1,70.5,3,2,4,9,0,3.0,1,1,0
51,0,74686.0,2,65.5,1,3,12,17,0,1.0,0,1,0
42,1,69116.0,2,73.2,2,0,6,10,0,1.0,0,0,0
48,0,147691.0,2,59.9,2,3,12,16,0,5.0,0,1,0
63,0,107497.0,2,35.1,1,2,13,6,1,3.0,0,0,0
30,0,63072.0,1,82.6,3,2,7,6,1,4.0,1,0,0
67,1,61160.0,0,41.0,1,1,0,1,1,3.0,0,0,0
55,0,42727.0,1,61.5,1,2,1,6,1,4.0,1,0,0
55,1,36612.0,1,46.5,2,2,4,4,1,1.0,1,0,0
48,0,53673.0,1,33.7,1,1,3,2,1,4.0,0,0,0
45,0,87447.0,2,33.8,1,1,4,18,0,5.0,1,0,0
66,1,95408.0,1,29.2,3,3,2,9,1,3.0,1,0,0
52,0,87835.0,1,40.5,2,2,1,9,1,1.0,1,0,0
69,1,30000.0,1,50.0,1,2,3,2,1,1.0,1,0,0
49,1,30000.0,1,70.1,3,2,4,2,0,3.0,0,1,0
61,0,77770.0,0,66.3,1,1,0,2,1,3.0,1,0,0
67,1,75626.0,0,49.3,2,1,2,0,1,2.0,1,0,0
41,0,62659.0,2,11.1,1,0,2,10,1,1.0,0,0,0
69,0,88251.0,2,36.4,1,2,11,19,1,5.0,1,0,1
41,0,75864.0,2,27.8,2,1,3,5,0,4.0,1,2,0
60,1,98736.0,2,8.8,3,0,5,18,1,5.0,0,0,0
43,1,57010.0,2,51.5,2,0,14,17,0,1.0,0,0,0
30,1,141884.0,2,86.2,4,2,14,18,1,5.0,0,0,0
32,0,78890.0,2,27.4,1,0,5,13,0,1.0,0,1,0
47,1,83016.0,2,45.1,1,1,4,9,0,1.0,0,2,0
51,1,30000.0,2,29.0,1,3,13,18,1,3.0,0,0,0
59,0,60796.0,0,69.8,2,3,0,2,1,4.0,1,0,1
59,1,53422.0,1,51.7,1,3,2,7,1,2.0,0,0,0
38,0,61677.0,2,38.7,3,1,11,4,0,2.0,1,0,0
41,1,96877.0,1,38.8,4,2,4,9,1,3.0,1,0,0
28,1,104899.0,2,15.7,1,3,7,11,0,2.0,1,0,0
41,0,107944.0,1,13.4,1,3,4,3,0,1.0,1,0,0
33,1,44738.0,1,13.4,2,2,6,1,0,4.0,0,1,0
63,0,66100.0,1,5.0,4,3,1,9,1,3.0,0,0,0
48,1,123460.0,2,41.2,2,0,3,7,1,5.0,1,0,1
45,0,64404.0,1,28.4,4,0,0,5,1,3.0,1,0,0
43,1,102753.0,2,42.9,2,1,11,10,1,2.0,1,0,1
54,0,102189.0,2,12.8,3,2,9,10,1,4.0,1,0,1
45,1,30000.0,1,29.2,3,2,6,4,1,2.0,1,0,0
62,1,123797.0,2,15.0,2,2,12,19,1,4.0,1,0,0
58,1,69060.0,2,53.4,2,2,8,18,0,2.0,1,0,0
61,0,79777.0,2,66.6,2,1,5,6,0,5.0,1,1,0
66,0,41676.0,2,65.4,2,1,11,11,1,1.0,1,0,0
43,0,84426.0,2,35.6,1,2,12,7,0,1.0,1,0,0
67,0,74769.0,2,5.0,1,3,9,9,1,2.0,1,0,0
44,0,30222.0,1,5.0,3,2,4,3,1,1.0,1,0,0
44,1,92244.0,2,41.150000000000006,2,2,2,7,0,1.0,0,0,0
45,1,33977.0,1,68.4,3,1,6,1,1,1.0,1,0,0
31,0,112232.0,2,24.7,2,3,14,9,1,1.0,1,0,0
34,0,102923.0,2,25.3,2,1,13,7,0,4.0,1,0,0
39,1,87431.0,1,22.8,2,2,4,7,1,5.0,0,0,0
50,1,95640.0,2,76.2,1,2,12,9,1,4.0,0,0,0
53,1,65589.0,2,11.4,3,2,13,5,1,3.0,1,0,0
63,0,110367.0,0,5.0,2,2,2,3,1,4.0,1,0,1
29,1,65730.0,1,95.8,3,2,6,6,1,4.0,1,0,1
54,0,69061.0,2,55.9,1,2,6,17,1,3.0,0,0,0
56,1,84758.0,1,48.5,1,1,5,3,1,4.0,0,0,0
44,1,43898.0,2,67.9,1,0,7,17,1,4.0,1,0,0
65,1,46799.0,1,33.5,2,2,4,9,1,1.0,1,0,0
57,0,100703.0,1,5.0,1,2,0,8,1,4.0,1,0,1
34,1,59076.0,1,55.4,2,0,1,3,0,5.0,1,2,0
64,1,76657.0,2,41.3,3,1,5,10,0,4.0,1,1,0
28,1,64290.0,1,70.9,2,3,5,7,1,3.0,0,0,0
26,0,53414.0,0,17.2,1,2,0,3,1,4.0,1,0,0
36,1,81785.0,2,23.9,1,2,7,3,0,2.0,1,0,0
50,0,74407.0,0,9.8,3,2,2,0,1,2.0,1,0,0
69,1,65444.0,2,26.2,1,1,4,6,0,3.0,0,0,0
55,1,88182.0,1,49.1,2,3,4,3,1,4.0,1,0,1
49,0,84287.0,1,68.5,2,1,1,2,1,2.0,1,0,0
65,0,90544.0,1,14.3,1,0,0,5,1,4.0,0,0,0
59,1,72424.0,0,12.7,2,2,1,0,1,5.0,1,0,0
51,1,70230.0,1,37.4,2,2,4,7,0,5.0,1,1,0
56,1,97563.0,2,5.0,2,0,6,9,0,4.0,0,0,0
64,1,91756.0,2,17.7,1,1,3,18,0,4.0,0,0,0
40,0,97769.0,2,60.7,1,1,7,12,0,5.0,1,0,1
52,1,131018.0,2,25.3,3,1,4,12,1,5.0,0,0,1
32,1,94118.0,2,53.4,2,1,5,15,0,1.0,1,1,0
53,1,86048.0,1,54.2,1,0,2,6,1,5.0,1,0,1
26,1,47752.0,2,65.6,3,0,3,13,0,4.0,1,1,0
59,0,174000.0,0,75.8,2,1,0,3,1,2.0,0,0,0
37,0,84287.0,1,46.5,2,2,1,9,1,1.0,1,0,0
26,1,122318.0,2,65.3,2,1,11,8,0,4.0,1,1,0
57,1,80632.0,1,39.7,2,2,7,3,1,5.0,1,0,0
26,1,112134.0,0,46.4,1,3,2,1,1,2.0,0,0,0
33,0,85804.0,1,90.7,1,1,4,4,0,2.0,0,1,0
55,0,55530.0,2,34.3,3,2,13,7,0,5.0,0,0,0
43,1,104851.0,0,5.0,2,1,0,0,0,2.0,1,0,0
32,0,71387.0,1,37.2,1,2,3,3,1,3.0,0,0,0
39,1,73254.0,2,32.0,3,1,5,11,1,2.0,1,0,0
65,1,105952.0,2,61.8,1,1,13,12,1,4.0,0,0,0
69,1,111311.0,2,72.5,1,2,2,4,1,2.0,0,0,0
68,1,151713.0,1,73.2,2,2,0,3,1,1.0,1,0,0
53,1,56826.0,2,27.6,1,1,3,17,0,5.0,1,1,0
46,0,41209.0,1,5.0,2,1,5,1,1,1.0,1,0,0
43,1,108125.0,2,26.3,2,3,13,18,1,1.0,1,0,0
41,1,84683.0,0,77.6,2,1,0,1,1,2.0,1,0,0
27,1,56589.0,2,33.6,2,3,7,7,0,3.0,1,1,0
36,2,114624.0,2,55.8,1,0,4,13,1,5.0,0,0,1
32,2,94720.0,2,59.0,2,2,7,3,0,4.0,1,0,1
42,1,117719.0,2,30.6,2,2,13,17,0,1.0,1,0,0
63,1,121067.0,2,36.1,1,3,12,3,1,2.0,0,0,0
40,1,30000.0,1,11.7,1,1,2,9,1,2.0,1,0,0
36,0,105103.0,1,30.8,1,2,0,7,1,5.0,0,0,0
69,1,92431.0,1,68.4,1,1,2,4,0,4.0,1,1,0
55,1,77366.0,0,7.3,3,2,0,2,1,5.0,1,0,1
29,0,32410.0,2,81.1,2,1,10,18,1,2.0,0,0,0
61,1,111380.0,0,41.4,2,3,0,0,1,4.0,1,0,0
65,1,56441.0,2,6.9,2,1,9,6,1,5.0,1,0,0
32,1,84287.0,0,15.4,2,2,0,0,1,5.0,1,0,1
47,0,102390.0,1,57.2,3,2,2,8,1,4.0,1,0,0
37,1,138717.0,2,62.6,1,2,12,5,0,4.0,0,0,0
32,1,132902.0,1,31.7,2,2,3,3,1,3.0,1,0,0
34,0,77462.0,2,47.0,1,0,12,12,0,3.0,0,0,0
29,0,117723.0,2,28.0,1,1,13,7,0,2.0,0,0,0
45,0,64530.0,2,6.5,1,2,3,14,1,3.0,1,0,1
65,0,35506.0,1,45.9,3,2,7,9,1,5.0,1,0,0
51,1,53845.0,2,69.5,1,2,2,6,0,2.0,0,1,0
60,1,52876.0,2,5.0,1,2,9,14,1,5.0,1,0,1
41,1,46399.0,0,32.9,3,0,1,2,1,4.0,0,0,0
45,1,103642.0,1,21.1,2,2,3,8,1,5.0,1,0,0
25,1,106569.0,2,59.0,3,2,4,15,1,5.0,0,0,0
48,0,30000.0,2,48.0,2,1,5,13,0,5.0,0,0,0
38,1,52590.0,0,28.9,1,1,1,1,1,3.0,1,0,0
31,2,83396.0,2,5.0,3,1,11,15,0,2.0,1,0,0
30,0,76796.0,2,52.4,4,3,6,11,0,4.0,1,0,1
43,0,85724.0,1,68.6,1,2,7,1,1,2.0,1,0,0
35,2,86938.0,2,13.0,2,1,11,13,0,4.0,0,0,1
52,1,125048.0,2,18.7,1,1,6,3,1,4.0,0,0,0
34,1,98425.0,2,5.0,1,1,14,9,0,4.0,0,0,0
47,1,132267.0,1,47.9,3,1,5,6,1,1.0,1,0,0
62,1,75436.0,0,53.3,3,3,2,2,1,5.0,0,0,0
60,0,144932.0,0,23.3,2,2,0,2,1,3.0,0,0,0
54,0,117550.0,1,14.6,2,1,5,6,1,3.0,0,0,0
38,1,50103.0,1,23.9,2,3,0,9,1,3.0,1,0,0
65,1,42298.0,2,10.7,2,2,2,16,1,5.0,0,0,1
69,1,83489.0,1,44.5,1,2,1,6,1,3.0,0,0,0
33,1,102503.0,1,29.0,2,2,1,9,1,3.0,1,0,0
68,1,38726.0,2,11.6,1,1,7,13,1,3.0,1,0,0
50,0,95579.0,2,32.9,2,0,14,19,0,1.0,0,0,0
42,0,50529.0,2,5.0,1,1,6,8,0,4.0,0,0,0
55,0,98444.0,1,33.0,1,1,0,9,0,1.0,0,1,0
56,1,92047.0,2,26.3,2,0,2,15,1,1.0,1,0,0
56,0,74481.0,1,54.0,1,0,5,1,1,1.0,1,0,0
35,0,36947.0,1,89.3,2,2,2,9,1,4.0,1,0,0
53,0,113390.0,2,34.0,2,2,4,3,1,1.0,0,0,0
60,1,33888.0,2,21.1,1,1,9,6,1,5.0,1,0,0
59,0,60438.0,1,7.0,2,1,7,3,1,3.0,0,0,0
40,2,106031.0,2,63.5,2,3,11,3,0,3.0,1,1,0
28,1,113372.0,0,52.2,2,1,2,2,1,3.0,0,0,0
25,1,118610.0,0,35.4,2,2,0,0,1,2.0,1,0,0
50,1,59262.0,0,87.6,2,0,1,1,1,4.0,0,0,0
37,1,55952.0,1,12.0,2,3,7,3,1,2.0,1,0,0
65,1,73261.0,2,42.1,1,2,6,10,0,5.0,0,0,0
47,1,119457.0,1,19.7,1,0,5,6,0,2.0,1,0,0
36,0,69082.0,2,71.7,2,1,6,10,0,2.0,1,0,0
31,1,111035.0,1,54.3,3,2,1,7,1,5.0,0,0,0
61,0,30000.0,1,45.3,3,1,1,5,0,3.0,1,1,0
26,0,138706.0,1,67.7,2,1,0,8,1,4.0,1,0,1
49,0,97640.0,1,26.2,2,2,7,8,1,5.0,1,0,0
65,1,45078.0,0,67.8,1,1,0,2,1,2.0,1,0,0
44,0,68480.0,1,67.4,3,1,2,3,1,2.0,1,0,0
32,1,62056.0,2,106.0,3,1,4,5,0,2.0,1,1,0
61,0,75989.0,1,33.1,1,2,2,4,1,5.0,1,0,1
60,0,71997.0,2,47.2,4,2,14,13,1,4.0,1,0,0
59,0,71198.0,1,5.0,1,2,5,4,1,2.0,1,0,0
62,1,63576.0,2,5.0,3,1,6,5,1,1.0,1,0,0
34,1,107854.0,2,65.7,1,2,9,9,0,5.0,0,0,0
47,0,51258.0,2,5.0,2,3,12,17,1,4.0,0,0,0
61,1,134948.0,2,22.8,4,2,4,12,1,5.0,1,0,1
66,1,126168.0,2,57.5,2,2,8,7,0,5.0,1,0,1
36,0,101407.0,0,5.0,1,1,2,1,0,1.0,1,1,0
65,0,83573.0,2,5.0,4,3,8,18,1,3.0,0,0,0
30,1,90724.0,1,41.2,3,2,5,1,1,2.0,0,0,0
34,1,46684.0,2,66.0,2,2,4,17,0,1.0,1,1,0
49,1,30521.0,1,53.5,1,1,3,6,0,1.0,1,2,0
65,0,94384.0,2,59.3,2,1,3,13,0,4.0,1,0,1
55,0,111861.0,2,57.0,1,0,5,6,1,3.0,1,0,0
35,0,111873.0,0,74.0,2,1,0,0,1,5.0,1,0,0
47,1,91758.0,2,70.9,1,0,13,16,0,3.0,0,0,0
48,1,96767.0,1,71.0,1,0,1,2,1,1.0,1,0,0
41,1,78957.0,0,73.1,3,1,0,3,1,3.0,0,0,0
51,1,109214.0,1,19.6,2,1,0,9,0,2.0,1,0,0
37,1,68336.0,2,41.7,2,0,10,12,1,5.0,1,0,1
27,1,63771.0,1,56.0,3,3,5,1,1,2.0,1,0,0
46,1,101877.0,2,8.9,2,2,7,6,1,3.0,1,0,0
65,0,30000.0,1,85.0,2,1,2,7,1,3.0,1,0,0
25,1,63503.0,1,44.7,1,2,6,2,1,2.0,0,0,0
28,1,53784.0,1,9.9,1,2,2,2,1,4.0,1,0,1
28,1,84469.0,2,12.6,2,1,12,9,1,1.0,0,0,0
46,0,44355.0,0,28.6,1,1,1,3,0,3.0,1,1,0
65,1,121947.0,0,10.6,2,2,1,3,1,2.0,1,0,0
30,1,118346.0,1,32.5,2,1,0,8,0,2.0,1,0,0
44,2,68037.0,2,76.9,1,3,3,4,1,4.0,1,0,1
62,1,57063.0,0,11.0,2,1,1,3,0,5.0,0,1,0
47,1,88714.0,1,5.0,1,1,2,5,1,1.0,0,0,0
28,0,106071.0,2,43.9,2,1,2,12,1,4.0,1,0,0
55,2,119512.0,1,22.4,2,1,1,2,1,4.0,0,0,0
43,1,100872.0,1,54.0,4,1,1,7,1,1.0,1,0,0
48,1,56682.0,2,50.1,1,0,8,4,1,3.0,1,0,0
59,0,64869.0,1,49.1,1,2,0,9,1,5.0,0,0,0
57,1,30000.0,2,12.9,2,2,10,17,1,4.0,1,0,0
47,1,94686.0,2,70.8,1,2,2,18,0,4.0,0,1,0
36,0,77425.0,1,6.2,3,2,0,6,1,1.0,1,0,0
49,1,82469.0,2,9.6,1,0,4,8,0,2.0,0,1,0
48,1,129828.0,0,50.2,2,1,1,2,1,1.0,0,0,0
39,1,95850.0,2,24.8,2,1,2,14,0,4.0,0,0,0
25,1,94049.0,1,39.15,1,1,2,1,1,2.0,0,0,0
27,1,66034.0,0,86.6,3,2,1,0,1,4.0,1,0,0
52,1,78911.0,1,31.1,3,1,2,5,1,1.0,0,0,0
63,1,98784.0,1,17.9,3,2,0,6,1,1.0,0,0,0
43,1,70348.0,2,5.0,1,3,13,4,0,4.0,0,0,0
46,0,74597.0,1,25.4,3,3,5,8,1,4.0,1,0,1
34,1,123098.0,2,36.2,2,3,12,10,0,1.0,1,0,0
42,1,117790.0,1,54.4,3,2,1,1,1,5.0,1,0,1
58,1,86877.0,2,39.1,4,1,9,17,0,2.0,0,0,0
43,0,101911.0,2,13.5,1,0,3,12,0,3.0,0,0,0
60,0,112761.0,2,22.3,3,2,8,14,1,4.0,1,0,1
63,0,77607.0,2,74.2,2,2,13,4,0,1.0,1,1,0
37,0,116041.0,0,26.8,2,1,1,1,1,4.0,0,0,0
40,1,94443.0,1,55.7,2,2,7,9,1,4.0,0,0,0
35,0,69477.0,2,34.3,1,1,13,19,0,2.0,0,1,0
34,1,30000.0,1,54.6,3,2,5,2,1,3.0,0,0,0
46,0,57669.0,1,43.1,1,1,5,7,1,3.0,1,0,0
54,1,122922.0,2,33.3,1,2,7,7,0,4.0,0,1,0
62,0,123832.0,1,31.1,2,2,5,3,0,4.0,0,2,0
48,2,52736.0,1,5.0,2,0,0,8,1,3.0,1,0,0
56,1,31595.0,1,38.0,4,1,6,8,1,4.0,1,0,0
55,0,91619.0,2,33.2,4,3,6,7,0,3.0,1,0,0
29,0,88465.0,2,41.8,1,2,12,9,0,2.0,1,1,0
33,0,92325.0,1,70.8,1,2,3,3,1,2.0,1,1,0
44,0,77902.0,2,38.0,1,2,3,17,1,2.0,1,0,0
46,0,39384.0,2,62.7,2,1,9,15,1,3.0,1,0,1
52,1,96984.0,0,35.3,2,2,2,0,1,2.0,1,0,0
30,0,30000.0,2,36.9,2,2,13,4,0,4.0,1,1,0
39,0,76280.0,2,34.3,1,0,3,8,1,3.0,1,0,0
44,0,64223.0,2,78.8,1,3,3,4,1,5.0,1,0,1
31,1,81573.0,1,57.3,1,2,3,6,0,2.0,0,1,0
54,1,42038.0,2,53.1,2,1,6,7,0,5.0,1,1,0
32,0,50108.0,2,37.1,2,2,9,4,0,5.0,0,1,0
67,1,77673.0,1,16.0,1,0,0,9,0,3.0,0,1,0
55,1,81093.0,2,51.1,3,0,3,10,0,4.0,1,1,0
33,1,126753.0,2,88.6,1,1,14,13,1,1.0,1,0,0
59,1,100704.0,2,75.3,2,2,14,7,0,1.0,1,0,0
57,2,84758.0,1,43.9,1,1,0,2,1,5.0,1,0,0
49,0,130744.0,2,15.1,1,3,11,14,1,4.0,0,0,0
44,1,88005.0,1,41.150000000000006,2,0,2,3,1,4.0,1,0,1
32,0,88889.0,2,64.0,2,3,3,12,1,5.0,1,0,0
31,1,115823.0,2,5.6,1,1,7,13,0,2.0,0,0,0
48,1,85746.0,0,32.0,1,2,0,3,1,1.0,1,0,0
65,0,136533.0,1,33.5,1,2,5,4,1,2.0,1,0,0
47,1,80266.0,2,42.2,1,0,12,7,0,4.0,1,0,0
37,0,126784.0,2,23.9,2,1,10,18,0,3.0,1,0,0
61,1,103850.0,2,5.0,1,2,3,4,0,3.0,1,1,0
55,1,110258.0,0,22.1,2,0,0,0,1,2.0,0,0,0
64,0,57073.0,0,57.7,1,1,0,1,1,5.0,1,0,0
56,0,64324.0,2,80.3,1,1,13,7,1,5.0,1,0,1
56,1,70572.0,2,74.6,4,3,5,14,0,1.0,0,0,0
41,1,61588.0,2,92.4,2,2,8,9,1,3.0,1,0,0
66,1,137031.0,2,40.8,2,2,13,15,1,3.0,1,0,1
29,0,30000.0,2,5.0,2,2,14,16,0,3.0,1,0,1
57,0,73725.0,1,42.9,2,0,3,7,1,3.0,0,0,0
68,1,121879.0,1,45.2,2,1,6,6,1,5.0,1,0,1
67,0,50427.0,1,5.7,2,1,3,5,1,2.0,0,0,0
61,0,85607.0,1,74.7,1,1,7,5,1,3.0,1,0,0
61,1,30000.0,1,23.9,1,1,7,3,0,3.0,1,0,0
53,1,57931.0,1,106.0,1,0,4,6,1,1.0,0,0,0
67,1,92250.0,2,39.0,3,1,3,8,1,5.0,0,0,1
67,0,60520.0,2,25.8,2,0,4,18,0,5.0,1,0,0
61,1,102244.0,1,5.0,1,2,4,6,1,1.0,0,0,0
53,0,41387.0,1,47.6,1,2,4,1,1,3.0,1,0,0
40,0,136457.0,1,49.2,2,1,4,9,1,2.0,0,0,0
61,1,125157.0,0,49.5,1,1,0,2,1,1.0,0,1,0
59,0,60973.0,2,18.8,1,2,4,19,1,3.0,1,0,0
31,1,74585.0,2,41.6,2,1,7,14,1,4.0,1,0,1
59,1,54371.0,2,64.1,1,2,10,14,1,2.0,0,0,0
26,0,104303.0,2,76.8,2,0,7,8,0,5.0,1,1,0
25,1,45772.0,2,39.5,2,2,2,5,1,3.0,0,0,0
63,1,76869.0,1,59.0,3,2,4,7,1,4.0,0,0,0
28,0,106795.0,2,31.2,3,2,9,15,1,5.0,1,0,1
54,2,83620.0,1,47.2,4,0,4,6,1,1.0,0,0,0
46,1,38338.0,1,13.1,3,1,7,3,0,1.0,0,1,0
31,0,50525.0,2,24.6,3,2,11,4,0,1.0,1,0,0
46,0,41438.0,1,58.0,2,1,3,1,1,4.0,1,0,1
62,0,78434.0,2,57.8,2,2,8,11,0,3.0,1,0,0
44,0,137855.0,1,36.4,4,0,5,6,1,3.0,1,0,1
43,1,90425.0,1,67.8,3,0,1,2,1,3.0,0,0,0
67,2,107060.0,2,22.8,2,2,8,9,0,3.0,0,0,0
30,0,123066.0,2,60.1,1,3,8,7,1,2.0,0,0,0
32,0,54727.0,0,22.0,1,1,2,1,1,2.0,0,0,0
39,1,48002.0,1,73.2,1,1,4,8,0,3.0,1,1,0
53,0,77584.0,1,69.0,2,2,0,9,1,3.0,0,0,0
31,1,49877.0,1,40.3,2,1,4,7,1,5.0,1,0,0
41,0,57266.0,2,31.2,2,1,14,5,1,1.0,1,0,0
43,1,84589.0,1,75.8,4,3,3,3,0,1.0,0,1,0
35,1,65971.0,2,69.7,1,2,6,3,0,1.0,1,1,0
44,1,86136.0,0,59.1,1,1,0,1,1,3.0,1,0,0
53,1,84575.0,2,59.6,1,1,3,19,0,5.0,1,0,1
31,1,113526.0,2,27.6,2,2,7,10,1,1.0,0,0,0
58,1,52776.0,1,50.6,1,1,0,3,1,3.0,1,0,0
52,0,121182.0,1,43.2,3,2,0,9,1,4.0,1,0,0
68,0,59724.0,2,31.5,1,1,7,19,1,2.0,1,0,0
43,2,92207.0,2,17.7,2,1,3,14,1,1.0,1,0,0
67,0,104618.0,1,47.0,3,1,3,4,1,1.0,0,0,0
43,0,46239.0,2,78.6,1,2,7,13,1,5.0,1,0,1
26,1,148581.0,1,13.9,1,1,3,8,1,3.0,0,0,0
52,0,103464.0,1,49.5,2,0,5,7,1,2.0,1,0,0
41,0,106164.0,2,43.0,1,1,5,14,1,4.0,0,0,0
50,0,109002.0,1,21.4,1,0,7,7,1,4.0,0,0,0
35,1,60881.0,1,29.4,3,0,7,2,1,3.0,1,0,1
60,0,60127.0,1,69.3,1,2,2,3,0,1.0,1,1,0
38,0,75908.0,1,61.9,2,2,3,6,1,1.0,1,0,0
61,0,30000.0,1,61.0,2,2,3,8,1,1.0,1,0,0
43,0,37525.0,1,73.2,4,1,6,2,1,4.0,1,0,0
38,0,60287.0,1,53.2,3,2,7,1,1,2.0,0,0,0
62,0,76342.0,1,65.8,3,1,5,4,1,1.0,0,0,0
69,0,46111.0,1,23.6,2,2,6,1,0,4.0,0,1,0
30,0,110636.0,1,43.9,2,3,2,5,1,4.0,0,0,0
44,1,69144.0,1,73.7,4,2,5,6,1,3.0,0,0,0
51,1,153682.0,2,5.0,2,2,4,12,0,5.0,1,0,1
39,0,101047.0,0,53.5,1,1,1,3,1,3.0,1,0,0
56,1,52502.0,2,67.4,3,1,9,11,1,1.0,1,0,0
39,0,74109.0,2,5.0,1,1,5,9,0,3.0,1,0,1
50,0,30000.0,2,26.7,2,1,8,8,0,5.0,1,1,0
61,0,117702.0,1,11.9,1,1,3,5,1,2.0,1,0,0
41,1,83601.0,2,21.4,2,1,6,8,1,5.0,1,0,0
42,0,129767.0,1,75.8,2,1,3,2,1,5.0,1,0,1
64,0,143145.0,2,44.0,2,1,7,13,1,3.0,1,0,0
52,1,78722.0,1,54.4,1,2,7,3,1,3.0,0,0,0
63,0,65108.0,1,38.7,1,1,1,2,1,2.0,1,0,0
50,1,101361.0,2,57.5,2,2,5,11,1,2.0,1,0,0
65,1,114827.0,1,37.7,4,1,3,9,1,2.0,0,0,0
66,1,87249.0,2,52.2,3,1,10,18,0,5.0,0,0,1
65,0,114079.0,1,14.9,2,2,5,1,1,4.0,0,0,0
52,0,53181.0,2,39.5,1,2,12,6,0,3.0,1,0,0
27,1,105052.0,1,5.0,1,0,0,4,1,5.0,1,0,1
40,0,121697.0,1,59.0,2,3,3,7,1,3.0,0,0,0
31,1,30000.0,1,10.3,1,1,5,3,1,4.0,1,0,0
29,0,34217.0,1,55.6,2,3,7,5,0,2.0,1,0,0
69,1,40474.0,1,38.3,1,3,4,1,1,1.0,1,0,0
29,1,127732.0,1,51.0,1,0,0,3,1,3.0,1,0,0
68,0,97172.0,1,20.9,2,1,4,7,1,4.0,1,0,0
55,0,67229.0,1,53.8,2,3,4,7,1,4.0,0,0,0
40,1,57236.0,1,83.4,2,2,1,3,1,5.0,1,0,1
25,0,139937.0,0,19.8,3,2,0,2,1,2.0,1,0,1
56,1,64008.0,1,36.6,2,2,4,5,1,4.0,0,0,0
56,0,78102.0,0,44.8,1,3,0,2,1,3.0,1,0,0
51,1,94473.0,2,98.3,1,1,10,10,0,4.0,1,2,0
43,0,104988.0,1,33.4,3,2,3,3,0,4.0,1,0,0
31,0,127291.0,2,82.4,1,1,10,10,1,1.0,0,0,0
35,1,103847.0,1,18.8,2,2,3,7,1,1.0,1,0,0
43,0,90756.0,2,50.6,3,1,12,14,1,5.0,0,0,0
49,0,45068.0,0,44.4,3,1,0,3,1,3.0,0,0,0
64,0,106563.0,2,21.1,1,0,14,12,0,3.0,1,0,1
38,0,81143.0,2,35.3,2,3,6,15,1,2.0,0,0,0
63,0,90750.0,2,21.8,3,2,2,13,0,1.0,0,1,0
33,1,52391.0,2,44.6,2,1,5,15,0,3.0,0,0,0
63,1,84701.0,2,5.0,3,2,10,19,1,3.0,1,0,0
69,1,30000.0,1,49.5,2,2,0,1,1,5.0,0,0,0
41,0,68784.0,2,36.7,1,2,2,10,1,4.0,0,0,0
25,2,111698.0,2,69.1,2,1,10,7,1,5.0,1,0,1
50,0,125641.0,2,73.2,3,3,12,10,0,2.0,1,0,0
38,1,54150.0,1,43.1,2,2,3,7,1,1.0,1,0,0
65,0,64077.0,2,17.0,2,2,13,8,1,1.0,1,0,0
69,1,121363.0,1,75.9,1,2,4,9,1,2.0,0,0,0
42,0,94976.0,2,5.0,2,2,14,9,0,1.0,0,0,0
37,1,44697.0,1,69.9,3,0,2,5,1,1.0,1,0,0
47,1,112624.0,2,63.8,2,0,9,16,0,1.0,1,0,0
37,0,96570.0,0,40.6,1,1,2,3,1,4.0,1,0,1
47,1,122699.0,0,35.3,2,0,2,1,1,4.0,1,0,0
36,0,116621.0,2,5.0,2,2,11,13,0,4.0,1,0,1
65,0,111397.0,1,61.4,1,2,1,8,1,1.0,0,0,0
64,0,84768.0,1,5.0,2,0,3,8,1,1.0,1,0,0
53,0,174000.0,1,42.5,1,0,6,1,1,3.0,0,0,0
28,1,112185.0,1,5.0,2,0,0,2,1,5.0,1,0,0
46,1,76623.0,2,5.0,1,3,7,10,0,3.0,1,0,0
29,1,96256.0,2,22.9,3,0,14,18,1,2.0,0,0,0
57,0,75828.0,0,42.5,1,0,1,1,1,1.0,1,0,1
32,1,54587.0,2,75.7,2,1,7,3,0,5.0,1,0,0
45,1,92645.0,1,43.7,1,1,5,1,1,5.0,1,0,1
61,1,128414.0,2,20.4,2,1,10,15,0,2.0,1,0,1
47,1,69923.0,2,50.7,1,2,7,5,0,1.0,0,1,0
69,0,76082.0,0,50.5,2,2,2,0,0,3.0,1,1,0
65,0,84906.0,1,60.7,3,2,5,4,1,1.0,0,0,0
57,1,98421.0,0,31.2,2,1,1,0,1,3.0,1,0,0
47,0,62342.0,1,48.4,2,2,6,8,0,1.0,1,1,0
46,1,108480.0,2,45.6,3,1,4,15,0,4.0,0,0,0
49,1,51836.0,2,34.4,1,1,9,9,1,3.0,0,0,0
42,0,127366.0,2,38.6,2,2,9,6,0,3.0,0,0,0
48,0,125341.0,2,17.6,1,2,5,13,0,5.0,0,0,0
29,1,99234.0,1,70.6,1,1,1,8,1,5.0,1,0,1
48,0,76014.0,2,24.8,2,0,14,17,0,1.0,0,0,0
51,0,129919.0,1,5.0,2,3,6,2,0,3.0,0,0,0
66,0,93425.0,1,5.0,2,2,2,8,1,1.0,1,0,0
67,0,93427.0,0,75.7,3,2,2,2,1,5.0,0,0,0
66,1,125358.0,2,31.3,3,1,12,6,0,4.0,1,1,1
47,0,52078.0,1,11.6,2,2,5,6,1,4.0,1,0,0
33,0,154871.0,2,5.0,1,1,12,17,1,1.0,1,0,0
63,0,97779.0,1,17.8,1,1,3,7,0,2.0,1,0,0
39,1,110540.0,1,5.0,1,1,2,9,1,1.0,1,0,0
45,1,50332.0,2,46.3,1,0,10,3,0,2.0,1,0,0
51,0,77941.0,1,49.3,3,2,1,6,0,1.0,1,2,0
29,1,117276.0,2,24.0,2,2,5,10,1,3.0,1,0,0
65,1,59414.0,0,25.7,2,2,2,2,0,4.0,0,1,0
34,0,119449.0,2,91.7,1,3,8,15,0,4.0,1,1,0
60,1,160836.0,2,5.0,2,0,7,18,1,5.0,0,0,0
51,0,76678.0,2,43.2,2,3,5,8,1,1.0,1,0,0
38,0,174000.0,1,54.0,1,2,4,8,0,2.0,1,2,0
48,1,30000.0,2,69.6,1,1,9,13,0,5.0,1,0,1
53,1,33779.0,2,37.4,2,1,2,18,0,2.0,1,0,0
30,0,93957.0,2,84.0,2,1,11,12,1,1.0,1,0,0
63,1,73619.0,1,52.2,3,2,6,3,1,4.0,1,0,1
36,0,81478.0,1,27.9,1,2,6,7,1,2.0,0,0,0
52,1,78845.0,2,24.0,3,1,12,17,0,4.0,1,0,0
59,1,120306.0,0,50.5,1,2,2,1,1,2.0,1,0,0
59,0,98861.0,1,73.9,2,0,6,9,0,4.0,1,1,0
30,1,159843.0,1,66.6,2,2,4,4,0,4.0,1,1,1
68,1,99546.0,2,65.7,2,2,8,11,0,5.0,0,1,0
36,1,94781.0,1,50.5,1,1,1,7,0,3.0,1,1,0
25,0,90047.0,1,33.7,2,2,4,2,1,4.0,0,0,0
63,0,137153.0,2,32.7,1,2,6,9,0,3.0,1,1,0
37,0,72715.0,2,5.0,1,1,9,11,1,3.0,1,0,1
47,1,95593.0,2,33.9,3,0,7,4,0,4.0,1,1,1
34,1,94951.0,1,39.9,3,2,5,4,1,5.0,0,0,0
57,1,95000.0,1,67.9,1,2,2,9,1,4.0,0,0,0
35,1,30000.0,0,95.1,1,2,0,3,1,3.0,0,0,0
32,1,108501.0,0,12.3,2,0,2,0,1,1.0,1,0,0
52,0,81041.0,2,19.8,1,2,3,4,0,2.0,1,0,0
64,0,87916.0,2,75.5,4,1,7,10,1,2.0,1,0,0
49,1,134628.0,2,28.0,2,3,8,15,0,2.0,1,0,0
32,1,115396.0,1,81.1,2,0,1,7,1,5.0,0,0,0
46,0,92046.0,1,15.9,2,2,7,7,0,4.0,0,0,0
68,0,66929.0,0,5.0,2,1,2,2,1,4.0,0,0,1
49,2,78015.0,2,31.3,2,2,9,9,0,4.0,0,1,0
39,0,83229.0,2,44.4,2,2,9,17,0,3.0,1,0,1
30,1,60562.0,0,43.8,1,0,1,1,1,4.0,1,0,1
63,1,108245.0,1,5.0,1,0,0,9,1,1.0,0,0,0
64,0,43266.0,2,48.9,2,2,7,6,1,5.0,1,0,0
35,0,123950.0,2,50.2,2,1,4,11,0,5.0,1,1,1
37,0,72676.0,0,55.7,3,1,1,2,1,5.0,0,0,0
64,0,42223.0,0,39.1,1,1,1,0,1,1.0,0,0,0
41,1,109097.0,0,58.9,2,2,0,1,1,3.0,1,0,0
46,1,75534.0,1,64.8,2,2,4,1,1,5.0,0,0,0
48,1,130875.0,1,74.8,1,0,7,4,1,3.0,0,0,0
55,2,48671.0,2,29.8,3,1,14,18,1,1.0,1,0,0
29,0,146301.0,1,51.4,3,1,7,2,1,2.0,0,0,0
59,1,145682.0,0,14.0,3,0,1,2,1,4.0,0,0,0
25,0,64637.0,2,32.5,2,1,10,10,1,1.0,1,0,0
61,0,84049.0,2,61.9,1,2,13,17,1,1.0,1,0,0
28,1,90920.0,2,68.4,2,3,8,13,0,3.0,1,1,0
32,1,55465.0,1,62.3,3,2,3,2,1,1.0,1,0,0
40,1,87910.0,2,24.0,3,0,6,14,0,5.0,0,0,0
65,0,50834.0,1,83.8,2,2,7,6,1,4.0,1,0,0
43,1,59895.0,1,73.4,2,2,5,9,1,5.0,1,0,1
39,0,59059.0,2,5.8,1,1,10,12,0,4.0,0,0,0
41,1,69073.0,2,41.2,3,1,4,3,1,2.0,0,0,0
30,0,95470.0,2,32.6,2,1,4,11,0,1.0,0,0,0
44,2,91053.0,2,28.3,2,1,7,5,1,1.0,0,0,0
55,1,61133.0,2,70.5,2,2,9,4,1,4.0,1,0,0
37,1,59495.0,2,5.5,1,0,14,7,1,4.0,0,0,0
59,1,93383.0,1,85.5,2,2,2,7,1,1.0,0,0,0
51,1,67794.0,0,66.8,2,2,1,2,1,3.0,0,0,0
44,0,114645.0,1,38.6,1,2,1,9,1,2.0,0,0,0
32,0,41139.0,2,76.2,1,2,5,14,1,1.0,1,0,0
30,0,34876.0,1,50.2,2,2,5,2,1,4.0,1,0,0
41,1,98614.0,1,52.3,2,1,7,4,0,1.0,1,1,0
57,0,78516.0,1,69.8,1,2,1,7,1,4.0,0,0,0
56,1,70523.0,1,52.6,4,1,4,7,1,4.0,1,0,0
55,1,85330.0,1,67.3,1,1,6,6,0,3.0,0,1,0
48,1,42147.0,1,29.7,2,0,3,6,1,3.0,1,0,0
38,1,80658.0,2,38.8,1,2,7,5,1,5.0,1,0,1
66,0,61010.0,0,5.0,2,2,2,1,1,4.0,1,0,1
67,1,64638.0,1,5.0,2,0,6,2,1,3.0,1,0,0
37,0,121836.0,0,66.4,1,0,2,1,1,3.0,1,0,0
57,0,104150.0,2,50.2,3,2,6,11,1,2.0,0,0,0
55,0,83735.0,2,13.4,1,2,3,4,1,4.0,1,0,0
51,0,115811.0,1,37.25,1,2,2,9,0,2.0,0,1,0
36,1,95766.0,1,13.8,1,2,7,2,1,1.0,1,0,0
48,2,30000.0,2,52.6,1,2,11,14,1,1.0,1,0,0
31,1,77190.0,2,44.8,2,2,10,8,0,5.0,1,0,0
60,2,30000.0,2,21.0,1,1,4,8,0,4.0,1,0,0
64,1,125664.0,1,58.5,3,0,5,1,0,1.0,0,1,0
35,1,73154.0,0,45.2,2,1,1,1,1,1.0,1,0,0
59,0,61828.0,2,70.3,1,2,11,18,1,5.0,1,0,1
65,0,105117.0,1,32.3,1,2,7,5,1,1.0,0,0,0
30,1,79803.0,0,47.4,1,0,2,1,1,4.0,1,0,0
41,0,100756.0,2,64.8,2,2,14,17,0,3.0,1,0,0
54,1,31545.0,1,30.6,2,0,3,4,1,2.0,1,0,0
54,0,84287.0,2,22.7,2,2,2,14,0,5.0,1,0,0
25,1,79943.0,2,9.4,2,0,5,16,1,1.0,0,0,0
54,1,109570.0,2,21.8,2,1,13,16,0,2.0,0,0,0
47,1,41558.0,2,26.3,2,1,12,11,1,4.0,1,0,1
52,1,68323.0,1,31.2,1,1,5,4,0,3.0,0,0,0
63,1,131397.0,2,52.7,1,1,12,12,0,2.0,1,0,0
67,0,45572.0,0,62.4,2,3,1,1,1,3.0,1,0,1
59,1,41293.0,1,11.1,4,2,4,1,1,1.0,1,0,0
25,0,111904.0,1,89.1,2,1,1,1,1,4.0,1,0,0
36,1,146688.0,1,42.4,1,1,2,4,1,5.0,1,0,1
43,1,53181.0,1,7.0,2,3,7,6,0,3.0,1,0,0
28,1,80560.0,1,60.9,2,1,7,9,1,3.0,0,0,0
48,0,70729.0,2,38.1,1,2,13,5,0,5.0,1,0,0
32,0,84287.0,1,39.3,2,1,0,9,1,5.0,0,0,0
62,1,91295.0,2,32.2,3,1,5,16,1,5.0,1,0,0
54,1,99930.0,0,43.1,1,0,1,3,1,3.0,1,0,1
58,0,74634.0,2,51.4,4,3,10,5,0,2.0,0,0,0
44,0,48584.0,2,25.4,1,1,7,4,1,3.0,1,0,0
55,1,32427.0,2,55.2,2,0,8,11,0,2.0,0,1,0
67,1,53521.0,2,14.0,3,1,14,8,0,5.0,1,0,0
33,1,116054.0,1,39.0,2,3,2,5,1,3.0,1,0,0
55,1,30000.0,2,48.7,2,1,6,13,0,2.0,0,1,0
28,0,148167.0,2,67.8,1,1,14,15,1,2.0,0,0,0
45,1,90520.0,2,36.4,2,1,2,12,1,4.0,1,0,0
65,1,149854.0,1,73.5,1,1,7,2,1,5.0,1,0,1
26,0,81929.0,1,54.0,1,1,1,2,1,3.0,0,0,0
34,1,40203.0,0,106.0,1,2,2,3,1,3.0,0,0,0
25,0,113026.0,2,18.3,1,1,12,15,0,3.0,1,0,0
28,0,70404.0,2,89.7,2,1,6,7,0,3.0,1,1,0
33,0,62546.0,0,40.6,1,0,1,3,1,4.0,1,0,0
41,1,35007.0,1,34.1,3,0,0,9,1,1.0,0,0,0
50,0,95898.0,1,18.6,3,3,0,5,1,4.0,0,0,0
50,1,104379.0,0,12.9,1,1,2,3,1,2.0,0,0,0
59,1,92797.0,2,22.3,2,3,12,10,1,5.0,1,0,1
26,1,93430.0,2,84.4,1,3,5,13,0,2.0,0,0,0
48,0,147870.0,1,47.6,1,1,2,8,1,3.0,0,0,0
66,0,98683.0,1,14.5,1,1,1,3,1,4.0,1,0,1
67,1,75528.0,1,71.5,1,2,3,3,1,3.0,1,0,0
33,1,47645.0,0,59.3,1,3,2,3,0,3.0,1,1,0
55,1,78822.0,0,87.9,2,1,2,3,0,2.0,1,2,0
35,0,73130.0,2,81.2,3,0,3,6,1,3.0,0,0,0
54,1,137845.0,1,74.9,2,1,0,6,1,1.0,1,0,0
56,0,132490.0,0,30.3,2,1,0,0,1,1.0,1,0,1
39,0,66635.0,1,46.0,1,1,1,4,1,3.0,1,0,0
69,0,79668.0,0,43.0,1,1,0,1,1,2.0,1,0,0
54,1,89502.0,2,57.4,2,1,5,18,1,4.0,0,0,0
40,1,132255.0,2,23.1,2,1,9,14,0,2.0,0,0,0
25,1,87739.0,2,5.0,1,0,14,9,1,5.0,1,0,1
27,1,35903.0,2,68.7,4,3,7,11,1,3.0,0,0,0
53,0,148252.0,2,62.5,1,3,11,6,0,3.0,1,1,0
45,0,131280.0,2,60.4,2,2,11,17,0,4.0,0,0,0
46,0,91542.0,2,67.5,3,1,14,8,0,2.0,1,0,0
48,1,118225.0,2,47.6,1,2,5,12,0,2.0,1,0,0
69,0,59110.0,2,40.1,2,2,9,3,0,2.0,0,0,0
30,1,156000.0,2,14.6,1,2,9,4,0,4.0,1,1,1
39,0,107845.0,2,20.2,2,1,10,19,0,5.0,0,0,0
28,0,33413.0,2,36.4,3,2,5,10,0,3.0,0,0,0
43,1,168270.0,2,37.3,1,1,11,9,1,5.0,1,0,1
50,0,106653.0,2,17.7,1,1,6,18,0,3.0,0,0,0
48,1,35785.0,2,48.5,1,0,14,14,1,1.0,0,0,0
26,1,84758.0,1,17.6,1,1,4,9,1,5.0,1,0,0
31,0,72963.0,0,46.7,1,2,2,0,1,2.0,0,0,0
30,1,66694.0,0,50.0,2,1,2,2,0,2.0,0,2,0
38,1,136259.0,2,21.3,1,2,13,17,0,4.0,0,0,0
27,1,94091.0,2,60.8,1,3,2,4,0,1.0,1,1,0
50,0,102935.0,1,55.6,1,0,5,8,1,5.0,0,0,0
50,1,80465.0,1,31.4,1,2,2,1,0,1.0,1,1,0
65,0,57912.0,2,46.4,2,1,3,13,0,2.0,0,1,0
25,1,94258.0,2,22.1,1,2,7,19,0,3.0,1,0,1
52,1,89125.0,1,11.2,1,2,2,6,1,4.0,1,0,1
43,0,46726.0,0,5.0,4,3,0,2,1,4.0,1,0,0
39,0,85760.0,2,35.5,1,1,7,8,0,5.0,0,0,0
37,0,77473.0,2,43.8,2,2,10,15,0,4.0,0,1,0
68,0,84832.0,2,37.9,3,0,9,11,1,1.0,0,0,0
60,1,90481.0,1,61.9,3,1,3,6,1,5.0,0,0,0
36,0,174000.0,1,36.1,3,2,6,9,0,2.0,1,0,1
36,0,98174.0,1,32.0,2,2,3,1,0,3.0,1,2,0
68,0,52077.0,2,56.9,1,1,3,18,0,1.0,1,0,0
48,0,84287.0,1,50.9,2,1,0,2,1,3.0,1,0,0
28,1,94814.0,1,28.5,1,0,4,7,1,3.0,1,0,0
69,0,95987.0,1,5.0,1,1,3,7,1,2.0,0,0,0
36,1,62786.0,2,69.3,1,2,10,9,0,3.0,0,1,0
28,0,30000.0,1,82.0,3,3,0,5,1,5.0,1,0,0
62,1,30000.0,2,24.7,3,1,13,19,0,2.0,1,0,0
45,0,40123.0,2,87.1,2,2,9,11,1,2.0,0,0,0
42,1,59741.0,0,66.1,1,2,1,0,1,5.0,1,0,0
58,1,106424.0,2,5.0,2,1,5,5,0,2.0,0,1,0
45,0,87936.0,2,7.1,3,1,8,16,1,4.0,1,0,0
42,0,93038.0,1,23.6,2,2,0,5,1,5.0,1,0,1
51,1,94414.0,2,52.2,1,1,9,8,0,4.0,1,1,0
47,0,98561.0,2,88.0,1,1,14,18,1,3.0,0,0,0
64,0,42937.0,2,34.8,1,3,3,11,0,3.0,1,0,0
65,1,84758.0,0,66.2,1,0,0,1,1,4.0,1,0,0
55,0,84758.0,1,14.9,1,0,6,8,0,3.0,1,1,0
30,1,54060.0,1,35.2,3,1,2,1,1,1.0,0,0,0
51,0,84287.0,1,24.1,2,1,0,3,1,3.0,0,0,0
69,1,30000.0,1,53.5,2,1,2,4,1,2.0,0,0,0
60,0,76638.0,2,39.2,4,0,4,15,0,4.0,0,0,0
69,0,131789.0,2,31.0,3,2,11,17,0,3.0,0,0,0
30,1,30000.0,2,47.2,3,0,8,8,0,2.0,0,0,0
53,1,147602.0,2,57.3,1,1,13,17,1,4.0,1,0,1
55,0,65135.0,2,38.2,2,1,9,17,0,1.0,1,0,0
66,1,123749.0,0,56.3,1,0,2,3,1,2.0,1,0,0
61,2,71241.0,2,18.8,1,0,5,12,0,2.0,1,0,0
43,0,30000.0,2,75.3,1,2,6,12,1,5.0,1,0,0
60,1,109218.0,0,38.7,4,1,2,1,1,2.0,1,0,0
29,0,164922.0,1,63.6,4,1,3,7,1,3.0,1,0,0
45,1,124186.0,1,15.2,2,2,0,8,1,2.0,0,0,0
36,1,108302.0,2,77.0,1,2,2,18,0,3.0,1,0,1
59,1,89216.0,1,25.5,2,0,2,6,1,3.0,1,0,0
67,1,166819.0,1,38.95,1,2,7,5,1,4.0,0,0,0
40,1,115403.0,1,40.7,1,1,5,2,1,4.0,0,0,0
40,1,82180.0,2,40.0,1,3,6,17,0,5.0,1,0,0
45,1,74968.0,0,40.3,2,1,0,1,1,4.0,0,0,0
28,1,57585.0,2,50.3,2,2,9,18,0,4.0,1,0,0
58,0,138328.0,2,70.6,2,2,4,9,1,3.0,1,0,1
67,0,43618.0,1,37.0,1,1,1,3,0,5.0,1,1,1
43,1,131374.0,2,14.4,1,2,14,8,1,2.0,1,0,0
28,1,87326.0,1,51.8,2,0,2,6,1,3.0,1,0,1
40,1,56810.0,2,20.1,1,0,13,11,1,3.0,1,0,0
27,0,120261.0,2,5.0,1,0,14,4,0,4.0,1,0,1
47,1,30000.0,1,38.6,3,2,4,3,1,3.0,0,0,0
57,2,102477.0,1,43.7,3,3,1,6,1,4.0,1,0,1
54,0,65210.0,0,46.9,1,3,1,0,1,5.0,1,0,1
46,1,98135.0,0,53.0,1,3,0,3,1,4.0,1,0,1
48,1,95035.0,2,5.0,1,1,3,8,1,3.0,0,0,0
32,1,95707.0,2,5.0,1,3,5,8,0,4.0,1,1,0
26,1,140397.0,1,78.8,4,1,0,1,1,2.0,1,0,1
39,0,39148.0,1,55.9,3,0,5,2,0,4.0,0,1,0
29,1,95603.0,2,63.1,1,2,6,9,0,2.0,1,0,0
67,1,96286.0,1,64.4,1,2,1,3,1,2.0,1,0,0
67,1,89418.0,1,41.3,2,2,4,3,1,5.0,0,0,0
26,1,46517.0,1,30.1,2,0,2,6,0,4.0,1,1,0
66,0,82383.0,1,54.0,2,1,2,7,1,5.0,1,0,1
42,2,79795.0,1,85.2,2,1,6,5,1,2.0,1,0,0
35,0,114353.0,2,25.5,2,2,11,16,1,5.0,0,0,0
49,1,93930.0,2,73.7,1,0,12,18,1,1.0,1,0,0
38,0,64225.0,1,34.1,3,0,0,2,1,1.0,1,0,0
34,1,52505.0,1,39.7,3,1,4,2,1,3.0,0,0,0
50,1,68640.0,1,11.6,4,2,7,3,1,5.0,1,0,1
47,0,64666.0,2,16.8,3,1,7,7,0,2.0,0,1,0
50,2,65461.0,2,40.0,1,1,12,9,0,5.0,0,0,0
57,0,30000.0,2,61.6,2,0,2,13,0,5.0,1,1,0
45,0,73275.0,1,46.0,4,1,7,7,1,5.0,1,0,1
57,0,93820.0,2,18.3,2,1,3,11,1,5.0,1,0,1
49,0,65351.0,2,37.0,3,3,7,6,1,2.0,0,0,0
55,1,30000.0,2,9.7,3,2,14,18,0,5.0,1,0,0
59,1,56355.0,1,38.2,1,2,7,1,1,5.0,1,0,1
67,0,74914.0,2,69.3,1,2,3,12,0,2.0,1,1,0
40,0,79956.0,1,45.6,1,1,7,1,1,5.0,0,0,0
30,1,84917.0,2,38.9,2,1,10,9,1,4.0,0,0,1
26,0,89980.0,2,44.1,2,3,3,6,0,3.0,1,0,1
56,0,120720.0,1,16.6,1,1,7,6,1,4.0,1,0,1
26,0,94289.0,0,77.2,2,3,0,3,1,4.0,1,0,0
65,1,80401.0,0,57.2,2,1,2,2,1,4.0,0,0,0
63,0,30000.0,2,50.0,1,1,12,13,1,4.0,0,0,0
31,0,84287.0,1,33.0,2,3,1,6,1,4.0,1,0,0
68,0,89753.0,1,20.4,2,2,2,3,1,5.0,1,0,1
26,0,89269.0,1,42.6,2,3,1,2,1,2.0,0,0,0
36,0,114048.0,2,46.4,2,1,4,7,1,4.0,0,0,0
67,0,86187.0,2,7.7,2,1,6,16,1,2.0,1,0,0
61,1,64673.0,1,17.2,4,3,6,6,1,1.0,0,0,0
46,0,44357.0,1,37.3,2,0,3,8,1,3.0,1,0,0
47,0,118939.0,2,21.3,1,1,11,19,1,4.0,0,0,0
59,1,122280.0,1,50.3,4,1,2,8,0,4.0,0,1,0
56,1,115473.0,0,34.4,2,2,0,0,1,1.0,1,0,0
30,1,140343.0,2,8.5,1,0,2,18,1,5.0,0,0,1
51,1,76089.0,2,38.4,2,1,3,5,0,5.0,1,0,1
49,1,75196.0,2,69.5,3,2,14,8,0,1.0,0,0,0
25,0,136508.0,0,15.5,2,2,1,3,1,2.0,0,0,0
31,0,31003.0,1,5.0,2,2,1,9,0,1.0,0,0,0
34,1,123274.0,1,64.4,3,2,6,3,0,2.0,1,0,0
28,0,46468.0,2,38.8,3,3,3,4,1,1.0,1,0,0
42,1,30000.0,2,7.8,2,3,9,19,1,4.0,1,0,0
32,0,43018.0,2,5.0,4,1,7,18,1,4.0,0,0,0
38,0,52223.0,2,60.5,1,3,11,13,0,2.0,1,0,0
36,0,94582.0,2,28.0,2,1,14,5,0,4.0,1,1,0
39,1,151186.0,2,27.8,1,2,3,3,1,2.0,1,0,0
68,0,79744.0,2,62.5,1,1,8,4,1,1.0,0,0,0
43,2,88402.0,1,30.7,2,2,7,6,1,1.0,1,0,0
39,1,130289.0,0,9.3,2,1,1,2,1,2.0,0,0,0
56,0,67665.0,2,30.7,3,3,9,18,0,5.0,1,0,1
37,1,30000.0,2,35.3,4,1,9,11,0,2.0,1,0,0
36,1,58629.0,2,38.0,2,1,12,12,0,2.0,1,0,0
66,1,77589.0,2,13.7,3,1,4,5,0,5.0,1,1,0
69,1,37486.0,2,27.4,1,2,9,13,0,2.0,0,1,0
40,0,53806.0,1,81.5,3,2,1,6,1,1.0,1,0,0
62,0,76549.0,1,31.2,2,0,2,6,1,1.0,1,0,0
67,0,101016.0,2,51.3,2,1,11,10,0,3.0,0,1,0
31,0,90621.0,2,57.0,2,0,3,3,1,1.0,1,0,0
64,0,40225.0,2,36.2,2,1,11,18,0,5.0,0,0,1
42,0,71608.0,1,34.1,3,2,3,3,1,3.0,0,0,0
35,0,78447.0,1,27.4,1,2,0,1,1,2.0,0,0,0
29,0,65753.0,1,57.7,2,2,1,8,1,4.0,0,0,0
28,1,154110.0,0,32.1,1,1,1,0,1,3.0,0,0,0
65,1,65275.0,2,91.2,2,3,3,6,0,2.0,1,1,0
40,1,89221.0,2,72.6,1,2,8,3,0,3.0,1,1,0
53,1,123987.0,2,12.6,4,0,9,13,0,3.0,1,0,0
43,1,76411.0,1,85.1,1,2,7,7,1,2.0,1,0,0
32,0,129056.0,0,50.6,4,1,2,0,1,3.0,1,0,1
52,0,100720.0,2,15.7,2,2,11,8,1,5.0,0,0,1
31,1,85244.0,1,41.1,3,1,7,6,1,1.0,0,0,0
60,1,91628.0,0,47.4,2,2,0,0,1,5.0,1,0,1
29,1,30000.0,1,52.6,1,1,1,3,1,4.0,1,0,0
48,1,103925.0,1,34.0,1,3,5,7,1,3.0,1,0,0
61,1,132032.0,2,11.1,1,2,9,14,0,1.0,1,0,0
60,0,111951.0,1,19.8,2,3,2,3,1,1.0,1,0,0
26,1,30018.0,1,47.2,1,2,1,6,1,2.0,0,0,0
39,0,90354.0,1,49.2,3,2,5,5,1,4.0,0,0,0
67,0,89059.0,2,8.3,2,2,3,13,0,2.0,1,0,0
36,0,115798.0,1,66.5,1,1,4,8,1,3.0,1,0,0
43,1,76566.0,1,29.7,3,1,0,5,1,3.0,1,0,0
60,0,75358.0,1,27.3,1,0,4,7,1,4.0,1,0,1
61,0,46623.0,2,62.4,1,1,3,14,1,2.0,1,0,1
43,1,41391.0,1,56.1,2,2,1,8,1,2.0,0,0,0
39,0,107146.0,2,55.9,2,0,12,13,0,4.0,1,1,0
36,1,105235.0,2,61.8,1,0,9,16,0,3.0,1,0,0
52,0,146903.0,2,47.8,4,1,3,8,0,5.0,0,1,0
47,1,78652.0,2,25.6,1,2,4,16,0,4.0,0,1,0
60,2,74474.0,2,43.9,3,2,7,7,0,5.0,0,0,0
67,0,70041.0,0,31.3,3,2,0,0,1,3.0,1,1,0
52,1,32892.0,0,36.6,1,1,1,0,1,3.0,1,0,0
29,0,67715.0,0,78.2,2,2,1,3,1,1.0,1,0,0
49,1,75450.0,2,44.1,2,1,10,8,0,2.0,1,0,0
69,1,39764.0,2,28.4,3,1,3,6,0,5.0,1,1,1
52,0,68799.0,2,90.0,2,1,11,6,1,2.0,1,0,0
44,0,142081.0,2,47.7,1,0,13,5,0,1.0,0,0,0
49,0,30000.0,2,33.1,1,1,8,16,1,1.0,1,0,0
36,0,127391.0,2,96.3,2,2,3,13,0,5.0,0,1,0
45,1,113927.0,2,24.8,1,2,5,12,0,5.0,0,1,0
36,0,61087.0,2,10.0,1,0,4,12,1,1.0,0,0,0
37,0,109200.0,1,52.4,2,2,6,2,1,3.0,1,0,0
62,0,88869.0,2,15.5,2,2,5,14,0,4.0,0,0,0
51,0,53818.0,2,37.1,3,2,7,13,1,1.0,1,0,0
48,1,74356.0,2,45.0,1,0,14,18,0,3.0,1,0,0
42,0,134386.0,2,50.9,1,3,12,12,1,2.0,0,0,0
67,0,80713.0,2,16.1,3,1,9,11,0,3.0,1,0,0
55,0,104188.0,2,5.0,1,3,3,15,1,1.0,1,0,0
41,0,59428.0,1,15.6,2,1,4,2,1,5.0,1,0,0
44,1,87895.0,2,75.2,2,3,13,18,0,4.0,1,0,1
37,0,133096.0,2,47.8,3,1,7,9,0,4.0,1,0,0
37,0,84758.0,2,91.8,1,2,9,5,0,1.0,1,1,0
63,0,80246.0,1,67.0,2,0,7,7,0,1.0,1,1,0
25,0,80827.0,2,53.0,1,1,4,10,0,2.0,1,0,0
27,1,92873.0,2,35.6,1,1,10,5,0,3.0,0,0,0
46,0,30000.0,1,14.4,4,1,1,8,1,1.0,1,0,0
68,1,114182.0,1,17.3,1,2,3,9,1,4.0,1,0,1
62,1,64632.0,1,61.3,2,1,3,3,1,1.0,0,0,0
28,1,93102.0,2,5.0,1,2,5,9,0,5.0,0,0,0
50,0,81880.0,2,5.0,1,1,12,15,1,3.0,0,0,0
56,0,117434.0,2,38.8,1,1,4,5,0,2.0,1,1,0
34,0,82394.0,2,58.3,2,1,4,14,1,2.0,1,0,0
36,1,65398.0,0,30.1,1,2,0,3,1,2.0,0,0,0
44,0,125813.0,0,18.4,1,2,2,3,1,4.0,0,0,0
56,1,65085.0,0,35.9,1,0,0,1,1,2.0,1,0,0
41,0,67847.0,1,21.7,2,2,5,5,1,3.0,1,0,0
40,0,88380.0,0,54.9,1,2,0,3,1,2.0,0,0,0
69,0,30000.0,1,42.6,3,1,3,7,1,3.0,1,0,0
46,0,49248.0,0,22.7,3,0,1,2,1,5.0,1,0,0
64,0,90430.0,2,53.0,2,2,7,16,1,5.0,0,0,0
25,1,87158.0,0,19.1,1,0,1,1,1,2.0,0,0,0
30,1,94274.0,2,39.0,4,1,4,13,1,5.0,1,0,1
43,0,119090.0,2,68.8,1,2,3,9,0,3.0,1,1,0
55,0,41300.0,2,32.3,1,1,9,10,0,5.0,0,0,0
54,0,104248.0,2,35.7,1,2,7,18,1,2.0,0,0,0
50,0,33920.0,0,71.0,2,2,1,0,1,4.0,1,0,1
44,1,33807.0,1,25.8,3,0,4,3,1,1.0,1,0,0
60,1,51569.0,2,5.0,2,1,12,18,0,5.0,0,0,0
27,1,70702.0,2,34.9,2,2,13,15,0,1.0,1,0,0
33,1,98001.0,2,34.9,4,0,4,8,0,2.0,0,0,0
43,1,87606.0,2,32.0,1,2,5,16,0,1.0,1,1,0
43,2,99265.0,2,21.2,3,1,11,12,1,4.0,1,0,1
51,0,72887.0,0,36.6,2,0,1,0,1,5.0,1,0,1
61,0,77466.0,1,21.7,4,2,5,5,1,4.0,1,0,0
46,0,107845.0,2,52.5,1,2,6,5,0,1.0,0,1,0
57,0,52439.0,0,7.3,1,1,1,1,1,3.0,1,0,0
35,0,67889.0,1,36.0,1,2,6,4,1,1.0,0,0,0
69,0,88966.0,2,71.8,2,1,9,4,0,5.0,1,1,1
52,1,36850.0,2,49.4,4,3,13,6,0,1.0,0,0,0
34,0,70133.0,0,16.4,2,2,1,2,1,3.0,1,0,1
64,1,113073.0,0,54.6,2,1,0,2,1,3.0,1,0,0
40,1,49751.0,1,39.7,3,2,4,9,1,2.0,1,0,0
50,1,169533.0,1,51.5,3,3,2,1,1,3.0,1,0,1
31,1,64373.0,1,26.5,2,1,1,6,0,5.0,0,1,0
38,1,83459.0,1,49.5,2,2,7,7,1,1.0,0,0,0
29,1,70973.0,1,69.9,1,1,7,2,0,2.0,1,1,0
26,1,66391.0,2,46.5,2,2,2,10,0,5.0,0,1,0
57,0,95660.0,0,68.1,2,1,2,2,1,4.0,1,0,1
65,1,59962.0,1,51.0,1,2,0,2,0,5.0,0,1,0
47,1,128985.0,1,56.7,1,0,7,5,1,4.0,1,0,1
50,0,95583.0,1,93.4,1,1,7,6,1,1.0,0,0,0
54,1,144174.0,2,23.8,4,2,14,5,1,4.0,1,0,0
65,0,88778.0,2,34.7,2,0,9,9,0,3.0,0,0,0
57,1,66359.0,2,94.4,4,3,13,6,0,5.0,1,1,0
29,1,63209.0,1,15.9,1,2,5,4,1,5.0,0,0,0
27,1,59883.0,2,35.3,1,3,13,12,1,5.0,1,0,0
62,0,88989.0,0,70.9,1,0,1,3,0,5.0,0,1,0
54,0,91365.0,1,5.0,2,1,2,7,1,4.0,1,0,1
28,1,91460.0,2,63.4,1,3,12,8,1,5.0,0,0,0
62,0,64999.0,1,50.5,2,1,4,5,0,1.0,0,0,0
28,0,110632.0,0,5.0,1,3,1,0,1,3.0,0,0,0
33,1,99747.0,0,30.0,1,1,2,0,1,1.0,0,0,0
41,2,63561.0,0,57.7,2,2,2,0,1,4.0,0,0,0
42,1,30000.0,1,13.5,2,2,3,1,1,3.0,1,0,0
44,1,64957.0,2,59.0,2,0,7,8,0,5.0,1,0,0
64,1,43761.0,1,53.3,1,2,0,4,0,3.0,0,2,0
65,0,45988.0,2,71.2,1,3,11,8,0,5.0,0,1,0
62,0,88328.0,2,5.0,3,1,13,19,1,5.0,0,0,0
58,1,100974.0,2,54.1,2,2,11,10,0,5.0,0,0,0
28,1,84880.0,2,63.5,2,1,7,6,1,5.0,0,0,0
44,1,72769.0,2,28.0,1,1,3,10,1,3.0,1,0,0
37,0,150259.0,1,54.5,3,2,4,5,1,3.0,0,0,0
40,1,70471.0,0,24.5,2,3,2,2,1,4.0,0,0,0
41,1,128560.0,2,33.5,2,2,8,8,0,3.0,1,0,1
51,1,85342.0,2,17.8,1,0,12,18,1,5.0,0,0,0
33,1,72415.0,2,27.0,1,0,5,7,0,1.0,0,1,0
39,1,122116.0,2,82.1,2,2,11,10,0,2.0,1,1,0
61,1,75621.0,1,106.0,1,0,1,3,1,4.0,1,0,0
60,1,80011.0,2,30.3,4,1,6,6,0,2.0,1,1,0
45,0,100461.0,0,55.5,1,1,2,2,1,5.0,1,0,1
34,1,103108.0,1,41.9,2,1,1,7,0,5.0,1,0,1
64,0,97000.0,2,5.0,2,2,7,18,0,1.0,0,0,0
39,0,84287.0,0,47.1,2,0,1,2,1,5.0,1,0,1
43,1,44341.0,2,54.3,2,1,5,15,0,1.0,1,1,0
60,1,68392.0,2,67.2,2,1,8,9,1,4.0,0,0,0
59,1,30000.0,2,35.4,2,0,11,12,1,1.0,1,0,0
46,0,59424.0,0,25.4,1,2,2,0,0,3.0,0,1,0
43,1,39673.0,1,13.9,1,2,3,2,1,5.0,0,0,0
58,2,69349.0,2,30.0,1,2,5,4,0,5.0,1,1,0
66,0,129148.0,2,36.9,1,1,4,6,0,4.0,0,1,0
27,0,53904.0,1,32.4,4,3,3,4,0,4.0,0,1,0
50,0,31132.0,2,52.0,2,0,6,18,0,3.0,1,1,0
57,0,102311.0,1,16.6,2,0,0,1,1,4.0,0,0,0
50,1,153254.0,1,78.8,2,0,4,8,1,1.0,0,0,0
59,0,123738.0,1,27.7,2,0,2,4,0,2.0,1,2,0
32,1,37218.0,1,94.8,1,0,6,6,0,1.0,1,1,0
25,1,81484.0,2,40.6,2,3,5,9,1,2.0,0,0,0
31,1,103642.0,1,8.0,1,2,7,3,0,1.0,0,0,0
47,0,54923.0,2,37.1,1,2,5,16,0,2.0,1,1,0
50,1,89820.0,2,52.9,2,2,13,12,0,5.0,1,0,1
66,2,71478.0,2,50.3,2,1,11,19,1,3.0,1,0,0
30,0,44601.0,1,46.3,2,2,0,4,1,4.0,0,0,0
67,1,57482.0,2,45.8,3,2,6,3,0,2.0,1,0,0
39,1,69628.0,2,62.6,1,3,14,13,0,3.0,1,0,0
49,0,87877.0,2,49.0,1,1,5,5,1,4.0,1,0,1
59,1,84287.0,2,48.2,2,0,11,15,0,1.0,1,0,0
54,0,104014.0,2,33.1,2,1,5,6,0,5.0,1,0,1
64,1,133381.0,2,43.4,1,2,8,19,1,1.0,0,0,0
30,0,46289.0,1,35.8,3,3,6,2,1,4.0,0,0,0
61,0,134591.0,1,78.0,3,1,1,7,1,3.0,1,0,0
65,0,87102.0,0,36.4,2,1,0,0,1,3.0,1,0,0
64,1,105587.0,1,5.0,3,2,3,1,0,2.0,1,1,0
46,0,95872.0,2,36.5,2,2,11,5,1,4.0,1,0,1
66,0,113111.0,2,28.0,1,2,4,19,0,4.0,1,0,1
34,0,100132.0,2,49.7,3,2,13,16,0,2.0,1,0,0
37,1,66657.0,2,56.6,1,2,8,7,0,1.0,1,1,0
38,1,71241.0,2,31.3,1,2,14,14,0,5.0,1,0,1
65,0,82786.0,1,44.5,2,2,0,6,0,3.0,1,0,0
48,0,95969.0,2,21.8,2,3,14,9,1,3.0,1,0,0
66,1,42861.0,1,59.5,1,2,5,8,1,5.0,1,1,0
68,1,59160.0,2,69.4,1,1,3,3,1,1.0,1,0,0
60,1,144035.0,2,48.8,1,2,7,4,0,4.0,1,0,1
34,0,49422.0,2,11.4,2,1,4,11,0,4.0,0,0,0
54,0,69450.0,0,5.0,1,1,1,1,1,4.0,1,0,1
62,0,110460.0,1,39.4,1,1,6,8,1,5.0,1,0,1
50,0,51305.0,2,63.8,1,2,11,14,1,3.0,0,0,0
50,0,103122.0,2,5.0,2,3,9,17,0,4.0,0,0,0
33,0,79209.0,2,10.4,2,1,2,5,1,5.0,1,0,1
54,1,30000.0,1,64.9,1,2,3,5,1,3.0,0,0,0
57,1,93999.0,2,13.5,2,3,4,6,1,5.0,0,0,0
55,0,129746.0,2,49.9,3,1,6,4,1,5.0,1,0,0
38,0,30000.0,1,5.0,4,2,4,9,1,5.0,0,0,0
47,1,104787.0,0,41.1,1,2,0,2,1,5.0,1,0,1
58,0,123763.0,2,29.8,3,1,13,12,0,5.0,0,0,0
27,1,115618.0,1,8.5,2,2,7,2,1,2.0,1,0,0
62,1,51330.0,1,46.8,1,1,3,3,1,1.0,1,0,0
44,0,134543.0,1,67.7,3,1,4,4,0,4.0,1,1,0
30,0,81984.0,1,46.9,1,1,2,3,1,2.0,0,0,0
36,0,112172.0,1,44.9,2,2,6,9,1,4.0,1,0,1
30,1,80036.0,2,36.4,3,0,11,6,1,3.0,0,0,0
29,0,67626.0,1,72.2,1,1,5,8,1,5.0,0,0,0
28,0,45702.0,2,42.6,1,1,9,12,0,4.0,0,0,0
60,1,104230.0,2,64.3,3,2,3,11,0,1.0,0,0,0
28,1,77622.0,2,62.1,3,3,14,14,0,1.0,0,1,0
28,1,55918.0,2,49.8,2,2,8,18,0,3.0,1,0,0
53,0,67360.0,2,39.2,2,2,14,19,1,1.0,1,0,0
55,0,83452.0,1,44.9,1,1,6,3,1,4.0,1,0,1
33,0,61636.0,2,75.0,2,0,6,16,0,3.0,0,0,0
25,0,83977.0,1,5.7,2,1,2,3,1,5.0,0,0,0
35,1,30000.0,2,45.1,2,2,13,10,0,3.0,1,0,0
67,1,81844.0,2,76.8,4,2,11,8,0,1.0,0,1,0
50,1,55047.0,1,9.9,1,2,0,9,0,3.0,1,1,0
58,1,133013.0,1,31.1,2,1,3,3,1,4.0,0,0,0
30,1,47800.0,0,12.0,2,1,0,1,1,1.0,0,0,0
68,1,30000.0,1,5.0,3,2,1,3,1,3.0,1,0,0
67,1,63435.0,2,14.3,1,2,4,11,0,2.0,1,0,0
25,0,114907.0,2,48.4,2,1,9,4,0,4.0,0,0,0
49,1,92867.0,2,61.3,3,1,13,12,0,1.0,0,0,0
68,0,129350.0,2,48.2,2,1,3,6,1,1.0,0,0,0
42,1,93486.0,2,16.0,1,2,14,3,0,2.0,0,0,0
68,0,96100.0,0,5.0,2,3,1,1,1,5.0,0,0,1
54,1,122827.0,1,46.0,1,1,1,5,1,4.0,0,0,0
67,1,85309.0,1,5.0,1,1,7,9,1,1.0,1,0,0
59,1,100303.0,1,47.0,2,0,5,7,1,4.0,0,0,0
45,1,94893.0,2,55.6,1,2,2,4,0,2.0,1,1,0
49,1,84287.0,2,66.9,2,1,10,7,1,3.0,0,0,0
69,0,150242.0,2,52.3,2,0,4,15,0,5.0,1,0,1
47,0,69060.0,0,50.7,3,0,1,3,0,5.0,0,1,0
61,1,106335.0,1,40.5,3,0,4,1,1,4.0,1,0,1
60,1,68769.0,1,45.9,2,1,1,6,0,1.0,0,0,0
30,2,100959.0,1,38.3,2,3,4,7,1,4.0,1,0,0
66,0,84906.0,2,59.3,3,2,12,16,1,5.0,1,0,0
35,0,81000.0,1,32.0,2,3,4,6,1,1.0,1,0,0
43,0,51934.0,0,5.0,1,1,2,0,1,5.0,1,0,1
28,1,136169.0,2,44.1,1,2,9,15,0,2.0,1,1,0
58,1,41729.0,2,54.1,2,1,11,12,1,1.0,1,0,0
61,0,103927.0,2,5.0,3,3,2,8,0,2.0,1,0,0
36,1,121916.0,2,67.4,2,2,14,18,1,5.0,0,0,0
38,1,79157.0,2,52.3,1,0,4,18,0,1.0,1,1,0
50,0,91983.0,1,5.0,1,1,2,4,1,5.0,1,0,1
48,1,101116.0,2,7.9,2,1,8,3,0,2.0,1,1,0
65,1,130329.0,2,27.2,3,2,6,16,0,4.0,1,0,0
66,1,63446.0,2,46.3,2,2,8,3,0,3.0,0,0,0
41,1,74555.0,2,5.0,2,2,8,10,0,3.0,0,0,0
64,1,137959.0,0,59.8,2,2,2,2,1,3.0,1,0,1
54,0,82440.0,0,5.0,1,0,2,2,0,5.0,0,0,1
62,1,30000.0,2,31.0,1,2,6,16,0,1.0,1,0,0
48,1,78614.0,1,44.0,4,2,4,5,1,1.0,0,0,0
65,1,84287.0,1,17.3,2,2,7,6,1,2.0,1,0,0
63,0,123265.0,2,5.0,4,2,4,7,1,3.0,0,0,0
46,1,30000.0,2,28.4,1,1,10,8,0,2.0,1,1,0
58,0,96474.0,1,52.0,2,2,3,8,0,4.0,1,1,0
33,0,84270.0,2,89.0,1,2,2,6,1,5.0,1,0,1
29,1,120741.0,1,52.3,4,0,6,7,1,1.0,0,0,0
43,0,95351.0,1,8.9,3,1,7,7,1,3.0,1,0,1
52,0,81513.0,1,44.2,3,0,7,5,1,1.0,1,0,0
56,1,77496.0,2,79.6,2,1,5,18,0,4.0,0,1,0
68,0,58660.0,1,67.2,1,2,3,9,0,4.0,0,1,0
55,1,56048.0,2,57.4,1,2,12,6,0,5.0,0,0,0
37,1,83903.0,1,58.5,2,1,0,4,0,5.0,1,1,1
62,0,128894.0,2,37.8,2,1,3,6,0,2.0,1,2,0
27,0,78531.0,2,40.7,1,1,2,16,1,2.0,1,0,0
35,0,149103.0,1,67.3,1,1,7,1,1,3.0,0,1,0
62,1,75018.0,1,5.8,1,2,3,8,0,1.0,0,0,0
48,1,54100.0,2,31.5,2,2,4,13,1,5.0,1,0,0
31,0,58161.0,0,32.8,1,2,1,3,1,5.0,0,0,0
53,1,169263.0,2,51.9,3,3,2,6,0,1.0,0,1,0
48,0,75874.0,1,69.8,2,2,7,6,1,3.0,1,0,0
32,0,106741.0,2,21.4,1,2,6,14,0,3.0,0,1,0
29,0,56860.0,1,63.4,3,1,1,1,1,2.0,1,0,0
67,1,126424.0,1,68.0,1,1,5,9,0,4.0,0,1,0
28,1,87492.0,1,48.6,2,0,7,9,1,5.0,0,0,0
28,1,84758.0,1,32.5,1,3,3,6,1,3.0,1,0,0
52,1,113828.0,1,17.8,1,2,4,5,0,3.0,1,0,0
51,0,124369.0,2,48.7,1,2,4,18,1,3.0,1,0,0
64,1,140570.0,2,51.3,1,2,4,18,0,2.0,1,0,0
30,1,101036.0,2,72.3,1,0,14,8,0,3.0,1,0,0
45,1,62938.0,0,5.0,1,2,2,3,1,1.0,1,0,0
25,1,38557.0,2,29.1,4,2,6,8,0,4.0,0,1,0
55,1,89990.0,0,46.4,2,2,2,0,1,4.0,1,0,1
49,1,143456.0,2,61.2,2,2,5,19,0,1.0,1,0,0
66,0,109711.0,1,51.2,1,1,3,3,1,3.0,1,0,1
62,0,94469.0,2,54.8,3,1,12,7,0,5.0,0,0,1
51,0,82502.0,2,43.9,2,1,8,10,0,4.0,1,0,0
63,0,81530.0,0,18.6,2,3,0,3,1,2.0,1,0,0
38,0,84758.0,1,47.2,1,0,5,9,0,3.0,0,0,0
57,0,99136.0,2,28.8,2,1,6,16,0,3.0,0,1,0
38,0,84906.0,2,48.0,3,0,4,10,1,4.0,1,0,1
63,1,30000.0,2,38.7,2,2,2,13,0,3.0,0,0,0
28,0,68954.0,1,5.0,2,2,1,8,0,2.0,1,1,0
69,1,101655.0,2,37.6,1,1,4,5,0,5.0,1,1,0
34,0,108030.0,2,100.7,2,2,5,14,1,2.0,1,0,0
25,0,85272.0,1,17.2,2,2,0,1,0,4.0,1,1,0
63,0,93206.0,1,49.5,4,0,5,2,0,1.0,0,1,0
62,0,65393.0,1,54.3,2,1,4,5,1,3.0,1,0,0
47,0,78817.0,2,33.7,1,2,14,4,0,3.0,1,0,0
53,1,127678.0,1,43.2,2,2,5,7,1,3.0,0,0,0
48,1,113547.0,0,41.2,3,3,1,2,0,4.0,0,1,0
40,1,91561.0,0,65.9,3,0,0,0,0,1.0,1,2,0
41,0,94919.0,1,8.0,1,1,0,8,1,1.0,1,0,0
69,0,84906.0,0,88.4,3,3,2,3,0,5.0,0,2,0
59,1,65584.0,0,5.0,1,1,1,1,1,2.0,1,0,0
36,0,70980.0,2,5.0,2,1,8,13,1,5.0,1,0,1
40,1,84287.0,1,30.3,2,1,3,1,1,4.0,1,0,1
57,1,86891.0,2,46.8,2,1,12,17,0,3.0,1,0,0
32,0,57628.0,2,33.1,2,0,6,10,1,2.0,0,0,0
64,1,145853.0,2,24.7,2,1,3,17,1,1.0,1,0,0
29,0,88101.0,0,46.3,3,1,0,2,1,2.0,1,0,0
40,1,104860.0,2,22.8,1,2,2,19,1,2.0,1,0,1
39,0,126055.0,2,41.9,3,1,3,19,1,5.0,1,0,1
35,1,69095.0,0,55.3,1,1,0,2,1,5.0,1,0,0
25,0,30000.0,2,26.8,2,2,4,17,0,3.0,1,0,0
35,0,69538.0,2,24.2,1,2,3,10,0,4.0,1,0,1
46,1,91353.0,0,28.7,2,1,0,1,1,1.0,1,0,0
28,0,68420.0,2,43.4,2,2,11,16,1,3.0,0,0,0
64,0,109999.0,2,56.2,3,3,7,3,0,3.0,1,1,0
62,1,111206.0,2,39.1,2,2,7,8,1,5.0,1,0,0
58,1,104777.0,2,44.4,2,2,4,6,0,5.0,1,1,1
66,1,94201.0,2,52.6,1,1,14,15,0,3.0,0,0,0
55,0,142496.0,1,19.9,3,3,6,4,1,5.0,0,0,0
62,0,80270.0,0,7.0,2,2,0,0,1,4.0,1,0,0
67,0,58764.0,0,88.4,4,3,0,3,1,1.0,0,0,0
25,1,37780.0,1,28.7,1,1,2,3,1,5.0,0,0,0
59,1,43046.0,1,5.0,1,1,0,2,1,3.0,1,0,0
38,1,101419.0,2,18.1,2,2,7,8,0,4.0,0,0,0
67,1,64498.0,2,37.7,1,3,12,17,0,1.0,1,0,0
50,0,122474.0,1,34.7,2,1,2,1,1,5.0,0,0,0
28,1,134640.0,2,33.9,2,2,2,10,0,1.0,1,2,0
51,1,174000.0,2,80.5,1,2,13,13,1,3.0,1,0,1
51,1,102055.0,2,63.0,3,3,8,3,0,3.0,1,1,1
55,1,100927.0,2,49.2,3,1,2,4,0,1.0,1,0,0
56,1,56522.0,1,12.0,1,1,4,1,0,2.0,1,0,0
55,1,68755.0,1,68.5,2,1,1,6,1,1.0,0,0,0
59,0,81029.0,1,22.2,3,2,2,3,1,5.0,0,0,0
28,0,84144.0,2,26.1,2,1,8,7,0,3.0,1,0,0
39,0,54314.0,1,62.8,2,1,3,3,0,1.0,0,2,0
32,0,52695.0,2,48.9,3,2,14,17,0,4.0,0,0,0
36,0,89302.0,2,23.4,3,2,5,14,0,2.0,1,1,0
33,0,137198.0,2,67.9,1,3,12,16,0,1.0,0,0,0
40,1,94770.0,2,6.3,1,2,4,18,0,2.0,0,0,0
64,0,85677.0,1,84.2,2,2,1,8,1,5.0,1,0,1
56,1,47167.0,1,43.6,1,1,4,7,1,3.0,1,0,0
64,1,30487.0,2,40.9,3,1,2,13,1,4.0,0,0,0
27,1,119277.0,2,5.0,2,2,6,6,0,3.0,0,1,0
54,1,32996.0,2,45.3,2,3,3,14,1,5.0,0,0,0
46,1,45918.0,2,5.0,1,0,3,6,0,4.0,0,1,0
25,0,99946.0,2,52.3,2,3,11,6,0,3.0,1,0,0
38,1,117006.0,2,38.1,1,1,13,16,0,2.0,0,0,0
49,1,84758.0,2,43.7,1,2,11,17,0,1.0,1,0,0
53,0,58227.0,0,34.0,2,1,0,0,1,3.0,1,0,0
41,0,53244.0,0,90.9,2,1,1,3,1,4.0,0,0,0
62,1,70143.0,2,22.5,1,2,10,19,0,2.0,1,0,0
52,0,92800.0,2,72.4,1,0,13,5,0,5.0,0,0,0
47,0,81240.0,2,46.6,2,1,11,14,0,3.0,1,0,0
32,0,150828.0,2,11.0,1,1,14,14,0,2.0,0,0,0
27,1,75053.0,0,32.7,1,2,2,3,1,1.0,0,0,0
53,1,137165.0,2,31.2,2,2,2,9,1,2.0,1,0,0
59,0,110158.0,0,11.7,1,1,1,2,1,2.0,0,0,0
44,0,103444.0,2,6.7,2,1,4,5,0,3.0,1,1,0
31,0,134083.0,1,21.8,2,1,4,2,1,4.0,1,0,1
28,1,80914.0,1,42.6,1,3,3,5,0,3.0,1,0,1
31,1,64468.0,2,38.2,3,2,3,13,1,1.0,0,0,0
68,0,64391.0,2,48.6,2,1,2,12,1,4.0,0,0,0
39,0,69697.0,1,38.4,1,1,6,4,1,2.0,0,0,0
36,1,89622.0,2,69.7,2,1,4,9,0,2.0,1,1,0
58,1,109427.0,2,58.2,1,2,2,14,0,2.0,0,1,0
58,1,53047.0,0,44.4,2,2,1,1,1,3.0,1,0,0
59,1,81003.0,2,69.0,1,1,4,5,0,4.0,0,1,0
44,1,138207.0,1,15.1,3,2,3,6,1,3.0,0,0,1
49,1,67393.0,2,50.6,1,0,12,14,1,3.0,0,0,0
26,1,88577.0,2,25.6,2,2,13,12,0,2.0,1,0,0
35,1,41589.0,0,63.8,2,2,1,0,1,4.0,0,0,0
45,1,154527.0,2,54.5,3,1,11,5,0,4.0,0,0,0
64,1,41113.0,2,7.2,3,2,14,10,0,1.0,1,0,0
35,1,60336.0,2,5.0,3,2,12,6,0,3.0,1,1,0
69,1,120662.0,1,66.3,3,2,2,4,1,5.0,1,0,1
60,1,30000.0,2,48.5,3,0,2,15,0,5.0,1,0,1
48,1,43283.0,1,32.3,2,2,4,6,1,2.0,1,0,0
33,0,127392.0,1,29.7,3,1,2,9,1,1.0,0,0,0
65,0,30000.0,0,42.4,1,2,1,0,1,3.0,1,0,0
64,0,114183.0,0,54.7,1,2,0,0,1,5.0,1,1,0
69,1,51243.0,0,10.0,3,1,1,0,0,5.0,0,1,0
68,1,31419.0,2,26.0,1,2,4,15,1,4.0,0,0,0
60,0,91494.0,2,85.9,3,0,3,4,0,5.0,0,1,0
69,1,30000.0,1,43.6,1,1,1,6,1,2.0,1,0,0
25,0,68015.0,2,96.2,1,3,12,17,0,3.0,1,0,0
26,0,83544.0,0,43.6,1,1,1,3,1,3.0,1,0,1
66,0,58410.0,2,106.0,1,0,5,19,0,2.0,1,1,0
67,1,111609.0,2,5.0,1,2,8,6,1,2.0,0,0,0
62,0,69546.0,1,47.4,1,2,7,4,0,2.0,0,0,0
54,1,150063.0,2,55.2,3,0,5,4,0,5.0,1,1,1
36,0,30000.0,2,27.9,2,1,10,13,1,2.0,1,0,0
32,1,30000.0,0,5.0,1,1,1,3,1,3.0,1,0,0
44,1,30000.0,2,58.7,2,1,6,11,0,1.0,0,0,0
35,0,93791.0,1,60.5,1,2,6,8,1,1.0,1,0,0
26,1,97232.0,2,5.0,2,1,10,11,0,4.0,1,0,1
44,1,93602.0,2,48.3,3,2,14,7,0,1.0,1,0,0
55,1,40652.0,2,38.8,2,1,9,9,0,4.0,1,1,0
42,0,131534.0,1,31.6,2,2,2,4,0,3.0,0,1,0
42,1,75807.0,1,58.3,3,3,1,2,0,1.0,0,1,0
36,0,147943.0,2,6.6,4,2,4,4,0,1.0,0,0,0
38,1,47796.0,0,54.7,2,1,2,1,1,1.0,0,0,0
52,1,49426.0,2,36.6,3,1,2,7,1,2.0,0,0,0
36,1,127934.0,2,90.9,1,1,2,13,0,5.0,1,1,0
36,0,72828.0,1,15.2,1,3,2,7,1,1.0,0,0,0
48,0,90740.0,2,39.3,1,1,12,13,1,1.0,1,0,0
28,0,113761.0,2,39.9,3,2,7,11,0,5.0,1,1,1
51,0,124587.0,2,48.6,2,2,2,18,1,1.0,1,0,0
51,0,79342.0,2,21.7,2,1,14,11,0,4.0,1,0,0
51,0,110404.0,1,37.25,1,1,6,1,0,5.0,1,0,1
32,0,61092.0,2,21.2,2,2,14,4,1,2.0,0,0,0
36,2,30000.0,0,20.7,2,2,1,2,1,1.0,1,0,0
46,1,92758.0,2,61.6,1,1,12,15,1,4.0,0,0,0
59,0,59081.0,1,64.1,1,2,3,8,1,5.0,0,0,0
41,0,98309.0,1,5.0,2,0,7,4,1,4.0,0,0,0
69,0,92796.0,2,30.6,3,2,12,5,0,1.0,0,0,0
67,0,44022.0,2,27.1,2,0,11,15,0,3.0,1,0,0
49,1,73497.0,2,58.3,3,3,14,14,0,4.0,1,0,0
54,1,110312.0,0,45.2,1,2,1,2,1,4.0,1,0,0
38,1,171986.0,1,40.849999999999994,3,2,1,3,1,3.0,1,0,1
30,1,33211.0,0,27.7,2,3,2,2,1,4.0,1,0,0
29,1,86877.0,0,5.0,4,2,2,0,1,3.0,1,0,0
36,1,65425.0,2,64.4,1,1,13,8,0,2.0,1,0,0
34,0,174000.0,1,51.0,2,2,0,7,1,2.0,0,0,0
50,0,98982.0,0,31.0,2,2,1,1,1,2.0,1,0,0
62,0,60697.0,0,66.6,1,2,1,2,1,3.0,1,0,0
61,1,71644.0,2,48.4,3,1,3,7,1,1.0,0,0,0
37,1,82990.0,2,29.8,1,1,3,17,1,2.0,0,0,0
27,1,160477.0,1,85.2,2,0,3,5,1,3.0,1,0,1
65,1,100749.0,2,57.0,4,2,4,7,0,2.0,1,1,0
57,1,75721.0,2,47.5,3,2,2,10,0,4.0,1,1,0
47,0,75263.0,0,77.3,2,2,1,0,1,3.0,1,0,1
32,0,108869.0,2,73.4,2,2,11,15,1,3.0,0,0,0
41,1,71258.0,2,5.0,2,1,3,4,0,1.0,1,0,0
33,1,132292.0,2,5.0,2,2,4,13,0,4.0,0,0,0
31,0,48735.0,0,16.4,3,1,2,0,1,1.0,1,0,0
55,1,30000.0,0,36.2,3,0,2,2,1,3.0,0,0,0
57,0,40157.0,1,32.2,1,1,5,7,1,2.0,1,0,0
25,2,72926.0,1,5.3,2,2,6,4,1,3.0,0,0,0
26,1,113959.0,1,7.6,1,1,4,4,1,4.0,0,0,0
48,2,82201.0,1,53.4,2,0,5,1,1,1.0,0,0,0
33,0,82633.0,0,5.0,1,1,1,2,1,2.0,0,0,0
39,1,91652.0,2,41.3,1,2,13,15,1,5.0,0,0,0
49,1,84287.0,1,30.7,2,0,3,5,0,3.0,1,1,0
49,1,111041.0,1,36.6,3,2,6,6,0,4.0,0,1,0
34,0,113631.0,0,105.9,2,0,1,3,1,3.0,1,0,1
40,0,46209.0,1,58.9,2,1,2,1,1,5.0,1,0,0
53,1,113826.0,1,106.0,1,2,5,1,0,3.0,1,1,1
57,1,148415.0,1,61.8,3,0,1,6,1,3.0,1,0,0
65,0,63383.0,2,51.8,2,1,8,16,1,4.0,1,0,0
30,1,94516.0,2,64.9,2,1,9,19,0,1.0,1,0,0
43,0,106014.0,1,48.2,2,1,7,9,1,5.0,1,0,1
68,0,102325.0,2,72.7,1,1,14,3,0,5.0,0,0,0
32,0,93265.0,2,27.6,4,0,2,11,0,2.0,0,0,0
69,0,94782.0,2,56.2,1,1,14,12,0,1.0,0,0,0
59,0,111797.0,0,65.6,3,1,2,1,1,4.0,1,0,1
36,0,51951.0,2,13.2,2,3,7,14,0,1.0,1,0,1
43,1,119931.0,0,39.1,3,1,0,3,1,5.0,1,0,0
29,1,81488.0,2,5.0,3,0,11,4,1,5.0,1,0,0
62,1,114908.0,1,41.2,3,1,1,3,1,3.0,1,0,0
61,0,58855.0,1,32.7,3,0,3,5,1,5.0,0,0,0
34,1,110821.0,2,34.4,3,2,14,8,0,3.0,1,0,0
39,1,138414.0,2,10.5,2,3,5,8,1,1.0,1,0,0
36,1,62090.0,1,32.8,1,1,1,2,0,2.0,0,1,0
54,0,150223.0,2,54.2,1,2,11,7,1,1.0,1,0,0
26,0,174000.0,1,26.3,2,2,1,8,0,1.0,1,0,1
50,0,61039.0,1,93.1,2,3,6,9,0,2.0,0,2,0
49,1,82193.0,1,75.2,2,1,7,8,1,1.0,0,0,0
68,0,51288.0,2,25.7,2,3,5,15,1,1.0,1,0,0
45,0,94858.0,2,65.9,1,1,5,7,1,2.0,0,0,0
69,1,43311.0,2,52.0,3,1,6,5,0,4.0,0,1,0
33,1,160474.0,2,7.8,1,0,9,19,0,3.0,1,0,0
59,1,62671.0,1,19.7,1,1,6,5,1,4.0,1,0,0
44,1,42845.0,1,89.0,2,2,6,4,1,4.0,1,0,0
59,1,113911.0,1,52.6,1,2,7,7,1,3.0,0,0,0
60,1,109397.0,2,12.8,4,2,8,6,0,5.0,1,0,0
25,0,95638.0,2,59.6,1,2,10,7,0,2.0,0,0,0
69,1,57549.0,2,75.5,1,1,9,17,0,3.0,0,0,0
62,0,115951.0,1,5.0,1,2,6,7,1,1.0,1,0,0
62,0,132932.0,0,27.4,3,3,2,1,1,4.0,1,0,0
31,1,119275.0,2,88.9,1,1,13,15,1,3.0,1,0,0
63,0,112674.0,1,13.5,1,0,7,9,1,5.0,0,0,0
52,1,158829.0,0,62.8,2,1,2,3,1,2.0,1,0,0
53,1,76948.0,2,28.5,1,2,13,13,0,1.0,1,0,0
55,1,94741.0,1,5.0,1,1,1,6,1,1.0,1,0,0
62,1,83636.0,0,30.8,1,1,2,2,1,1.0,1,0,0
68,1,90558.0,2,38.0,1,0,8,5,1,1.0,1,0,0
60,1,61411.0,2,23.7,2,1,6,18,0,1.0,0,0,0
54,0,90673.0,2,36.7,2,0,12,12,0,3.0,0,0,0
31,0,30000.0,1,39.5,2,2,2,9,1,1.0,0,0,0
44,1,30000.0,1,51.1,1,2,3,9,1,3.0,0,1,0
57,0,110413.0,2,26.6,3,2,4,7,0,3.0,1,1,1
53,0,87069.0,1,15.0,2,2,0,5,1,4.0,0,0,0
37,1,70614.0,1,19.2,2,0,1,2,0,4.0,1,1,1
53,0,95652.0,2,60.3,2,3,10,3,1,2.0,1,0,0
67,2,64745.0,1,72.0,2,1,7,3,1,1.0,0,0,0
37,0,51593.0,2,57.4,2,1,6,6,0,4.0,1,1,0
35,0,44119.0,1,40.4,1,0,2,2,1,3.0,1,0,0
56,0,72034.0,2,19.4,1,2,2,17,0,3.0,0,0,0
30,1,109026.0,2,25.5,2,2,11,6,0,1.0,1,0,0
37,1,76268.0,0,67.4,1,0,2,0,1,2.0,1,0,0
35,1,31943.0,2,70.9,2,2,10,16,1,4.0,0,0,0
42,0,43855.0,2,44.0,2,2,3,8,0,3.0,1,1,0
32,0,83073.0,2,5.0,3,2,8,15,0,2.0,0,0,0
43,0,112579.0,0,83.4,1,2,1,3,1,2.0,0,0,0
36,1,53856.0,0,38.3,1,2,0,2,0,2.0,1,1,0
62,0,120759.0,2,47.8,2,2,3,4,0,5.0,0,0,0
54,0,51862.0,1,68.8,2,1,2,3,1,3.0,1,0,0
43,1,79499.0,2,97.5,2,2,12,11,1,2.0,1,0,0
69,1,74135.0,2,5.0,2,2,2,10,0,4.0,1,0,1
42,1,85140.0,1,5.0,2,2,2,4,1,2.0,1,0,1
67,1,60347.0,1,79.9,1,3,3,4,1,4.0,1,1,0
59,0,77157.0,0,17.3,1,1,1,0,1,3.0,0,0,0
41,0,48021.0,2,31.5,3,2,9,5,0,3.0,0,0,0
34,0,130325.0,1,30.9,3,0,3,5,1,2.0,0,0,0
54,1,73414.0,2,40.5,1,3,13,19,1,2.0,1,0,0
62,1,98306.0,2,48.4,1,3,3,17,0,2.0,0,0,0
36,1,64878.0,1,77.0,1,2,0,8,0,4.0,1,2,0
51,1,105534.0,2,65.3,1,2,4,17,1,5.0,1,0,1
64,1,74774.0,1,26.8,1,2,1,2,1,4.0,1,0,1
42,1,93903.0,2,43.8,2,3,9,16,1,1.0,0,0,0
59,0,99620.0,2,40.8,2,1,9,8,1,3.0,0,0,0
49,0,61185.0,1,22.4,1,0,3,9,1,3.0,0,0,0
44,1,55752.0,2,16.8,1,0,7,9,0,4.0,1,0,0
35,0,68578.0,2,54.5,1,0,5,13,1,4.0,0,0,0
50,0,60247.0,1,36.7,2,3,1,8,1,4.0,1,0,1
46,1,55166.0,2,58.8,2,0,6,11,0,1.0,1,0,0
63,0,159832.0,0,28.9,1,2,2,1,0,3.0,1,0,1
38,1,74609.0,1,11.1,2,1,4,2,1,5.0,1,0,1
63,0,63805.0,2,93.0,3,0,4,8,1,1.0,1,0,0
54,1,122965.0,2,41.9,1,2,7,8,0,3.0,0,1,0
43,1,65987.0,2,56.6,2,2,6,11,0,5.0,1,0,0
32,0,108323.0,1,70.6,2,2,0,4,1,5.0,0,0,0
32,0,82997.0,2,13.2,1,0,8,13,1,1.0,1,0,0
56,1,30000.0,2,11.7,2,2,8,10,1,1.0,0,0,0
67,1,43483.0,0,31.6,1,3,2,2,0,5.0,1,1,0
59,1,112343.0,2,58.7,1,2,8,9,1,2.0,0,0,0
62,1,82818.0,2,5.0,2,2,5,8,0,3.0,1,0,1
46,1,77282.0,1,56.4,2,2,0,7,1,5.0,1,0,1
42,1,59393.0,2,5.0,3,1,14,8,0,4.0,1,0,0
39,0,84199.0,2,64.2,2,2,14,3,1,3.0,0,0,0
46,1,132776.0,0,38.8,1,0,2,2,1,3.0,1,0,1
64,0,125793.0,2,61.1,1,1,6,8,1,5.0,1,0,1
62,0,76049.0,2,36.2,1,0,6,19,0,1.0,0,0,0
27,1,81609.0,2,34.2,2,2,5,16,0,1.0,1,0,0
69,0,138881.0,1,39.6,2,2,5,4,1,3.0,1,0,0
55,0,122345.0,1,34.1,1,0,5,1,1,4.0,1,0,1
57,0,132111.0,2,55.4,1,2,6,6,0,1.0,1,1,0
46,0,88214.0,1,76.4,1,0,5,4,1,5.0,0,0,0
69,2,74507.0,2,69.0,1,1,7,13,0,4.0,1,1,0
32,0,80291.0,2,11.4,1,2,14,3,1,3.0,1,0,0
63,1,84687.0,2,39.4,2,2,12,19,0,4.0,0,0,0
31,0,56061.0,2,66.9,2,2,5,7,1,3.0,1,0,1
55,0,72168.0,1,16.6,1,2,0,5,0,2.0,1,1,0
62,0,58137.0,1,58.4,2,1,6,7,1,4.0,1,0,0
53,1,87504.0,2,63.9,2,0,7,14,0,2.0,0,0,0
44,2,148375.0,1,24.7,1,1,1,4,1,2.0,0,0,0
40,0,83950.0,2,34.8,1,0,10,19,0,3.0,0,0,0
63,1,47569.0,2,34.5,1,2,5,12,1,1.0,1,0,0
67,0,120939.0,0,18.3,4,1,0,0,1,5.0,1,0,1
61,0,87249.0,1,61.9,3,1,0,4,0,1.0,1,1,0
29,1,94468.0,0,60.0,2,1,1,2,1,4.0,1,0,1
57,0,76838.0,0,56.0,2,1,2,2,1,5.0,1,0,0
63,1,102751.0,1,36.9,1,2,0,4,1,1.0,1,0,0
55,0,40851.0,2,46.3,2,1,2,15,1,1.0,0,0,0
51,1,66033.0,2,19.6,1,3,2,4,0,5.0,1,0,1
55,1,65318.0,2,59.5,1,3,9,11,0,1.0,1,0,0
48,1,77822.0,2,5.3,2,1,11,13,0,4.0,1,0,1
66,1,137848.0,2,48.5,3,1,9,14,0,1.0,1,0,0
46,1,118288.0,0,6.8,2,3,2,1,1,3.0,1,0,0
35,1,97861.0,0,39.5,4,1,1,1,1,3.0,0,0,0
61,0,69353.0,1,71.0,2,1,2,4,1,3.0,0,0,0
44,0,106434.0,0,46.6,1,2,2,1,0,5.0,0,1,0
68,0,102781.0,2,5.0,1,1,10,12,1,5.0,0,0,0
63,1,58354.0,1,18.1,4,1,2,5,1,1.0,0,0,0
53,1,43068.0,2,64.6,2,2,6,13,0,5.0,0,0,0
28,0,30000.0,1,32.7,2,0,7,4,1,2.0,1,0,0
28,0,67947.0,2,27.7,1,1,10,19,1,2.0,1,0,0
56,0,138730.0,1,56.9,1,0,7,7,1,3.0,1,0,1
49,0,30000.0,1,25.2,4,1,4,8,1,3.0,0,0,0
38,1,31285.0,0,82.5,1,2,2,3,1,2.0,1,0,0
27,0,93028.0,2,33.0,2,2,14,17,1,3.0,1,0,0
62,0,95311.0,2,5.0,4,3,3,9,1,3.0,1,0,0
32,1,123554.0,2,12.7,1,2,10,18,0,2.0,1,0,1
37,1,43688.0,0,68.3,2,2,2,0,1,3.0,1,0,0
46,0,31423.0,1,52.0,2,1,5,6,0,5.0,1,0,1
54,1,47429.0,1,26.6,4,3,2,5,1,3.0,1,0,0
40,0,43413.0,0,26.2,1,0,0,0,1,2.0,0,0,0
29,0,54795.0,2,18.6,2,1,12,10,0,4.0,1,1,0
56,1,68618.0,2,42.7,2,2,8,17,0,4.0,1,0,0
56,1,114088.0,1,81.7,1,2,6,3,1,3.0,0,0,0
51,0,32870.0,2,71.3,2,1,8,13,0,3.0,1,0,0
58,1,90909.0,1,67.9,3,1,2,4,1,4.0,1,0,0
54,1,120446.0,0,21.9,1,2,1,3,1,2.0,0,0,0
26,1,92385.0,1,66.8,2,0,3,2,1,1.0,1,0,0
40,1,132388.0,2,20.3,1,0,5,18,1,1.0,1,0,0
69,0,105330.0,1,32.9,2,0,5,9,1,2.0,0,0,0
26,0,36836.0,0,67.9,2,2,1,0,1,4.0,1,0,0
32,1,72214.0,2,52.2,1,1,8,18,0,5.0,0,0,1
29,1,147613.0,0,37.3,2,1,1,0,1,3.0,1,0,0
33,0,41388.0,2,53.1,1,2,11,18,0,2.0,0,0,0
30,1,67855.0,2,45.0,1,0,12,6,0,1.0,1,0,0
44,1,108638.0,2,70.5,3,2,6,19,0,3.0,1,0,1
61,0,121669.0,2,26.3,1,1,2,19,1,5.0,0,0,1
63,1,48135.0,0,5.0,1,2,2,1,1,1.0,0,0,0
34,0,111789.0,0,80.4,2,2,1,3,1,3.0,0,0,0
68,0,107542.0,1,77.9,1,0,0,2,1,5.0,0,0,0
44,0,119980.0,2,25.3,1,2,11,15,0,4.0,0,0,0
64,1,134837.0,0,32.6,3,2,1,2,1,5.0,0,0,1
45,0,98639.0,1,48.1,1,1,2,9,0,2.0,1,1,0
38,1,114883.0,2,42.6,1,2,13,3,1,3.0,1,0,1
27,0,50023.0,0,47.8,2,1,0,1,1,4.0,1,0,0
45,0,139988.0,2,56.0,1,1,12,13,0,5.0,1,0,1
46,1,53576.0,2,12.0,1,1,7,15,1,2.0,0,0,0
49,0,55632.0,1,14.4,3,2,3,6,1,2.0,1,0,0
62,0,37681.0,2,31.8,1,1,13,16,1,2.0,1,0,0
59,0,74340.0,2,48.9,1,2,10,12,1,3.0,1,0,0
25,1,78946.0,1,72.7,3,2,5,3,0,3.0,1,0,0
44,0,77697.0,2,30.1,3,1,13,8,1,2.0,0,0,0
49,1,53457.0,1,53.9,1,2,5,7,0,5.0,1,1,0
49,1,86321.0,1,39.9,2,0,4,5,1,5.0,1,0,1
32,1,63354.0,2,9.6,1,1,11,6,0,1.0,1,1,0
63,0,30741.0,2,31.8,2,1,10,18,1,1.0,1,0,0
62,0,92341.0,2,32.7,1,1,6,17,0,1.0,1,1,0
50,1,60934.0,2,9.9,3,0,12,6,0,1.0,1,0,0
42,1,107833.0,2,52.4,1,1,12,16,1,5.0,1,0,1
65,0,30000.0,1,5.0,2,1,7,1,1,2.0,0,0,0
39,0,114164.0,0,14.9,1,2,2,0,1,5.0,0,0,1
54,0,136480.0,2,60.3,2,2,13,7,0,2.0,0,0,0
35,0,104888.0,2,30.6,3,1,11,11,1,4.0,1,0,0
48,0,73447.0,1,18.8,1,2,7,8,1,1.0,1,0,0
47,0,104094.0,1,49.5,2,2,5,9,1,5.0,1,0,0
41,1,68262.0,2,45.4,2,1,10,6,0,2.0,1,1,0
55,1,148753.0,0,37.6,1,0,1,1,1,5.0,1,0,1
61,0,62171.0,2,32.4,2,2,3,4,1,5.0,1,0,0
58,0,132261.0,2,48.3,3,2,14,7,0,4.0,0,0,0
61,0,42819.0,0,29.4,3,1,2,0,1,1.0,1,0,0
34,0,100381.0,0,5.0,1,2,1,0,1,3.0,0,0,0
40,1,80414.0,2,39.2,2,2,11,10,1,3.0,1,0,0
61,1,124928.0,2,7.4,1,1,6,3,1,3.0,0,0,0
26,0,107319.0,1,55.0,1,2,0,5,1,5.0,1,0,1
62,1,89060.0,2,27.1,1,2,6,8,1,2.0,0,0,0
66,1,110835.0,1,46.4,2,1,4,6,1,1.0,1,0,0
61,0,115686.0,0,29.4,1,0,2,0,1,5.0,0,0,0
42,1,53552.0,2,58.5,1,2,4,9,1,2.0,0,0,0
53,1,92556.0,0,21.8,4,2,2,1,1,3.0,1,0,0
45,1,91306.0,1,82.8,1,2,1,5,1,4.0,1,0,1
47,1,121144.0,2,56.7,2,2,2,13,0,5.0,0,1,0
64,1,71224.0,1,26.5,2,2,0,6,1,3.0,1,0,0
61,0,131976.0,2,67.1,2,1,13,3,0,2.0,0,1,0
38,0,134308.0,2,20.6,3,0,13,10,0,2.0,0,0,0
50,1,73055.0,2,20.8,2,2,5,3,0,5.0,1,1,0
32,1,110918.0,2,10.1,4,1,6,14,0,5.0,1,0,1
58,0,51710.0,0,79.3,4,1,2,1,1,4.0,0,1,0
32,2,92123.0,2,45.0,1,1,6,10,0,3.0,0,0,0
29,0,78740.0,0,87.5,3,3,0,2,1,4.0,1,1,0
62,0,84605.0,2,5.0,1,2,13,4,0,2.0,1,0,0
41,0,118368.0,2,22.1,3,1,2,19,0,3.0,0,0,0
35,1,77390.0,1,5.0,1,1,6,3,0,4.0,1,0,1
49,0,126334.0,0,7.7,3,2,0,3,1,3.0,0,0,0
41,1,30000.0,1,5.0,1,1,4,8,1,1.0,1,0,0
49,0,77005.0,2,5.0,1,2,2,10,1,5.0,1,0,1
48,0,154119.0,2,11.9,2,0,14,7,1,2.0,1,0,0
40,0,76454.0,2,46.3,1,0,5,8,1,2.0,0,0,0
38,1,127193.0,1,56.6,2,2,0,3,1,4.0,1,0,0
31,0,147894.0,0,78.5,2,3,2,1,1,1.0,0,0,0
55,0,100276.0,1,5.0,4,0,6,3,1,1.0,1,0,0
29,0,69859.0,1,16.7,1,2,7,7,0,2.0,1,2,0
56,0,98795.0,0,5.0,2,2,0,1,1,4.0,0,0,0
37,1,74690.0,2,60.6,1,1,4,11,1,5.0,1,0,1
56,1,64696.0,1,38.8,2,1,5,1,1,3.0,1,0,0
29,1,91613.0,2,29.5,2,1,6,15,1,2.0,1,0,0
29,0,63820.0,1,20.7,2,3,2,7,0,4.0,1,0,0
66,0,101197.0,1,12.0,2,2,7,8,1,2.0,1,0,0
58,0,30000.0,2,51.2,2,1,7,15,0,1.0,1,0,0
30,0,92109.0,1,28.2,2,2,5,9,1,5.0,1,0,1
31,1,68480.0,0,35.7,2,2,2,2,1,1.0,0,0,0
48,0,37056.0,2,23.8,1,2,2,18,0,1.0,1,0,0
27,1,46609.0,1,47.6,1,1,7,8,1,1.0,1,0,0
50,0,50736.0,2,5.0,1,2,11,15,1,2.0,1,0,0
60,1,84173.0,1,45.9,2,2,5,9,1,2.0,1,0,0
35,0,64180.0,1,82.4,2,3,1,5,1,5.0,1,0,1
44,0,107381.0,2,62.6,2,2,3,15,0,1.0,1,1,0
68,0,90673.0,2,41.1,2,1,10,10,0,3.0,1,0,0
55,0,56809.0,2,86.6,1,2,9,14,1,1.0,0,0,0
69,1,30000.0,2,49.0,1,0,11,4,1,1.0,0,0,0
27,1,148068.0,0,63.3,1,0,0,0,1,3.0,1,0,0
51,0,30000.0,2,5.0,2,2,12,8,1,2.0,1,0,0
60,1,47630.0,2,46.5,2,2,3,16,0,5.0,0,0,0
42,0,75092.0,2,48.9,2,2,10,19,1,5.0,1,0,1
36,0,104763.0,1,87.0,1,0,3,7,1,2.0,0,0,0
31,0,138028.0,1,37.2,2,1,3,7,1,2.0,0,0,0
61,0,86429.0,2,14.4,2,2,10,5,0,1.0,1,0,0
34,1,52736.0,2,44.5,4,1,10,14,0,1.0,1,0,0
67,1,73415.0,0,31.9,2,2,2,0,1,4.0,1,0,1
44,1,113642.0,1,36.4,2,3,0,6,1,5.0,0,0,0
56,1,107375.0,2,15.3,2,0,2,7,1,3.0,1,0,0
47,1,96607.0,1,68.5,2,2,4,8,1,2.0,1,0,0
52,0,64896.0,1,40.0,2,0,1,8,1,4.0,1,0,1
64,2,100980.0,2,36.8,1,1,8,13,1,5.0,1,0,0
58,1,30000.0,2,58.2,2,2,13,5,1,3.0,0,0,0
41,1,96782.0,1,45.9,1,3,3,5,1,5.0,1,0,1
45,0,117759.0,2,64.6,2,1,7,11,0,1.0,0,2,0
51,1,150777.0,0,27.4,4,1,2,2,1,1.0,1,0,0
44,0,64247.0,2,83.1,2,1,5,10,0,4.0,0,1,0
52,1,85677.0,0,5.0,1,0,2,2,1,1.0,0,0,0
29,0,30000.0,1,53.3,1,1,1,4,1,4.0,1,0,0
39,0,139780.0,2,29.2,1,1,8,16,1,5.0,1,0,1
45,1,84493.0,2,5.0,2,3,9,16,1,2.0,0,0,0
43,0,131589.0,1,45.3,1,2,0,1,0,1.0,0,1,0
61,1,129971.0,2,41.05,2,1,6,14,1,2.0,1,0,0
26,0,30000.0,2,21.7,2,2,4,10,0,4.0,0,0,0
40,1,90584.0,2,49.0,2,1,11,7,0,5.0,1,2,0
45,1,30000.0,2,80.2,1,2,11,12,0,2.0,0,1,0
32,1,100435.0,2,7.4,2,1,6,13,0,3.0,0,0,0
66,0,30000.0,1,28.4,1,0,0,9,1,5.0,1,0,1
47,0,58903.0,2,72.0,4,2,13,8,1,3.0,1,0,1
67,1,118280.0,2,58.3,3,0,10,4,0,2.0,0,1,0
25,0,60420.0,1,48.4,1,2,6,5,1,4.0,0,0,0
60,1,120890.0,1,47.9,2,0,6,3,1,3.0,0,0,0
52,1,38209.0,2,70.6,1,0,4,8,0,5.0,1,1,0
42,1,107755.0,1,31.6,2,2,0,9,1,4.0,0,0,0
48,0,89484.0,2,5.0,2,3,11,12,1,2.0,1,0,0
33,1,115976.0,2,22.9,1,1,3,11,1,5.0,0,0,0
67,0,95950.0,2,38.95,2,1,9,10,0,2.0,1,0,0
59,1,118460.0,0,33.9,2,3,1,1,1,4.0,0,0,0
62,1,70126.0,1,43.4,1,2,2,3,1,4.0,0,0,0
32,0,90238.0,2,60.3,2,3,3,13,0,1.0,1,1,0
35,1,130776.0,1,68.0,2,1,1,5,1,4.0,1,0,1
25,1,38262.0,0,71.2,2,2,0,0,1,1.0,1,0,0
50,0,122977.0,1,73.0,1,1,6,3,1,4.0,1,0,1
47,1,88861.0,1,26.2,3,2,0,3,1,1.0,1,0,0
63,1,107977.0,0,47.0,3,2,2,2,1,3.0,0,0,0
26,0,57927.0,1,32.2,2,2,0,7,1,2.0,1,0,0
47,0,53131.0,2,64.8,2,0,4,3,0,2.0,1,1,0
54,1,69166.0,2,71.1,1,1,7,11,0,3.0,0,0,0
64,1,87702.0,1,44.0,3,2,5,4,1,2.0,0,0,0
28,1,30000.0,2,42.6,3,1,13,15,0,3.0,0,0,0
54,1,61933.0,1,5.7,1,0,6,5,0,2.0,1,0,0
53,1,51008.0,1,48.4,3,1,1,3,0,4.0,1,1,0
65,0,75871.0,2,42.4,3,1,11,14,1,3.0,1,0,0
64,0,80135.0,1,20.9,1,1,0,1,1,5.0,0,0,0
42,0,34388.0,2,31.8,3,1,5,16,0,4.0,1,0,1
31,1,83280.0,2,78.2,2,1,12,3,0,1.0,1,1,0
56,0,73556.0,1,76.8,1,2,5,4,0,1.0,0,1,0
32,0,67866.0,0,5.0,2,1,2,1,1,1.0,1,0,0
63,1,57855.0,2,67.0,1,1,8,9,1,3.0,1,0,0
27,0,86090.0,1,31.0,4,2,2,6,0,1.0,0,0,0
57,1,92366.0,1,56.0,1,0,2,9,1,3.0,1,0,1
39,1,49160.0,1,65.9,2,3,1,3,1,5.0,0,0,0
69,1,40955.0,2,23.5,1,0,3,16,1,3.0,1,0,0
59,1,66729.0,2,51.6,1,2,11,3,1,4.0,1,0,0
26,1,124958.0,1,27.5,1,2,0,6,1,3.0,1,0,0
60,0,96702.0,2,48.4,3,2,14,14,1,5.0,0,0,0
39,1,104098.0,1,5.4,1,3,7,5,0,4.0,0,0,0
26,0,46190.0,2,14.6,1,2,9,14,0,2.0,1,1,0
58,1,54316.0,2,44.5,2,1,2,12,1,2.0,1,0,1
46,0,91748.0,2,15.3,2,0,3,16,0,4.0,1,0,0
54,0,150609.0,2,35.1,1,2,9,14,0,3.0,0,0,1
51,0,40060.0,2,71.4,2,0,12,10,0,2.0,0,0,0
28,1,83702.0,2,12.4,1,1,5,3,1,4.0,1,0,0
40,0,83691.0,2,51.4,2,1,6,14,0,1.0,1,0,0
33,1,109319.0,1,54.9,2,0,1,7,1,4.0,1,0,0
50,0,43824.0,1,42.9,2,2,1,8,0,1.0,0,1,0
47,1,89679.0,2,50.3,2,3,9,12,0,3.0,0,0,0
59,0,126691.0,1,30.8,2,2,7,7,1,1.0,1,0,0
46,0,97680.0,1,9.5,3,1,5,7,0,5.0,1,0,1
63,1,63180.0,1,30.5,1,0,5,4,1,4.0,0,0,0
60,1,84287.0,2,5.0,2,2,11,5,0,1.0,1,0,0
64,0,105382.0,1,78.9,2,2,1,7,1,4.0,0,0,0
56,0,122397.0,2,51.5,1,2,5,6,0,5.0,1,0,0
50,1,58091.0,0,46.2,2,3,2,2,1,5.0,0,0,0
44,0,65802.0,2,5.0,2,1,6,4,1,1.0,1,0,0
64,1,30000.0,1,10.7,3,0,3,2,1,2.0,1,0,0
69,1,104848.0,0,60.5,1,3,2,2,1,2.0,1,0,0
35,1,84758.0,2,21.0,1,1,10,6,1,5.0,1,0,1
47,1,52622.0,2,46.6,3,0,13,10,1,2.0,1,0,0
29,1,105353.0,2,5.0,1,1,12,16,1,4.0,0,0,0
37,0,44767.0,1,57.5,1,0,3,4,1,4.0,1,0,0
67,0,54215.0,1,35.6,1,1,2,1,1,1.0,0,0,0
49,1,114172.0,2,10.3,2,2,9,3,1,2.0,1,0,0
38,0,72126.0,1,54.8,2,2,5,5,1,5.0,1,0,0
58,0,40807.0,1,63.9,3,2,2,1,1,4.0,0,0,0
44,0,127341.0,2,33.3,2,1,7,6,0,3.0,0,0,0
52,0,98741.0,2,32.3,1,2,5,5,1,1.0,1,0,0
35,0,140076.0,2,5.0,2,1,7,14,0,4.0,0,0,0
64,0,128596.0,1,34.0,2,2,2,3,1,3.0,1,0,1
49,1,109476.0,1,39.9,2,1,7,5,1,1.0,1,0,0
69,0,40514.0,1,76.2,1,1,1,9,1,5.0,0,0,0
53,1,110720.0,2,18.3,2,2,6,15,1,3.0,0,0,0
32,1,127322.0,2,30.7,1,1,4,6,0,5.0,0,0,0
42,0,63356.0,1,12.5,3,2,0,7,1,4.0,0,0,0
52,0,99772.0,1,51.0,1,0,5,4,1,3.0,0,0,0
30,1,106661.0,2,41.6,2,2,9,3,0,3.0,0,1,0
52,1,130642.0,2,51.8,2,3,9,18,1,3.0,1,0,0
53,0,98275.0,2,62.3,3,1,14,19,0,5.0,0,0,0
39,1,105373.0,2,11.1,1,2,3,15,0,5.0,1,0,1
61,1,112511.0,1,60.6,4,1,6,3,0,1.0,0,0,0
42,1,30000.0,1,52.5,1,3,4,7,1,2.0,0,0,0
34,1,30000.0,2,5.0,1,3,11,7,1,4.0,1,0,0
34,1,84675.0,1,16.7,1,2,7,4,1,5.0,1,0,0
56,0,63067.0,0,64.3,3,1,1,3,1,5.0,1,0,1
55,1,83036.0,2,40.7,2,2,3,12,1,3.0,0,0,0
69,1,76949.0,1,41.9,1,1,7,7,1,4.0,0,0,0
31,1,30000.0,1,64.7,1,0,6,5,1,2.0,1,0,0
59,1,30000.0,1,59.8,2,1,4,7,1,3.0,1,0,0
49,1,70551.0,2,5.0,2,1,3,3,0,5.0,1,0,1
44,0,92372.0,2,30.7,1,2,5,6,0,1.0,1,1,0
32,0,84235.0,0,39.4,2,1,1,3,1,5.0,1,0,0
66,1,115422.0,1,47.9,3,2,7,3,1,3.0,1,0,0
57,1,131124.0,1,32.1,2,3,3,5,0,1.0,1,1,0
42,1,58274.0,2,25.6,2,2,7,13,0,1.0,0,1,0
63,0,44623.0,2,17.1,2,2,13,6,0,4.0,1,0,0
68,1,140069.0,2,32.8,3,2,4,14,0,2.0,0,0,0
50,0,99500.0,0,61.1,3,2,0,3,1,3.0,0,0,0
35,0,41905.0,2,73.5,2,1,9,11,0,3.0,1,1,0
39,1,118242.0,0,43.8,3,1,1,0,0,1.0,0,1,0
27,1,119582.0,1,5.0,2,2,7,5,1,1.0,1,0,0
34,0,63118.0,1,96.4,1,1,2,3,1,2.0,0,0,0
55,0,84211.0,2,20.9,3,2,6,17,1,3.0,1,0,0
49,1,112173.0,0,63.4,3,0,0,2,1,5.0,1,0,1
27,0,161232.0,2,33.8,1,2,2,5,0,2.0,1,0,0
58,0,99504.0,2,12.2,3,0,10,8,1,5.0,0,0,0
66,1,40924.0,1,60.0,1,1,7,8,0,4.0,1,2,0
30,0,68372.0,2,5.0,2,2,6,5,0,1.0,1,0,0
54,1,107761.0,0,40.5,1,2,1,3,1,1.0,1,0,0
42,0,147967.0,1,53.2,1,1,2,9,1,2.0,0,0,0
45,1,166857.0,2,5.3,3,2,6,13,1,5.0,0,0,0
41,0,66172.0,2,48.1,2,0,14,16,1,5.0,1,0,1
46,1,72563.0,2,64.3,1,0,8,7,0,3.0,1,0,0
65,0,91732.0,1,61.1,1,2,1,9,1,3.0,1,0,0
46,0,92662.0,1,78.8,1,3,2,8,0,5.0,1,1,1
58,1,111259.0,1,25.1,2,0,5,2,1,1.0,1,0,0
34,0,88345.0,2,26.5,1,1,13,7,1,4.0,0,0,0
68,0,30000.0,2,15.4,1,1,10,5,0,4.0,1,1,0
60,1,70653.0,1,49.8,3,2,0,6,1,4.0,1,0,0
49,0,109402.0,0,31.3,2,0,0,3,1,1.0,1,0,0
25,0,111154.0,1,5.0,1,2,0,3,1,4.0,0,0,0
26,1,73321.0,2,57.8,1,2,5,5,0,2.0,1,0,0
52,0,65810.0,1,59.3,2,2,4,7,1,5.0,0,0,0
41,1,115665.0,2,52.7,2,1,9,4,0,5.0,0,0,1
59,1,93666.0,1,59.2,3,0,7,9,1,4.0,0,0,0
63,1,96315.0,2,62.8,3,2,13,17,0,2.0,1,0,0
26,1,108298.0,1,57.5,1,2,3,2,1,2.0,0,0,0
35,1,30000.0,0,52.8,2,2,1,2,1,3.0,0,0,0
61,1,102776.0,1,22.1,1,1,3,4,1,1.0,0,0,0
54,0,119873.0,2,44.0,2,1,5,16,0,2.0,0,0,0
46,1,49329.0,1,16.5,2,2,2,8,1,4.0,1,0,0
47,1,105027.0,1,47.1,3,2,6,8,1,1.0,1,0,0
47,0,30000.0,1,33.8,2,1,0,9,1,2.0,1,0,0
48,1,36282.0,1,47.8,2,0,6,2,1,4.0,1,0,0
33,0,96582.0,1,53.3,1,0,1,9,1,3.0,1,0,0
44,1,86877.0,2,51.7,4,1,13,10,0,4.0,1,0,1
63,0,97259.0,1,46.6,1,1,7,6,0,4.0,1,1,0
35,0,115699.0,2,37.4,1,1,9,5,1,1.0,0,0,0
64,1,54009.0,0,20.3,1,2,2,3,1,3.0,1,0,0
37,0,30000.0,1,21.4,2,1,0,9,1,4.0,0,0,0
40,1,39102.0,0,33.5,2,1,1,3,1,4.0,0,0,0
27,0,90001.0,2,73.9,1,0,3,3,0,2.0,0,1,0
62,0,120186.0,2,29.2,1,1,4,12,0,3.0,0,0,0
52,0,116795.0,0,28.6,1,2,1,1,1,1.0,1,0,0
62,1,70342.0,1,40.0,3,0,4,4,1,1.0,0,0,0
69,0,91338.0,0,9.5,3,1,0,0,1,3.0,1,0,0
28,0,78455.0,1,59.6,1,3,2,1,1,3.0,0,0,0
36,1,121962.0,1,5.0,1,2,4,7,1,2.0,0,0,0
64,1,103284.0,2,37.0,1,1,12,13,1,5.0,0,0,0
67,0,115445.0,1,29.7,3,1,2,7,1,3.0,1,0,0
45,0,95441.0,2,61.9,2,1,8,16,0,1.0,0,0,0
38,1,114564.0,2,58.4,1,2,6,5,1,5.0,1,0,1
42,0,66017.0,2,5.0,2,1,3,6,0,3.0,1,0,0
55,1,117675.0,1,9.5,1,0,6,3,1,3.0,1,0,0
43,0,74987.0,2,46.1,1,1,4,4,1,4.0,0,0,0
34,0,147690.0,2,14.1,3,0,12,11,0,3.0,0,0,0
33,1,82584.0,1,59.0,1,2,2,4,1,2.0,1,0,0
41,0,70829.0,2,35.8,2,1,8,16,0,3.0,0,0,0
61,1,30194.0,2,33.2,1,2,11,10,1,5.0,1,0,1
67,0,30000.0,1,38.95,1,2,6,2,1,4.0,1,0,0
33,1,83475.0,1,5.0,2,1,4,7,1,5.0,1,0,0
38,1,74369.0,2,69.6,2,0,7,13,0,4.0,1,0,0
30,0,161783.0,2,59.5,2,1,3,16,1,5.0,0,0,0
33,1,74002.0,1,18.4,1,2,5,6,1,3.0,0,0,0
60,0,77729.0,1,24.0,1,2,4,6,1,3.0,1,0,0
27,1,66728.0,1,33.2,4,1,2,9,0,2.0,1,1,0
55,2,70174.0,1,53.0,3,2,5,7,1,1.0,1,0,0
44,1,90205.0,1,71.7,1,3,2,1,1,1.0,1,0,0
61,2,58127.0,2,43.8,3,1,8,15,1,4.0,0,0,0
67,1,30000.0,1,47.8,1,2,2,2,1,2.0,1,0,0
35,1,145677.0,1,60.5,4,2,0,3,1,1.0,0,0,0
61,1,57520.0,1,97.1,1,0,5,4,1,5.0,1,0,1
42,1,65151.0,1,34.2,1,0,4,3,1,2.0,1,0,0
40,0,101985.0,1,43.8,2,1,4,6,1,1.0,0,0,0
36,1,30000.0,1,56.4,1,2,5,1,1,3.0,0,0,0
32,0,30000.0,1,35.3,1,1,3,2,1,2.0,1,0,0
30,1,74981.0,2,65.9,1,3,9,18,0,4.0,0,1,0
48,1,120813.0,0,35.7,3,0,1,3,1,1.0,0,0,0
44,0,56602.0,2,56.3,2,0,9,6,1,1.0,0,0,0
28,1,48892.0,1,41.1,2,1,0,6,1,3.0,1,0,0
54,0,93173.0,2,54.9,2,1,4,14,1,5.0,1,0,0
40,1,114644.0,1,64.8,1,2,2,9,1,2.0,1,0,0
65,0,48981.0,2,41.9,2,0,9,3,0,3.0,1,0,0
28,0,62351.0,1,29.5,2,3,2,2,1,4.0,0,0,0
30,0,61000.0,2,22.3,2,2,13,5,0,3.0,1,0,1
66,1,106110.0,2,54.2,2,3,12,11,0,4.0,1,1,1
33,0,73701.0,2,31.9,1,2,10,7,0,5.0,1,0,1
69,0,82199.0,1,10.0,1,2,3,1,1,2.0,0,0,0
50,1,91283.0,2,43.9,4,0,4,4,1,3.0,0,0,0
32,1,118034.0,1,57.9,1,1,3,3,1,1.0,1,0,0
68,1,54191.0,0,5.0,2,0,0,3,1,1.0,0,0,0
54,1,107609.0,0,18.9,1,3,0,3,1,2.0,1,0,0
37,1,40444.0,0,23.9,2,2,0,1,1,1.0,1,0,0
46,1,82790.0,2,27.8,1,2,13,4,0,5.0,1,0,1
31,0,44044.0,1,46.9,3,3,6,3,1,4.0,1,0,0
32,1,86649.0,2,91.8,2,2,7,10,0,5.0,0,1,1
58,2,109578.0,2,78.1,3,2,3,4,0,5.0,0,1,0
45,1,121635.0,2,66.8,2,3,14,17,0,4.0,1,0,1
63,0,76879.0,0,45.4,1,1,0,1,1,1.0,1,0,0
49,0,123419.0,1,79.1,1,1,4,8,1,4.0,0,0,0
68,0,136276.0,2,49.9,4,1,3,17,1,4.0,1,0,1
54,0,72342.0,0,68.6,2,1,1,3,1,2.0,0,0,0
54,1,103951.0,0,55.2,2,2,1,0,1,2.0,1,0,0
67,1,40319.0,1,28.0,3,0,5,7,0,1.0,1,0,0
27,1,61732.0,2,57.3,2,2,14,13,1,1.0,1,0,0
31,1,174000.0,2,28.6,1,2,14,14,1,5.0,1,0,1
32,0,81452.0,1,56.0,2,0,3,7,1,3.0,0,0,0
67,1,67290.0,1,59.1,1,2,0,7,1,4.0,1,0,0
68,0,33394.0,1,55.3,1,1,7,1,0,2.0,0,1,0
38,0,89592.0,2,11.4,2,3,11,3,1,5.0,0,0,0
61,0,30000.0,2,20.1,2,2,14,14,0,1.0,1,0,0
48,0,91824.0,1,43.5,2,1,1,9,1,4.0,1,0,1
39,1,86701.0,2,41.9,2,1,12,15,1,2.0,1,0,0
55,0,66573.0,2,42.7,2,0,8,7,0,2.0,0,0,0
28,1,81979.0,1,63.4,1,2,7,4,1,4.0,0,0,0
61,1,93556.0,1,32.4,1,1,4,3,1,5.0,0,0,0
55,0,50646.0,1,87.2,1,0,6,8,1,3.0,1,0,1
26,1,42841.0,1,45.5,3,3,1,4,1,3.0,1,0,0
52,1,83166.0,1,56.4,1,1,6,5,1,5.0,0,0,0
49,1,30000.0,2,5.0,1,1,9,13,0,1.0,1,1,0
34,1,102653.0,2,60.1,1,2,11,16,1,3.0,1,0,0
59,1,68552.0,2,5.0,2,1,3,12,0,5.0,1,0,1
61,1,174000.0,0,12.2,3,2,0,3,1,5.0,1,0,1
25,1,79104.0,2,64.9,1,0,9,7,1,2.0,0,0,0
45,1,128062.0,1,91.3,3,2,3,9,1,2.0,1,0,0
67,0,115026.0,2,46.2,1,1,6,18,0,5.0,1,0,1
64,1,113801.0,2,14.9,1,0,14,7,1,2.0,1,0,0
29,0,114768.0,2,61.6,3,0,5,7,1,3.0,1,0,1
62,0,49588.0,1,52.4,2,1,6,1,1,3.0,1,0,0
31,0,62723.0,2,51.0,2,2,2,4,0,4.0,0,1,0
26,1,58734.0,0,47.5,1,0,1,1,1,1.0,0,0,0
29,0,30000.0,1,51.4,3,2,5,9,1,5.0,1,0,1
42,1,147903.0,1,64.5,1,1,0,9,1,5.0,1,0,0
59,1,76233.0,2,58.2,2,2,3,4,1,4.0,1,0,0
51,0,112032.0,0,36.3,3,1,0,1,0,3.0,0,1,0
48,1,110411.0,2,31.9,2,2,9,7,0,1.0,0,0,0
60,0,79130.0,2,76.4,3,1,10,16,0,5.0,1,0,1
58,1,62393.0,1,16.0,2,2,6,9,0,1.0,1,0,0
41,1,61726.0,1,57.5,3,1,6,9,1,3.0,1,0,0
47,0,71578.0,1,34.5,4,1,2,1,1,3.0,1,0,0
43,0,138077.0,2,38.1,1,2,14,5,0,3.0,1,1,0
32,1,101714.0,1,5.0,2,1,6,9,0,5.0,1,0,0
31,0,30000.0,2,30.8,4,0,14,18,0,3.0,1,0,0
55,1,102331.0,2,34.8,2,2,8,5,1,3.0,1,0,0
67,0,106895.0,0,16.0,1,2,1,3,1,5.0,0,0,0
51,0,90888.0,2,60.2,1,3,12,3,0,4.0,0,0,0
60,0,133583.0,2,15.6,1,2,2,9,0,1.0,1,1,0
56,0,58772.0,2,30.4,2,3,2,14,0,4.0,0,1,0
43,1,82668.0,2,44.0,2,0,10,11,0,4.0,0,1,0
63,1,80042.0,0,68.2,2,3,1,1,1,2.0,1,0,0
40,1,92566.0,1,43.8,1,2,5,9,1,3.0,0,0,0
65,1,70990.0,1,79.5,2,2,1,9,1,4.0,1,0,0
26,1,98415.0,0,38.8,2,2,0,1,1,5.0,0,0,0
47,1,72263.0,2,5.0,1,3,11,17,0,4.0,0,0,0
49,0,61055.0,0,51.7,2,1,0,3,1,2.0,1,0,0
68,1,131996.0,1,70.0,4,2,1,9,1,3.0,0,0,0
60,0,83314.0,2,42.3,1,1,4,12,0,5.0,1,0,1
32,0,103532.0,2,38.7,1,2,10,8,1,1.0,1,0,0
52,0,84725.0,2,61.4,2,1,10,18,0,4.0,0,1,0
41,0,107464.0,2,9.2,1,2,10,17,0,4.0,1,0,0
63,1,42829.0,1,47.6,2,1,1,8,0,1.0,1,0,0
54,1,46234.0,2,49.6,2,0,2,12,0,1.0,1,1,0
44,1,52859.0,2,71.5,1,0,3,15,0,3.0,1,1,0
61,1,73458.0,0,106.0,1,1,0,3,1,3.0,1,1,0
38,1,75912.0,1,42.4,1,1,4,8,0,1.0,0,0,0
60,2,135420.0,1,74.8,1,2,7,2,0,1.0,1,2,0
44,0,46824.0,1,19.4,2,1,1,6,0,1.0,0,1,0
54,0,81648.0,2,13.9,1,2,9,18,0,4.0,0,0,0
52,0,71357.0,1,60.0,2,1,5,6,1,2.0,0,0,0
35,0,80362.0,0,33.0,1,1,1,0,1,1.0,1,0,0
27,1,100533.0,1,22.0,2,2,7,5,1,5.0,1,0,1
65,1,84287.0,1,33.3,2,1,1,8,1,4.0,0,0,0
42,1,85667.0,0,74.5,2,3,1,2,1,3.0,0,0,0
35,0,153628.0,2,36.1,3,0,10,14,0,2.0,0,0,0
63,1,130101.0,2,57.3,2,2,6,13,1,1.0,1,0,1
44,0,76086.0,2,48.1,3,3,11,5,1,5.0,0,0,0
53,1,117125.0,0,62.5,3,1,1,3,1,3.0,1,0,1
30,1,65881.0,0,43.1,1,3,2,1,1,1.0,1,0,0
50,0,66321.0,2,31.4,3,2,11,3,1,2.0,1,0,0
34,1,59763.0,1,24.3,1,3,6,9,0,1.0,1,1,0
48,1,53321.0,2,65.0,1,3,3,11,0,1.0,1,0,0
46,0,89216.0,1,33.0,1,3,2,2,1,3.0,1,1,0
27,1,30000.0,1,12.8,2,2,4,3,1,1.0,1,0,0
65,0,100442.0,2,7.9,1,1,9,5,1,4.0,1,0,0
58,1,120448.0,0,5.0,3,2,1,0,1,2.0,0,0,0
53,0,111111.0,0,54.3,2,1,2,1,1,4.0,1,0,1
68,1,120903.0,1,66.8,1,1,7,7,1,1.0,1,0,0
64,1,96481.0,1,32.9,1,1,4,3,1,3.0,0,0,0
34,0,88663.0,1,38.4,1,2,5,1,0,2.0,1,1,0
35,1,31190.0,1,46.2,2,2,4,4,0,1.0,0,1,0
42,0,30000.0,2,15.1,2,3,8,10,1,4.0,1,0,1
44,0,85405.0,2,82.4,3,0,13,9,0,4.0,1,1,0
42,1,92494.0,1,8.8,2,1,7,3,1,5.0,1,0,1
61,0,158030.0,2,58.7,3,1,10,10,0,2.0,1,1,0
56,0,132812.0,2,15.2,2,2,7,18,1,3.0,1,0,0
33,1,86595.0,1,18.6,2,3,3,8,1,1.0,1,0,0
34,0,55512.0,2,33.3,3,0,2,19,0,3.0,1,0,0
54,1,30000.0,1,47.6,2,3,7,9,1,5.0,0,0,0
67,0,109594.0,2,38.95,3,2,2,18,0,1.0,1,0,0
65,0,109194.0,0,9.9,2,2,2,1,1,4.0,1,0,1
28,0,90198.0,0,42.6,2,2,0,2,1,2.0,0,0,0
44,0,138068.0,1,41.150000000000006,2,1,0,2,1,5.0,0,0,0
63,1,30000.0,1,36.5,3,2,4,6,1,1.0,1,0,0
60,0,31022.0,2,31.9,2,1,8,3,1,3.0,1,0,0
58,1,81916.0,2,82.9,1,2,3,17,1,4.0,1,0,1
25,0,48589.0,2,60.3,2,1,5,4,0,4.0,1,1,0
67,1,48836.0,2,21.6,1,1,14,19,1,4.0,0,0,0
38,1,39544.0,1,92.2,1,0,5,3,1,1.0,1,0,0
38,1,30000.0,2,52.0,2,1,11,18,0,5.0,1,1,0
46,1,71119.0,1,43.0,1,2,4,5,1,5.0,0,0,0
31,1,48621.0,2,39.3,3,1,5,13,0,5.0,1,0,0
38,1,70485.0,1,89.0,2,2,3,6,0,5.0,0,1,0
52,0,129898.0,2,88.9,2,2,12,15,1,4.0,1,0,0
50,0,115880.0,1,22.4,1,2,5,1,1,1.0,0,0,0
59,0,44046.0,2,8.9,3,0,11,18,0,1.0,1,0,0
56,1,30103.0,2,22.4,2,3,12,13,1,3.0,0,0,0
65,1,100468.0,1,63.1,1,1,6,9,1,4.0,0,0,0
60,0,106419.0,0,43.2,2,2,1,0,1,2.0,0,0,0
27,1,100974.0,0,26.9,2,1,0,0,1,5.0,1,0,1
33,0,43954.0,2,57.4,4,1,2,17,0,1.0,0,0,0
51,1,58607.0,2,21.3,2,1,14,8,0,1.0,1,0,0
63,0,30000.0,2,11.8,1,1,10,8,1,2.0,1,0,0
67,1,66605.0,1,53.3,1,1,5,6,1,3.0,1,0,0
33,1,141983.0,2,24.8,1,0,2,7,1,5.0,0,0,0
34,1,30000.0,0,76.4,1,2,2,2,1,2.0,1,0,0
68,1,30000.0,1,30.1,1,2,1,8,1,2.0,0,0,0
66,1,93723.0,2,25.3,1,2,6,10,0,4.0,0,0,0
40,0,102251.0,2,40.3,1,2,2,12,0,2.0,0,0,0
48,1,54891.0,2,37.4,1,2,9,12,0,2.0,1,0,0
56,2,68466.0,2,5.0,2,2,12,6,0,4.0,1,0,1
69,1,111266.0,2,12.0,2,2,9,16,1,2.0,1,0,0
32,1,58658.0,1,45.8,2,2,3,6,1,1.0,1,0,0
45,1,97831.0,2,42.3,2,2,13,18,0,4.0,1,0,0
40,0,99103.0,1,5.1,1,0,0,4,0,4.0,1,1,1
25,0,30000.0,2,49.7,2,2,2,9,0,3.0,1,1,0
51,1,80820.0,0,20.2,2,2,0,0,1,2.0,1,0,0
62,0,142020.0,1,24.4,2,0,6,4,0,5.0,0,0,0
35,1,42895.0,0,64.1,1,1,2,2,1,4.0,1,0,0
47,0,71027.0,0,74.3,1,1,1,3,1,1.0,0,0,0
66,0,60855.0,1,84.8,1,2,6,9,1,2.0,0,0,0
43,1,159120.0,2,61.8,2,2,14,13,0,3.0,1,0,0
35,0,96749.0,1,21.0,3,2,6,8,1,4.0,1,0,0
25,1,62712.0,2,36.8,3,2,12,14,1,1.0,0,0,0
38,1,84906.0,2,27.3,3,2,10,14,1,5.0,1,0,1
56,1,120451.0,1,19.9,3,1,5,1,1,5.0,0,0,0
29,1,134307.0,2,40.8,1,2,9,3,0,4.0,0,1,0
31,1,30000.0,1,23.7,2,1,5,3,0,2.0,0,1,0
52,1,174000.0,1,35.8,1,2,2,6,1,5.0,1,0,1
55,1,93341.0,2,55.6,4,3,7,5,0,4.0,1,1,1
32,1,135660.0,0,28.0,2,2,1,1,1,3.0,0,0,0
52,1,135431.0,1,57.3,1,1,4,8,1,1.0,1,0,1
56,1,131391.0,2,39.5,2,1,12,19,0,3.0,1,1,0
45,1,77549.0,2,41.2,2,1,8,17,1,2.0,1,0,0
39,1,87699.0,2,12.2,2,2,11,3,0,3.0,1,0,0
42,1,95997.0,1,32.2,4,2,0,2,0,2.0,1,0,0
55,0,108457.0,1,6.2,1,1,0,8,0,1.0,0,1,0
50,0,108370.0,1,22.5,1,2,0,6,1,2.0,0,0,0
62,0,89666.0,1,18.6,1,2,7,3,1,5.0,1,0,1
35,1,92051.0,2,56.8,2,2,14,5,1,4.0,1,0,0
61,1,117441.0,2,57.1,2,2,7,10,0,4.0,1,1,1
57,1,125744.0,2,21.2,1,1,11,12,0,2.0,1,0,0
44,1,74087.0,1,81.9,3,2,6,8,0,3.0,0,1,0
43,1,60555.0,2,17.1,3,2,4,10,1,3.0,0,0,0
54,1,66971.0,1,15.4,2,0,1,8,1,1.0,1,0,0
61,0,144610.0,0,70.6,2,0,1,1,1,5.0,0,0,1
30,0,75367.0,1,5.0,1,3,1,9,1,2.0,0,0,0
60,1,91712.0,1,21.3,1,0,6,2,0,4.0,1,1,0
42,1,104589.0,1,26.5,1,2,3,6,1,4.0,1,0,1
44,0,84789.0,1,65.4,1,2,4,1,1,4.0,1,0,1
54,0,101735.0,0,24.4,3,1,1,3,1,4.0,1,0,0
63,1,85321.0,2,5.0,2,0,9,17,1,1.0,1,0,0
45,2,40127.0,2,33.0,3,1,3,9,1,1.0,1,0,0
53,1,92436.0,1,53.7,2,2,5,3,1,5.0,0,0,0
65,0,136801.0,2,69.4,2,2,14,10,0,3.0,1,0,1
65,1,81418.0,1,67.6,1,2,5,3,1,1.0,0,0,0
66,1,84578.0,0,54.4,3,3,1,0,1,4.0,0,0,0
25,1,43148.0,2,46.8,2,0,2,11,1,3.0,1,0,0
59,0,74529.0,1,47.0,2,0,5,6,1,3.0,0,0,0
61,0,59080.0,1,50.8,4,2,1,8,0,5.0,1,1,0
65,1,130303.0,1,32.6,4,2,6,1,0,1.0,1,2,0
44,0,89325.0,2,5.0,3,3,12,18,0,5.0,1,0,0
42,2,102455.0,1,74.2,1,2,6,2,1,1.0,1,0,0
48,0,59986.0,1,54.5,2,1,0,4,0,5.0,1,1,0
68,1,157522.0,2,60.4,2,3,3,14,0,3.0,1,1,0
66,0,55415.0,1,48.7,2,1,0,8,1,5.0,1,0,0
56,0,83622.0,2,36.0,3,2,6,9,1,3.0,0,0,0
63,1,95950.0,2,34.3,1,1,12,8,0,1.0,0,0,0
61,0,63536.0,2,23.6,4,2,11,6,1,4.0,0,0,0
40,1,52860.0,2,78.4,2,2,12,3,1,1.0,0,0,0
38,1,66224.0,1,5.0,1,2,3,6,1,1.0,0,0,0
64,0,88201.0,2,32.5,1,2,2,17,1,3.0,1,0,0
52,1,77963.0,1,5.0,3,2,1,8,1,2.0,0,0,0
27,0,91235.0,2,26.7,2,1,10,5,0,4.0,0,2,0
30,0,69964.0,1,32.7,2,2,0,2,0,4.0,1,2,0
26,0,78059.0,2,31.8,2,1,6,12,1,3.0,0,0,0
60,1,55192.0,2,39.2,2,0,13,19,0,1.0,1,0,0
25,0,67158.0,2,52.2,1,1,7,17,0,5.0,0,0,0
68,0,93321.0,2,62.5,1,1,3,17,0,3.0,0,0,0
64,0,30000.0,2,67.9,3,3,6,12,0,3.0,1,0,0
26,1,70759.0,0,57.6,2,1,0,1,1,4.0,1,0,0
29,1,62943.0,2,29.0,1,2,4,15,0,3.0,1,0,0
34,1,50288.0,2,12.3,2,1,2,7,0,5.0,1,1,0
68,0,141769.0,2,19.3,1,3,9,19,0,5.0,1,0,1
59,2,77215.0,1,12.4,2,2,0,1,1,2.0,1,0,0
35,0,115096.0,1,28.6,2,2,0,8,1,3.0,0,0,0
52,1,135703.0,1,28.3,3,1,4,3,0,2.0,0,1,0
44,1,99453.0,2,57.4,1,2,7,15,1,4.0,1,0,0
32,0,90506.0,2,5.0,1,1,9,3,0,1.0,1,0,0
34,0,102779.0,2,21.6,2,3,5,6,0,5.0,1,0,1
31,1,88132.0,2,20.6,2,2,9,14,0,5.0,0,0,0
52,0,132161.0,1,54.9,2,0,2,7,1,5.0,0,0,0
35,0,70905.0,1,89.8,1,1,0,1,1,5.0,1,0,0
41,0,66496.0,0,35.4,3,2,2,3,1,4.0,1,0,0
37,1,56914.0,2,27.2,1,2,5,4,0,3.0,1,0,1
26,2,131945.0,2,41.2,2,2,2,3,0,1.0,0,2,0
53,1,168878.0,2,5.0,2,3,7,3,1,3.0,1,0,1
26,0,75448.0,2,104.1,1,2,12,8,0,5.0,0,0,0
69,1,106272.0,2,23.1,1,2,7,12,0,3.0,0,1,0
26,0,130540.0,2,26.8,3,2,4,13,1,5.0,0,0,0
68,0,119981.0,2,46.7,2,2,5,11,1,1.0,1,0,0
69,1,46087.0,0,61.9,1,0,1,0,1,4.0,0,0,0
69,0,121789.0,2,51.2,1,2,8,6,1,2.0,0,0,0
63,0,31559.0,2,23.1,2,3,12,6,0,3.0,0,0,0
28,1,111282.0,2,67.9,2,0,14,6,0,5.0,1,1,0
58,0,82725.0,2,5.0,1,0,6,17,0,1.0,0,0,0
50,1,84906.0,2,5.0,3,1,12,12,1,5.0,0,0,0
65,1,87606.0,2,46.5,3,2,3,16,0,2.0,1,0,0
69,0,42515.0,0,60.9,3,2,2,3,1,5.0,0,0,0
62,0,58683.0,1,29.1,1,0,6,2,1,1.0,1,0,0
63,1,139945.0,0,24.5,1,2,2,2,1,4.0,0,0,0
34,1,30000.0,0,11.2,1,1,1,0,1,3.0,0,0,0
57,1,56825.0,2,43.9,2,2,14,15,1,1.0,1,0,0
60,1,60417.0,2,40.4,2,2,5,6,0,4.0,1,1,0
62,1,69910.0,2,76.2,1,2,8,12,0,5.0,0,0,0
39,0,146966.0,1,64.9,3,0,3,3,0,3.0,1,1,1
56,1,45087.0,2,64.8,1,1,13,18,0,3.0,0,0,0
66,1,92880.0,2,17.1,1,1,2,19,0,3.0,1,0,1
57,1,84510.0,2,68.9,2,1,7,3,0,5.0,1,0,0
57,0,156980.0,0,21.0,1,0,1,2,1,2.0,1,0,0
55,1,113141.0,2,81.8,2,3,11,12,0,4.0,0,1,0
39,1,111714.0,1,54.4,2,2,5,7,0,5.0,0,1,0
36,1,149673.0,0,8.8,2,2,2,2,1,5.0,0,0,0
48,1,77269.0,2,53.7,1,2,5,9,0,3.0,0,1,0
26,1,60604.0,1,38.0,2,2,3,4,1,4.0,0,0,0
43,1,83066.0,2,51.4,1,1,11,15,1,4.0,0,0,0
37,1,123397.0,2,72.9,1,1,7,18,1,3.0,1,0,0
63,1,91189.0,1,12.7,1,1,1,5,1,2.0,1,0,0
34,1,122473.0,0,46.2,2,1,0,2,1,2.0,0,0,0
54,1,146935.0,1,32.4,2,2,6,8,1,3.0,1,0,0
41,0,88995.0,2,30.3,4,2,12,15,1,3.0,0,0,0
64,0,120748.0,2,34.0,3,0,2,7,1,3.0,1,0,1
25,0,104573.0,1,10.5,1,2,3,5,1,3.0,0,0,0
64,0,102678.0,2,5.0,2,2,12,12,1,3.0,0,0,0
46,0,101981.0,2,68.5,4,1,2,18,1,2.0,1,0,0
26,1,101130.0,2,17.7,2,2,2,8,1,3.0,1,0,0
43,1,55109.0,1,76.8,1,1,3,3,1,5.0,1,0,0
64,1,117350.0,2,44.4,2,2,11,4,0,4.0,1,1,1
35,0,84962.0,1,36.9,1,1,1,6,1,4.0,1,0,0
52,1,149841.0,0,74.0,2,3,2,3,1,4.0,0,0,0
64,1,41477.0,2,17.6,1,0,11,3,1,1.0,0,0,0
60,0,75790.0,2,53.3,2,3,6,7,0,2.0,1,0,0
40,1,123035.0,2,37.6,1,1,5,4,0,3.0,1,1,1
65,1,116025.0,1,20.1,2,2,3,9,1,2.0,0,0,0
44,1,30000.0,2,33.2,1,1,8,15,0,5.0,1,1,0
51,1,67598.0,1,36.3,1,1,1,8,1,5.0,1,0,0
31,1,84287.0,1,56.7,2,2,1,5,1,1.0,0,0,0
34,0,40963.0,0,37.1,4,0,1,2,1,5.0,1,0,1
38,1,30000.0,2,49.2,3,2,11,9,1,1.0,0,0,0
38,0,58810.0,1,21.9,2,1,5,6,1,4.0,1,0,0
38,0,149716.0,2,44.6,2,3,11,18,0,3.0,1,0,1
60,1,53114.0,1,15.8,1,2,1,8,0,4.0,1,0,0
56,2,128626.0,2,82.1,1,0,5,16,1,1.0,0,0,0
29,0,93478.0,1,42.8,1,1,7,7,1,1.0,1,0,0
60,1,73577.0,1,45.9,1,1,5,7,1,3.0,0,0,0
60,0,67470.0,2,58.5,2,2,10,16,1,4.0,1,0,0
43,0,72454.0,1,67.7,1,0,1,4,1,1.0,1,0,0
27,0,150632.0,0,16.6,1,1,1,3,1,4.0,0,0,0
39,0,120863.0,1,82.9,1,1,1,1,1,3.0,1,0,1
25,1,95523.0,1,9.2,2,2,0,6,1,5.0,1,0,0
50,1,130275.0,1,81.2,2,2,5,4,0,3.0,0,1,0
34,1,65331.0,2,63.3,2,1,9,11,0,1.0,1,0,0
59,0,30000.0,2,35.8,1,2,13,8,0,4.0,0,1,0
50,1,94363.0,2,62.6,1,2,6,9,0,3.0,0,0,0
34,0,116204.0,1,26.2,2,0,6,6,1,5.0,0,0,1
59,1,30000.0,2,72.1,2,0,5,3,1,2.0,1,0,0
63,2,126983.0,0,5.2,2,1,0,2,1,5.0,1,0,1
50,0,113668.0,2,15.1,1,2,4,15,1,4.0,0,0,0
35,1,140855.0,0,32.1,2,2,0,1,1,1.0,1,0,0
61,0,67111.0,0,35.1,2,2,2,2,1,5.0,1,0,1
50,0,138950.0,2,54.1,1,2,2,8,0,1.0,0,1,0
36,0,81382.0,0,38.349999999999994,2,3,2,0,1,3.0,1,0,0
47,1,152552.0,0,5.0,1,2,1,1,1,1.0,0,0,0
54,1,72147.0,2,45.0,2,1,5,14,0,3.0,0,0,0
51,0,81007.0,2,74.0,3,0,7,7,1,1.0,1,0,0
61,0,30000.0,1,82.3,1,2,0,3,1,1.0,1,0,0
27,1,83175.0,2,20.2,1,1,8,8,1,3.0,0,0,0
58,1,84949.0,1,5.0,1,1,4,5,1,4.0,0,0,0
52,2,94888.0,1,23.9,1,3,4,1,1,4.0,0,0,0
45,0,95917.0,1,29.1,1,2,2,1,1,3.0,1,0,0
26,0,37445.0,2,53.0,4,2,9,17,0,4.0,1,0,0
59,0,77781.0,1,58.2,1,2,5,2,1,2.0,1,0,0
44,1,103724.0,2,7.0,1,2,2,9,0,3.0,0,0,0
33,1,119534.0,2,36.3,2,1,13,8,1,3.0,1,0,1
36,0,30000.0,2,37.5,2,2,4,16,0,5.0,1,0,1
41,0,86836.0,1,36.5,1,2,6,5,1,5.0,0,0,0
60,1,47412.0,1,25.4,2,2,4,9,1,2.0,1,0,0
46,1,105580.0,1,38.8,3,2,0,3,1,1.0,0,0,0
36,0,108462.0,1,54.1,2,1,5,3,1,4.0,1,0,0
25,1,59461.0,1,87.5,1,1,0,3,1,5.0,1,0,1
38,0,66535.0,1,8.8,3,2,2,4,0,1.0,1,1,0
30,1,51655.0,2,30.1,2,2,10,10,0,2.0,0,0,0
43,1,107384.0,0,29.0,3,2,2,2,1,4.0,0,0,0
67,0,114031.0,2,32.5,1,2,6,16,0,3.0,1,0,1
36,0,88644.0,2,5.0,1,2,10,4,0,4.0,1,0,0
56,0,77379.0,1,41.2,2,1,1,5,0,4.0,0,1,0
68,1,148894.0,1,104.8,3,1,6,3,1,4.0,1,0,0
31,0,112725.0,2,47.3,1,2,9,18,1,2.0,1,0,0
63,0,106933.0,1,52.2,1,0,4,4,1,5.0,0,0,0
46,0,86153.0,0,5.0,1,2,0,2,1,1.0,1,0,0
33,1,110473.0,1,53.7,1,2,6,1,1,3.0,1,0,1
45,0,35176.0,2,47.0,2,2,4,10,0,3.0,0,0,0
53,1,89564.0,2,8.5,1,2,7,17,0,1.0,1,0,0
29,0,65800.0,1,66.9,3,2,7,7,0,2.0,1,1,0
57,0,120156.0,1,48.1,3,2,7,1,1,2.0,1,0,0
61,1,54247.0,1,28.6,2,2,0,8,1,1.0,0,0,0
38,1,101369.0,1,57.2,1,2,2,1,1,1.0,1,0,0
46,0,30000.0,0,23.4,1,0,2,2,1,5.0,1,0,0
55,1,62769.0,2,5.0,1,1,5,18,1,4.0,0,0,0
50,0,93303.0,0,106.0,1,1,0,1,0,2.0,1,2,0
45,0,43153.0,1,58.7,1,0,7,6,1,3.0,0,0,0
52,0,123303.0,0,41.7,3,3,1,1,1,4.0,0,0,1
36,1,103161.0,2,71.3,3,0,7,16,0,2.0,1,1,0
60,0,99032.0,0,67.7,3,2,2,2,1,2.0,1,0,0
60,0,70897.0,1,37.4,2,1,5,2,1,2.0,1,0,0
51,0,94670.0,2,14.4,2,3,2,6,1,5.0,0,0,0
33,0,30000.0,0,5.0,1,0,1,0,1,1.0,0,0,0
40,0,120446.0,2,87.4,2,2,12,10,0,2.0,1,0,0
50,1,79736.0,1,43.4,2,3,1,3,0,5.0,0,1,0
39,0,99297.0,2,53.0,4,2,3,10,1,2.0,0,0,0
35,0,140698.0,2,5.4,2,2,13,16,0,2.0,1,0,0
48,0,60984.0,2,56.6,3,1,8,15,0,3.0,0,0,0
29,2,106516.0,1,39.7,3,2,0,4,0,3.0,1,1,0
30,1,138598.0,2,23.1,2,2,13,13,0,5.0,0,0,0
41,1,48214.0,2,20.6,1,3,4,12,1,3.0,0,0,0
55,1,80042.0,1,7.2,2,2,0,1,0,1.0,1,2,0
56,1,32273.0,1,55.7,1,2,2,5,1,5.0,1,0,1
34,0,146184.0,2,84.1,1,1,9,18,1,2.0,1,0,0
59,0,94338.0,2,47.9,2,2,3,16,0,3.0,0,0,0
60,1,79868.0,2,65.5,2,3,7,9,1,1.0,0,0,0
47,0,121802.0,0,25.3,3,2,0,2,1,4.0,0,0,1
60,0,90173.0,1,53.5,1,0,1,8,1,3.0,1,0,0
28,0,79472.0,1,56.0,1,2,5,9,1,4.0,1,0,1
64,1,78998.0,0,38.0,2,1,1,1,1,3.0,1,0,1
55,0,92259.0,0,29.8,1,1,1,1,0,2.0,1,1,0
47,0,90912.0,2,20.7,2,0,5,14,0,3.0,1,0,0
63,1,109001.0,2,31.4,1,0,4,8,1,1.0,1,0,0
34,1,37082.0,2,38.8,1,2,6,19,1,3.0,0,0,0
27,1,105917.0,1,30.0,3,0,7,6,1,4.0,1,0,0
40,1,43739.0,1,50.2,1,1,6,4,1,1.0,1,0,0
33,1,131655.0,0,52.8,1,1,2,3,1,5.0,1,0,1
67,0,77147.0,2,71.3,2,2,12,6,0,2.0,1,0,0
39,0,50626.0,1,55.9,1,1,4,6,1,2.0,1,0,0
62,0,114166.0,1,74.3,3,2,3,7,1,3.0,1,0,0
26,0,136151.0,2,41.5,2,2,13,6,0,5.0,0,0,0
68,0,112979.0,1,16.9,1,1,6,6,1,3.0,0,0,0
69,1,116449.0,2,5.0,1,2,11,13,0,2.0,0,0,0
42,1,84225.0,2,21.2,1,0,6,17,1,5.0,0,0,0
67,2,69401.0,1,37.0,1,3,0,2,1,3.0,1,0,0
46,0,58767.0,2,39.7,2,3,3,4,0,2.0,0,1,0
46,0,99283.0,0,49.4,2,3,2,1,1,5.0,1,0,0
53,0,93598.0,2,69.8,1,3,7,14,0,3.0,1,1,0
31,1,113219.0,2,30.7,1,2,11,18,1,3.0,1,0,0
45,0,101844.0,0,67.3,1,1,1,2,1,2.0,0,0,0
69,0,45268.0,2,42.2,2,2,6,17,0,1.0,1,0,0
25,1,74234.0,2,20.0,3,1,2,9,0,2.0,1,0,0
45,1,116370.0,1,23.3,1,2,0,1,1,3.0,1,0,0
61,1,105032.0,2,16.9,1,2,13,17,0,4.0,0,0,0
44,1,83485.0,2,76.4,1,2,12,12,0,5.0,1,1,0
47,0,87722.0,2,5.0,1,3,5,6,1,3.0,1,0,0
46,1,85514.0,1,81.1,1,1,6,7,1,2.0,1,0,0
25,0,103694.0,1,59.9,2,2,6,1,1,3.0,0,0,0
29,0,129157.0,2,67.0,2,3,3,3,0,4.0,0,1,0
54,0,126575.0,2,31.5,1,2,4,5,1,4.0,1,0,1
41,1,124357.0,2,28.9,2,0,8,8,1,2.0,1,0,0
32,1,56881.0,0,34.4,2,2,1,2,1,4.0,0,0,0
34,0,117488.0,1,34.9,1,2,3,3,1,4.0,0,0,0
66,1,92384.0,1,72.7,1,1,7,6,1,5.0,0,0,0
69,1,40122.0,0,37.8,2,0,0,1,1,1.0,0,0,0
42,0,84287.0,0,34.3,2,2,2,2,1,1.0,1,0,0
57,0,89327.0,2,50.5,2,0,11,18,0,3.0,1,0,0
45,0,39678.0,2,66.0,4,2,12,11,0,1.0,0,1,0
29,1,34315.0,1,79.5,2,2,0,9,1,3.0,1,0,0
27,2,30000.0,2,24.9,1,1,12,9,0,3.0,1,0,1
25,1,64187.0,2,36.8,2,2,11,14,0,3.0,1,0,0
44,1,87682.0,2,27.4,1,0,4,9,1,3.0,1,0,0
62,0,88278.0,2,16.2,2,1,6,14,0,4.0,1,0,1
56,1,60389.0,2,30.1,1,2,12,15,1,1.0,0,0,0
52,1,65080.0,2,30.8,2,1,9,14,1,3.0,0,0,0
66,1,174000.0,0,98.3,3,1,0,2,0,4.0,1,2,0
37,1,149878.0,1,39.4,2,2,5,7,1,5.0,0,0,0
61,0,101392.0,1,32.4,1,2,3,1,1,1.0,1,0,0
53,1,30000.0,2,50.5,1,2,10,5,0,5.0,1,1,0
53,1,76347.0,2,40.8,4,3,2,3,0,2.0,0,0,0
40,1,53837.0,1,47.0,2,2,5,3,0,3.0,0,1,0
27,1,61716.0,0,38.4,2,0,1,2,1,5.0,0,0,0
65,1,149075.0,2,83.9,2,1,7,12,0,3.0,1,0,0
61,0,95938.0,2,66.3,1,2,7,17,0,2.0,1,0,0
57,1,33662.0,1,67.6,2,2,2,6,0,1.0,1,2,0
63,1,77575.0,2,35.4,2,2,13,13,1,5.0,1,0,1
41,0,114071.0,2,59.2,2,3,9,17,0,2.0,1,0,0
25,1,84906.0,2,45.1,3,1,14,13,1,5.0,1,0,1
32,1,96544.0,1,57.8,2,2,4,5,1,5.0,1,0,1
33,0,95918.0,2,69.0,3,1,6,12,0,5.0,1,1,0
62,1,61989.0,0,8.1,3,2,1,1,1,4.0,0,0,0
52,1,117246.0,2,33.9,1,1,14,17,0,2.0,1,0,0
41,1,88364.0,2,46.9,1,1,6,13,1,2.0,0,0,0
60,0,147298.0,0,60.1,2,0,0,2,1,3.0,1,0,0
58,0,108500.0,1,49.5,4,2,4,9,1,4.0,1,0,0
36,1,77795.0,1,41.3,1,1,6,5,1,3.0,1,0,0
55,1,67597.0,2,74.9,2,2,9,3,0,1.0,1,1,0
32,1,113842.0,1,66.1,1,3,3,7,1,1.0,1,0,0
53,0,74891.0,1,73.5,1,1,3,7,1,5.0,0,0,0
48,1,88071.0,2,27.0,2,1,13,11,0,3.0,0,0,0
63,0,54068.0,1,57.9,2,2,5,3,1,4.0,1,0,0
27,1,122105.0,1,41.2,4,3,3,1,1,1.0,1,0,0
62,0,30000.0,1,80.7,3,1,1,8,1,3.0,0,0,0
37,1,67966.0,0,30.1,1,1,0,1,1,5.0,1,0,0
64,0,30000.0,1,12.3,3,2,3,6,1,2.0,1,0,0
26,0,172928.0,1,5.0,3,3,3,4,1,3.0,1,0,0
36,0,30000.0,1,10.9,1,2,7,5,1,4.0,1,0,0
25,1,102773.0,2,47.5,1,1,14,7,0,1.0,0,0,0
34,1,80477.0,2,5.0,4,2,12,11,0,1.0,1,0,0
43,1,110494.0,1,32.0,2,0,5,1,1,1.0,0,0,0
53,1,73168.0,1,46.6,2,0,6,8,1,3.0,0,0,0
66,1,112725.0,1,13.9,2,3,5,1,1,3.0,1,0,1
25,1,62402.0,0,28.7,1,1,2,0,1,3.0,1,0,0
35,0,59025.0,0,60.7,1,1,0,1,1,2.0,0,0,0
66,0,30000.0,1,36.1,2,2,2,3,1,3.0,1,0,0
39,1,80294.0,0,93.6,1,1,0,3,1,3.0,1,0,0
35,2,96167.0,2,32.3,2,2,10,10,0,3.0,1,0,0
46,1,47352.0,2,39.7,2,1,6,3,0,3.0,0,0,0
55,0,67276.0,0,44.0,1,2,1,3,1,2.0,1,0,1
30,0,86153.0,2,57.0,2,3,4,7,0,2.0,1,0,0
58,1,125619.0,1,8.5,1,1,6,9,0,2.0,0,0,0
32,1,55408.0,1,50.3,1,3,6,4,1,3.0,1,0,0
26,1,68471.0,2,5.0,3,2,10,6,0,5.0,1,0,1
66,1,54475.0,1,77.4,2,1,4,5,1,2.0,1,0,0
52,0,30000.0,0,46.8,2,1,0,3,1,3.0,1,0,0
41,1,143737.0,2,85.7,1,1,6,19,1,2.0,0,0,0
68,0,114972.0,1,52.1,1,2,0,3,1,5.0,0,0,0
32,0,66709.0,1,46.6,1,0,0,6,1,2.0,0,0,0
28,0,67541.0,2,26.2,3,2,9,17,0,4.0,1,0,1
57,1,45754.0,1,54.4,1,0,0,2,1,2.0,0,0,0
44,0,46004.0,2,64.8,4,2,8,9,0,1.0,1,0,0
65,0,76193.0,0,41.0,1,2,1,0,1,4.0,0,1,0
68,1,58878.0,1,37.7,2,1,4,8,0,4.0,1,1,0
33,1,30000.0,1,48.8,1,1,4,2,1,5.0,0,0,0
30,0,90617.0,1,46.7,1,1,4,5,1,2.0,0,0,0
65,0,63044.0,2,16.7,3,3,7,12,0,2.0,1,1,0
62,1,75797.0,1,56.6,1,0,1,3,1,2.0,0,1,0
32,1,79401.0,2,15.8,2,2,12,4,1,1.0,0,0,0
28,1,79660.0,0,18.9,1,1,2,3,1,3.0,1,0,0
44,2,63443.0,2,52.2,2,1,7,13,1,5.0,1,0,0
34,0,82106.0,2,5.0,2,1,12,19,1,4.0,1,0,0
41,0,57641.0,1,24.1,4,1,6,2,1,4.0,0,0,0
45,1,30287.0,2,50.9,3,1,3,16,1,2.0,1,0,0
42,1,68207.0,0,27.7,2,2,0,0,1,4.0,0,0,0
61,1,37392.0,2,58.9,1,1,4,12,1,3.0,1,0,0
45,1,89148.0,2,50.7,1,2,8,12,0,5.0,1,0,0
61,0,70332.0,1,39.1,2,0,1,6,1,2.0,0,0,0
50,1,30000.0,2,52.5,3,1,4,19,0,4.0,0,0,0
66,1,30000.0,2,85.6,1,0,10,18,0,2.0,0,2,0
31,1,106643.0,1,47.5,4,2,4,5,1,1.0,1,0,0
25,1,76013.0,1,69.0,2,1,6,8,1,2.0,1,0,0
41,1,52905.0,2,43.8,2,2,10,6,0,2.0,0,1,0
63,1,60440.0,2,16.5,2,2,6,5,0,3.0,1,0,0
44,0,35425.0,0,17.4,3,1,1,1,1,5.0,0,0,0
47,1,59330.0,2,64.6,3,0,13,6,0,1.0,0,1,0
42,1,77044.0,0,13.4,1,3,1,1,1,4.0,0,0,0
30,0,111630.0,0,29.1,4,0,1,3,1,4.0,0,0,0
26,0,77181.0,2,50.9,3,1,4,11,1,1.0,0,0,0
38,0,97655.0,0,13.5,2,1,0,1,1,2.0,1,0,0
29,1,30000.0,2,64.4,1,1,14,13,1,3.0,1,0,0
50,1,102330.0,1,76.6,1,2,4,2,1,4.0,0,0,0
68,1,82806.0,2,40.3,1,2,12,19,0,1.0,1,0,0
35,2,87377.0,2,50.3,3,2,5,4,0,1.0,0,0,0
36,1,66170.0,2,57.2,3,0,5,16,0,3.0,0,0,0
50,1,85041.0,0,30.1,3,2,2,1,1,4.0,1,0,1
40,1,70170.0,2,65.4,3,1,11,12,0,4.0,0,0,0
50,0,63241.0,2,5.0,1,2,12,16,0,2.0,1,0,0
41,1,134239.0,0,63.2,2,2,2,2,1,2.0,1,0,0
68,2,110403.0,0,64.3,1,2,1,2,1,2.0,1,0,0
56,0,59468.0,0,46.3,3,2,0,0,1,3.0,0,0,0
48,1,30000.0,0,55.6,1,1,2,3,1,4.0,1,0,0
63,1,59412.0,1,24.6,1,3,5,7,1,4.0,0,0,0
32,0,121024.0,2,55.8,1,2,13,15,1,2.0,1,0,0
63,1,111564.0,2,47.1,1,3,7,15,0,2.0,0,0,0
56,1,109318.0,2,35.1,1,0,13,16,0,2.0,0,0,0
45,0,30000.0,2,65.1,1,2,11,16,0,4.0,0,0,0
64,0,109557.0,2,5.1,3,1,10,14,0,5.0,1,0,1
33,1,81483.0,2,5.0,1,2,10,18,0,5.0,1,0,1
36,1,91631.0,2,44.1,4,1,9,18,0,4.0,0,0,0
41,0,118831.0,2,41.2,1,0,13,13,0,2.0,1,0,0
35,0,30000.0,1,54.9,1,1,3,7,1,2.0,1,0,0
43,0,30000.0,2,21.1,1,1,8,15,1,4.0,0,0,0
40,2,139605.0,1,16.2,1,1,4,8,1,2.0,0,0,0
31,2,98141.0,1,16.4,1,1,7,7,1,4.0,0,0,1
27,1,58135.0,1,55.9,2,2,1,6,1,4.0,0,0,0
56,0,90471.0,2,42.3,3,2,11,11,0,5.0,1,0,1
32,1,115181.0,2,38.4,1,3,6,9,0,3.0,0,0,0
28,0,85616.0,0,40.4,1,1,0,2,1,4.0,0,0,0
56,0,67327.0,0,8.4,2,0,2,0,1,4.0,1,0,0
46,0,57581.0,1,78.9,3,0,4,1,0,1.0,1,1,0
35,1,84046.0,2,28.1,2,2,2,12,0,2.0,1,1,0
58,1,78507.0,1,24.5,1,1,1,7,1,5.0,1,0,0
43,0,70647.0,2,62.3,2,1,11,7,1,3.0,0,0,0
47,0,57187.0,2,9.7,4,3,11,16,1,1.0,0,0,0
38,0,83225.0,2,40.9,2,0,8,3,1,4.0,0,0,0
48,0,73500.0,2,39.0,2,1,11,6,0,2.0,0,0,0
58,0,109963.0,1,39.3,2,2,0,6,1,5.0,0,0,0
50,1,84421.0,2,61.8,1,1,8,7,0,1.0,1,0,0
54,1,157750.0,0,97.8,2,2,1,0,1,4.0,0,0,1
36,0,84463.0,2,54.8,1,1,13,16,0,1.0,1,0,0
35,0,119321.0,1,53.5,2,0,7,9,1,2.0,0,0,0
52,0,30000.0,1,77.7,2,2,1,6,1,4.0,0,0,0
44,1,174000.0,1,49.3,2,2,1,9,1,1.0,1,0,0
55,0,114120.0,2,17.9,3,1,11,17,1,4.0,1,0,1
62,0,113542.0,1,17.5,4,0,5,1,1,4.0,1,0,1
58,0,110361.0,1,38.7,2,1,5,5,1,4.0,1,0,1
42,1,107494.0,1,26.0,4,2,0,2,1,5.0,1,0,0
48,1,91799.0,1,22.6,1,0,3,7,1,3.0,1,0,0
52,0,124755.0,0,22.0,1,2,2,1,1,3.0,1,0,1
42,1,121100.0,2,25.2,2,2,10,17,0,3.0,1,0,0
37,0,30000.0,2,15.6,1,2,5,7,0,2.0,1,1,0
46,1,40843.0,0,45.1,2,2,2,1,1,2.0,1,0,0
35,0,101927.0,2,40.4,2,2,13,16,1,5.0,0,0,0
25,0,96537.0,1,64.7,2,3,1,8,1,2.0,0,0,0
42,0,56375.0,2,45.1,2,3,11,5,1,3.0,0,0,0
37,0,52285.0,1,18.0,3,1,2,8,0,5.0,1,1,0
59,0,115537.0,2,61.2,4,1,6,3,0,1.0,1,1,0
30,2,42949.0,2,40.9,1,1,13,19,0,2.0,0,0,0
33,1,160441.0,2,15.1,2,2,8,7,0,2.0,1,0,0
52,0,110375.0,2,22.3,1,0,10,15,1,3.0,0,0,0
69,1,107469.0,1,55.1,1,2,3,1,1,2.0,1,0,0
52,1,102695.0,2,37.3,1,1,13,17,1,3.0,0,0,0
69,0,92864.0,0,53.4,2,1,1,1,1,4.0,0,0,0
63,0,79551.0,2,19.0,1,3,9,5,0,3.0,1,1,0
61,0,125102.0,2,58.4,1,1,7,15,1,3.0,1,0,0
33,1,137076.0,2,13.5,2,1,13,5,0,4.0,1,0,0
29,1,90031.0,2,64.7,1,2,13,19,0,4.0,1,0,1
65,1,98224.0,2,37.7,1,1,12,11,1,3.0,0,0,0
57,1,123593.0,0,74.9,3,0,1,3,1,5.0,1,0,1
38,0,52798.0,1,30.7,1,2,0,1,1,1.0,1,0,0
62,1,70536.0,1,55.1,2,1,2,2,1,2.0,0,0,0
29,0,70867.0,2,78.1,1,0,12,6,1,5.0,1,0,0
63,1,71841.0,1,49.7,1,2,2,7,1,1.0,0,0,0
57,0,174000.0,2,35.7,2,2,10,18,0,5.0,1,0,1
27,1,94611.0,2,54.4,3,3,6,15,0,3.0,1,1,0
42,1,47787.0,2,19.1,1,2,7,3,1,1.0,1,0,0
62,0,102998.0,0,44.1,1,1,2,0,1,5.0,0,0,0
63,0,128146.0,2,5.8,2,2,3,12,1,5.0,1,0,1
56,1,49115.0,2,58.1,2,0,7,14,1,3.0,1,0,0
59,1,100779.0,2,52.6,4,1,4,6,0,2.0,0,1,0
62,1,76372.0,2,33.1,1,2,13,4,1,2.0,0,0,0
52,1,174000.0,2,18.2,2,2,11,9,0,4.0,0,0,0
58,0,110350.0,1,16.9,1,2,0,9,1,5.0,0,0,0
46,0,81050.0,1,78.0,2,2,7,5,1,1.0,1,0,0
55,0,64984.0,2,47.1,1,1,7,17,1,1.0,1,0,0
56,0,84934.0,1,38.8,2,1,1,8,0,4.0,1,0,1
36,1,110156.0,2,24.8,1,2,7,12,0,5.0,0,0,0
49,0,124256.0,2,36.8,1,3,13,15,0,5.0,1,0,1
56,0,68384.0,0,40.1,1,0,1,2,1,1.0,0,0,0
35,1,84758.0,1,73.8,1,2,0,4,1,2.0,1,0,0
67,1,50578.0,2,92.0,1,1,13,4,1,3.0,0,0,0
38,1,98710.0,1,37.2,2,2,3,4,1,1.0,0,0,0
54,0,68435.0,2,54.7,1,1,8,18,0,4.0,0,0,0
52,0,125649.0,1,5.0,3,1,3,7,1,4.0,0,0,0
44,1,77242.0,1,49.9,2,1,2,7,1,1.0,1,0,0
32,0,90633.0,2,45.1,3,2,7,3,1,5.0,0,0,0
34,1,81439.0,2,27.1,3,3,5,5,0,3.0,0,0,0
41,1,94082.0,2,65.1,1,0,9,15,0,5.0,1,0,1
54,0,84287.0,2,21.9,2,0,7,10,0,4.0,1,0,0
67,1,65298.0,2,38.95,2,3,5,15,0,2.0,1,0,0
37,0,43381.0,2,91.7,2,1,6,3,0,3.0,0,1,0
50,1,97366.0,0,54.1,3,1,0,0,1,4.0,0,1,0
25,1,130667.0,2,56.6,4,0,4,12,0,2.0,1,1,0
25,0,60499.0,2,43.5,2,0,8,6,1,2.0,0,0,0
68,1,99139.0,0,17.4,2,1,1,1,1,2.0,0,0,0
29,1,72466.0,1,28.3,4,0,6,2,1,5.0,0,0,0
34,1,96709.0,1,28.8,2,2,7,5,1,1.0,1,0,0
31,0,87357.0,2,43.7,3,0,10,19,1,2.0,1,0,0
26,1,57740.0,2,28.6,2,1,5,4,0,2.0,0,1,0
66,0,108709.0,0,71.2,4,2,1,3,0,2.0,1,1,0
64,0,57701.0,2,40.8,2,1,9,12,1,5.0,0,0,0
33,1,55079.0,2,32.5,1,2,8,6,1,1.0,1,0,0
68,0,124405.0,1,43.3,3,0,7,8,0,2.0,1,0,0
43,1,123366.0,1,46.9,2,2,5,3,1,4.0,0,0,0
54,2,39185.0,2,36.9,3,2,13,12,1,4.0,0,0,0
41,1,88212.0,1,30.2,2,1,4,3,1,2.0,1,0,0
40,0,126391.0,2,56.1,1,1,11,4,0,1.0,1,0,0
47,0,121860.0,2,98.5,3,1,14,13,1,3.0,0,0,0
65,0,138353.0,1,5.0,2,2,5,4,1,4.0,1,0,0
38,0,133981.0,2,87.0,2,1,9,9,1,5.0,1,0,1
69,1,72919.0,2,5.0,1,2,7,9,0,5.0,0,0,0
67,0,30000.0,2,5.0,1,2,7,18,1,5.0,1,0,1
63,1,56459.0,0,79.0,1,0,1,1,1,3.0,1,0,0
29,0,73397.0,2,37.3,2,1,8,14,0,4.0,1,0,1
28,0,59607.0,1,78.6,1,3,5,8,1,4.0,1,0,0
32,1,30000.0,0,67.6,4,2,2,2,1,4.0,1,0,0
60,1,100584.0,2,25.6,2,2,10,9,0,2.0,1,0,1
39,2,78677.0,2,18.8,3,1,10,6,0,4.0,1,0,1
36,1,91993.0,2,12.1,1,3,8,19,1,5.0,1,0,1
35,0,67330.0,2,19.7,3,1,14,10,0,5.0,0,1,0
36,0,78581.0,1,40.9,1,1,0,1,1,1.0,1,0,0
63,1,114825.0,1,8.6,2,3,1,9,1,4.0,0,0,0
53,0,113380.0,0,84.1,2,2,0,1,1,5.0,0,0,0
65,0,57112.0,1,45.4,4,2,2,8,0,1.0,0,1,0
67,0,76959.0,1,5.0,2,1,5,9,1,4.0,1,0,0
30,0,122374.0,1,32.3,1,2,6,3,1,4.0,1,0,0
37,0,70180.0,2,34.1,2,2,3,10,0,3.0,1,0,0
62,0,42589.0,1,50.1,1,2,2,6,1,2.0,0,0,0
69,1,57632.0,0,48.2,2,1,1,2,1,1.0,0,0,0
29,0,77360.0,2,70.6,1,3,11,12,0,2.0,1,1,0
62,0,121797.0,0,90.8,3,1,0,0,1,1.0,0,0,0
38,0,122748.0,1,43.2,1,0,5,9,1,5.0,1,0,1
44,0,113290.0,2,9.4,2,2,14,5,1,5.0,1,0,1
56,1,68003.0,2,72.9,1,2,3,8,1,2.0,0,0,0
32,0,138473.0,1,5.0,2,1,6,9,1,5.0,1,0,0
46,1,86840.0,2,68.0,3,2,14,7,1,4.0,1,0,0
44,1,30000.0,1,80.3,2,1,0,6,1,3.0,0,0,0
44,1,96418.0,2,59.8,3,1,12,17,1,5.0,1,0,0
31,0,63386.0,2,41.1,2,3,8,6,0,4.0,0,0,0
48,0,125143.0,2,64.6,2,1,3,19,0,5.0,1,0,1
69,0,153529.0,0,71.1,2,1,2,2,1,3.0,1,0,1
60,1,76857.0,2,22.6,1,2,4,13,1,4.0,0,0,0
36,0,143920.0,1,46.6,3,0,0,3,1,1.0,0,0,0
64,1,94745.0,2,48.2,2,1,6,19,1,4.0,0,0,0
40,1,86956.0,1,44.5,1,2,0,9,1,3.0,0,0,0
64,1,174000.0,2,60.4,4,0,7,16,1,3.0,0,0,0
49,1,73410.0,1,29.2,2,1,6,8,1,2.0,1,0,0
54,0,71795.0,2,5.0,2,2,12,13,1,4.0,1,0,0
33,1,30000.0,1,34.0,1,2,0,7,1,5.0,1,0,0
44,0,64343.0,1,81.4,2,1,1,7,1,1.0,1,0,0
46,0,98578.0,2,25.4,3,2,8,10,1,4.0,1,0,1
61,1,107629.0,2,43.6,3,2,3,9,0,1.0,0,1,0
69,0,48029.0,2,38.3,2,1,13,10,0,2.0,1,0,1
44,0,72623.0,1,27.3,1,1,4,9,0,5.0,1,0,0
48,0,125621.0,1,31.1,2,2,1,4,1,4.0,0,0,0
58,1,44501.0,2,5.0,2,1,7,13,1,3.0,0,0,0
66,0,95813.0,1,11.2,2,1,1,7,1,2.0,1,0,0
59,1,124907.0,2,89.6,2,1,8,6,0,2.0,1,1,0
45,1,124896.0,1,23.7,1,2,2,3,1,3.0,0,0,0
30,0,101304.0,1,30.3,2,2,7,4,0,3.0,1,0,0
62,0,105696.0,0,50.4,1,2,2,1,1,2.0,1,0,0
58,1,90263.0,1,44.9,1,1,7,1,1,2.0,0,0,0
54,0,32826.0,2,7.6,2,1,9,7,0,1.0,1,0,0
65,0,82191.0,2,7.8,1,0,7,9,0,1.0,0,0,0
55,0,84906.0,1,8.3,3,1,4,1,0,3.0,0,2,0
41,1,119293.0,0,66.2,2,2,2,3,1,4.0,1,0,0
46,1,75139.0,2,83.9,2,2,5,12,0,5.0,1,1,0
28,1,83438.0,2,47.5,2,1,14,13,0,5.0,1,0,0
56,2,71470.0,1,5.0,1,1,3,5,1,3.0,0,0,0
35,1,54573.0,1,21.6,2,0,3,8,1,2.0,1,0,0
26,1,71487.0,2,91.5,1,1,5,7,1,4.0,1,0,0
38,0,80351.0,1,54.7,2,0,0,6,0,1.0,0,0,0
56,1,96310.0,1,69.5,1,3,1,9,0,2.0,1,1,0
44,0,113343.0,1,68.9,1,0,5,8,0,4.0,1,0,0
54,0,99174.0,1,21.4,2,2,3,1,1,4.0,0,0,0
41,0,87430.0,1,68.0,1,0,5,9,0,3.0,1,1,0
46,0,96364.0,0,52.7,1,1,2,2,1,3.0,1,0,0
50,1,92862.0,2,8.0,2,2,8,9,0,3.0,0,0,0
69,1,86920.0,2,29.3,3,2,11,12,0,5.0,0,0,0
25,0,113311.0,2,46.9,1,3,13,4,0,1.0,1,0,0
29,1,76522.0,2,83.9,1,2,6,11,0,1.0,1,1,0
43,0,125699.0,1,49.5,1,2,5,8,1,2.0,1,0,1
65,0,109294.0,2,27.6,1,2,13,14,0,3.0,1,0,0
46,1,69274.0,0,38.8,2,2,0,3,1,4.0,0,0,0
37,1,107175.0,1,16.3,1,2,4,4,1,3.0,0,0,0
38,1,30000.0,1,23.2,1,1,1,7,0,5.0,1,1,0
65,1,115529.0,2,8.5,4,1,14,9,0,1.0,1,0,0
43,1,30000.0,0,42.6,1,2,1,2,1,4.0,1,0,0
38,1,91415.0,2,5.0,2,0,13,9,1,4.0,1,0,0
63,1,62014.0,1,19.4,2,2,2,8,1,3.0,1,0,0
38,0,71832.0,1,63.0,2,1,3,5,1,3.0,0,0,0
66,1,82823.0,2,54.2,1,3,4,5,0,5.0,0,1,0
64,0,153475.0,1,57.0,1,0,4,5,0,2.0,1,1,0
49,0,121480.0,2,30.3,2,2,10,18,0,2.0,1,0,0
54,1,55725.0,1,5.0,1,0,4,2,1,4.0,1,0,1
62,0,65002.0,2,54.3,2,2,11,15,1,3.0,0,0,0
55,1,84111.0,0,5.0,2,2,1,0,1,5.0,1,0,1
54,0,82017.0,1,106.0,3,2,7,8,0,1.0,1,2,0
64,1,120009.0,1,30.5,2,1,5,9,0,2.0,0,0,0
36,1,88904.0,1,28.3,3,1,2,1,1,4.0,1,0,1
30,0,121801.0,2,11.2,1,2,3,15,0,5.0,1,0,1
42,0,98006.0,2,22.5,2,2,6,13,1,5.0,1,0,1
36,1,124064.0,2,54.5,2,3,12,13,0,2.0,1,0,0
26,0,110945.0,1,33.6,1,1,2,6,1,4.0,0,0,0
59,1,80968.0,2,41.6,1,1,3,10,1,1.0,0,0,0
62,1,64845.0,2,45.0,4,0,4,9,0,1.0,0,0,0
59,1,84788.0,2,69.5,2,1,10,13,1,5.0,1,0,1
41,0,108398.0,2,77.6,2,0,6,10,1,3.0,1,0,0
64,1,84287.0,2,41.3,2,2,14,9,0,2.0,0,0,0
47,0,82882.0,2,25.8,2,2,10,12,0,1.0,1,0,0
41,0,43327.0,1,45.7,1,2,2,4,0,3.0,1,0,1
27,1,109886.0,2,26.5,3,1,10,14,1,4.0,1,0,1
27,0,55876.0,0,30.2,3,1,2,3,1,1.0,1,0,1
35,1,130075.0,1,93.6,1,3,0,4,1,3.0,1,0,0
39,1,60781.0,1,5.0,2,1,5,8,0,1.0,1,1,0
37,0,117626.0,2,15.2,2,2,9,10,1,5.0,1,0,0
28,2,84758.0,1,54.3,1,3,7,5,1,4.0,0,0,0
26,1,110161.0,2,48.0,2,1,8,4,1,1.0,1,0,0
25,1,107701.0,0,60.9,1,2,0,0,1,2.0,1,0,0
59,0,44706.0,1,11.8,3,1,3,4,1,1.0,0,0,0
66,0,122030.0,2,19.5,1,1,3,10,0,4.0,0,0,0
46,1,44767.0,0,38.8,2,2,0,2,1,5.0,0,0,0
37,0,80745.0,0,80.2,2,1,1,1,1,4.0,1,0,1
51,1,31147.0,2,54.7,3,2,6,6,0,4.0,1,0,0
55,1,140088.0,2,52.0,1,1,2,18,0,5.0,0,0,0
47,1,57778.0,2,5.0,1,2,8,5,0,4.0,0,0,0
33,0,94943.0,0,21.7,3,2,0,0,1,4.0,0,0,0
44,1,84906.0,2,58.6,3,3,7,10,0,3.0,0,0,0
33,1,30000.0,1,50.3,2,1,3,4,1,4.0,1,0,0
33,0,81001.0,0,64.8,3,2,0,2,1,4.0,1,0,0
41,1,48946.0,1,35.6,2,1,2,9,1,1.0,1,0,0
31,0,102231.0,0,81.5,1,0,2,2,1,1.0,0,0,0
52,1,75517.0,0,11.7,1,2,0,2,1,5.0,0,0,0
49,1,106607.0,1,18.5,1,0,6,5,0,1.0,1,0,0
58,1,117960.0,0,37.7,1,1,1,0,1,3.0,0,0,0
62,0,43944.0,1,5.0,1,2,0,2,1,3.0,1,0,0
57,0,91917.0,2,85.4,3,0,9,10,0,1.0,0,1,0
47,1,82933.0,2,5.0,2,2,7,6,0,1.0,1,0,0
31,0,93290.0,1,41.1,2,1,4,7,1,2.0,1,0,0
59,1,133893.0,2,29.8,2,1,5,11,0,4.0,1,1,1
67,1,52351.0,1,45.1,2,1,4,2,1,4.0,1,0,0
26,1,94451.0,1,23.3,2,1,0,5,1,5.0,0,0,0
68,0,62335.0,1,47.6,1,2,2,9,1,1.0,1,0,0
58,0,65853.0,1,39.2,2,2,0,5,1,3.0,0,0,0
27,1,159698.0,2,36.9,2,2,6,18,0,5.0,1,0,1
52,1,100893.0,2,22.0,2,1,14,14,0,3.0,1,0,1
63,1,76169.0,2,11.0,2,2,3,6,0,3.0,0,0,0
26,0,129312.0,0,34.4,2,0,0,1,1,5.0,0,0,1
69,1,118042.0,2,45.9,2,2,14,15,1,5.0,1,0,1
40,1,30000.0,2,47.2,2,1,13,12,1,3.0,1,0,0
62,0,88345.0,1,30.7,2,2,4,3,0,2.0,1,0,0
61,1,102249.0,2,58.4,4,2,12,9,1,3.0,1,0,0
25,0,65931.0,2,78.5,2,2,2,4,0,3.0,1,0,0
52,1,77262.0,1,15.0,2,1,3,5,0,1.0,0,0,0
48,1,113287.0,0,75.1,2,0,2,2,1,1.0,1,0,0
54,1,93300.0,2,66.6,3,1,5,19,0,1.0,1,0,0
28,1,130725.0,1,46.6,1,0,2,7,0,3.0,1,1,0
47,1,100394.0,2,44.4,2,2,13,4,0,4.0,0,0,0
62,0,109157.0,0,5.0,2,1,1,1,0,1.0,1,1,0
65,0,30000.0,1,93.3,1,0,5,6,0,3.0,1,1,0
49,0,90198.0,2,12.0,4,1,13,19,0,1.0,0,0,0
67,0,76371.0,2,21.3,1,0,11,7,0,4.0,1,0,0
68,0,43108.0,0,27.9,1,0,1,3,1,1.0,1,0,0
53,0,117246.0,2,41.1,3,2,4,7,0,2.0,1,1,0
41,1,50801.0,1,53.5,1,2,3,9,1,2.0,0,0,0
64,1,84906.0,2,33.9,3,2,5,14,1,5.0,1,0,0
39,1,37982.0,1,36.2,1,3,5,6,0,2.0,1,1,0
56,1,101580.0,0,21.1,2,1,2,2,0,3.0,0,0,0
49,1,72258.0,2,29.8,2,3,7,7,0,2.0,1,1,0
43,1,39260.0,1,5.0,1,1,3,2,1,3.0,1,0,1
42,1,71855.0,1,84.0,3,2,7,5,1,2.0,1,0,0
35,1,104258.0,0,72.0,2,2,0,1,1,5.0,0,1,0
53,1,104353.0,1,12.2,2,1,5,4,0,4.0,0,0,0
64,0,86344.0,2,5.0,2,2,13,13,0,2.0,0,0,0
51,0,52551.0,2,30.7,3,2,6,18,1,4.0,1,0,0
51,0,30000.0,2,29.4,2,1,7,13,1,3.0,1,0,0
57,1,56074.0,2,9.8,2,1,11,10,0,5.0,0,0,0
25,0,174000.0,1,29.3,1,2,5,6,0,5.0,1,0,1
29,1,34858.0,2,36.1,3,0,2,15,1,1.0,1,0,0
42,0,63939.0,2,20.4,2,2,9,17,0,2.0,0,0,0
27,2,123614.0,1,60.3,3,1,2,5,1,5.0,0,0,0
53,0,70412.0,2,48.8,1,2,10,5,0,3.0,0,0,0
51,1,71419.0,2,11.8,2,1,2,14,0,2.0,1,0,0
40,0,98994.0,2,89.8,2,1,14,13,0,1.0,1,0,0
61,1,39317.0,0,73.8,2,1,2,0,1,4.0,0,0,0
39,1,44735.0,1,43.7,2,1,7,6,1,4.0,0,0,0
48,0,110150.0,2,32.7,1,1,10,5,0,5.0,1,0,1
36,1,91158.0,2,5.0,2,0,13,8,1,1.0,0,0,0
25,1,30000.0,2,12.6,2,2,2,13,1,3.0,0,0,0
51,0,105714.0,1,9.3,2,2,4,4,1,5.0,0,0,0
26,1,142885.0,1,87.4,1,0,7,5,1,4.0,1,0,1
25,0,109350.0,1,9.5,2,1,2,7,1,1.0,0,0,0
55,0,64683.0,1,26.0,2,0,7,4,0,3.0,1,0,0
40,0,97083.0,2,5.0,1,1,2,9,1,5.0,0,0,0
47,1,98987.0,0,57.7,2,2,2,3,1,4.0,1,0,1
31,1,156647.0,1,41.4,3,1,4,1,1,1.0,0,0,0
26,1,78656.0,1,30.5,2,2,4,6,1,5.0,0,0,0
67,0,69770.0,1,79.5,2,2,2,8,1,3.0,1,1,0
38,0,52348.0,0,65.5,1,0,2,0,1,5.0,1,0,1
49,0,55962.0,1,7.0,1,3,3,2,1,4.0,0,0,0
55,0,116327.0,2,35.2,1,1,6,16,0,4.0,1,0,1
66,1,92144.0,2,5.0,1,1,5,13,1,5.0,1,0,1
26,1,133231.0,0,41.5,2,0,2,3,1,5.0,1,0,1
57,0,51090.0,2,10.4,1,1,7,13,0,2.0,1,0,0
30,0,87146.0,2,36.0,2,2,8,16,0,4.0,1,0,1
45,0,97662.0,0,5.0,3,2,1,1,1,3.0,0,0,0
56,1,112794.0,2,44.3,2,1,5,8,1,2.0,1,0,0
59,0,86524.0,1,29.4,1,2,7,8,0,5.0,0,0,0
48,1,113931.0,1,34.3,3,2,0,6,1,3.0,1,0,1
57,1,56660.0,2,44.5,3,2,11,9,1,1.0,1,0,0
39,0,80584.0,1,19.2,2,1,1,4,1,3.0,0,0,0
40,1,107985.0,2,36.3,1,0,14,5,1,3.0,1,0,0
36,1,37560.0,2,24.2,1,0,2,12,1,2.0,1,0,0
63,1,79164.0,2,34.0,2,1,9,18,0,4.0,1,0,1
69,1,30000.0,2,20.8,3,2,6,13,0,1.0,0,0,0
38,1,66982.0,0,17.1,1,0,2,2,1,1.0,1,0,0
41,2,93191.0,0,26.4,2,0,0,0,1,2.0,1,0,0
41,1,82256.0,1,45.1,1,1,3,5,1,4.0,1,0,1
43,1,49375.0,2,13.9,3,2,7,17,0,2.0,0,1,0
56,1,91997.0,2,32.5,1,1,11,10,0,1.0,1,0,0
37,0,64414.0,1,48.5,1,1,2,5,1,2.0,1,0,0
38,1,30000.0,0,5.0,2,2,0,1,1,4.0,0,0,0
39,0,156337.0,1,46.7,2,2,2,7,1,4.0,0,0,0
54,0,85880.0,2,82.5,1,0,2,15,0,1.0,0,1,0
35,2,55945.0,2,24.9,1,2,7,8,0,1.0,1,1,0
28,0,131711.0,1,5.0,2,0,4,3,1,4.0,1,0,0
42,0,121813.0,1,38.3,2,3,3,5,1,1.0,0,0,0
60,1,32053.0,1,23.2,1,2,1,2,1,5.0,1,0,1
58,1,95845.0,2,5.0,1,1,7,10,1,2.0,1,0,0
26,0,91325.0,1,43.0,4,2,3,9,1,2.0,0,0,0
26,1,110630.0,2,13.7,2,1,12,8,0,3.0,1,0,1
53,1,80405.0,1,56.6,2,0,4,1,1,5.0,0,0,0
41,0,94560.0,2,30.1,2,1,6,3,0,4.0,0,1,0
56,2,132998.0,1,49.6,2,0,5,5,0,3.0,1,1,0
38,0,121419.0,0,40.9,2,1,2,2,1,5.0,1,0,1
62,0,48657.0,1,36.2,2,1,6,7,1,2.0,1,0,0
68,1,30000.0,2,31.5,3,2,13,12,0,5.0,1,0,0
50,1,53532.0,1,17.5,3,2,5,8,1,1.0,1,0,0
28,1,81277.0,0,5.0,2,1,0,1,1,1.0,1,0,0
62,0,78409.0,1,37.6,1,3,0,8,1,1.0,1,0,1
40,0,32292.0,2,54.7,2,1,12,16,0,1.0,1,0,0
58,0,30000.0,2,5.0,1,0,12,4,0,5.0,0,1,0
33,0,91370.0,1,5.0,2,2,6,1,1,3.0,1,0,1
46,0,110587.0,1,27.9,2,0,4,8,1,3.0,1,0,0
49,0,64980.0,2,53.5,2,2,6,10,1,5.0,1,0,1
50,0,111701.0,1,63.7,1,2,0,7,1,3.0,0,0,0
68,0,89063.0,1,59.6,2,0,7,5,1,1.0,1,0,0
60,1,100287.0,2,106.0,3,1,12,7,0,4.0,1,0,0
67,1,30000.0,2,32.8,1,3,2,10,0,2.0,1,2,0
68,0,64711.0,1,46.1,1,2,3,1,0,3.0,1,2,0
29,0,136009.0,2,9.1,3,1,12,14,0,4.0,0,0,0
62,1,64318.0,2,76.0,2,0,11,7,1,3.0,1,0,0
54,1,95591.0,0,68.6,1,3,1,3,1,3.0,0,0,0
65,0,121160.0,2,33.4,3,2,9,9,0,3.0,0,0,0
58,0,84758.0,2,31.9,1,2,2,5,0,4.0,1,1,0
55,0,81907.0,1,5.0,1,2,6,4,1,4.0,1,0,0
40,1,77903.0,2,44.3,3,2,11,9,0,3.0,0,0,0
51,0,105764.0,2,38.2,1,1,10,13,0,3.0,1,0,0
53,0,96767.0,2,32.8,1,2,2,16,1,5.0,0,0,0
30,0,119470.0,1,5.0,1,2,3,3,0,2.0,0,1,0
61,1,94033.0,1,71.2,1,0,0,6,1,2.0,1,0,0
59,1,111379.0,2,47.1,1,0,2,16,1,4.0,0,0,0
33,1,30000.0,1,18.7,1,3,7,2,1,2.0,0,0,0
66,0,133098.0,2,96.7,2,2,5,3,0,1.0,1,1,0
46,0,114028.0,0,23.3,1,2,0,0,0,3.0,1,1,0
45,1,62063.0,1,44.0,3,2,5,9,1,1.0,0,0,0
45,0,85045.0,0,51.8,1,2,2,0,1,4.0,1,0,0
52,1,63150.0,0,31.9,3,1,0,1,1,4.0,1,0,0
67,0,92276.0,1,5.0,3,2,2,3,1,4.0,0,0,0
47,2,73775.0,1,51.4,2,2,4,8,1,4.0,1,0,0
46,0,61199.0,2,28.6,2,1,11,11,0,1.0,1,0,0
55,1,68061.0,2,52.8,3,1,2,18,1,1.0,1,0,0
68,1,89110.0,2,40.2,2,0,7,17,1,5.0,0,0,0
43,1,34139.0,0,56.1,3,1,1,0,1,2.0,1,0,0
35,0,76082.0,1,9.5,1,2,1,3,1,5.0,1,0,1
28,1,82241.0,0,24.6,2,1,1,0,1,4.0,0,0,0
45,0,93766.0,2,57.4,1,2,13,4,0,1.0,1,1,0
30,0,63410.0,2,56.8,2,0,4,19,1,4.0,1,0,0
60,0,33106.0,1,51.9,1,1,1,3,1,5.0,1,0,1
38,0,46500.0,2,26.0,1,1,6,3,0,5.0,0,0,0
49,1,122993.0,1,37.0,1,1,6,2,0,4.0,1,2,0
64,0,74368.0,2,20.0,2,1,12,11,0,1.0,0,0,0
28,0,31266.0,2,71.2,1,1,4,12,0,2.0,1,2,0
46,0,46919.0,2,5.0,2,2,8,13,0,3.0,1,1,0
53,1,87643.0,1,34.2,1,2,1,3,1,2.0,0,0,0
54,0,101011.0,0,51.5,4,2,0,2,1,3.0,1,0,1
31,1,141330.0,1,63.4,3,1,7,9,1,1.0,1,0,0
39,0,153469.0,1,5.0,3,1,7,2,1,3.0,0,0,0
30,1,110265.0,0,74.3,3,2,1,2,1,4.0,1,0,1
57,0,116050.0,2,62.7,3,3,13,15,0,3.0,1,1,0
35,0,116187.0,1,24.6,1,3,1,5,1,2.0,0,0,0
58,1,150222.0,2,37.3,3,1,5,6,0,5.0,0,0,0
62,1,104176.0,1,106.0,2,3,7,1,1,2.0,1,0,1
36,0,74305.0,2,102.0,3,2,7,17,0,3.0,0,0,0
51,1,75636.0,1,25.8,2,1,6,6,1,4.0,1,0,0
37,1,121113.0,0,14.8,2,1,0,3,0,2.0,0,1,0
46,1,72916.0,1,64.2,2,2,3,5,1,4.0,1,0,0
42,0,121378.0,0,34.5,2,0,1,3,1,4.0,1,0,0
33,0,81686.0,2,5.0,1,1,11,9,0,4.0,1,0,1
43,0,96742.0,1,5.0,2,0,0,5,1,2.0,1,0,0
55,1,116707.0,2,85.2,1,2,4,8,1,4.0,1,0,1
49,0,79804.0,2,88.3,1,0,11,6,0,3.0,1,1,0
68,2,129089.0,2,29.8,1,0,7,15,0,4.0,0,1,0
61,1,81294.0,2,67.6,1,1,13,18,0,3.0,0,0,0
33,0,52174.0,2,38.8,3,1,11,8,0,5.0,1,0,1
36,0,78182.0,2,45.3,2,3,8,14,0,3.0,1,0,0
48,1,56900.0,1,49.6,2,1,4,6,1,4.0,1,0,0
38,0,30000.0,2,51.9,2,1,5,9,0,4.0,1,0,0
66,1,100107.0,0,61.2,2,1,1,2,1,3.0,1,0,0
53,0,36207.0,2,29.8,1,0,4,17,1,1.0,1,0,0
55,0,45266.0,2,50.7,2,0,13,8,0,4.0,0,0,0
25,1,88112.0,2,15.8,3,1,6,14,0,2.0,1,0,0
58,0,112270.0,2,5.0,3,2,13,16,0,3.0,1,0,0
49,0,116863.0,2,40.5,1,0,3,13,0,4.0,0,1,0
55,1,77924.0,2,22.4,2,3,10,12,1,3.0,1,0,1
32,0,30000.0,2,44.2,3,2,13,6,0,5.0,1,1,0
31,0,84758.0,2,40.7,1,1,11,7,0,4.0,0,0,0
54,1,74398.0,0,56.9,1,2,1,0,1,2.0,1,0,1
54,0,79617.0,2,32.2,2,1,5,13,0,4.0,0,0,0
50,1,102541.0,2,51.7,4,2,11,6,1,2.0,1,0,0
69,0,52460.0,0,38.3,2,2,0,0,1,3.0,1,0,0
36,0,51460.0,1,33.4,1,2,0,8,1,1.0,1,0,0
59,1,95515.0,2,30.7,4,0,6,7,0,2.0,1,0,0
37,0,119640.0,2,43.9,1,1,8,19,1,3.0,0,0,0
32,1,30000.0,1,12.7,1,2,1,9,0,3.0,1,1,0
44,1,83646.0,2,7.4,2,3,3,11,0,2.0,1,1,0
49,0,48045.0,1,67.9,3,2,1,8,1,4.0,1,0,0
53,1,93035.0,1,5.0,4,0,3,7,1,4.0,1,0,1
51,0,41384.0,0,36.8,2,1,0,3,1,1.0,0,0,0
63,1,65181.0,2,75.1,2,0,11,16,0,2.0,0,0,0
29,0,117892.0,2,14.3,2,2,7,17,0,3.0,1,0,0
59,1,113610.0,0,9.2,2,0,0,1,1,5.0,1,0,1
61,0,78481.0,1,59.0,2,3,7,1,1,5.0,1,0,1
65,0,122966.0,2,25.3,3,2,4,11,1,4.0,1,0,1
40,1,76945.0,0,95.6,2,2,1,0,1,3.0,0,0,0
34,0,48537.0,2,5.0,2,1,6,7,0,4.0,1,0,0
65,1,62967.0,1,44.3,2,2,5,3,1,1.0,0,0,0
47,1,60430.0,2,58.5,1,0,4,13,1,1.0,0,0,0
48,0,73136.0,2,33.5,1,0,6,12,0,3.0,1,1,0
50,0,85905.0,2,39.6,2,2,14,17,0,1.0,1,0,0
57,1,41446.0,2,74.4,1,2,11,18,1,4.0,0,0,0
53,0,77115.0,1,68.1,1,1,4,1,1,4.0,1,1,0
42,0,62737.0,2,36.8,2,2,14,19,1,4.0,0,0,0
49,1,174000.0,2,37.0,2,0,10,11,1,1.0,0,0,0
29,0,50453.0,2,55.0,2,3,12,18,1,1.0,1,0,0
55,0,87340.0,2,83.2,1,1,12,11,0,5.0,1,0,1
68,0,63750.0,2,5.5,1,1,12,4,0,4.0,1,1,0
25,1,95939.0,1,76.7,2,2,6,3,0,3.0,1,1,0
49,1,30000.0,2,57.4,1,2,13,7,1,2.0,1,0,0
58,0,117410.0,2,51.7,1,1,10,18,1,1.0,1,0,0
60,1,92283.0,0,21.9,2,1,2,2,1,3.0,0,0,0
63,0,106710.0,1,26.9,2,3,1,7,1,4.0,1,0,1
42,1,69446.0,2,71.0,1,2,6,10,1,3.0,0,0,0
42,1,117173.0,2,5.0,4,1,12,13,1,3.0,1,0,0
40,1,110576.0,2,88.6,3,1,13,13,0,1.0,0,2,0
43,0,113623.0,1,24.5,1,2,0,9,1,3.0,1,0,1
43,1,63362.0,2,56.9,2,2,9,16,1,4.0,1,0,0
36,1,126159.0,2,58.3,3,1,9,4,0,5.0,0,2,0
54,1,70082.0,2,5.0,2,3,12,18,0,3.0,1,0,1
36,1,101318.0,2,25.5,1,1,13,17,1,2.0,0,0,0
32,1,132087.0,2,33.7,1,2,14,16,1,2.0,0,0,0
36,0,106911.0,2,29.0,1,1,7,13,0,3.0,1,1,0
61,1,30000.0,2,26.4,2,2,11,8,1,3.0,0,0,0
50,0,114353.0,0,48.9,3,1,1,2,1,1.0,1,0,0
69,1,118337.0,1,37.7,2,3,5,9,1,3.0,0,0,0
53,0,142890.0,2,31.6,3,2,5,19,0,5.0,1,0,1
60,0,63369.0,2,62.2,4,2,4,8,0,2.0,0,0,0
55,1,69768.0,2,30.4,1,0,10,14,1,4.0,1,0,1
34,1,136217.0,0,22.4,1,2,2,1,1,1.0,1,0,0
63,1,95002.0,2,35.75,2,1,8,14,1,4.0,0,0,0
51,1,152781.0,2,44.1,2,1,10,9,0,5.0,0,0,1
34,0,85573.0,1,47.1,2,2,7,7,1,1.0,0,0,0
46,0,69158.0,2,39.8,2,3,7,5,0,5.0,1,0,1
57,1,88074.0,1,13.2,2,2,7,4,1,4.0,1,0,1
40,1,86680.0,2,59.1,3,2,10,9,0,3.0,1,1,0
27,1,156086.0,2,5.0,1,3,5,15,1,3.0,1,0,0
40,2,84758.0,1,36.4,1,1,5,3,0,3.0,0,1,0
65,0,101159.0,2,42.4,3,2,10,18,0,1.0,0,0,0
49,0,30000.0,2,64.8,1,0,2,13,0,3.0,1,0,0
26,0,126807.0,0,5.0,2,2,1,0,1,2.0,1,0,1
47,0,116287.0,1,53.3,2,1,7,1,1,3.0,1,0,0
40,0,160791.0,2,5.0,1,1,3,17,0,1.0,0,0,0
26,0,104434.0,2,40.8,3,1,8,17,0,1.0,0,0,0
43,1,161571.0,2,60.2,1,0,4,17,1,2.0,1,0,1
65,1,61870.0,0,54.0,2,0,1,1,1,1.0,0,0,0
58,0,60710.0,2,47.7,3,2,6,14,0,2.0,1,0,0
56,0,45482.0,2,38.8,1,2,12,6,0,1.0,0,1,0
61,1,84906.0,1,7.6,3,2,6,8,0,5.0,0,0,0
66,1,104832.0,0,50.9,2,1,0,1,1,1.0,1,0,1
32,1,107311.0,2,37.5,1,2,9,4,0,5.0,0,1,0
26,2,126376.0,1,42.1,3,2,6,4,1,4.0,1,0,0
55,1,84730.0,0,5.0,4,1,0,2,1,4.0,1,0,0
59,0,73361.0,1,69.8,2,1,0,6,1,1.0,1,0,0
60,1,67052.0,2,5.0,1,2,14,19,0,4.0,0,0,0
63,0,101182.0,0,24.2,4,1,1,0,1,1.0,1,0,0
32,1,87679.0,0,75.7,2,0,2,3,1,1.0,1,0,0
33,0,61731.0,2,45.9,1,2,8,5,0,5.0,1,1,0
36,0,105805.0,1,56.9,1,2,0,7,1,1.0,1,0,1
67,0,150096.0,0,56.7,2,1,1,3,1,1.0,0,0,0
37,1,94581.0,1,5.0,3,3,5,1,1,1.0,0,0,0
33,0,141032.0,1,61.7,1,2,2,2,1,4.0,0,0,0
26,1,98972.0,2,50.3,2,2,4,15,0,3.0,0,0,0
60,0,50117.0,1,31.1,3,0,6,4,0,2.0,0,0,0
47,1,87877.0,2,68.2,1,2,11,3,1,2.0,1,0,0
40,1,61055.0,0,80.4,2,1,1,0,1,2.0,1,0,0
45,0,87500.0,2,77.2,3,0,8,10,0,1.0,0,0,0
36,0,107861.0,2,69.2,2,0,2,8,1,3.0,0,0,0
46,0,78600.0,1,88.4,3,2,5,6,1,1.0,1,0,0
68,0,104416.0,2,30.4,3,0,12,13,0,1.0,0,0,0
43,1,115220.0,2,62.8,2,1,4,13,0,5.0,0,0,0
49,1,62226.0,2,24.2,2,1,4,17,0,1.0,1,0,0
55,1,30000.0,2,75.7,1,2,10,5,0,1.0,1,0,0
69,0,110173.0,1,50.6,1,2,4,5,0,5.0,1,0,1
28,1,84505.0,1,30.6,3,3,1,3,1,3.0,0,0,0
62,0,84270.0,2,49.8,2,2,13,3,1,2.0,1,0,0
54,0,30000.0,2,38.2,2,2,13,8,1,2.0,1,0,0
55,0,49066.0,2,52.6,2,2,12,14,0,3.0,1,0,0
32,0,60660.0,0,51.3,1,2,1,0,1,4.0,1,0,0
52,1,67874.0,1,41.9,4,1,6,9,1,4.0,1,0,1
68,0,122578.0,0,60.3,2,2,2,2,1,1.0,1,0,0
27,1,148633.0,1,47.3,1,0,1,4,1,3.0,0,0,0
40,0,33055.0,2,28.1,2,1,5,10,0,2.0,1,0,0
31,0,113767.0,1,59.4,2,0,4,7,1,2.0,1,0,0
41,1,75931.0,0,21.3,3,2,0,0,1,5.0,1,0,1
44,1,100498.0,2,52.6,2,1,13,16,0,2.0,0,0,0
27,0,122771.0,1,29.1,1,3,6,3,1,5.0,1,0,1
25,0,94121.0,1,20.1,1,0,4,6,1,3.0,1,0,0
60,1,30000.0,1,33.4,2,3,5,3,1,4.0,1,0,0
26,0,107592.0,2,42.2,1,2,14,8,0,3.0,0,0,0
55,1,30000.0,0,47.8,1,3,0,1,1,1.0,1,0,0
27,1,43656.0,2,55.2,2,0,14,3,0,3.0,0,0,0
45,1,125381.0,1,24.9,1,1,5,9,1,1.0,1,0,0
69,0,33410.0,1,17.6,1,2,6,5,0,2.0,1,0,0
30,1,66175.0,1,62.4,3,0,6,5,1,5.0,1,0,1
50,0,54884.0,1,44.9,2,0,3,5,1,1.0,1,0,0
30,1,114936.0,1,40.9,2,2,1,4,1,3.0,0,0,0
33,1,114273.0,0,23.3,2,2,0,2,1,1.0,0,0,0
42,1,67498.0,1,16.6,1,2,0,8,1,3.0,0,0,0
36,1,44408.0,2,17.7,2,1,10,6,0,1.0,0,0,0
44,1,130853.0,1,13.0,2,3,3,9,1,3.0,1,0,0
44,1,86160.0,2,41.150000000000006,4,2,8,13,1,3.0,1,0,0
30,1,59227.0,2,82.2,2,1,9,7,0,1.0,0,1,0
48,1,30000.0,2,45.6,2,1,6,5,0,5.0,1,1,0
49,1,42934.0,0,25.2,2,3,2,3,1,2.0,1,0,0
53,1,58220.0,1,49.7,3,2,1,7,1,4.0,1,1,1
46,1,65178.0,2,33.3,1,0,2,12,0,1.0,0,1,0
65,0,76807.0,0,42.4,1,2,1,3,1,5.0,0,0,1
64,1,69170.0,1,35.4,1,1,6,1,1,2.0,1,0,0
54,0,34259.0,1,33.9,1,1,4,5,1,5.0,1,0,1
51,1,154485.0,0,15.7,2,0,1,1,1,4.0,0,0,0
44,0,97623.0,1,5.0,2,1,7,2,1,3.0,0,0,0
66,2,78212.0,2,64.4,1,1,11,16,0,1.0,1,0,0
31,1,83059.0,2,5.0,3,1,5,8,1,4.0,1,0,0
69,0,94545.0,1,9.5,1,2,1,6,1,3.0,0,0,0
63,0,81692.0,1,5.0,1,2,4,9,1,2.0,0,0,0
69,1,81954.0,2,89.9,2,0,9,17,0,2.0,1,1,0
69,0,88350.0,0,30.8,1,2,2,1,1,2.0,0,0,0
34,1,63034.0,2,53.3,2,2,13,4,0,1.0,1,1,0
67,1,35689.0,2,39.5,2,0,9,11,0,2.0,1,1,0
48,0,122555.0,2,37.5,3,3,7,4,0,2.0,0,0,0
60,0,68675.0,2,60.5,1,1,13,9,1,5.0,1,0,0
26,1,96457.0,2,67.9,1,0,14,18,0,2.0,1,0,0
65,0,140087.0,2,37.4,1,1,6,10,1,1.0,1,0,1
69,1,96491.0,1,32.6,3,1,1,4,1,4.0,1,0,1
57,1,92819.0,1,56.7,4,2,2,1,0,3.0,0,1,0
50,1,30000.0,1,39.6,3,0,7,1,1,4.0,1,0,0
32,1,97511.0,2,38.3,4,1,4,17,0,1.0,1,1,0
66,0,117611.0,1,41.2,2,0,0,1,1,3.0,0,0,0
37,1,68967.0,1,68.5,2,2,2,2,1,4.0,1,0,1
40,1,52717.0,2,63.8,2,1,2,18,0,1.0,0,0,0
40,1,106533.0,2,70.7,2,1,5,13,0,2.0,1,0,0
35,0,67099.0,1,44.2,1,3,3,1,1,4.0,1,0,1
37,1,47745.0,1,14.5,1,2,4,1,1,4.0,0,1,0
50,1,84210.0,2,13.1,3,1,6,4,1,4.0,0,0,0
45,0,41763.0,1,38.1,1,2,7,1,0,3.0,0,1,0
37,0,30000.0,2,54.9,2,1,5,12,1,2.0,0,0,0
57,2,103511.0,2,13.1,2,0,7,16,0,3.0,1,1,0
51,1,69607.0,1,55.6,1,0,2,3,1,5.0,1,0,0
28,0,30000.0,2,44.1,1,1,13,13,0,1.0,0,0,0
47,1,70159.0,0,44.0,1,1,2,1,1,1.0,0,0,0
55,0,63371.0,1,54.5,1,3,0,9,1,2.0,1,0,0
59,1,66087.0,1,30.6,1,1,4,1,1,5.0,1,0,0
39,0,97624.0,2,17.6,3,2,7,7,0,4.0,1,0,0
28,2,116852.0,1,45.9,2,2,6,4,1,1.0,1,0,0
50,1,114870.0,2,106.0,4,0,4,10,0,2.0,1,1,0
38,0,97759.0,2,32.2,1,1,6,8,1,1.0,1,0,0
43,0,112110.0,1,51.6,1,1,1,4,1,1.0,1,0,0
54,1,126457.0,1,11.9,4,0,0,1,0,1.0,1,1,0
60,1,106168.0,2,11.6,3,0,8,9,0,1.0,0,0,0
66,0,45748.0,1,61.4,2,2,3,8,1,1.0,1,0,0
30,1,30000.0,1,19.7,1,2,3,8,0,1.0,0,0,0
34,0,129729.0,2,46.3,2,0,8,19,0,2.0,1,0,0
63,1,121795.0,2,71.0,2,2,6,9,1,5.0,1,0,1
63,1,87903.0,1,18.5,2,3,3,3,1,4.0,0,0,0
55,1,65881.0,2,38.3,1,1,8,16,1,4.0,0,0,0
27,0,124325.0,0,15.5,3,0,1,3,1,3.0,1,0,1
29,0,68315.0,2,89.3,2,2,13,16,0,3.0,0,0,0
48,1,123466.0,1,20.1,2,1,4,5,1,3.0,1,0,1
36,1,86561.0,2,32.7,1,1,11,14,0,3.0,0,0,0
37,0,103573.0,0,30.0,2,0,1,3,1,4.0,0,0,0
27,1,112506.0,1,40.6,2,1,5,6,1,4.0,1,0,1
34,0,69686.0,2,32.4,1,0,2,8,0,3.0,1,0,0
38,0,70394.0,0,23.2,2,0,2,0,1,1.0,0,0,0
61,0,30000.0,1,12.2,2,2,6,9,1,1.0,0,0,0
37,1,84047.0,1,53.6,2,2,0,3,1,2.0,1,0,0
30,2,55119.0,2,43.1,1,0,7,8,1,1.0,0,0,0
40,0,107220.0,1,49.4,2,2,7,7,1,5.0,0,0,0
41,2,87432.0,0,67.4,2,2,0,1,1,3.0,1,0,0
61,0,30000.0,2,27.0,3,2,6,6,1,5.0,1,0,0
47,1,96108.0,2,17.2,1,0,6,19,0,3.0,0,1,0
36,0,34551.0,1,13.1,2,1,3,1,1,4.0,1,0,0
68,1,61612.0,2,76.1,3,2,8,7,0,2.0,1,0,0
55,0,51850.0,1,5.0,1,2,7,3,0,2.0,0,0,0
26,0,93785.0,2,27.4,1,2,8,16,0,1.0,0,0,0
59,0,97973.0,2,14.2,1,2,12,10,1,3.0,1,0,0
42,2,95537.0,0,20.1,3,1,0,1,0,3.0,0,0,0
61,0,117715.0,1,40.7,3,2,1,4,1,1.0,0,0,0
28,1,111217.0,1,29.4,1,0,1,2,1,3.0,0,0,0
46,0,123422.0,2,55.7,1,1,5,5,1,5.0,0,0,0
64,0,106464.0,2,5.0,1,3,11,5,0,1.0,1,0,0
25,1,83586.0,2,23.2,2,1,14,7,0,3.0,1,0,0
45,1,100714.0,1,65.4,1,2,0,1,1,3.0,1,0,0
34,0,101210.0,2,75.1,2,0,12,10,1,5.0,0,0,0
38,0,64204.0,1,18.1,3,0,2,2,1,2.0,1,0,0
62,1,30000.0,2,5.0,2,2,2,5,1,2.0,1,0,0
31,0,93225.0,2,68.1,3,2,12,4,0,5.0,0,1,0
44,1,74743.0,2,88.9,2,2,4,13,1,1.0,1,0,0
62,0,52711.0,1,71.5,3,2,3,7,0,1.0,1,1,0
37,0,100925.0,1,95.2,1,2,1,8,1,4.0,0,0,0
35,0,40397.0,1,33.5,3,1,5,4,1,4.0,1,0,0
27,1,115513.0,2,44.9,3,2,11,18,0,1.0,1,0,0
25,0,100761.0,2,47.1,4,2,12,18,0,2.0,0,0,0
27,0,121692.0,1,49.2,1,2,2,6,1,2.0,1,0,1
51,0,137762.0,2,5.0,2,2,11,9,1,2.0,0,0,0
38,1,86877.0,1,30.1,4,0,3,4,1,1.0,1,0,0
49,1,112985.0,1,49.6,2,3,7,4,1,4.0,1,0,1
58,1,51080.0,1,69.6,2,2,4,1,0,3.0,1,1,0
26,1,69891.0,2,11.5,1,2,6,8,0,2.0,0,1,0
51,1,96623.0,0,37.1,1,2,1,1,1,1.0,0,0,0
35,1,86376.0,2,60.9,1,2,11,18,1,1.0,1,0,0
60,1,132852.0,1,17.9,2,3,6,9,1,2.0,1,0,0
50,0,150019.0,1,69.0,2,2,4,5,1,5.0,1,0,1
50,1,126729.0,2,73.2,2,0,11,19,1,1.0,0,0,0
46,0,61623.0,1,23.6,1,0,0,8,1,4.0,0,0,0
52,1,41923.0,2,36.6,1,0,13,10,0,1.0,0,0,0
50,1,90978.0,2,48.2,1,0,13,14,0,5.0,1,0,1
55,0,103111.0,2,28.2,4,2,11,13,1,4.0,0,0,0
63,0,39242.0,1,47.2,2,2,7,6,0,5.0,0,1,0
58,0,59838.0,2,77.2,1,0,4,18,0,3.0,1,0,0
42,1,32718.0,1,47.9,3,1,4,3,1,5.0,1,0,1
48,1,76239.0,1,44.2,2,2,3,3,0,2.0,0,1,0
51,1,124848.0,1,11.4,1,2,0,1,1,4.0,1,0,0
69,1,97302.0,0,37.7,2,3,1,3,1,4.0,1,0,0
53,1,52131.0,0,26.3,1,2,0,1,1,4.0,1,0,0
62,1,76553.0,0,51.7,4,2,1,1,1,1.0,0,0,0
62,1,38999.0,2,77.9,2,3,6,18,1,2.0,0,0,0
57,1,105576.0,0,24.8,2,2,0,3,1,5.0,1,0,1
64,1,144127.0,2,46.1,1,2,9,4,0,1.0,1,1,0
58,1,130538.0,2,102.4,2,1,4,9,0,5.0,0,1,0
33,0,104761.0,0,25.8,1,1,1,1,1,1.0,1,0,0
32,0,67954.0,2,13.6,2,0,4,16,0,2.0,1,0,0
40,0,30000.0,1,44.4,3,0,7,3,1,2.0,1,0,0
44,0,76425.0,2,65.8,3,0,7,17,1,2.0,1,0,0
36,0,57799.0,1,24.4,2,1,3,9,1,2.0,1,0,0
50,0,94333.0,2,56.5,2,3,13,4,1,5.0,1,0,1
66,0,110971.0,0,54.2,1,0,1,1,0,5.0,0,1,0
63,0,68066.0,1,53.1,2,3,5,3,0,2.0,0,2,0
61,1,76269.0,1,81.8,2,2,1,6,1,3.0,0,0,0
27,1,81844.0,2,47.5,2,1,14,11,1,1.0,0,0,0
55,1,30000.0,1,31.9,2,2,3,3,1,2.0,1,0,0
29,1,30856.0,2,22.2,3,1,11,5,0,2.0,1,0,0
27,0,57297.0,0,22.4,4,1,1,1,1,4.0,0,0,0
43,0,58547.0,0,61.9,1,1,1,0,1,2.0,0,0,0
68,0,33469.0,2,57.3,1,2,8,5,0,3.0,1,1,0
63,0,30000.0,1,24.8,1,1,3,3,1,5.0,0,0,0
44,1,67190.0,2,66.9,2,0,14,16,1,3.0,0,0,0
30,0,101043.0,2,5.0,1,2,3,12,1,1.0,1,0,0
47,1,55036.0,1,29.8,2,1,3,2,1,5.0,0,0,0
30,1,30000.0,2,71.5,2,0,9,19,0,3.0,0,1,0
57,1,122217.0,0,26.0,4,2,2,0,1,5.0,0,0,0
56,0,123413.0,2,5.0,2,2,10,18,0,5.0,1,0,1
44,0,51468.0,1,35.8,2,0,2,9,1,3.0,1,0,1
40,1,42761.0,2,61.9,2,1,7,6,0,2.0,1,1,0
31,0,112988.0,1,42.1,1,0,6,3,0,3.0,0,1,0
50,1,136316.0,1,38.6,2,3,5,3,1,4.0,1,0,0
39,2,99179.0,2,32.5,3,2,4,10,1,5.0,1,0,1
63,0,119668.0,0,8.0,1,1,1,1,1,2.0,1,0,0
46,1,73280.0,2,75.5,2,2,3,16,1,1.0,0,0,0
69,1,81830.0,2,87.1,1,1,8,15,0,4.0,1,1,0
30,1,151406.0,1,56.7,2,1,0,9,0,1.0,0,0,0
60,1,107039.0,2,36.1,2,2,4,13,0,5.0,0,0,0
42,0,120700.0,1,38.6,1,1,3,5,1,1.0,1,0,0
42,1,121954.0,2,80.3,2,2,2,11,0,3.0,0,2,0
49,1,97111.0,2,5.0,2,2,14,7,1,4.0,1,0,0
56,0,81844.0,2,65.9,2,2,9,13,0,4.0,1,1,0
39,1,84942.0,1,48.6,1,2,1,7,1,2.0,0,0,0
64,1,32264.0,2,64.4,2,1,2,13,1,3.0,0,0,0
44,1,107798.0,0,35.8,2,1,0,1,1,4.0,1,0,0
39,0,30000.0,0,40.6,1,2,1,2,1,5.0,0,0,0
29,1,100796.0,1,11.9,1,2,6,4,1,5.0,1,0,1
57,0,100016.0,1,71.2,1,1,2,1,1,5.0,1,0,1
56,0,30000.0,2,57.3,1,1,11,5,0,2.0,0,1,0
64,0,107823.0,2,64.9,3,1,12,3,0,2.0,0,1,0
59,0,30000.0,0,27.4,1,2,2,1,1,5.0,1,0,0
59,1,89950.0,2,25.6,3,2,13,17,0,4.0,0,0,0
41,0,79123.0,2,33.6,2,0,13,4,1,3.0,1,0,0
69,0,80141.0,2,104.6,1,0,11,5,0,3.0,1,1,0
65,1,70363.0,1,25.2,1,1,3,6,0,3.0,0,0,0
54,1,146706.0,1,37.1,2,1,3,1,1,1.0,1,0,1
37,0,133037.0,1,48.5,2,1,0,1,1,1.0,0,0,0
61,1,127841.0,2,13.4,3,1,3,7,1,1.0,1,0,0
55,0,103264.0,1,60.0,1,2,3,9,1,3.0,1,0,0
35,0,73017.0,0,5.0,1,1,0,3,1,3.0,1,0,0
32,0,58625.0,1,5.0,1,2,5,6,0,5.0,1,0,1
68,1,30000.0,1,48.5,2,1,4,5,1,1.0,0,0,0
47,0,49667.0,2,52.5,2,2,13,9,0,4.0,1,0,1
68,1,65801.0,1,12.7,2,1,0,8,1,4.0,1,0,0
33,1,121255.0,2,68.6,4,2,7,11,0,1.0,0,0,0
31,0,125050.0,2,48.9,3,2,4,14,1,4.0,0,0,0
39,0,35198.0,2,26.0,3,1,11,6,1,5.0,0,0,0
30,0,30000.0,2,45.0,4,2,13,11,1,5.0,0,0,0
55,1,115679.0,1,27.7,2,3,7,3,1,3.0,0,0,0
36,1,30000.0,2,40.7,1,2,13,5,0,3.0,1,0,0
39,1,64839.0,1,18.5,3,2,0,3,0,3.0,0,1,0
47,1,30000.0,1,44.5,1,2,0,5,0,1.0,1,1,0
56,1,140078.0,1,16.4,1,1,7,4,1,3.0,0,0,0
42,0,88765.0,1,54.2,2,1,3,1,1,4.0,1,0,0
33,1,84758.0,1,12.2,1,2,6,9,1,1.0,1,0,0
36,1,74555.0,1,39.5,1,1,4,2,0,3.0,0,1,0
47,1,143725.0,2,53.4,1,1,8,8,0,4.0,0,1,0
45,1,30000.0,1,46.2,2,2,1,2,1,3.0,1,0,0
56,1,68980.0,2,63.3,1,2,9,18,1,2.0,1,0,0
48,0,96030.0,1,5.0,2,2,2,7,1,1.0,1,0,0
43,1,89203.0,2,65.1,2,0,5,14,0,4.0,0,0,0
52,1,30000.0,1,49.6,3,3,1,1,1,3.0,1,0,0
46,0,82095.0,0,106.0,2,1,2,2,1,5.0,1,0,0
58,0,42442.0,2,44.8,2,0,4,5,0,4.0,1,1,0
47,1,66175.0,2,41.8,3,1,4,10,0,1.0,0,1,0
46,0,30000.0,1,28.8,1,2,2,2,1,5.0,1,0,1
29,1,115756.0,1,42.9,2,1,3,8,1,3.0,0,0,0
58,0,73320.0,0,41.4,2,2,2,1,1,1.0,0,0,0
29,1,67470.0,0,50.3,2,2,2,2,1,3.0,0,0,0
46,0,80596.0,0,29.0,1,1,2,1,1,2.0,1,0,0
29,0,61616.0,2,33.3,2,2,14,9,1,1.0,0,0,0
67,1,77010.0,1,43.1,1,2,5,9,1,2.0,0,0,0
60,1,102310.0,0,5.0,3,3,0,0,1,5.0,1,0,1
60,0,48465.0,2,59.8,2,1,12,3,0,4.0,1,1,0
33,0,119349.0,2,73.0,3,0,6,19,0,5.0,0,0,0
61,1,56888.0,2,69.1,2,2,5,11,1,2.0,0,0,0
38,0,102189.0,1,6.0,1,2,2,8,1,5.0,0,0,0
65,0,44233.0,2,22.4,1,2,7,19,0,4.0,0,1,0
36,1,59713.0,0,76.5,2,2,1,2,1,4.0,1,0,0
62,0,130126.0,2,5.0,2,2,7,5,1,4.0,0,0,0
47,0,53172.0,2,19.6,1,3,10,9,0,5.0,1,1,0
56,0,31281.0,2,42.8,1,0,2,16,0,5.0,1,0,0
63,0,62127.0,2,51.9,2,3,4,13,0,5.0,1,0,0
43,0,30000.0,0,7.5,3,3,2,3,1,2.0,0,0,0
42,2,117149.0,0,55.7,1,1,0,1,1,1.0,1,0,0
45,1,58311.0,2,64.8,2,0,9,4,0,2.0,1,1,0
33,2,56046.0,1,45.9,2,2,6,6,0,4.0,1,1,0
37,1,107306.0,1,74.2,1,3,4,9,1,3.0,0,0,0
36,0,99319.0,0,82.1,1,2,1,1,1,2.0,0,0,0
34,0,108979.0,2,30.4,1,0,5,15,0,2.0,0,0,0
47,0,72638.0,2,5.0,2,2,2,11,0,4.0,1,0,0
31,0,76983.0,2,43.9,4,2,3,10,1,4.0,1,0,0
51,1,112216.0,0,31.6,2,3,2,3,1,1.0,1,0,0
46,0,111097.0,2,25.3,1,2,13,14,1,3.0,0,0,0
61,1,112446.0,0,20.0,1,2,1,1,1,4.0,1,0,1
45,2,47756.0,2,31.1,1,0,9,13,0,4.0,0,1,0
35,0,95059.0,2,63.2,3,1,3,4,1,2.0,1,0,0
29,0,30000.0,1,34.6,2,3,6,6,0,4.0,1,1,1
34,0,152848.0,0,43.2,2,1,2,3,1,3.0,0,0,0
65,1,33178.0,0,34.8,2,1,2,3,1,2.0,0,0,0
55,1,30000.0,2,66.8,3,3,10,15,0,2.0,1,1,0
39,1,174000.0,0,5.0,1,2,0,1,1,4.0,1,0,1
41,1,110625.0,0,22.3,2,1,1,0,1,1.0,1,0,0
41,1,45264.0,1,46.0,1,0,1,4,0,5.0,1,0,0
41,1,82903.0,0,49.0,2,1,2,1,1,3.0,1,0,0
33,1,84578.0,2,15.5,2,2,7,14,1,5.0,1,0,1
48,1,63930.0,2,106.0,2,2,8,16,0,3.0,0,0,0
61,1,30000.0,1,27.7,1,2,5,1,0,4.0,1,1,0
58,1,92085.0,1,5.0,3,2,7,4,0,3.0,1,0,1
67,2,116092.0,2,5.0,3,1,6,5,0,5.0,0,0,0
54,1,104267.0,1,61.3,1,0,0,6,1,2.0,0,0,0
30,0,34824.0,0,9.7,1,1,1,3,1,1.0,1,0,0
57,0,85156.0,1,80.7,1,1,4,5,1,1.0,1,0,0
69,1,101938.0,1,38.3,1,2,7,3,1,4.0,0,0,0
36,1,104792.0,1,50.9,3,2,7,8,1,3.0,0,0,0
47,1,70864.0,2,41.9,1,1,12,9,0,1.0,1,0,0
37,1,136410.0,2,41.1,1,1,11,5,0,5.0,1,0,1
39,0,84287.0,2,54.4,2,2,12,14,1,4.0,1,0,1
46,0,64927.0,0,22.7,1,2,1,3,1,5.0,0,0,1
64,1,49989.0,2,86.6,1,1,2,10,0,4.0,1,1,1
35,0,74195.0,1,59.6,2,2,6,3,1,5.0,0,0,0
53,1,104642.0,2,42.5,2,2,8,19,0,5.0,1,0,1
44,0,73913.0,2,38.1,2,0,11,16,0,4.0,1,1,0
54,1,124992.0,1,63.4,3,1,4,4,0,5.0,1,2,0
46,1,64018.0,1,68.6,2,0,5,9,0,1.0,0,1,0
48,1,73513.0,1,39.1,1,1,2,3,1,2.0,0,0,0
45,0,68835.0,2,57.4,2,2,10,15,0,5.0,0,0,0
36,1,133585.0,2,64.2,2,1,6,19,0,2.0,1,0,0
51,0,83506.0,2,31.2,3,2,4,12,1,1.0,0,0,0
30,1,66325.0,1,31.1,2,3,4,3,1,5.0,0,0,1
56,1,56267.0,2,84.1,2,2,5,10,0,5.0,0,1,0
48,1,95467.0,2,5.0,2,1,7,17,0,2.0,1,0,0
59,0,117742.0,0,5.0,1,2,0,0,1,4.0,1,0,0
48,0,65790.0,2,80.8,1,1,3,16,1,4.0,1,0,0
66,0,46805.0,1,41.75,1,1,3,4,0,1.0,0,0,0
27,1,94000.0,2,89.5,1,2,4,6,1,5.0,1,0,0
65,1,43514.0,0,55.4,3,2,1,3,1,4.0,1,0,1
44,1,97265.0,2,53.9,1,0,9,14,1,4.0,1,0,1
41,0,95452.0,2,52.2,2,1,4,8,1,2.0,0,0,0
52,0,55333.0,1,5.0,1,2,6,7,1,2.0,0,0,0
26,0,68480.0,2,34.2,2,3,12,4,1,3.0,1,0,1
49,1,49710.0,2,47.5,1,1,14,4,0,4.0,1,1,0
58,1,47109.0,2,46.6,3,2,10,14,1,1.0,1,0,0
44,0,95945.0,1,79.7,1,3,3,6,0,3.0,0,1,0
26,0,68493.0,1,34.7,3,1,7,2,1,3.0,0,0,0
31,1,84287.0,2,27.6,2,1,4,3,0,4.0,0,1,0
43,0,133945.0,2,18.9,2,2,8,7,0,5.0,1,0,1
55,1,91489.0,2,46.1,2,2,6,17,0,4.0,0,0,0
55,0,99433.0,2,36.8,1,1,2,14,1,1.0,1,0,0
61,1,84906.0,2,45.6,3,1,10,10,0,4.0,1,0,0
39,2,112538.0,2,5.0,2,1,13,14,0,3.0,1,0,0
50,2,56605.0,1,11.6,1,1,2,9,1,4.0,1,0,0
36,0,66703.0,2,89.6,2,3,5,8,1,5.0,0,0,0
33,1,83210.0,2,42.0,3,1,9,17,0,2.0,1,0,0
41,0,141817.0,2,5.0,2,2,12,5,0,2.0,1,0,0
36,1,54550.0,0,64.3,3,1,1,3,1,4.0,1,1,0
26,0,111348.0,2,10.4,1,3,2,12,0,4.0,1,1,0
55,0,84853.0,1,50.3,2,2,5,8,1,4.0,1,0,1
38,1,112229.0,0,16.1,3,3,2,1,0,4.0,1,1,1
35,0,122675.0,2,10.2,2,2,5,7,1,3.0,1,0,0
61,1,108032.0,2,47.1,2,3,11,4,0,2.0,1,1,0
33,1,52331.0,1,41.7,1,1,1,7,1,5.0,1,0,1
34,0,65113.0,2,43.5,2,0,2,11,1,5.0,0,0,0
59,1,34315.0,2,39.8,2,2,14,5,0,4.0,1,0,0
67,1,99501.0,1,21.7,1,1,4,2,1,5.0,0,0,0
51,2,73469.0,1,49.2,1,3,3,6,1,3.0,0,0,0
25,2,86018.0,0,66.6,1,1,2,0,1,4.0,1,0,0
43,0,101075.0,2,11.4,2,2,10,12,0,5.0,0,0,0
37,1,63532.0,2,36.0,2,1,8,16,0,2.0,1,0,0
69,0,115480.0,1,5.5,3,2,1,7,1,5.0,1,0,1
32,0,73365.0,2,68.2,2,0,5,7,0,1.0,0,0,0
54,0,122347.0,1,52.4,2,1,7,9,0,1.0,1,0,0
45,0,45137.0,2,75.6,2,2,6,12,0,2.0,0,1,0
65,0,116090.0,1,38.8,1,0,0,1,1,3.0,0,0,0
35,2,75102.0,0,77.2,2,2,1,2,1,3.0,0,0,0
54,1,112483.0,2,66.7,1,3,12,19,0,2.0,1,0,0
53,0,94564.0,0,42.0,3,1,2,2,1,3.0,0,0,0
52,1,113688.0,0,16.8,3,2,0,0,1,5.0,1,0,1
30,0,89144.0,0,62.4,1,0,1,1,1,1.0,1,0,0
68,1,78476.0,1,19.8,3,1,5,2,0,4.0,1,1,0
46,1,118203.0,2,12.6,1,2,6,8,1,3.0,1,0,1
45,1,96437.0,1,58.2,3,2,7,9,1,1.0,0,0,0
62,0,120122.0,1,45.4,2,1,5,2,1,3.0,0,0,0
38,1,67790.0,1,40.849999999999994,1,2,7,1,1,4.0,1,0,1
56,1,74176.0,2,38.8,3,2,14,11,0,2.0,0,0,0
34,1,84906.0,2,40.6,3,2,7,19,0,4.0,0,0,0
63,1,103918.0,0,72.8,4,1,2,3,1,4.0,1,0,1
56,0,68886.0,2,5.0,2,1,3,6,0,3.0,1,1,0
53,0,87942.0,2,75.4,1,3,10,11,0,3.0,1,0,0
29,1,40952.0,2,94.1,1,3,12,18,0,2.0,1,0,0
34,1,79817.0,1,24.9,2,2,2,8,0,2.0,1,0,0
68,0,59796.0,0,62.5,1,2,0,1,1,2.0,0,0,0
35,0,41479.0,0,74.2,2,3,2,0,1,1.0,1,1,0
50,0,126882.0,1,55.9,2,1,5,8,1,2.0,0,0,0
60,0,140983.0,2,32.3,3,0,12,13,1,4.0,1,0,1
50,0,105162.0,2,5.0,1,2,6,10,1,5.0,0,0,0
34,1,30000.0,1,54.5,2,3,5,2,1,2.0,1,0,1
37,1,87138.0,1,16.1,1,2,3,5,1,4.0,1,0,1
68,1,45615.0,0,29.8,4,2,1,0,1,5.0,0,0,0
46,0,56522.0,1,29.7,1,2,3,7,1,2.0,1,0,0
38,1,102594.0,1,24.1,3,0,1,8,1,3.0,1,0,0
37,1,30000.0,2,69.8,1,0,5,15,1,1.0,1,0,0
64,0,72708.0,1,58.1,2,3,1,5,1,5.0,1,0,1
62,0,58087.0,1,5.0,2,2,7,4,0,1.0,0,0,0
40,1,30000.0,1,22.2,2,2,5,4,1,2.0,1,0,0
43,1,89194.0,2,43.7,2,2,4,18,0,1.0,0,0,0
49,0,95234.0,1,38.1,1,2,7,6,1,4.0,1,0,1
49,2,58964.0,1,34.8,2,1,6,3,1,4.0,1,0,0
49,0,74834.0,1,48.5,2,2,4,7,1,4.0,1,0,0
31,0,132139.0,2,38.8,1,1,5,16,0,2.0,0,0,0
38,0,65871.0,1,51.2,2,2,3,6,1,5.0,0,0,0
33,0,125241.0,1,55.0,2,2,2,1,0,3.0,0,2,0
55,1,137386.0,2,5.0,4,1,12,16,1,4.0,0,0,0
42,1,103613.0,1,24.6,3,1,3,3,0,5.0,0,1,0
59,1,73285.0,1,39.7,3,2,5,4,1,1.0,0,0,0
50,1,108985.0,2,26.3,1,1,12,9,0,4.0,0,1,0
55,0,97054.0,0,19.5,1,0,1,3,1,3.0,1,0,0
44,1,69965.0,2,23.1,1,0,3,11,1,3.0,1,0,0
40,0,84287.0,1,60.3,2,1,7,6,1,3.0,1,0,0
56,0,84287.0,2,12.4,2,2,9,19,1,1.0,0,0,0
65,0,82801.0,0,40.4,1,1,2,0,1,1.0,1,0,0
36,1,76040.0,2,25.6,2,2,7,5,0,1.0,0,1,0
56,0,83634.0,2,55.9,2,3,11,14,1,1.0,1,0,0
27,0,90047.0,1,22.7,1,2,1,6,0,2.0,0,0,0
33,0,72317.0,2,62.1,3,1,3,14,0,5.0,0,0,0
29,0,127954.0,2,56.4,2,1,12,3,1,5.0,1,0,1
38,0,71650.0,0,5.0,1,1,2,3,1,3.0,0,0,0
36,1,30000.0,0,88.7,1,2,0,0,1,4.0,1,0,0
69,1,49456.0,2,72.8,1,2,6,17,0,3.0,1,1,0
58,1,60806.0,2,77.6,4,2,14,11,1,4.0,0,0,0
29,0,64775.0,2,75.9,2,3,3,14,0,1.0,1,1,0
54,1,88625.0,1,63.9,2,1,6,1,1,1.0,1,0,0
49,1,32739.0,1,16.9,2,2,2,8,1,1.0,1,0,0
57,0,71020.0,2,20.7,1,2,11,19,1,3.0,1,0,0
26,1,40394.0,1,29.8,2,2,5,6,1,2.0,1,0,1
65,1,65679.0,2,48.2,1,2,14,3,0,5.0,0,0,0
49,1,43613.0,1,26.2,3,0,7,3,1,4.0,0,0,0
56,0,56185.0,0,54.8,2,1,2,3,1,5.0,1,0,1
60,0,75906.0,2,10.6,3,1,2,12,0,5.0,1,0,1
27,0,64208.0,1,5.0,2,1,6,4,1,5.0,1,0,1
58,0,32796.0,0,9.2,1,2,2,2,0,1.0,0,1,0
37,1,74948.0,2,29.6,4,2,6,8,1,2.0,0,0,0
54,0,95663.0,0,48.9,1,2,2,2,1,2.0,0,0,0
60,1,90541.0,2,40.4,1,2,3,12,0,3.0,1,0,0
49,1,82645.0,2,53.7,1,1,5,17,1,5.0,1,0,0
36,1,64287.0,2,14.6,1,0,10,13,0,2.0,0,0,0
64,0,61117.0,2,54.1,3,2,3,3,1,4.0,1,0,0
33,2,100664.0,2,46.7,2,2,11,16,0,2.0,1,0,0
28,1,131788.0,1,51.6,2,3,5,7,1,1.0,0,0,0
44,1,99224.0,2,59.9,3,2,11,4,1,3.0,1,0,0
61,0,41796.0,1,91.0,1,1,1,9,1,5.0,0,0,0
44,1,34952.0,2,15.0,2,2,14,12,0,5.0,1,0,0
42,0,112555.0,1,5.0,2,2,3,6,1,5.0,1,0,0
50,1,61007.0,2,10.6,2,2,10,17,1,3.0,0,0,0
27,1,75734.0,1,33.2,2,2,1,2,1,3.0,0,0,0
54,0,74208.0,1,13.7,2,1,3,2,1,5.0,1,0,1
26,1,68548.0,2,17.8,2,2,6,12,0,4.0,0,0,0
57,1,67764.0,0,26.9,1,1,2,0,1,4.0,0,0,0
55,0,122278.0,1,27.2,4,2,3,3,1,5.0,0,0,0
53,0,112035.0,2,37.5,3,2,2,18,1,1.0,1,0,1
69,1,111245.0,2,68.2,3,1,10,19,0,1.0,1,0,0
63,0,64902.0,1,72.1,2,1,3,6,1,4.0,0,0,0
43,0,91159.0,0,5.0,2,1,2,0,1,5.0,0,0,0
35,1,91100.0,1,33.4,2,1,7,2,1,2.0,1,0,0
44,1,118626.0,1,38.3,4,3,5,2,1,5.0,0,0,0
67,1,41571.0,1,38.95,3,1,5,6,0,1.0,0,0,0
41,0,74592.0,1,23.5,1,1,1,7,1,1.0,1,0,0
69,1,82988.0,1,90.3,1,3,5,1,1,3.0,1,0,0
30,1,108619.0,2,33.8,2,2,2,4,0,4.0,1,1,0
29,1,119309.0,1,30.5,1,0,7,7,1,3.0,1,0,0
53,0,128480.0,2,5.0,2,1,7,5,0,5.0,0,0,0
52,1,112211.0,2,47.3,2,2,6,8,0,4.0,1,1,0
48,1,106022.0,2,80.5,2,2,11,8,1,4.0,1,0,1
62,1,135246.0,1,5.0,1,1,5,4,1,3.0,0,0,0
36,0,77563.0,2,16.2,1,1,10,6,1,3.0,1,0,0
28,1,68652.0,0,52.3,1,1,2,3,0,3.0,1,1,0
42,1,105455.0,2,5.0,2,2,6,6,0,3.0,0,0,0
48,1,121711.0,2,30.2,1,1,7,18,1,1.0,1,0,0
67,0,65160.0,2,49.2,1,1,3,7,0,2.0,1,0,0
54,0,85629.0,1,37.2,2,0,7,2,1,5.0,0,0,0
51,1,102751.0,0,59.1,2,2,2,0,0,1.0,1,2,0
44,0,118145.0,1,51.6,3,2,5,2,1,3.0,0,0,0
66,1,55219.0,1,5.0,3,1,6,6,1,5.0,1,0,0
44,1,121461.0,2,57.4,1,1,4,14,0,3.0,1,0,0
25,1,75677.0,1,52.1,2,1,7,4,0,3.0,1,0,0
36,1,94263.0,1,49.5,1,3,6,8,1,2.0,1,0,0
51,1,130973.0,2,37.25,2,0,5,8,1,3.0,1,0,0
61,1,35890.0,2,12.5,1,1,3,3,0,2.0,1,1,0
59,1,97099.0,2,24.2,2,0,9,4,0,5.0,0,0,0
31,0,137855.0,2,54.0,2,1,8,12,1,4.0,0,0,0
25,1,82388.0,1,33.6,3,2,1,1,0,4.0,1,2,0
52,0,117244.0,1,27.7,1,2,6,5,0,2.0,0,0,0
53,0,30000.0,2,70.6,3,2,7,11,0,3.0,1,1,0
45,0,110152.0,1,5.0,1,0,4,6,1,1.0,1,0,0
69,0,148722.0,2,31.0,1,0,10,17,1,5.0,1,0,1
69,0,153810.0,2,49.9,2,3,3,3,0,5.0,1,1,1
65,1,56008.0,0,30.2,2,2,0,0,1,5.0,0,0,0
37,1,77776.0,2,36.3,1,1,11,18,1,3.0,1,0,0
32,0,91560.0,2,31.0,2,3,13,14,0,4.0,1,0,0
34,0,134770.0,2,22.0,2,2,5,12,1,1.0,1,0,0
57,1,64032.0,1,59.5,3,0,4,8,0,3.0,1,1,0
33,1,99234.0,1,62.0,4,0,3,2,1,2.0,0,0,0
59,0,51779.0,2,81.3,1,1,3,4,1,3.0,1,0,1
49,0,84758.0,1,77.4,1,1,4,9,1,2.0,0,0,0
39,1,75488.0,2,6.6,1,2,2,10,1,3.0,0,0,0
56,0,109777.0,2,88.3,1,0,4,6,0,4.0,0,2,0
46,1,139104.0,0,5.0,1,2,1,2,1,2.0,1,0,0
26,1,79207.0,1,18.6,2,1,3,7,1,4.0,0,0,0
41,0,72092.0,1,49.3,1,3,5,3,1,1.0,1,0,0
30,1,77378.0,2,45.4,1,2,7,17,1,3.0,1,0,0
37,1,85338.0,2,5.0,2,0,6,19,0,4.0,0,0,0
42,1,96664.0,1,56.2,1,1,6,7,1,2.0,1,0,0
27,1,138854.0,1,31.3,2,1,2,6,1,3.0,1,0,0
36,0,45401.0,2,35.9,2,0,8,12,0,5.0,1,0,1
43,2,84715.0,0,27.2,2,1,2,3,1,1.0,0,0,0
64,0,42605.0,2,5.6,2,1,10,9,0,3.0,1,0,0
67,1,89571.0,2,16.1,2,3,13,13,0,2.0,1,0,0
36,0,77959.0,1,38.4,1,1,6,9,1,3.0,1,0,0
49,0,117119.0,2,33.7,1,3,13,3,1,3.0,0,0,0
49,1,85227.0,2,74.4,1,1,2,5,0,5.0,0,1,0
36,1,62847.0,2,68.9,2,2,7,9,0,1.0,0,2,0
55,1,80496.0,2,32.4,1,1,6,5,0,3.0,1,0,0
68,1,47061.0,2,5.0,1,1,2,16,1,1.0,1,0,0
31,1,96990.0,2,21.7,2,2,9,9,0,3.0,0,0,0
27,1,93059.0,0,43.5,1,1,0,3,1,4.0,0,0,0
69,0,91104.0,1,45.8,1,0,4,4,1,1.0,0,0,0
37,0,92677.0,1,26.7,2,1,7,4,1,4.0,1,0,1
63,0,48183.0,1,46.0,2,2,7,4,1,1.0,0,0,0
41,1,105621.0,2,55.4,1,1,14,14,0,1.0,0,0,0
35,1,89605.0,2,5.0,2,3,7,7,0,2.0,1,0,0
69,0,121896.0,2,24.5,1,2,9,12,0,4.0,0,1,0
50,0,84033.0,1,86.7,2,2,6,4,1,4.0,1,0,1
36,1,91882.0,2,33.2,3,1,14,18,1,3.0,1,0,1
41,1,71887.0,2,64.8,2,2,5,13,0,2.0,1,0,0
51,0,108239.0,1,31.7,4,0,6,4,1,5.0,0,0,0
52,0,94848.0,1,36.1,2,2,2,9,1,1.0,1,0,0
34,0,75072.0,1,66.7,3,2,1,2,1,5.0,0,1,0
34,1,47788.0,2,61.5,2,3,14,7,0,2.0,1,1,0
68,0,122412.0,2,7.4,1,2,14,16,1,4.0,1,0,0
57,0,40314.0,0,21.4,4,2,1,0,1,3.0,1,0,0
62,0,105851.0,2,35.2,1,2,13,11,0,4.0,0,0,0
31,1,45625.0,2,75.6,1,0,12,7,0,4.0,0,0,0
41,0,84584.0,2,13.9,1,0,2,16,1,1.0,1,0,0
55,1,99406.0,2,69.1,3,2,5,14,0,5.0,1,0,1
63,1,52517.0,1,20.4,1,1,4,3,0,5.0,1,1,0
29,0,127549.0,1,47.1,1,2,3,5,0,3.0,0,1,0
69,1,92372.0,2,5.0,3,2,6,10,1,3.0,0,0,0
64,1,133856.0,2,5.0,2,2,3,18,0,2.0,0,0,0
39,1,123547.0,1,33.0,2,3,4,1,1,2.0,0,0,0
41,1,105580.0,2,19.0,2,2,11,19,1,1.0,1,0,0
25,0,114593.0,2,54.8,2,2,11,6,1,2.0,1,0,0
56,1,68421.0,1,53.1,2,1,6,2,1,2.0,1,0,0
56,0,66542.0,0,28.3,1,0,1,0,1,1.0,0,0,0
67,0,80264.0,1,46.8,4,2,6,3,1,5.0,1,0,1
57,0,84758.0,2,31.4,1,1,7,12,0,3.0,1,0,0
26,2,96308.0,2,50.3,3,1,11,4,1,5.0,1,0,1
59,1,105049.0,0,65.5,1,1,0,1,0,2.0,0,2,0
47,1,136397.0,2,25.5,3,2,6,15,0,5.0,1,1,0
65,0,103132.0,2,106.0,1,2,9,9,0,4.0,0,1,0
26,0,126691.0,1,103.2,4,2,0,1,0,3.0,0,2,0
64,0,96793.0,2,14.9,2,1,9,4,1,2.0,0,0,0
51,0,30000.0,0,5.0,2,1,2,3,1,4.0,0,0,0
49,1,47150.0,1,12.9,1,2,1,6,1,5.0,1,0,0
43,0,30000.0,2,20.2,1,0,4,15,1,4.0,1,0,0
36,1,30000.0,2,38.7,1,1,8,12,0,5.0,1,1,0
34,0,43791.0,0,20.9,1,2,0,1,1,3.0,0,0,0
66,1,79078.0,2,34.9,1,2,5,10,0,4.0,1,0,0
34,0,65862.0,2,70.8,3,3,10,16,0,4.0,0,0,0
47,1,55675.0,1,79.0,1,1,3,3,1,5.0,1,0,1
62,0,106984.0,1,58.1,2,2,1,1,1,4.0,1,0,0
62,1,30000.0,2,51.8,1,3,6,8,1,1.0,1,0,0
35,1,61420.0,0,5.8,1,2,1,3,1,4.0,1,0,0
60,1,61890.0,2,73.9,4,1,6,14,1,4.0,1,0,1
29,0,111375.0,2,48.7,1,0,14,19,0,1.0,1,0,0
61,0,59444.0,2,41.05,3,1,13,17,0,3.0,1,0,0
66,1,76798.0,1,5.3,3,0,6,2,0,3.0,0,1,0
50,1,156697.0,2,58.3,1,2,12,3,0,3.0,1,0,0
38,0,133785.0,1,5.0,2,2,1,5,0,5.0,1,0,0
53,1,49772.0,1,62.3,1,2,7,3,1,4.0,1,0,1
35,1,69898.0,0,5.0,2,3,2,0,1,5.0,1,0,1
66,1,109061.0,2,106.0,3,2,6,9,0,2.0,1,1,0
66,1,106288.0,1,91.9,1,0,6,7,0,3.0,0,1,0
36,0,95079.0,2,48.1,2,2,9,4,0,1.0,0,0,0
30,0,91258.0,2,5.0,4,1,8,12,0,1.0,1,0,0
68,1,95099.0,1,30.6,2,1,2,6,1,5.0,0,0,0
50,1,30000.0,2,5.0,2,0,2,4,0,2.0,1,1,0
69,1,44073.0,1,38.3,3,2,1,6,0,2.0,0,1,0
35,0,123744.0,1,17.4,1,2,7,4,1,1.0,0,0,0
29,1,85214.0,0,5.0,2,1,2,2,1,3.0,0,0,0
37,1,30000.0,2,5.0,2,3,6,15,0,2.0,1,0,0
52,1,136536.0,2,46.4,2,1,7,11,1,1.0,1,0,0
58,0,99421.0,2,34.9,2,0,4,3,1,3.0,1,0,0
36,1,74361.0,2,73.3,1,1,6,18,0,5.0,1,0,1
58,0,72876.0,2,43.3,1,1,9,18,1,3.0,1,0,0
60,0,93517.0,2,54.0,2,0,11,14,0,2.0,1,0,0
44,0,43685.0,1,53.5,1,1,7,7,0,2.0,1,1,0
47,0,77090.0,1,5.0,1,2,3,1,0,2.0,0,1,0
53,1,70879.0,2,5.0,2,1,6,14,0,4.0,0,0,0
32,1,84287.0,2,72.9,2,2,11,4,0,3.0,1,0,0
60,2,93364.0,2,48.1,2,2,9,15,0,4.0,1,0,0
60,0,96588.0,2,16.3,2,1,14,5,0,3.0,1,0,1
35,0,96111.0,2,43.5,1,1,5,18,0,3.0,1,0,1
54,0,84582.0,1,76.3,1,1,4,8,1,4.0,1,0,0
58,0,134439.0,2,50.8,2,1,2,9,0,2.0,1,0,0
65,0,100814.0,2,22.6,2,2,10,9,1,2.0,1,0,0
40,0,136790.0,1,40.0,3,2,3,6,1,3.0,0,0,0
60,0,81533.0,2,27.4,2,1,7,5,1,3.0,0,0,0
64,0,113030.0,1,54.4,2,2,7,6,0,5.0,0,1,0
50,0,30000.0,1,20.4,2,1,6,8,1,4.0,0,0,0
68,1,30000.0,0,26.6,1,2,0,3,1,1.0,1,0,0
50,1,85815.0,1,11.0,3,2,3,1,1,3.0,0,0,0
44,0,70921.0,1,40.3,4,1,1,7,1,5.0,1,0,1
51,2,61760.0,2,33.6,1,1,14,6,0,5.0,1,0,0
40,1,53441.0,1,5.0,1,1,4,6,1,5.0,1,0,1
25,0,40731.0,1,24.6,2,2,5,6,1,4.0,0,0,0
56,0,148479.0,2,27.2,3,0,3,15,0,4.0,1,0,0
49,1,91169.0,1,36.3,1,1,0,6,1,4.0,1,0,1
40,0,93175.0,1,55.8,2,2,5,4,0,4.0,0,0,0
56,0,119746.0,1,50.4,4,2,4,7,1,2.0,1,0,0
43,1,103104.0,1,59.5,1,2,7,9,1,4.0,1,0,1
52,0,153045.0,2,42.3,2,2,6,9,1,1.0,0,0,0
59,1,101328.0,1,63.9,1,1,3,5,1,5.0,0,0,0
67,0,84287.0,1,29.0,2,2,0,3,1,4.0,0,0,0
41,0,79144.0,2,51.0,2,1,10,5,1,4.0,1,0,1
68,0,83298.0,1,52.4,3,1,4,4,1,3.0,1,0,0
61,1,98837.0,2,62.4,1,0,5,15,0,3.0,1,1,0
32,1,104991.0,2,50.7,1,2,11,15,1,3.0,0,0,0
27,0,130506.0,1,47.6,2,1,0,4,0,3.0,1,1,0
27,1,78047.0,2,33.6,2,1,14,8,0,4.0,1,0,0
51,0,99351.0,2,81.5,3,2,7,16,1,5.0,0,0,0
66,0,131513.0,2,56.1,2,0,10,8,0,4.0,0,2,0
58,1,138386.0,1,29.6,1,1,7,8,1,2.0,0,0,0
50,1,94510.0,0,21.7,3,0,2,2,1,3.0,1,0,0
47,1,76125.0,1,94.9,1,1,7,7,1,5.0,0,0,0
62,0,77288.0,2,60.0,2,2,5,5,0,1.0,1,1,0
52,1,119299.0,2,25.2,3,1,2,12,0,1.0,0,1,0
63,1,59221.0,1,60.2,2,0,6,3,1,1.0,1,0,0
27,1,40588.0,2,65.9,4,1,4,17,1,3.0,1,0,0
26,0,78362.0,2,54.5,2,1,7,9,0,4.0,0,0,0
60,0,174000.0,2,16.0,2,1,4,16,0,1.0,0,0,0
25,1,63791.0,2,46.9,1,2,11,11,0,1.0,1,1,0
52,1,68580.0,2,58.7,1,0,6,13,0,4.0,1,1,0
47,0,64151.0,2,42.7,1,2,12,5,0,2.0,1,0,0
68,0,83282.0,0,20.6,3,2,1,1,1,1.0,1,0,0
37,1,55767.0,1,22.5,2,2,4,2,1,4.0,1,0,0
49,0,107778.0,2,57.2,1,0,11,7,1,1.0,1,0,0
57,1,132174.0,1,43.5,3,1,1,3,1,5.0,1,0,1
31,0,81245.0,2,37.6,3,1,9,17,0,1.0,1,1,0
43,0,91880.0,2,83.8,1,1,9,10,0,3.0,1,2,0
67,1,75163.0,2,27.0,1,1,3,6,0,3.0,1,1,0
45,0,116240.0,2,44.5,2,2,6,7,1,1.0,1,0,0
49,0,94855.0,2,35.2,1,1,9,12,1,2.0,0,0,0
25,1,101868.0,2,46.2,1,1,6,14,0,4.0,0,0,0
29,1,84758.0,2,88.9,1,2,6,9,0,2.0,0,0,0
39,1,155860.0,0,77.9,3,2,1,2,1,5.0,0,0,1
53,1,90601.0,2,41.7,2,2,5,5,0,4.0,1,0,1
65,2,94251.0,2,91.1,4,1,5,9,1,2.0,1,0,0
55,0,111684.0,2,50.9,3,1,11,16,1,4.0,1,0,1
28,0,111446.0,0,5.0,2,2,0,1,1,3.0,1,0,1
43,0,78272.0,2,42.2,2,0,7,4,1,5.0,1,0,1
38,1,107329.0,0,57.5,1,1,0,3,1,1.0,0,0,0
43,1,152850.0,1,37.0,2,0,3,8,1,5.0,1,0,1
28,0,59507.0,2,29.1,1,2,3,16,0,2.0,0,0,0
28,0,59873.0,2,31.3,1,2,2,14,0,1.0,1,0,0
34,1,172045.0,1,59.7,3,0,2,8,1,3.0,0,0,0
43,1,30000.0,2,29.6,2,2,5,15,0,5.0,1,0,1
40,0,174000.0,2,20.0,1,0,2,3,1,1.0,1,0,1
65,0,72439.0,2,58.8,2,2,7,12,1,4.0,0,0,0
40,0,60713.0,1,42.8,1,1,2,8,1,1.0,0,0,0
57,1,60386.0,2,48.2,2,2,9,5,0,1.0,1,0,0
30,1,121308.0,1,36.8,3,1,5,7,1,5.0,1,0,1
61,0,54202.0,0,8.5,3,2,2,3,1,5.0,0,0,0
57,1,36827.0,2,44.5,3,2,13,9,1,5.0,1,0,1
66,2,138063.0,2,8.1,2,1,9,15,0,3.0,1,0,0
47,2,61108.0,1,5.0,4,1,6,5,1,2.0,1,0,0
26,1,72969.0,2,11.8,2,2,11,6,1,2.0,1,0,0
61,1,88242.0,2,59.2,4,0,9,15,0,2.0,1,1,0
58,0,62217.0,2,28.3,4,2,11,10,0,4.0,0,0,0
59,0,84287.0,2,10.6,2,2,3,9,1,2.0,1,0,0
25,0,85048.0,2,25.5,3,2,6,10,1,3.0,1,0,0
27,1,124319.0,1,33.7,2,0,3,9,1,5.0,1,0,1
58,1,103933.0,2,39.3,1,2,9,5,1,3.0,0,0,0
47,1,83448.0,2,28.1,1,0,7,7,0,2.0,1,0,0
60,1,67024.0,2,26.1,1,2,5,11,1,4.0,0,0,0
30,0,61458.0,2,35.2,2,1,5,18,0,4.0,1,0,0
37,1,80366.0,2,61.6,2,1,9,3,0,3.0,0,1,0
68,0,55545.0,2,18.4,1,2,9,13,1,4.0,0,0,1
44,1,83295.0,2,57.2,1,2,5,19,0,4.0,0,0,0
42,1,147609.0,1,38.6,2,1,0,5,0,4.0,0,1,0
59,2,86563.0,0,39.4,3,2,2,3,1,2.0,1,0,0
47,0,41573.0,2,11.7,3,2,14,10,0,2.0,1,0,0
47,1,78056.0,2,57.5,2,1,6,4,1,5.0,0,0,0
64,1,118113.0,2,42.3,1,2,9,12,0,5.0,1,0,1
51,1,30000.0,2,74.8,1,2,10,13,1,2.0,1,0,0
63,1,96287.0,0,5.0,1,2,0,1,1,4.0,1,0,0
32,1,80880.0,1,5.0,1,2,4,5,1,3.0,0,0,0
35,1,142038.0,2,52.9,1,1,4,8,0,5.0,0,0,0
64,1,172528.0,1,68.7,2,0,5,9,1,2.0,0,0,0
41,0,84758.0,0,44.9,1,0,1,2,1,1.0,1,0,0
58,2,65412.0,0,42.7,2,2,2,3,1,3.0,0,0,0
58,1,126604.0,2,74.9,1,2,14,13,0,4.0,0,0,0
39,1,140861.0,2,88.8,2,1,3,17,0,4.0,1,0,1
45,1,86263.0,1,7.9,2,2,7,7,1,1.0,1,0,0
56,0,152831.0,2,52.7,3,2,2,19,0,4.0,0,1,0
48,1,120665.0,2,12.1,2,1,9,6,1,5.0,0,0,0
30,1,107752.0,2,54.6,2,2,11,9,0,2.0,1,0,0
31,0,133551.0,2,52.1,1,2,8,4,0,3.0,0,1,0
44,0,85213.0,0,47.6,2,2,1,2,1,2.0,1,0,0
63,1,57000.0,1,28.5,1,2,4,3,1,4.0,1,0,0
26,0,118623.0,2,57.0,1,1,6,12,0,2.0,1,1,0
43,1,46479.0,0,47.2,1,1,2,1,1,4.0,1,0,0
28,1,60474.0,1,26.8,1,1,1,8,0,5.0,1,1,0
49,0,75480.0,2,33.8,2,1,12,11,1,5.0,1,0,1
42,1,89033.0,1,69.0,1,1,6,1,1,2.0,0,1,0
54,0,118659.0,1,36.9,2,0,1,7,1,5.0,0,0,0
56,1,30000.0,1,44.3,2,1,5,8,1,2.0,1,0,0
35,0,82085.0,1,43.1,2,1,4,3,1,4.0,1,0,0
68,0,93857.0,1,56.4,1,1,3,8,1,2.0,1,0,0
58,0,56794.0,1,45.1,3,1,2,6,1,3.0,0,0,0
50,1,57215.0,0,12.9,2,2,2,2,1,5.0,0,0,0
35,1,65130.0,2,43.8,2,0,2,18,0,5.0,1,1,1
35,0,114747.0,2,38.8,1,1,11,12,0,2.0,1,0,0
49,1,62612.0,2,83.0,2,1,13,6,0,5.0,0,0,0
27,1,46404.0,2,63.4,1,1,12,12,1,4.0,0,0,0
30,0,106351.0,2,50.3,1,1,14,13,0,3.0,0,1,0
57,1,76684.0,0,52.8,2,2,1,1,1,5.0,0,0,0
44,0,75326.0,1,5.0,3,3,3,1,1,3.0,1,0,0
34,2,78529.0,1,25.8,1,3,6,5,1,2.0,0,0,0
45,1,59469.0,2,86.9,2,2,11,14,0,2.0,0,0,0
51,2,74121.0,1,61.8,2,0,4,8,1,4.0,1,0,1
47,1,30000.0,0,44.8,2,3,2,3,1,5.0,1,0,1
63,2,98876.0,1,8.5,3,2,3,9,1,2.0,1,0,0
59,1,84906.0,2,19.7,3,0,14,17,1,4.0,1,0,1
45,0,55099.0,2,5.0,2,1,11,14,0,3.0,1,0,0
67,1,67524.0,2,14.9,1,2,14,16,0,4.0,1,0,1
31,2,118925.0,2,90.6,1,3,14,8,1,1.0,1,0,0
65,1,53960.0,2,52.1,2,1,4,17,1,3.0,0,0,0
38,1,68152.0,1,33.9,1,3,4,7,1,1.0,0,0,0
46,1,95171.0,1,15.7,1,2,4,3,1,1.0,1,0,0
31,1,95632.0,1,37.7,1,3,5,1,1,3.0,1,0,1
28,0,87417.0,1,13.5,2,0,4,8,0,2.0,1,0,0
59,0,38824.0,1,36.8,1,0,6,7,1,4.0,1,0,0
39,0,112881.0,2,77.2,2,0,14,10,0,4.0,0,0,0
39,0,144639.0,1,39.2,2,1,7,9,1,1.0,0,0,0
47,1,174000.0,1,15.3,2,2,5,2,0,1.0,1,0,1
33,0,84506.0,2,37.3,3,2,12,9,0,1.0,1,0,0
54,0,30000.0,2,11.2,1,3,5,9,0,1.0,1,1,0
40,1,63247.0,2,56.6,1,0,5,5,0,5.0,1,0,1
58,1,82699.0,2,51.9,2,2,4,8,1,1.0,1,0,0
45,1,93329.0,1,46.8,1,1,4,6,1,4.0,0,0,0
53,1,62072.0,2,43.4,3,2,4,16,0,2.0,0,1,0
65,1,145252.0,2,44.7,2,0,14,4,1,4.0,0,0,0
39,0,115303.0,0,5.0,3,2,0,0,1,2.0,1,0,0
33,0,73608.0,2,25.1,4,1,2,19,0,3.0,1,0,0
42,1,76740.0,2,68.1,2,0,13,11,0,3.0,0,0,0
40,0,43556.0,1,44.7,1,1,3,6,0,1.0,1,0,0
43,0,106263.0,2,5.0,3,2,4,13,0,2.0,1,0,1
66,1,40763.0,0,5.0,4,2,2,3,1,4.0,1,0,1
33,1,95555.0,1,27.6,1,2,5,7,0,4.0,0,0,0
58,0,101632.0,1,106.0,2,0,6,7,1,4.0,1,0,1
69,1,43457.0,2,5.0,4,3,11,9,1,1.0,1,0,0
61,0,123647.0,2,58.9,2,2,7,14,0,4.0,1,0,0
61,0,118678.0,2,23.7,2,2,8,5,0,2.0,0,1,0
60,1,79437.0,1,33.8,2,2,7,4,1,3.0,1,0,1
38,0,58051.0,2,59.3,2,3,11,4,0,3.0,0,0,0
52,0,118986.0,1,9.9,3,0,7,7,1,4.0,1,0,1
44,1,83536.0,1,61.5,2,1,7,2,1,5.0,1,0,1
28,0,55177.0,0,80.4,4,0,2,2,1,3.0,1,0,0
61,0,64089.0,1,30.2,2,1,3,8,1,2.0,1,0,1
56,0,94353.0,1,32.1,2,2,2,9,0,2.0,1,1,0
31,1,96109.0,1,53.3,2,1,6,8,1,3.0,1,0,1
36,1,103183.0,1,82.5,2,0,6,7,1,2.0,1,0,0
53,0,85326.0,2,47.9,2,3,14,6,0,3.0,0,1,0
47,1,81348.0,1,48.2,3,1,7,2,0,5.0,1,1,0
68,0,87775.0,2,42.7,3,2,11,15,1,5.0,1,0,0
63,1,48307.0,0,37.1,1,0,2,2,1,1.0,0,0,0
67,0,101714.0,1,5.0,1,0,4,2,1,4.0,0,0,0
47,2,89277.0,2,39.1,1,2,8,7,0,1.0,1,1,0
60,1,48722.0,1,71.4,2,1,1,6,1,3.0,1,0,0
40,1,119839.0,2,32.5,2,0,3,10,0,2.0,1,1,0
36,1,81408.0,1,37.6,2,2,2,9,1,2.0,0,0,0
26,2,56687.0,0,63.1,2,2,2,1,0,1.0,1,2,0
34,0,118735.0,0,55.6,1,2,2,1,1,1.0,1,0,0
28,0,79528.0,0,77.2,1,3,2,0,1,1.0,1,1,0
49,0,95010.0,1,11.8,2,2,5,8,1,5.0,1,0,0
30,0,105705.0,0,18.8,2,1,1,1,1,4.0,1,0,1
60,1,95966.0,2,55.2,1,0,11,7,1,1.0,1,0,0
37,0,107943.0,2,11.2,2,0,14,14,1,3.0,1,0,0
59,1,30000.0,2,51.8,1,2,7,15,1,1.0,0,0,0
57,1,63610.0,2,51.9,3,0,6,14,1,4.0,1,0,0
47,2,126271.0,2,55.9,2,1,4,4,1,2.0,1,0,0
48,1,110876.0,2,25.4,1,0,4,10,0,3.0,1,1,0
66,0,60651.0,0,5.0,2,1,2,0,1,4.0,1,0,0
42,1,144650.0,0,21.8,1,2,2,1,1,3.0,1,0,0
51,1,98935.0,1,46.0,2,2,6,3,1,3.0,1,0,0
49,0,113851.0,0,19.7,4,3,2,2,0,5.0,0,0,0
40,1,126358.0,1,5.8,1,2,2,3,1,1.0,1,0,0
50,0,124299.0,2,96.5,1,2,5,13,0,4.0,0,1,0
33,0,114469.0,1,25.5,2,0,6,4,0,3.0,1,1,0
55,1,104441.0,2,68.4,3,2,2,3,1,3.0,0,0,0
36,0,76389.0,0,36.8,1,1,0,1,1,5.0,1,0,1
39,1,130272.0,2,35.2,2,1,12,4,0,4.0,0,0,0
48,1,93085.0,2,39.1,1,1,3,19,0,4.0,0,0,0
64,0,49222.0,2,65.3,2,2,14,17,0,3.0,1,0,0
40,0,112215.0,0,12.9,2,1,0,1,1,2.0,0,0,0
36,0,100387.0,1,38.7,2,3,3,5,0,2.0,1,1,0
54,1,77862.0,2,67.4,1,0,9,5,0,2.0,0,1,0
38,0,118958.0,1,48.0,1,2,4,1,1,2.0,1,0,0
63,1,149435.0,1,29.0,3,1,2,9,0,1.0,1,1,0
46,0,94959.0,2,49.4,1,1,11,15,0,2.0,0,0,0
33,0,87106.0,1,5.0,2,2,5,6,1,4.0,1,0,0
49,1,101712.0,0,70.0,2,1,2,1,1,4.0,0,0,0
29,2,92141.0,1,42.8,1,2,2,2,1,4.0,0,0,0
35,0,78197.0,2,40.4,1,1,7,18,1,5.0,1,0,1
47,0,98870.0,0,24.2,3,2,2,3,1,5.0,0,0,0
29,1,93051.0,0,57.2,2,1,0,1,1,1.0,0,0,0
69,0,109254.0,1,44.7,1,2,0,9,0,1.0,1,0,0
39,0,136038.0,2,5.0,1,0,9,13,0,1.0,1,0,0
59,0,94048.0,0,17.0,1,1,1,3,1,3.0,0,0,0
51,0,78215.0,0,34.0,2,2,1,3,1,2.0,0,0,0
66,1,53938.0,2,79.7,2,1,11,7,1,1.0,1,0,0
56,1,74951.0,2,16.5,2,2,8,6,0,2.0,1,0,0
31,0,50776.0,1,58.3,1,2,0,1,1,2.0,1,0,0
65,1,114474.0,2,36.3,1,1,11,4,1,5.0,1,0,1
28,1,119774.0,1,82.2,2,2,0,5,1,1.0,1,0,1
59,0,105773.0,1,5.0,2,1,5,6,1,4.0,1,0,1
30,1,133204.0,2,15.4,3,0,8,14,0,3.0,1,0,0
66,0,30000.0,1,25.5,1,2,6,2,1,3.0,1,0,1
44,0,79704.0,2,37.6,1,1,12,16,1,4.0,1,0,1
64,0,50366.0,1,6.8,3,1,3,6,1,2.0,0,0,0
58,0,31907.0,1,27.1,1,0,3,7,1,5.0,1,0,0
38,1,174000.0,1,106.0,4,1,2,2,1,4.0,0,0,0
67,1,114488.0,2,53.3,2,1,8,15,1,2.0,1,0,0
52,0,30000.0,2,5.0,2,2,6,15,0,3.0,0,0,0
33,1,121797.0,2,5.0,4,2,8,12,0,5.0,1,0,0
37,1,99762.0,2,58.9,3,1,4,5,0,2.0,0,1,0
62,0,120029.0,2,22.6,3,2,8,10,0,5.0,0,0,0
51,1,51832.0,1,82.6,1,1,2,7,1,3.0,1,0,1
50,1,104461.0,2,22.2,3,0,14,15,0,4.0,1,0,0
68,0,57163.0,1,65.0,1,1,2,4,1,5.0,1,0,1
50,1,98381.0,2,42.5,1,2,7,13,0,3.0,1,0,1
61,2,52759.0,2,15.6,1,0,14,6,0,2.0,1,1,0
68,1,112799.0,1,70.3,3,1,4,4,1,5.0,1,0,1
26,0,106755.0,1,50.0,2,2,5,4,1,1.0,1,0,0
61,1,79651.0,2,47.5,1,1,7,5,0,5.0,0,1,0
30,1,64541.0,1,5.0,1,2,1,6,0,1.0,0,1,0
51,0,39469.0,2,32.4,1,1,12,4,0,5.0,1,0,0
60,2,51168.0,1,24.3,2,1,3,8,1,1.0,1,0,0
57,0,110590.0,2,18.9,2,0,13,18,0,3.0,0,0,0
58,1,30000.0,0,69.7,3,2,2,1,1,1.0,0,0,0
34,1,89616.0,1,18.7,2,1,2,8,1,1.0,1,0,0
69,1,151854.0,2,5.0,2,3,2,15,0,4.0,1,0,0
55,0,169317.0,1,27.4,2,1,5,2,1,1.0,1,0,0
32,0,52602.0,1,47.3,1,2,1,3,1,5.0,1,0,1
65,0,77206.0,1,14.6,2,1,4,5,1,5.0,0,0,0
33,1,59234.0,1,24.1,2,2,4,4,1,1.0,1,0,0
54,1,70124.0,0,28.9,1,2,1,3,1,4.0,0,0,0
42,0,80501.0,2,27.2,1,2,8,5,1,4.0,1,0,0
29,0,124809.0,0,52.4,2,2,0,3,1,5.0,1,0,1
43,1,47718.0,2,5.0,2,1,6,17,0,4.0,1,0,1
30,1,67890.0,2,66.7,3,1,13,10,0,2.0,0,0,0
39,0,113933.0,2,5.0,2,1,12,16,0,5.0,1,0,1
46,0,66431.0,2,86.8,3,2,6,6,1,2.0,0,0,0
52,1,139905.0,1,54.6,2,2,6,6,1,3.0,1,0,1
53,1,88474.0,1,48.9,4,2,6,4,0,1.0,1,0,0
26,1,143625.0,2,67.8,3,3,2,9,1,1.0,0,0,0
52,0,54768.0,0,22.7,2,1,2,0,1,2.0,0,0,0
38,0,32869.0,2,45.3,1,2,2,7,1,2.0,0,0,0
42,1,126185.0,2,43.5,2,3,3,13,1,1.0,0,0,0
33,0,98589.0,2,71.3,2,2,10,13,0,4.0,0,1,0
63,1,74287.0,1,43.3,1,3,4,5,1,5.0,1,0,1
37,1,121108.0,2,57.4,4,1,13,5,1,1.0,0,0,0
51,1,78942.0,1,5.0,1,2,5,4,1,1.0,1,0,0
26,1,94959.0,2,29.3,1,0,12,15,1,1.0,0,0,0
60,1,58478.0,1,9.5,3,1,6,1,1,3.0,1,0,0
69,0,172334.0,1,53.3,1,2,1,2,1,4.0,1,0,1
60,1,30000.0,1,54.3,1,1,0,3,1,3.0,0,0,0
65,1,93482.0,0,41.8,2,2,0,3,1,2.0,0,0,0
59,0,126829.0,2,45.0,2,1,2,13,0,1.0,1,1,0
34,2,47331.0,0,55.1,1,2,0,1,1,1.0,0,0,0
27,0,103890.0,1,61.9,1,1,3,1,1,4.0,0,0,0
52,1,77642.0,0,32.6,2,2,2,1,1,1.0,1,0,0
33,1,62669.0,2,30.4,3,2,11,15,0,2.0,1,0,0
40,0,82229.0,0,63.4,1,2,0,3,1,2.0,1,0,0
30,0,51306.0,1,49.9,1,1,1,9,1,2.0,1,0,0
28,0,132976.0,0,86.8,1,3,2,1,1,3.0,1,1,0
47,0,115574.0,2,44.4,2,2,6,3,1,2.0,0,0,0
27,0,81309.0,2,22.9,2,3,12,16,0,2.0,1,0,0
53,0,125125.0,1,72.6,2,2,6,3,1,2.0,1,0,0
45,2,33833.0,2,37.5,1,2,7,5,0,5.0,1,1,0
68,1,77489.0,1,10.6,4,1,5,3,0,2.0,0,1,0
64,0,46781.0,1,39.7,1,1,3,8,1,4.0,0,0,0
30,0,38188.0,2,18.3,2,1,6,14,1,5.0,1,0,0
25,1,107789.0,1,51.9,1,2,6,4,0,3.0,0,0,0
48,1,82590.0,2,67.8,1,1,9,14,0,2.0,1,0,0
29,0,44386.0,0,49.2,1,2,0,3,0,2.0,1,2,0
30,0,115977.0,2,85.0,3,3,14,16,0,5.0,1,0,1
36,0,106350.0,2,11.6,2,0,8,8,1,2.0,1,0,0
53,1,30000.0,2,56.0,3,0,7,15,0,1.0,0,1,0
66,0,70922.0,2,38.4,2,2,11,6,0,3.0,0,1,0
65,0,61825.0,2,29.3,4,1,13,5,0,1.0,1,0,0
60,1,60794.0,2,27.6,1,1,5,9,0,4.0,1,0,0
38,0,88333.0,1,12.6,1,1,7,7,1,4.0,0,0,0
58,0,151159.0,1,5.0,3,0,1,9,1,4.0,0,0,1
32,1,97795.0,0,47.6,2,2,1,3,0,5.0,0,0,0
46,1,30000.0,2,72.1,2,0,12,13,1,5.0,1,0,0
64,0,134796.0,1,53.4,1,2,2,7,1,4.0,0,0,0
58,0,50525.0,1,18.9,2,3,3,2,1,3.0,1,0,0
56,0,84441.0,1,64.8,1,2,0,4,1,4.0,0,0,0
48,1,81157.0,2,49.3,3,1,14,8,1,4.0,0,0,0
26,1,30000.0,0,69.1,1,2,1,2,1,3.0,1,0,0
69,1,96777.0,2,11.7,2,2,14,17,0,5.0,1,0,0
65,1,87100.0,2,66.1,2,1,12,10,1,3.0,0,0,0
57,1,66276.0,2,89.7,3,0,4,14,1,4.0,0,0,0
48,0,90866.0,2,41.2,4,3,9,17,0,5.0,1,0,0
40,2,71657.0,1,48.1,2,2,0,3,1,1.0,0,0,0
35,1,45554.0,2,53.0,1,1,10,15,1,1.0,0,0,0
32,0,95089.0,2,53.1,2,2,12,13,0,5.0,1,0,0
34,0,72651.0,1,82.3,1,3,2,5,1,5.0,1,1,0
57,0,52899.0,0,47.1,2,1,0,1,1,3.0,1,0,0
53,1,93180.0,2,69.3,4,1,14,6,0,1.0,1,0,0
67,0,45365.0,0,84.1,2,1,2,3,1,3.0,0,0,0
54,0,59818.0,2,50.5,1,1,4,3,0,3.0,1,0,1
25,1,60772.0,2,17.3,1,2,3,18,0,5.0,1,0,0
54,0,68414.0,0,16.1,1,2,1,1,0,3.0,1,0,1
39,1,53818.0,2,24.2,1,2,12,16,1,2.0,0,0,0
56,1,163082.0,2,12.3,2,2,6,3,1,1.0,0,0,0
36,0,65037.0,1,50.2,1,2,2,3,1,5.0,1,0,1
43,0,55103.0,2,49.4,2,0,9,12,0,5.0,1,0,0
46,0,30000.0,2,30.1,1,0,10,13,0,5.0,0,0,0
35,1,93647.0,1,54.3,3,2,1,5,1,4.0,1,0,1
58,2,61274.0,1,25.3,1,0,7,1,1,2.0,1,0,0
62,1,102851.0,2,56.4,3,2,6,6,1,4.0,0,0,0
43,1,123692.0,0,54.3,2,1,0,3,1,1.0,1,0,0
34,1,114052.0,2,41.9,1,2,6,3,1,1.0,1,0,0
27,0,37070.0,2,5.0,2,0,4,7,0,5.0,1,1,0
58,0,121777.0,2,55.7,4,2,14,16,1,3.0,1,0,0
53,1,93189.0,1,33.2,1,3,4,6,1,5.0,0,0,0
46,0,58915.0,2,37.4,1,1,13,5,1,2.0,1,0,0
37,0,111729.0,0,49.4,1,2,2,2,1,4.0,0,0,0
38,0,140908.0,2,10.5,1,2,6,8,1,3.0,1,0,1
35,0,128430.0,1,27.6,3,0,1,1,1,3.0,1,0,1
68,0,121426.0,2,98.6,1,2,6,7,0,3.0,1,1,0
28,1,93683.0,2,28.8,2,1,4,8,0,2.0,1,1,0
50,0,100634.0,2,45.4,2,2,8,3,0,1.0,1,1,0
50,0,78606.0,0,36.8,1,1,1,2,1,1.0,1,0,0
27,1,94394.0,0,49.7,1,2,2,1,1,4.0,0,0,0
32,0,153639.0,2,8.9,1,0,9,11,1,3.0,1,0,1
31,1,47933.0,2,26.2,1,2,10,18,0,2.0,1,0,0
35,1,51102.0,2,98.4,2,1,12,13,1,2.0,0,0,0
34,2,88439.0,2,5.0,1,1,6,19,0,5.0,1,0,0
65,1,97125.0,2,5.0,2,0,13,16,1,5.0,0,0,0
45,1,131727.0,1,44.0,1,2,6,1,0,5.0,1,1,1
49,0,126226.0,2,31.9,1,1,3,13,0,2.0,1,0,0
35,1,85177.0,1,24.4,1,2,4,9,1,3.0,0,0,0
40,1,154867.0,1,10.3,3,1,0,1,1,3.0,1,0,0
63,0,87289.0,2,32.2,1,0,11,19,0,2.0,0,0,0
36,0,53703.0,2,5.0,1,0,7,12,0,4.0,1,0,0
56,0,96853.0,1,48.4,1,1,2,2,1,3.0,0,0,0
67,0,80241.0,0,25.4,2,1,2,1,1,3.0,0,0,0
37,1,70401.0,1,86.4,3,2,3,8,1,3.0,1,0,0
51,1,78174.0,1,49.1,1,1,5,4,1,2.0,0,0,0
51,1,120848.0,2,56.7,1,2,5,14,1,3.0,1,0,0
46,0,52667.0,2,5.0,2,0,12,19,0,2.0,1,0,1
69,0,114760.0,2,74.0,1,1,11,10,1,3.0,0,0,0
31,0,30000.0,2,10.8,1,1,10,12,0,2.0,1,1,0
32,1,84906.0,1,55.7,3,2,2,5,1,5.0,1,0,1
37,1,90011.0,2,30.7,2,1,8,15,1,3.0,0,0,0
45,1,69889.0,2,26.0,1,1,11,19,1,2.0,1,0,0
25,1,48516.0,1,46.8,3,1,2,9,1,2.0,1,0,0
61,1,127235.0,2,5.0,1,1,14,10,0,1.0,1,0,0
57,1,73655.0,2,24.2,1,2,2,11,1,5.0,1,0,1
36,0,99540.0,1,32.8,1,2,1,3,1,1.0,1,0,0
27,1,44160.0,1,23.9,2,2,2,1,1,5.0,0,0,0
45,1,74179.0,1,5.0,3,1,2,1,0,2.0,0,1,0
50,1,142784.0,1,30.4,3,0,0,2,0,1.0,0,1,0
38,1,83066.0,2,56.2,2,2,9,13,0,1.0,0,0,0
60,0,81978.0,2,52.5,1,1,8,8,1,1.0,1,0,0
30,1,136037.0,1,90.0,3,1,0,9,1,1.0,0,0,0
61,1,99891.0,1,25.6,1,2,1,6,1,1.0,1,0,0
63,0,65394.0,2,75.8,1,0,5,18,1,5.0,0,0,0
42,2,45156.0,1,37.3,2,1,2,3,1,5.0,1,0,0
41,0,116575.0,1,58.2,1,1,7,3,1,1.0,1,0,0
45,0,100033.0,1,18.5,4,2,3,2,0,2.0,0,1,0
62,1,101557.0,1,59.9,1,2,1,5,1,5.0,0,0,0
50,1,131379.0,2,46.6,1,2,8,4,0,3.0,0,1,0
56,1,78435.0,2,35.2,1,2,7,14,1,3.0,1,0,0
41,1,134751.0,2,32.7,2,1,12,14,0,2.0,0,0,0
58,1,63919.0,2,38.8,3,2,13,8,0,4.0,0,1,0
31,0,76878.0,1,106.0,1,2,1,3,1,3.0,0,0,0
45,1,146033.0,2,54.8,2,1,12,17,1,5.0,0,0,0
38,0,109123.0,2,52.8,1,2,12,4,1,2.0,0,0,0
52,1,88249.0,1,12.9,1,2,1,3,1,3.0,1,0,0
35,0,69436.0,1,65.4,2,1,7,5,0,1.0,1,1,0
67,0,99017.0,2,48.5,2,0,8,16,0,1.0,1,0,0
25,0,83263.0,2,67.7,2,2,5,7,0,1.0,0,1,0
39,0,73824.0,1,25.5,2,0,1,5,1,2.0,1,0,0
31,0,77126.0,1,36.1,1,3,1,2,0,3.0,1,1,0
62,0,53357.0,2,5.0,3,0,2,8,1,3.0,1,0,1
30,1,32968.0,2,6.0,2,2,10,5,0,2.0,0,0,0
60,0,63428.0,1,5.0,2,0,4,6,1,1.0,0,0,0
30,1,41425.0,0,5.0,2,3,2,3,1,3.0,0,0,0
31,0,97801.0,1,24.9,3,2,5,2,1,3.0,1,0,0
35,2,30000.0,2,30.4,1,0,10,8,0,2.0,1,1,0
29,0,37833.0,1,59.1,2,1,1,9,1,5.0,1,0,1
29,0,36076.0,0,22.5,1,1,0,3,1,2.0,1,0,0
69,0,91445.0,1,22.6,1,1,4,7,1,3.0,1,0,1
49,0,138161.0,2,5.0,1,3,10,5,1,5.0,1,0,1
48,0,115195.0,1,16.3,2,3,1,3,1,2.0,0,0,0
54,0,130406.0,2,42.2,1,2,10,5,0,2.0,0,0,0
40,1,82665.0,1,32.6,4,2,5,2,1,1.0,0,0,0
59,0,110078.0,1,37.7,1,0,6,8,0,4.0,0,0,0
29,0,86109.0,2,84.0,1,1,11,11,1,4.0,1,0,1
48,0,97524.0,2,46.0,1,1,6,5,0,5.0,0,1,0
47,1,31240.0,1,62.6,2,1,2,8,1,4.0,1,0,0
44,0,82870.0,2,5.0,1,2,6,12,0,2.0,1,0,0
30,1,112279.0,2,47.5,1,2,10,5,1,4.0,0,0,0
58,1,62264.0,1,54.5,3,1,6,6,1,1.0,0,0,0
58,1,131762.0,2,91.4,2,1,2,3,1,4.0,1,0,1
67,1,98323.0,1,49.7,2,2,5,6,1,2.0,0,0,0
27,1,130047.0,1,37.2,3,2,7,7,1,2.0,1,0,0
46,1,77531.0,2,37.5,4,2,12,16,1,5.0,0,0,1
51,0,96399.0,1,5.0,2,3,5,4,1,1.0,1,0,0
61,0,33208.0,2,55.8,2,1,6,16,0,4.0,0,0,0
62,0,66518.0,2,5.0,1,2,8,6,1,5.0,0,0,0
56,1,78566.0,2,66.8,2,2,7,6,0,1.0,1,1,0
50,0,94038.0,1,35.6,1,2,6,1,1,1.0,0,0,0
54,1,69451.0,1,36.2,2,0,0,8,1,4.0,1,0,1
36,0,84287.0,1,22.7,2,1,4,1,1,2.0,0,0,0
27,0,114711.0,0,17.7,1,2,1,1,1,4.0,1,0,1
45,1,75368.0,0,25.4,1,0,0,0,1,4.0,0,0,0
48,1,39201.0,1,44.2,1,1,6,5,1,5.0,0,0,0
63,1,62581.0,2,35.75,1,1,8,16,0,3.0,1,0,1
45,1,107721.0,1,60.3,1,2,3,3,0,3.0,0,1,0
44,1,75069.0,1,79.3,2,1,1,6,1,4.0,0,0,0
29,0,70179.0,2,27.0,3,2,11,13,0,3.0,1,0,0
56,1,81133.0,2,18.5,2,2,11,3,0,1.0,0,0,0
63,1,30000.0,2,52.8,3,2,3,5,1,4.0,1,0,0
60,1,53426.0,2,23.5,1,2,8,5,0,5.0,1,1,0
67,2,101956.0,1,66.2,1,2,4,3,0,3.0,1,1,0
60,2,81501.0,2,9.3,2,0,10,4,0,1.0,1,0,0
32,1,45383.0,1,45.6,1,1,6,4,1,2.0,1,0,0
63,0,152720.0,1,8.2,2,3,1,3,1,4.0,0,0,0
62,1,37977.0,2,22.8,2,3,4,5,1,2.0,1,0,0
62,1,51680.0,2,70.0,1,1,8,7,0,2.0,1,1,0
66,1,63234.0,1,29.5,1,2,1,6,1,3.0,1,0,0
32,0,56046.0,1,11.7,3,2,4,1,1,3.0,0,0,0
67,1,75377.0,1,55.3,2,1,2,8,1,2.0,1,0,0
44,0,77632.0,2,50.1,1,2,7,5,0,5.0,0,0,0
49,0,84906.0,2,31.0,3,1,3,17,0,5.0,0,0,0
48,0,39505.0,0,45.6,1,1,1,3,1,3.0,1,0,1
26,0,51146.0,1,45.2,3,1,6,9,1,2.0,1,0,1
33,1,68373.0,2,69.4,2,1,4,6,1,3.0,0,0,0
47,0,93599.0,2,63.0,1,2,2,13,0,5.0,0,0,0
64,1,30000.0,2,57.5,1,3,12,17,0,1.0,1,0,0
32,0,46109.0,2,30.0,1,0,8,3,0,3.0,0,1,0
65,0,87433.0,1,57.7,1,3,2,1,1,5.0,0,0,0
33,1,90273.0,0,5.5,1,1,1,3,0,4.0,0,1,0
33,1,84683.0,2,61.4,2,2,8,18,0,3.0,1,1,0
45,0,100984.0,2,5.0,1,2,8,9,1,5.0,1,0,1
41,0,74014.0,2,9.2,2,1,2,11,0,5.0,1,1,0
35,1,91623.0,2,5.0,1,0,6,9,0,3.0,1,0,1
46,0,73979.0,1,5.0,1,2,6,6,1,3.0,1,0,0
51,1,62151.0,2,48.8,1,2,11,9,0,1.0,0,1,0
29,0,123153.0,2,5.0,1,2,9,14,1,3.0,0,0,0
27,0,78237.0,2,51.8,2,2,8,12,1,5.0,0,0,1
28,1,113269.0,1,20.0,1,1,6,3,1,5.0,1,0,1
33,1,112870.0,1,21.6,2,1,5,1,1,3.0,0,0,0
58,0,39633.0,2,41.9,3,1,14,16,1,3.0,0,0,0
43,0,102593.0,1,59.6,2,1,3,3,0,3.0,1,2,0
30,1,158926.0,2,57.4,2,1,12,9,0,2.0,0,0,0
35,0,73636.0,1,31.7,1,2,3,3,1,5.0,0,0,0
27,0,84287.0,1,40.3,2,3,7,8,1,2.0,1,0,0
64,1,53235.0,2,6.2,2,3,8,8,1,2.0,1,0,0
51,1,73490.0,2,45.4,2,0,7,11,1,1.0,1,0,0
53,1,67166.0,2,59.5,1,2,12,12,0,3.0,1,0,0
52,0,71846.0,2,41.5,1,1,7,16,1,3.0,1,0,0
36,0,125064.0,1,48.5,1,1,0,9,1,1.0,1,0,1
29,1,110904.0,2,26.0,2,1,3,3,1,2.0,0,0,0
28,2,88435.0,2,23.0,2,1,2,6,0,3.0,1,1,0
33,0,82285.0,2,5.0,2,2,2,3,0,5.0,0,0,0
26,1,81116.0,1,12.3,1,2,3,9,1,4.0,0,0,0
49,0,69522.0,1,21.0,3,1,6,1,1,1.0,0,0,0
46,1,46171.0,0,38.8,1,0,2,2,1,5.0,1,0,0
46,1,84273.0,1,15.4,3,2,4,7,0,5.0,1,2,0
67,0,79222.0,1,31.7,3,1,1,5,1,3.0,0,0,0
32,1,138237.0,2,39.2,1,2,4,3,1,1.0,0,0,0
26,1,33594.0,1,5.0,3,2,7,7,1,3.0,1,0,0
37,0,84758.0,1,46.3,1,1,6,5,1,2.0,0,0,0
39,1,65457.0,1,45.0,1,2,0,8,1,2.0,0,0,0
33,1,102870.0,2,30.4,1,2,6,7,1,3.0,1,0,0
28,0,68367.0,1,19.4,2,3,2,3,1,4.0,1,0,1
61,1,33227.0,0,16.7,2,0,2,0,1,2.0,1,0,0
60,0,63794.0,2,5.0,4,2,9,7,0,5.0,0,0,0
64,1,92704.0,2,26.5,4,1,6,19,0,2.0,1,0,0
53,1,60931.0,1,43.2,1,0,1,8,1,2.0,1,0,0
25,0,84758.0,0,31.0,1,2,1,0,1,5.0,0,0,0
59,2,84096.0,1,34.6,1,3,4,4,1,1.0,1,0,0
58,1,58383.0,0,55.7,1,1,0,3,1,2.0,1,0,0
62,1,79417.0,1,44.0,3,3,1,8,0,2.0,1,1,0
36,1,41687.0,2,42.9,1,2,4,6,0,5.0,1,0,0
54,0,85469.0,2,39.9,1,3,12,12,0,3.0,0,0,0
46,1,121283.0,2,36.0,4,0,8,11,0,4.0,1,0,0
56,0,81593.0,2,5.0,3,0,3,4,0,3.0,1,0,0
49,0,100537.0,1,5.0,2,2,0,5,1,4.0,1,0,0
67,0,85264.0,2,76.8,2,0,10,17,0,5.0,0,0,0
38,0,136613.0,0,20.0,1,2,2,1,1,1.0,0,0,0
39,0,110733.0,2,37.5,4,2,12,4,0,5.0,0,1,0
35,0,47123.0,2,50.1,2,2,9,8,0,3.0,1,1,0
58,0,60725.0,2,62.2,1,1,8,12,1,5.0,1,0,1
48,0,48493.0,1,42.6,1,2,2,5,1,1.0,1,0,0
36,1,30000.0,2,10.3,1,3,8,18,1,3.0,0,0,0
45,0,42565.0,2,5.0,1,2,2,18,1,1.0,0,0,0
28,1,83646.0,2,62.1,2,2,8,8,1,1.0,1,0,0
25,0,73580.0,2,41.1,1,2,14,6,1,4.0,1,0,1
57,1,39716.0,1,43.9,3,3,3,5,1,5.0,0,0,0
42,1,30000.0,2,41.4,2,1,4,13,0,5.0,0,0,0
60,2,76978.0,2,97.4,2,2,8,18,0,2.0,0,1,0
28,0,30000.0,1,43.5,4,1,3,4,1,4.0,1,0,0
57,0,131879.0,2,50.9,1,2,4,16,1,3.0,1,0,0
59,0,120369.0,2,24.8,4,0,11,9,1,1.0,0,0,0
48,0,79362.0,1,35.8,3,1,3,7,1,3.0,0,0,0
48,0,126166.0,0,46.6,3,2,2,0,1,2.0,1,0,1
41,1,99426.0,1,92.0,2,1,4,3,1,5.0,1,0,1
51,1,39793.0,1,5.0,2,2,0,2,1,4.0,0,0,0
62,0,30000.0,0,65.4,3,2,1,1,1,3.0,0,1,0
63,2,82903.0,2,23.6,4,3,3,18,1,1.0,1,0,0
57,1,69982.0,2,11.9,1,1,4,13,1,3.0,0,0,0
52,1,88265.0,2,38.3,2,1,8,6,0,3.0,0,0,0
29,0,44466.0,1,83.7,1,1,1,8,1,4.0,0,0,0
40,1,38132.0,2,29.7,2,1,7,10,0,2.0,1,0,0
61,1,88405.0,1,58.9,2,1,1,9,1,1.0,1,0,0
35,0,97787.0,2,36.8,1,1,10,16,1,3.0,0,0,0
27,1,103109.0,1,51.8,2,1,0,1,1,2.0,1,1,0
60,1,117307.0,1,53.6,1,1,3,4,1,5.0,1,0,1
28,1,111419.0,1,50.5,4,0,6,9,0,2.0,1,1,0
50,1,121296.0,2,33.8,2,3,4,16,0,2.0,1,0,0
59,0,113978.0,0,89.1,3,1,0,3,1,2.0,1,0,0
66,1,40897.0,0,17.0,2,0,1,2,1,3.0,0,0,0
46,1,49661.0,2,30.4,3,1,5,15,0,5.0,0,0,0
40,1,49434.0,1,25.7,1,2,0,3,1,4.0,0,0,0
45,0,71088.0,0,41.3,1,1,2,2,1,3.0,1,0,0
52,1,129537.0,1,48.1,2,1,7,4,1,1.0,1,0,0
35,0,84695.0,2,40.2,2,1,6,7,0,1.0,1,0,0
44,1,90299.0,2,5.0,1,3,6,13,0,5.0,1,1,1
32,0,77115.0,1,17.4,2,2,4,6,1,5.0,1,0,0
65,1,84758.0,2,41.4,1,3,8,11,0,4.0,1,0,1
33,1,157619.0,2,69.4,2,3,2,12,0,4.0,1,0,1
39,1,59841.0,2,49.3,2,1,9,17,0,4.0,0,0,0
25,0,118412.0,1,55.5,4,2,5,1,0,3.0,0,1,0
52,1,97120.0,0,5.0,2,2,0,1,1,3.0,1,0,0
40,0,66984.0,0,22.8,1,1,2,1,1,5.0,1,0,0
27,0,124402.0,0,52.9,3,2,0,3,1,5.0,1,0,1
45,1,164835.0,0,56.1,3,1,1,2,1,1.0,0,0,0
47,1,88167.0,1,96.5,2,0,7,6,1,4.0,0,1,0
53,0,116666.0,1,38.9,2,0,7,8,1,4.0,1,0,1
31,1,42049.0,0,12.6,4,1,2,1,1,5.0,0,0,0
52,0,101912.0,2,19.2,4,1,14,5,1,2.0,1,0,1
61,1,81297.0,2,5.1,2,0,6,6,1,1.0,0,0,0
29,1,108172.0,1,55.6,1,1,0,4,1,2.0,1,0,0
25,0,88610.0,1,15.3,3,2,5,1,1,1.0,1,0,0
27,1,85915.0,1,71.1,1,1,4,5,1,4.0,1,0,1
57,1,73555.0,1,60.5,2,2,6,5,1,3.0,1,0,0
65,1,127415.0,1,45.4,1,2,7,5,1,4.0,0,0,0
38,0,37633.0,2,106.0,1,1,2,4,1,2.0,1,1,0
37,1,78150.0,2,12.4,3,1,6,8,1,5.0,1,0,1
51,1,30000.0,2,58.4,3,2,13,15,0,5.0,0,0,0
38,0,57127.0,1,24.8,1,2,4,2,0,3.0,1,0,0
42,0,69672.0,2,46.5,1,2,11,6,0,5.0,1,0,0
41,1,150805.0,2,34.1,1,3,4,4,1,1.0,1,0,0
42,0,69356.0,0,58.8,2,2,1,0,1,3.0,1,0,0
33,0,81019.0,2,23.4,1,1,7,5,0,5.0,1,1,0
33,0,120560.0,1,21.6,1,2,3,9,1,2.0,1,0,0
61,1,41087.0,0,34.6,1,0,2,2,1,3.0,1,0,0
55,0,106059.0,0,5.4,4,2,0,0,1,2.0,1,0,1
60,1,78464.0,1,35.7,3,1,0,1,0,5.0,1,1,0
30,0,61183.0,2,81.3,1,1,6,8,0,2.0,1,0,0
58,1,109380.0,2,62.8,3,3,6,19,0,2.0,1,0,0
62,2,106086.0,2,67.0,1,1,8,3,0,1.0,1,1,0
54,1,119975.0,2,82.9,3,1,14,5,1,1.0,0,0,0
58,1,98232.0,1,54.8,1,2,5,3,1,3.0,1,0,0
53,0,48633.0,0,5.0,2,0,2,2,1,4.0,1,0,0
48,0,76631.0,1,62.3,2,0,3,1,1,3.0,1,0,0
46,1,124394.0,2,27.2,1,1,12,17,1,4.0,0,0,0
47,0,91927.0,1,66.6,2,2,0,6,0,2.0,1,0,0
50,1,62271.0,0,48.1,2,1,0,3,1,1.0,0,0,0
31,1,30000.0,2,38.9,2,0,10,16,0,5.0,1,0,1
36,1,95614.0,2,10.2,3,2,7,18,1,5.0,1,0,1
29,0,79010.0,1,51.8,2,2,4,2,1,5.0,0,0,0
40,1,89116.0,1,62.5,1,0,2,8,1,4.0,1,0,1
55,1,41356.0,2,42.4,2,2,14,7,1,5.0,1,0,1
53,1,82263.0,0,23.0,2,1,0,3,1,4.0,1,0,0
33,1,101633.0,2,42.2,1,1,12,5,1,5.0,1,0,1
65,0,88415.0,2,33.2,1,1,6,3,1,3.0,1,0,0
66,1,77797.0,0,71.8,1,3,0,1,1,4.0,1,0,1
54,1,159391.0,2,48.7,1,2,11,4,0,5.0,1,1,1
62,1,30000.0,1,5.0,1,0,0,8,1,1.0,1,0,0
36,1,137524.0,1,64.9,3,1,6,1,1,2.0,1,0,0
30,1,77374.0,2,5.0,2,1,5,12,1,5.0,1,0,1
57,0,72457.0,2,77.7,3,2,11,7,1,2.0,1,0,0
34,0,96530.0,0,49.5,3,2,0,0,1,4.0,1,0,1
36,0,129662.0,1,54.5,1,1,3,2,1,1.0,0,0,0
37,0,47015.0,1,60.7,1,2,0,9,1,3.0,1,0,0
64,1,73991.0,2,31.7,1,2,2,16,0,5.0,0,1,0
53,0,106393.0,0,34.9,2,2,0,3,1,2.0,1,0,0
69,0,109289.0,2,79.3,1,2,4,15,1,5.0,1,0,1
38,1,107277.0,0,53.2,2,1,0,1,1,4.0,0,1,0
43,0,83847.0,1,21.9,1,0,3,9,1,3.0,1,0,1
61,1,43560.0,2,71.4,3,2,2,16,0,2.0,1,0,0
40,0,47407.0,2,38.2,3,2,8,14,0,2.0,1,0,0
35,0,75300.0,0,38.5,2,0,0,0,1,5.0,1,0,1
65,1,89613.0,1,77.2,3,0,3,3,1,2.0,1,0,0
28,1,85776.0,2,5.0,1,2,5,3,1,5.0,0,0,0
25,0,61836.0,2,8.4,1,2,10,12,0,4.0,1,0,0
38,0,134049.0,1,39.4,2,0,6,5,1,1.0,0,0,0
45,1,78079.0,2,67.6,1,2,14,5,1,3.0,1,0,1
31,1,31873.0,1,35.9,1,1,2,8,1,1.0,0,0,0
52,1,84287.0,2,56.9,2,2,12,6,0,5.0,1,1,1
62,1,135321.0,1,76.6,2,0,7,4,1,2.0,0,0,0
38,0,101113.0,1,89.6,1,0,1,5,1,2.0,0,0,0
56,2,87689.0,2,67.0,2,2,5,15,0,2.0,1,1,0
32,0,61310.0,2,45.3,2,3,6,5,1,5.0,0,0,0
60,0,98447.0,2,30.8,1,2,14,8,0,3.0,0,0,0
63,1,102454.0,2,59.0,2,2,8,18,0,2.0,1,0,0
46,0,62703.0,2,52.2,3,1,8,10,1,4.0,0,0,0
65,1,55095.0,2,32.7,1,2,14,8,0,3.0,1,0,0
66,1,117811.0,1,26.2,2,0,3,9,1,3.0,1,0,1
63,1,115753.0,2,9.2,2,0,7,13,1,2.0,1,0,0
47,0,51227.0,1,24.0,4,0,0,6,1,3.0,1,0,0
46,0,72254.0,0,44.7,3,1,0,2,1,5.0,1,0,0
42,0,166587.0,2,43.0,1,2,13,4,0,3.0,1,1,0
39,1,30000.0,2,46.9,1,2,2,6,1,3.0,1,0,0
52,0,110681.0,2,60.5,2,1,13,6,0,3.0,1,1,0
40,0,124173.0,2,71.9,1,1,9,5,1,1.0,1,0,0
38,1,73000.0,2,38.5,2,0,9,18,1,3.0,1,0,0
29,0,58657.0,1,10.5,4,3,1,8,0,3.0,0,1,0
49,1,117813.0,2,28.6,2,0,3,5,0,2.0,1,1,0
39,0,95388.0,2,16.3,2,2,9,6,1,2.0,0,0,0
53,1,63800.0,1,44.1,2,2,5,2,1,2.0,1,0,0
51,0,152747.0,2,65.9,2,2,14,13,1,1.0,1,0,0
25,0,105950.0,2,67.4,3,1,7,12,0,5.0,1,0,1
33,0,104084.0,1,17.8,2,2,4,3,1,3.0,0,0,0
65,1,61697.0,2,59.7,2,1,10,5,1,5.0,0,0,0
37,0,68091.0,1,61.1,2,3,3,8,1,5.0,0,0,0
60,0,76808.0,0,32.7,4,2,2,1,1,2.0,1,0,0
67,2,120774.0,2,98.2,2,2,3,14,1,1.0,1,0,0
39,2,40431.0,2,57.7,2,2,13,17,0,1.0,0,0,0
41,1,45658.0,2,13.2,1,2,8,13,1,3.0,1,0,1
25,1,105899.0,1,50.3,2,2,0,2,0,2.0,0,2,0
29,1,128779.0,2,13.2,3,1,14,5,0,5.0,0,0,0
59,0,93911.0,0,36.5,1,0,1,1,1,1.0,1,0,0
52,1,94692.0,2,60.3,2,1,12,8,0,5.0,1,0,0
53,0,72875.0,2,38.9,1,2,5,15,1,1.0,0,0,0
28,0,108847.0,2,69.3,2,2,12,5,0,5.0,1,0,1
63,1,67671.0,1,70.9,2,2,6,1,1,4.0,1,0,1
67,1,117646.0,2,25.0,2,2,9,7,0,4.0,1,0,1
61,1,79905.0,2,36.1,2,1,8,5,0,2.0,1,0,0
65,1,79272.0,2,34.7,2,0,11,17,1,1.0,1,0,0
52,0,65659.0,2,11.8,3,3,9,6,0,2.0,1,0,0
41,1,67260.0,1,37.2,2,3,1,2,1,1.0,1,0,0
45,0,121657.0,1,20.0,2,2,3,1,1,4.0,1,0,1
53,2,65722.0,2,67.7,1,1,3,4,1,3.0,1,0,0
44,0,30000.0,1,40.2,3,2,3,5,1,3.0,1,0,0
68,1,148943.0,2,5.0,2,3,6,12,0,2.0,1,0,0
40,0,54835.0,2,70.6,1,2,12,17,1,4.0,1,0,0
67,2,111043.0,2,44.8,1,3,13,19,1,4.0,0,0,0
36,0,103304.0,0,5.0,1,2,2,0,1,1.0,0,0,0
47,0,135398.0,2,21.0,3,1,9,6,1,2.0,1,0,0
36,0,30000.0,2,22.5,2,1,13,6,0,2.0,0,1,0
58,2,109558.0,1,32.7,1,1,1,6,1,2.0,1,0,0
30,1,62212.0,1,88.3,2,0,6,5,0,5.0,0,1,0
37,1,122427.0,1,15.7,1,1,1,2,1,5.0,1,0,1
52,1,47199.0,1,34.2,1,0,6,9,1,4.0,1,0,0
43,1,48047.0,1,5.0,1,3,7,1,0,3.0,1,1,0
25,1,70118.0,1,44.4,2,2,6,4,1,1.0,0,0,0
26,0,129647.0,2,5.0,4,0,4,3,1,4.0,1,0,0
27,1,142021.0,1,68.2,1,1,7,9,1,1.0,1,0,0
66,0,129962.0,0,99.1,2,2,2,2,1,4.0,1,0,0
54,1,92028.0,2,18.3,1,2,9,13,1,5.0,1,0,1
67,0,69715.0,2,35.0,2,1,11,9,0,5.0,1,1,1
62,1,49788.0,0,80.6,2,1,2,2,1,2.0,1,0,0
35,0,84906.0,2,45.2,3,2,6,8,0,2.0,0,1,0
46,0,111573.0,1,88.9,1,0,7,8,0,3.0,0,2,0
65,1,82910.0,1,53.3,1,1,6,5,1,3.0,0,0,0
51,0,71545.0,2,67.5,1,2,14,8,0,2.0,1,0,0
45,1,58705.0,2,58.7,3,1,6,13,1,4.0,1,0,0
45,0,126999.0,1,34.9,2,2,6,7,0,1.0,1,1,0
62,0,30000.0,0,44.0,2,2,0,3,1,4.0,1,0,0
28,0,73983.0,1,46.4,2,2,4,5,0,3.0,1,1,0
51,2,100334.0,2,58.7,2,2,10,7,0,4.0,1,0,1
50,1,74657.0,2,60.5,3,2,12,8,0,3.0,0,0,0
25,1,97574.0,1,42.5,2,0,4,8,1,5.0,0,0,0
64,0,39421.0,1,33.1,2,1,3,4,0,1.0,0,2,0
59,0,103791.0,2,35.5,2,1,9,5,1,1.0,1,0,0
34,1,153131.0,2,87.8,1,2,9,12,0,3.0,1,1,0
29,0,130201.0,1,70.9,4,3,5,7,0,4.0,1,1,0
31,1,102057.0,2,30.2,2,1,9,12,0,3.0,0,0,0
36,0,77922.0,0,70.0,2,0,1,3,1,3.0,0,0,0
38,1,58504.0,2,39.4,2,2,4,18,0,3.0,0,0,0
69,0,130318.0,0,70.5,4,1,0,1,1,3.0,1,0,0
51,0,59802.0,0,22.6,3,2,0,2,1,4.0,1,0,0
66,0,114030.0,2,17.5,3,3,8,11,1,2.0,1,0,0
38,1,100094.0,2,44.5,2,1,7,7,1,4.0,1,0,1
31,0,83410.0,0,47.1,2,0,1,1,1,1.0,1,0,0
49,0,105944.0,2,87.0,1,2,9,12,0,4.0,0,1,0
59,1,110914.0,2,19.5,1,0,8,9,0,4.0,1,1,0
27,1,89874.0,2,86.4,2,2,13,5,0,4.0,1,1,0
43,0,30000.0,1,68.7,1,3,3,9,0,1.0,1,1,0
33,0,69979.0,2,20.9,4,2,8,19,0,3.0,1,0,1
64,0,104896.0,1,24.9,2,2,3,2,1,1.0,1,0,0
45,1,118062.0,2,50.7,1,0,2,4,0,4.0,1,1,1
46,1,104942.0,2,62.6,2,3,7,18,0,5.0,1,0,1
26,0,84758.0,2,54.4,1,1,5,15,0,3.0,0,0,1
39,1,71643.0,1,37.1,3,2,2,4,1,4.0,1,0,1
47,1,101057.0,2,34.4,2,1,6,17,0,2.0,1,0,0
43,2,77133.0,1,5.0,4,2,1,7,0,4.0,1,0,0
35,0,92039.0,0,16.8,2,2,1,0,1,4.0,0,0,0
57,0,76503.0,0,54.4,1,2,0,2,1,1.0,1,0,1
57,1,124667.0,2,49.4,1,1,9,15,0,4.0,0,1,0
59,1,101212.0,2,47.3,3,2,13,11,0,3.0,1,0,0
30,0,110933.0,2,68.2,1,2,14,6,0,1.0,1,0,0
64,0,127303.0,0,5.0,1,0,0,2,1,4.0,1,0,1
39,0,124410.0,1,5.0,3,2,3,3,0,4.0,0,2,0
28,1,105513.0,2,42.6,2,2,13,10,0,5.0,1,0,1
69,0,30000.0,1,34.4,1,2,5,3,0,2.0,1,1,0
40,1,65513.0,1,23.8,2,2,7,7,0,4.0,1,1,1
25,0,78342.0,1,28.6,1,1,7,8,1,5.0,1,0,0
39,1,75595.0,2,69.5,1,1,5,9,1,5.0,1,0,0
57,0,136166.0,1,48.3,2,1,1,3,1,2.0,1,0,0
27,0,105354.0,2,23.2,2,0,4,12,1,3.0,1,0,0
43,0,115620.0,1,77.8,2,0,1,2,1,4.0,1,0,0
41,1,59664.0,2,9.3,1,2,8,17,1,4.0,1,0,0
26,0,111587.0,0,20.7,2,1,2,1,1,3.0,1,0,0
27,1,109939.0,2,22.8,2,2,14,6,0,5.0,1,0,1
48,1,90337.0,1,46.6,2,1,3,8,1,5.0,1,0,1
44,0,132479.0,1,70.9,2,2,5,5,1,4.0,1,0,1
44,0,32502.0,0,19.7,1,3,0,0,1,3.0,0,0,0
31,1,125905.0,1,5.0,2,1,0,7,1,5.0,1,0,1
43,0,86264.0,2,5.0,2,1,5,7,1,4.0,1,0,0
65,0,54326.0,2,15.4,3,2,14,4,0,3.0,1,0,0
54,0,62336.0,2,56.4,3,1,5,9,1,1.0,0,0,0
31,1,81098.0,2,55.3,1,3,11,3,0,2.0,1,1,0
67,1,169378.0,1,26.9,3,2,3,9,1,1.0,1,0,0
61,1,129216.0,2,92.3,1,2,11,10,1,2.0,0,0,0
62,0,47375.0,0,21.8,2,3,2,2,1,2.0,0,0,0
46,0,72320.0,1,50.9,1,0,2,1,1,4.0,1,0,0
27,1,74830.0,0,64.0,1,2,0,3,1,1.0,1,0,0
37,1,77179.0,2,54.4,2,3,7,16,0,3.0,0,0,0
68,0,30000.0,0,75.4,2,0,2,2,1,2.0,1,0,0
28,1,117017.0,1,5.0,2,2,1,6,0,2.0,1,1,0
46,1,94069.0,1,41.3,1,0,0,3,1,5.0,1,0,1
50,1,110560.0,0,47.5,1,2,1,3,1,3.0,1,0,0
37,0,76909.0,1,46.8,3,0,2,1,1,3.0,0,0,0
29,0,139330.0,2,27.4,4,1,13,15,0,4.0,1,0,1
56,1,40326.0,2,24.6,2,3,10,8,1,5.0,0,0,0
59,1,44015.0,1,22.7,1,0,4,1,1,4.0,1,0,0
28,0,108803.0,1,90.6,2,1,3,5,0,4.0,0,1,0
43,1,61354.0,2,33.0,4,2,10,5,0,2.0,0,1,0
62,0,114444.0,2,53.9,2,1,10,3,0,1.0,1,1,0
58,0,93121.0,2,28.0,2,2,13,19,0,3.0,0,0,0
54,1,90329.0,2,84.9,3,0,11,6,1,4.0,1,0,0
51,0,72614.0,1,15.4,1,3,6,8,1,3.0,1,0,1
49,1,96749.0,2,106.0,1,3,7,8,1,5.0,0,0,0
41,0,30000.0,0,41.3,2,1,2,3,1,2.0,1,0,0
58,0,69516.0,0,56.3,4,0,0,1,1,5.0,1,0,1
60,0,81289.0,1,17.8,2,2,5,5,1,4.0,0,0,0
25,1,143772.0,1,81.3,1,1,4,5,1,3.0,0,0,0
36,1,96207.0,0,25.2,1,1,0,0,1,2.0,1,0,0
43,1,82669.0,2,22.9,2,1,10,15,0,4.0,0,0,0
55,0,84906.0,1,32.0,3,2,1,2,1,4.0,1,0,1
58,0,58003.0,2,34.9,1,0,6,12,1,4.0,0,0,0
28,1,36361.0,2,26.8,2,2,4,15,1,5.0,1,0,0
56,1,30000.0,2,15.2,3,2,4,17,0,4.0,1,1,0
44,0,86452.0,2,53.3,1,0,10,10,0,4.0,1,0,1
64,1,122141.0,2,60.7,1,2,11,16,0,2.0,1,0,0
57,0,98497.0,2,63.9,1,3,5,3,0,5.0,1,1,0
33,1,128768.0,2,59.4,2,2,4,19,0,4.0,0,1,0
27,1,109703.0,2,66.6,1,3,3,17,0,1.0,1,1,0
34,0,81111.0,2,34.8,2,2,3,3,0,4.0,0,1,0
60,0,30000.0,1,101.2,1,2,6,6,1,2.0,0,0,0
67,0,144003.0,0,5.0,1,3,2,0,1,3.0,1,0,0
58,1,59754.0,1,47.1,1,1,6,2,1,1.0,0,0,0
41,1,124427.0,2,41.2,4,1,7,4,1,1.0,0,0,0
37,1,76458.0,2,11.8,1,3,13,18,1,1.0,1,0,0
67,1,97895.0,1,16.8,1,2,2,2,1,3.0,1,0,1
37,2,59122.0,1,73.5,1,3,2,7,0,2.0,1,2,0
55,0,99524.0,0,5.0,1,2,2,2,1,5.0,0,0,0
28,1,89858.0,2,14.3,2,2,10,4,0,4.0,1,1,0
54,0,103643.0,2,75.4,1,2,4,3,0,2.0,1,1,0
59,1,56368.0,2,62.6,2,2,4,6,1,2.0,1,0,0
36,0,146657.0,2,44.3,2,2,11,19,1,2.0,1,0,1
33,0,49089.0,2,24.1,1,1,2,6,1,4.0,0,0,0
67,1,66894.0,1,49.6,2,1,3,8,1,1.0,0,0,0
69,0,58594.0,2,62.7,2,2,5,15,0,1.0,1,1,0
50,1,102882.0,1,71.8,1,1,2,4,1,5.0,0,0,0
39,1,104452.0,2,50.2,1,2,6,9,0,3.0,1,0,0
50,1,56943.0,2,48.5,1,2,9,19,1,2.0,1,0,0
68,1,30000.0,2,34.1,1,2,7,3,0,5.0,1,1,0
47,0,71929.0,1,69.5,3,1,7,5,1,4.0,0,0,0
48,0,65800.0,2,41.0,2,3,11,11,0,4.0,1,0,1
44,1,125550.0,0,67.6,1,3,2,1,1,1.0,0,0,0
26,0,114335.0,1,29.7,1,2,1,9,0,1.0,0,1,0
27,2,76672.0,2,13.8,2,0,2,7,0,3.0,0,0,0
39,1,85022.0,2,49.7,1,1,7,12,1,2.0,1,0,0
47,0,93006.0,1,39.3,2,2,6,2,1,3.0,1,0,1
29,0,46648.0,2,19.5,2,2,7,8,0,2.0,1,0,0
58,0,90751.0,2,50.2,3,3,3,12,0,5.0,0,0,0
31,1,30000.0,1,17.2,3,0,2,5,0,4.0,1,0,0
35,0,120536.0,1,5.0,2,2,7,1,1,5.0,0,0,0
53,1,52324.0,1,48.1,3,3,3,9,1,1.0,1,0,0
56,1,86339.0,0,92.5,1,2,1,1,1,2.0,1,0,0
25,1,72270.0,1,5.0,3,2,1,7,1,4.0,1,0,0
38,1,53248.0,0,39.4,2,0,2,3,1,5.0,1,0,0
29,1,131148.0,1,42.6,1,2,4,7,1,3.0,0,0,0
63,1,88196.0,2,65.3,2,0,3,11,1,2.0,1,0,0
56,1,64916.0,1,47.1,3,1,0,5,1,1.0,0,0,0
44,1,99916.0,1,16.5,1,2,6,6,0,4.0,1,1,0
28,1,86943.0,0,63.6,2,3,0,0,1,2.0,1,0,0
43,1,44727.0,0,31.7,2,2,2,1,1,3.0,1,0,0
55,1,80960.0,1,20.3,2,1,2,2,1,2.0,1,0,0
28,0,147796.0,1,30.4,3,1,1,4,1,2.0,1,0,0
53,0,72224.0,0,26.6,2,1,2,0,1,3.0,1,0,1
35,1,111708.0,2,58.8,2,2,12,14,1,1.0,1,0,1
46,1,82768.0,2,17.7,1,1,10,17,0,2.0,1,0,0
54,1,125585.0,2,5.0,2,0,4,9,1,3.0,0,0,0
31,1,80069.0,2,5.0,3,2,10,14,1,3.0,0,0,0
60,1,80787.0,1,66.3,2,1,1,3,1,2.0,0,0,0
38,1,174000.0,1,59.7,3,1,5,1,1,3.0,0,0,0
25,1,108337.0,2,13.4,3,2,12,9,0,3.0,0,0,0
66,0,127817.0,2,5.0,2,2,4,3,0,2.0,1,0,0
57,1,77276.0,2,54.8,1,2,3,10,0,1.0,0,1,0
53,1,114280.0,1,59.5,1,1,7,9,1,2.0,1,0,0
27,1,117321.0,1,34.1,3,0,3,6,1,1.0,1,0,0
63,0,30000.0,0,19.8,2,0,2,0,1,4.0,0,0,0
34,1,44858.0,1,43.3,2,1,0,9,1,3.0,1,0,0
46,0,114009.0,0,29.4,1,2,2,3,1,1.0,1,0,0
49,1,81812.0,2,29.4,2,2,5,8,1,5.0,1,0,1
32,1,50919.0,2,12.6,1,2,13,4,0,1.0,1,0,0
42,1,65074.0,0,47.1,1,2,2,3,1,4.0,1,0,1
41,1,61049.0,1,46.1,2,2,1,8,1,1.0,0,0,0
36,1,62775.0,2,28.8,1,1,10,18,0,2.0,1,0,0
69,0,81267.0,1,16.3,3,1,5,6,0,1.0,0,0,0
60,0,99034.0,1,18.5,1,1,4,9,1,4.0,0,0,0
53,1,68220.0,2,32.7,1,1,8,19,1,3.0,1,0,1
26,1,30145.0,2,17.9,3,1,12,3,0,2.0,1,0,0
33,0,112440.0,0,23.4,1,0,2,3,0,1.0,1,1,0
67,0,37549.0,0,38.95,2,3,1,3,1,4.0,0,0,0
67,0,52541.0,2,27.2,2,0,2,15,0,4.0,0,0,0
58,1,76539.0,1,5.0,1,0,6,8,0,4.0,0,0,0
31,1,97985.0,2,24.5,2,2,2,4,0,1.0,0,1,0
25,0,69585.0,2,26.7,3,0,11,12,0,5.0,0,1,0
47,0,63404.0,1,72.5,2,1,6,8,1,3.0,1,0,0
40,1,105129.0,2,23.6,2,2,2,10,0,1.0,0,1,0
59,1,87115.0,1,26.5,2,2,0,9,1,1.0,1,0,0
67,1,38351.0,1,51.1,2,2,4,9,0,2.0,1,0,0
32,1,61057.0,0,28.8,1,2,1,0,1,4.0,1,0,1
37,0,123170.0,1,23.4,2,1,3,3,1,2.0,1,0,1
30,0,112195.0,1,20.4,1,0,3,7,1,4.0,1,0,0
68,0,42670.0,0,39.3,1,2,0,3,1,1.0,1,0,1
38,0,75724.0,2,63.9,1,1,11,16,0,3.0,1,0,0
35,1,91535.0,2,42.8,3,1,12,4,1,1.0,1,0,0
62,1,68339.0,2,39.5,3,1,13,3,1,5.0,1,0,1
42,0,108133.0,2,88.8,1,1,13,12,0,1.0,1,0,0
48,1,135017.0,2,65.1,3,2,13,13,0,2.0,0,0,0
43,1,142917.0,2,40.4,1,2,12,14,1,1.0,1,0,0
45,1,93699.0,0,29.5,1,3,1,2,0,2.0,0,1,0
47,1,92331.0,2,48.4,2,0,13,17,1,3.0,1,0,0
28,0,50432.0,2,31.5,1,2,12,17,1,5.0,0,0,0
35,1,95991.0,2,87.3,1,1,11,7,0,3.0,1,1,0
30,0,72215.0,2,34.0,1,1,10,19,0,3.0,1,0,0
46,1,113589.0,0,88.2,1,2,1,3,0,1.0,1,1,0
66,0,45980.0,0,54.6,3,1,2,1,1,5.0,1,0,1
60,1,62989.0,1,52.1,2,1,2,3,1,1.0,0,0,0
39,0,72771.0,1,25.0,2,2,1,6,1,2.0,0,0,0
35,0,111309.0,2,52.6,2,1,9,15,1,1.0,0,0,0
65,0,30900.0,2,56.2,1,2,9,14,0,5.0,1,0,1
53,0,150121.0,1,65.6,2,0,3,4,1,3.0,0,0,0
59,0,174000.0,1,5.0,2,2,1,5,1,3.0,1,0,1
54,0,67414.0,1,52.3,2,2,0,3,0,3.0,0,1,0
45,1,62693.0,2,40.1,3,3,7,13,0,2.0,0,0,0
26,1,101452.0,2,61.5,1,1,9,4,0,4.0,1,1,0
45,0,130597.0,2,26.2,1,1,10,13,1,2.0,0,0,0
56,1,107753.0,2,45.8,1,1,14,6,0,1.0,1,0,0
54,0,107510.0,2,30.0,3,2,2,5,1,3.0,0,0,0
37,0,145273.0,2,14.2,1,2,2,16,1,4.0,0,0,0
28,0,70367.0,2,21.0,2,1,7,19,1,4.0,0,0,0
69,1,113149.0,2,6.4,4,1,12,18,0,5.0,1,0,1
42,1,30000.0,2,21.4,2,3,9,18,1,1.0,0,0,0
40,0,59098.0,2,5.0,2,1,7,8,1,4.0,1,0,0
47,1,52597.0,0,46.1,1,1,1,2,1,4.0,0,0,0
66,1,82768.0,2,47.2,3,2,4,13,0,1.0,1,0,0
39,1,79158.0,1,33.0,1,1,5,9,1,5.0,1,0,1
30,1,92840.0,1,86.0,2,1,5,7,0,2.0,1,1,0
49,0,48842.0,2,49.9,1,0,5,17,1,5.0,1,0,1
31,0,91508.0,2,27.0,1,1,3,10,1,4.0,1,0,1
68,0,65452.0,2,53.8,4,2,2,9,0,5.0,0,0,0
44,0,103862.0,2,67.6,2,2,7,19,1,1.0,0,0,0
57,1,138251.0,1,9.6,2,1,4,7,1,3.0,1,0,0
52,1,109094.0,2,11.3,3,2,14,10,1,5.0,0,0,1
56,1,62489.0,1,73.5,3,2,5,8,1,3.0,0,1,0
51,0,83282.0,2,45.0,2,2,11,11,0,4.0,0,0,0
32,1,69705.0,2,5.0,2,2,7,10,1,1.0,1,0,0
49,0,38833.0,1,52.2,1,2,5,9,1,3.0,0,0,0
47,1,64755.0,0,45.9,2,3,2,2,1,2.0,1,0,0
55,1,99494.0,1,91.0,2,0,3,1,1,2.0,1,0,0
36,1,87673.0,2,31.0,1,2,5,17,0,4.0,0,0,0
49,1,106565.0,0,86.5,1,2,2,1,1,3.0,1,1,0
34,1,42269.0,2,30.4,2,1,9,6,1,1.0,0,0,0
34,1,77170.0,1,30.0,1,0,6,5,0,4.0,1,1,0
56,1,118857.0,2,55.0,1,1,3,6,1,1.0,1,0,0
57,1,72410.0,2,72.1,4,3,7,5,1,3.0,1,0,0
29,0,45089.0,2,43.2,1,1,9,5,0,3.0,0,0,0
29,0,90096.0,2,14.0,3,3,10,6,0,5.0,1,0,1
49,0,86877.0,0,20.6,4,2,2,1,1,2.0,1,0,0
64,1,92683.0,1,20.0,2,2,2,5,1,2.0,1,0,0
63,1,134985.0,1,36.3,1,2,5,3,1,5.0,1,0,1
49,1,105722.0,2,34.2,2,2,14,12,0,1.0,1,0,0
35,1,174000.0,2,39.7,2,1,2,8,1,4.0,1,0,1
49,0,65109.0,2,45.7,1,2,13,19,0,5.0,0,1,0
37,0,91165.0,1,40.7,2,1,6,2,1,5.0,1,0,1
41,0,113411.0,1,41.2,1,2,1,9,1,2.0,1,0,0
25,0,30000.0,2,5.0,1,1,10,9,0,3.0,0,0,0
62,1,57981.0,2,76.5,1,2,4,6,1,4.0,1,0,1
26,0,74133.0,0,83.3,1,1,1,3,0,1.0,1,1,0
69,1,137312.0,1,5.0,1,2,1,1,0,4.0,1,1,1
28,0,120449.0,1,57.0,1,1,1,3,0,3.0,1,1,0
54,1,62366.0,2,5.7,2,2,5,14,0,1.0,1,0,0
59,0,100860.0,0,40.8,2,1,1,2,0,1.0,0,1,0
33,1,49862.0,2,14.8,1,0,14,4,1,3.0,0,0,0
60,1,82746.0,2,21.7,2,1,9,4,1,4.0,1,0,0
60,1,103868.0,2,47.6,1,1,13,14,1,5.0,0,0,0
52,0,66749.0,1,29.5,1,0,2,2,0,5.0,1,0,0
27,1,89859.0,2,29.5,1,0,12,14,1,5.0,1,0,1
32,0,90838.0,2,94.0,2,2,8,13,1,5.0,0,0,0
44,1,76881.0,2,5.0,2,2,2,4,0,2.0,0,0,0
45,0,70810.0,2,26.3,3,0,5,9,0,4.0,0,0,0
27,0,84109.0,2,38.2,4,1,10,11,1,3.0,0,0,0
33,1,79411.0,0,53.9,1,1,2,3,1,3.0,1,0,0
35,1,77155.0,2,23.8,1,1,4,18,1,2.0,0,0,0
35,1,84287.0,2,43.3,2,2,14,10,0,5.0,0,0,1
52,1,134308.0,2,43.5,1,2,9,18,1,4.0,1,0,1
27,0,117614.0,1,27.9,3,1,7,4,1,2.0,1,0,0
59,2,123996.0,2,41.4,2,2,6,19,1,1.0,1,0,0
38,0,134133.0,2,40.6,2,0,4,5,0,3.0,0,1,0
48,1,50432.0,1,50.7,2,2,2,1,1,5.0,0,0,0
40,1,33314.0,1,76.3,2,1,3,8,1,3.0,1,0,0
38,1,94389.0,1,51.8,1,2,4,8,1,3.0,1,0,1
39,1,68630.0,2,5.0,2,2,5,12,0,1.0,1,0,0
47,0,92536.0,0,17.4,3,3,0,1,1,5.0,0,0,0
40,1,118422.0,2,106.0,2,0,12,11,0,2.0,0,1,0
56,0,49191.0,2,5.0,1,1,11,6,0,4.0,0,0,0
44,0,97812.0,1,5.0,1,1,7,2,1,1.0,1,0,0
57,1,30000.0,2,52.9,3,3,14,6,1,1.0,1,0,0
59,1,54480.0,0,29.5,1,2,2,3,1,3.0,1,0,1
55,0,63733.0,2,27.1,2,1,3,4,1,5.0,1,0,1
37,1,139956.0,0,27.4,2,3,0,2,1,5.0,1,0,1
35,1,125788.0,2,50.7,2,2,13,6,0,2.0,1,0,1
51,1,63265.0,0,34.5,2,2,1,0,1,4.0,1,0,1
62,0,110408.0,1,71.6,3,2,6,5,1,4.0,1,0,0
64,1,141055.0,2,9.7,4,1,11,17,0,1.0,0,0,0
46,1,76958.0,1,52.4,1,0,3,4,1,5.0,0,0,0
47,0,52914.0,2,39.0,2,1,8,11,0,5.0,1,0,1
46,1,35358.0,0,56.5,2,2,0,1,1,2.0,0,0,0
57,1,85586.0,0,84.5,1,2,0,2,1,2.0,1,0,0
65,0,84768.0,1,63.3,1,1,6,8,0,3.0,0,1,0
65,1,90233.0,2,5.0,3,1,7,12,0,2.0,1,1,0
36,0,63991.0,1,53.9,3,1,0,3,1,3.0,0,0,0
55,0,72989.0,1,24.9,2,2,3,9,1,5.0,1,0,1
27,1,165523.0,0,43.0,2,2,2,1,1,1.0,1,0,0
46,0,133405.0,1,70.8,1,1,4,1,1,3.0,1,0,0
50,1,84287.0,1,24.6,2,1,7,6,1,2.0,0,0,0
31,0,72347.0,1,66.9,1,2,7,8,1,2.0,1,0,0
50,1,148948.0,1,70.1,4,1,3,4,1,5.0,1,0,1
65,1,105035.0,1,76.2,1,1,1,6,1,3.0,1,0,0
44,1,119595.0,2,36.7,3,0,8,19,0,5.0,1,0,1
60,1,126437.0,2,55.0,2,0,7,3,1,3.0,0,0,0
37,1,82415.0,2,17.7,2,2,12,16,1,2.0,0,0,0
41,1,123826.0,2,67.9,1,0,2,16,0,4.0,0,1,0
47,1,56795.0,1,5.0,1,1,0,2,1,5.0,0,0,0
66,1,90382.0,1,50.6,3,3,2,4,1,4.0,1,0,1
27,0,30000.0,2,18.6,1,1,7,18,0,3.0,1,0,0
37,1,84287.0,2,20.6,2,0,11,10,0,5.0,0,0,0
33,1,56913.0,1,19.3,2,2,3,6,1,1.0,0,0,0
30,1,57199.0,1,33.1,2,2,1,7,0,5.0,1,0,1
66,1,75384.0,1,61.0,2,1,2,2,1,3.0,1,0,0
67,1,56602.0,1,23.0,1,1,3,3,1,4.0,1,0,0
30,1,125951.0,2,54.8,3,2,4,12,0,3.0,0,1,0
47,1,104779.0,0,32.2,1,0,0,0,0,2.0,0,1,0
25,0,139273.0,1,48.4,3,0,0,7,1,4.0,1,0,0
25,1,94575.0,2,9.9,2,1,2,5,1,3.0,1,0,1
55,0,106955.0,1,66.4,2,3,0,2,0,4.0,1,0,1
54,0,79314.0,2,52.7,2,1,3,6,0,2.0,1,0,0
44,0,110833.0,1,45.2,3,1,3,1,1,1.0,1,0,1
42,0,75110.0,2,86.3,2,3,6,10,1,2.0,1,0,0
63,0,30000.0,2,48.8,2,2,10,6,0,3.0,1,1,0
64,1,61044.0,1,70.2,1,2,1,8,1,1.0,1,0,0
67,2,75407.0,2,59.4,3,1,12,3,0,4.0,0,1,0
25,0,54986.0,2,65.3,3,1,7,13,0,1.0,1,0,0
36,1,128118.0,2,10.4,1,1,4,3,0,2.0,0,0,0
38,1,101631.0,1,50.6,1,0,1,6,1,1.0,1,0,0
60,0,74497.0,2,39.1,2,2,11,3,0,4.0,0,0,0
25,1,138993.0,1,26.1,1,1,3,6,0,1.0,1,0,0
67,0,44214.0,0,98.2,2,2,1,0,1,2.0,1,1,0
34,0,51906.0,1,13.5,2,2,2,2,1,1.0,1,0,0
52,1,102710.0,0,5.0,4,1,1,2,1,2.0,1,0,0
69,1,68824.0,2,57.2,1,2,13,16,0,5.0,1,0,1
30,0,30000.0,0,34.8,2,2,1,1,1,3.0,0,0,0
47,1,60835.0,2,42.6,3,1,9,5,0,3.0,0,0,0
32,0,110974.0,2,36.7,1,1,3,16,1,1.0,1,0,0
33,0,165706.0,0,66.3,2,1,1,3,1,4.0,1,0,0
54,1,52056.0,1,45.7,1,3,0,5,1,4.0,1,0,0
32,1,30000.0,0,31.7,1,2,0,1,1,1.0,0,0,0
47,1,67694.0,1,43.3,2,2,7,1,1,1.0,0,0,0
45,1,80144.0,2,54.7,3,0,8,5,0,2.0,1,1,0
61,0,106931.0,2,45.9,4,1,5,12,0,4.0,1,0,0
51,0,102391.0,1,38.1,2,1,4,2,1,2.0,1,0,0
60,0,43932.0,2,71.4,2,2,13,5,0,4.0,1,0,0
43,1,55975.0,2,28.7,1,0,2,17,0,2.0,1,1,0
64,1,50162.0,1,79.0,4,3,6,3,1,3.0,0,0,0
54,0,30000.0,1,49.6,1,0,4,9,1,1.0,1,0,0
59,0,173210.0,1,34.3,2,0,5,1,1,3.0,1,0,1
40,0,120101.0,1,23.6,2,2,1,5,1,3.0,1,0,0
62,0,43600.0,2,34.8,1,1,8,12,0,3.0,1,0,0
31,0,98303.0,0,18.2,1,1,2,2,1,2.0,1,0,1
47,0,83756.0,1,78.3,2,2,5,6,0,3.0,0,1,0
25,1,150147.0,1,33.9,1,2,1,5,1,3.0,1,0,0
60,1,70027.0,0,26.0,1,1,1,0,1,1.0,1,0,0
36,0,40663.0,2,52.2,2,2,12,5,0,2.0,0,1,0
51,0,83555.0,0,64.8,1,1,2,3,1,5.0,0,0,0
43,1,132358.0,0,48.5,2,1,2,2,1,1.0,1,0,0
54,1,78181.0,2,39.3,2,0,8,18,0,2.0,1,0,0
26,1,69709.0,2,15.2,2,2,4,15,1,4.0,0,0,0
35,1,84758.0,2,50.5,1,3,2,13,1,2.0,1,0,0
68,0,30000.0,1,67.5,1,1,7,2,1,3.0,1,0,0
44,0,37306.0,1,46.3,1,2,1,6,1,1.0,1,0,0
34,1,62692.0,2,45.8,2,0,10,15,1,4.0,0,0,0
36,0,59215.0,0,46.8,1,2,2,0,1,2.0,1,0,0
27,0,90344.0,1,47.8,1,1,1,5,0,4.0,1,1,1
41,1,46896.0,2,50.1,2,0,7,13,0,2.0,1,0,0
47,1,109157.0,1,15.3,1,1,6,6,1,2.0,1,0,0
58,1,77373.0,0,74.0,3,2,1,2,1,3.0,0,0,0
65,1,100907.0,0,45.4,1,0,1,0,1,5.0,0,0,0
33,0,73049.0,2,43.8,1,0,8,16,1,3.0,0,0,0
32,0,57676.0,1,46.3,1,0,2,9,0,1.0,0,1,0
30,0,77114.0,2,55.0,3,3,14,19,1,1.0,0,0,0
31,1,77391.0,1,64.8,1,1,1,3,1,1.0,1,0,0
43,0,119707.0,0,84.8,2,0,2,3,1,4.0,1,0,0
49,1,80777.0,2,76.5,3,1,14,10,0,1.0,1,0,0
28,0,93688.0,0,38.8,1,2,1,2,0,4.0,1,2,0
44,1,163705.0,2,37.0,2,2,6,11,1,2.0,1,0,0
41,0,101737.0,0,34.0,2,0,1,1,1,5.0,1,0,1
65,1,86847.0,2,29.5,1,2,7,7,1,1.0,1,0,0
51,0,56279.0,1,24.6,2,1,2,7,1,5.0,1,0,0
53,1,162973.0,2,38.7,1,2,13,4,1,2.0,0,0,0
50,1,100908.0,2,64.5,3,0,10,14,0,5.0,0,0,0
34,1,84685.0,1,46.6,1,1,7,9,1,3.0,0,0,0
66,1,128783.0,1,41.0,1,2,3,6,0,1.0,1,0,0
68,1,30000.0,0,28.4,1,2,0,0,0,3.0,1,1,0
51,0,73754.0,2,97.7,2,1,2,8,0,4.0,1,0,0
61,1,68489.0,2,83.6,1,3,10,13,1,5.0,1,0,0
68,0,30215.0,2,16.4,1,1,7,13,0,3.0,1,0,0
49,1,71449.0,1,27.8,1,1,6,4,0,3.0,1,1,0
40,1,88013.0,2,62.8,3,1,9,13,0,2.0,0,0,0
65,0,107517.0,1,23.4,3,2,7,7,1,3.0,1,0,0
45,0,68451.0,2,30.4,2,1,7,17,0,3.0,0,0,0
39,1,30000.0,2,5.0,2,0,13,5,0,1.0,1,0,0
46,1,30000.0,2,46.2,2,2,12,4,0,1.0,0,1,0
44,0,81231.0,1,31.8,1,2,3,4,1,2.0,1,0,0
63,0,109832.0,2,34.5,1,1,9,4,1,4.0,1,0,1
58,1,115025.0,2,29.4,2,2,13,9,1,4.0,0,0,0
59,0,71954.0,2,24.3,2,2,8,5,0,2.0,0,1,0
34,1,87941.0,2,40.1,4,1,10,10,1,1.0,0,0,0
29,1,99030.0,2,74.8,1,1,3,3,0,2.0,1,1,0
29,0,112839.0,0,68.9,2,3,2,1,1,1.0,1,0,0
67,1,65284.0,2,84.6,2,2,10,15,0,5.0,1,0,0
36,1,75415.0,1,44.0,1,2,7,6,1,2.0,1,0,0
66,1,112174.0,2,11.1,4,2,4,16,0,1.0,0,0,0
35,1,153085.0,2,44.6,2,1,4,7,1,4.0,1,0,1
69,0,58698.0,1,69.2,2,1,1,9,1,3.0,1,0,1
36,1,64939.0,1,31.5,2,3,4,2,1,2.0,1,0,0
44,0,87723.0,1,70.7,2,2,1,5,1,5.0,0,0,0
53,1,82867.0,2,11.0,1,2,7,11,1,1.0,1,0,0
50,0,45288.0,2,11.9,1,1,5,7,0,5.0,0,0,0
63,1,91902.0,2,11.7,1,2,4,16,0,2.0,1,0,0
42,1,74993.0,2,30.9,2,2,4,18,0,1.0,1,0,0
63,2,67485.0,1,21.8,1,0,2,9,1,4.0,1,0,0
48,0,47378.0,1,41.2,1,2,1,3,1,4.0,1,0,0
48,0,45438.0,2,48.6,2,0,3,5,1,2.0,0,0,0
63,1,63227.0,1,40.7,2,1,6,2,1,2.0,1,0,0
27,1,78277.0,2,54.7,2,0,6,19,0,4.0,1,1,0
30,1,36192.0,2,47.0,1,0,10,12,1,2.0,1,0,0
25,1,87019.0,2,71.2,1,3,14,18,1,5.0,1,0,1
60,1,71720.0,2,44.6,2,3,10,15,0,3.0,1,0,0
43,0,156864.0,2,34.2,3,2,10,5,1,1.0,1,0,0
43,1,95594.0,2,83.7,2,1,11,5,0,2.0,1,1,0
46,1,30000.0,1,25.6,3,1,3,8,1,5.0,0,0,0
62,1,115948.0,1,30.2,2,1,3,1,1,5.0,0,0,1
29,0,167594.0,0,60.4,3,0,1,1,1,1.0,1,0,0
42,1,84287.0,2,51.7,2,0,6,4,1,4.0,0,0,0
43,1,120019.0,1,66.5,2,2,1,3,1,4.0,0,0,0
39,1,75370.0,1,43.7,2,3,6,9,1,2.0,1,0,0
36,0,55919.0,2,44.9,2,0,5,7,0,2.0,1,1,0
52,0,74476.0,1,48.4,3,2,3,1,1,4.0,0,0,0
43,2,131348.0,2,81.5,2,2,8,15,1,3.0,1,0,0
65,1,55375.0,1,5.0,3,0,2,6,1,3.0,0,0,0
60,1,68986.0,2,5.0,1,0,6,17,0,5.0,1,0,1
66,1,47277.0,1,29.7,1,1,4,6,0,2.0,0,1,0
69,2,76716.0,0,78.9,3,1,0,3,1,4.0,1,1,1
68,1,70014.0,2,6.6,3,1,13,6,1,3.0,0,0,0
50,0,165156.0,2,22.1,1,2,7,15,0,2.0,1,1,1
49,1,101744.0,1,5.0,3,1,1,7,1,4.0,1,0,1
57,1,64681.0,2,5.0,2,1,13,18,1,2.0,1,0,0
61,1,80261.0,2,11.4,3,3,12,11,0,2.0,1,0,0
26,0,93735.0,2,49.8,1,0,5,15,0,4.0,0,0,0
57,1,103241.0,1,67.6,3,2,0,6,1,2.0,0,0,0
51,0,30000.0,2,15.8,2,2,8,19,0,5.0,1,0,0
27,0,107263.0,2,43.8,1,2,10,16,0,4.0,1,0,1
40,1,90445.0,1,57.6,2,1,4,8,1,5.0,0,0,0
48,0,65469.0,2,5.0,2,3,3,5,1,2.0,1,0,0
46,1,106348.0,1,47.0,3,3,0,4,1,1.0,1,0,0
69,1,92216.0,1,54.2,3,1,4,4,1,4.0,1,0,1
41,1,85631.0,1,32.3,2,2,2,7,1,3.0,0,0,0
57,0,174000.0,1,88.9,1,1,4,3,0,1.0,0,2,0
48,1,77009.0,1,42.1,2,1,5,2,1,3.0,1,0,0
61,1,87591.0,1,85.5,3,1,0,1,1,4.0,1,0,1
59,0,90887.0,0,53.7,1,1,0,0,0,1.0,0,1,0
67,0,141016.0,0,30.3,1,1,0,3,1,3.0,0,0,1
35,1,85920.0,0,5.0,1,1,1,0,1,3.0,1,0,1
25,0,64402.0,2,39.15,2,3,3,4,0,5.0,0,0,0
47,0,95473.0,2,70.4,1,2,5,13,0,2.0,0,1,0
37,1,104816.0,0,34.8,1,2,1,2,1,4.0,0,0,0
56,1,114855.0,2,9.3,2,1,14,3,0,4.0,1,1,0
29,1,75607.0,0,32.8,3,3,0,3,1,4.0,1,0,0
54,0,101358.0,1,5.0,1,2,6,4,0,1.0,1,1,0
63,1,74460.0,1,44.9,2,1,0,8,1,4.0,0,0,0
43,1,174000.0,2,8.0,2,1,6,19,0,1.0,1,0,0
29,0,109573.0,1,71.2,4,3,7,2,1,2.0,1,0,0
66,0,98091.0,2,47.5,1,2,11,7,1,5.0,1,0,1
49,0,82373.0,1,24.4,2,2,5,9,0,2.0,0,0,0
61,0,50880.0,1,42.1,3,2,1,9,0,5.0,1,0,0
60,1,128467.0,2,5.0,1,2,14,11,1,1.0,1,0,0
67,0,65746.0,2,72.5,1,1,10,19,1,2.0,1,0,0
37,1,126736.0,1,52.2,2,0,3,8,1,4.0,0,0,1
57,1,64706.0,0,58.5,2,1,2,2,1,4.0,0,0,0
29,0,106026.0,1,82.4,3,3,3,8,1,2.0,0,0,0
30,0,67031.0,0,43.4,1,2,2,0,1,4.0,1,1,0
25,1,75250.0,2,74.2,1,3,4,4,0,5.0,1,0,1
32,1,84758.0,1,35.5,1,1,7,3,1,1.0,0,0,0
32,0,86095.0,2,35.1,1,1,3,7,1,4.0,0,0,0
59,0,82787.0,0,5.0,3,3,1,1,1,2.0,1,0,0
60,1,86886.0,1,38.3,1,3,7,2,1,1.0,1,0,0
43,1,83209.0,1,5.0,2,2,4,5,1,4.0,1,0,1
54,1,51595.0,1,39.1,1,1,4,2,1,3.0,1,0,0
29,0,37874.0,1,51.1,2,3,4,4,0,1.0,0,0,0
38,1,58987.0,2,22.3,1,2,13,7,0,5.0,1,0,1
68,1,140809.0,2,35.7,2,2,4,14,1,3.0,0,0,0
26,1,133854.0,0,21.1,4,2,2,3,1,2.0,0,0,0
36,0,174000.0,2,51.7,1,1,12,7,1,1.0,1,0,0
42,1,30000.0,1,42.1,2,1,0,6,1,2.0,1,0,0
45,0,33436.0,2,62.3,1,0,5,11,1,3.0,1,0,0
54,1,46905.0,2,45.4,1,2,13,13,1,1.0,0,0,0
41,1,82538.0,2,54.1,3,2,3,11,1,2.0,1,0,0
39,1,83841.0,2,55.6,2,1,6,10,1,1.0,1,0,0
60,0,49974.0,2,81.8,1,0,12,9,1,2.0,1,0,0
30,0,89694.0,2,20.3,2,1,3,5,1,4.0,1,0,0
28,1,123153.0,2,38.8,2,0,7,5,1,1.0,1,0,0
61,0,65025.0,2,7.2,1,2,2,5,0,1.0,0,1,0
65,0,64554.0,2,30.9,3,2,7,7,0,2.0,1,1,0
29,2,145946.0,1,22.1,1,0,6,8,1,5.0,1,0,0
63,0,108759.0,0,91.1,1,2,2,2,1,3.0,1,0,0
53,0,89326.0,1,63.4,2,2,3,4,0,5.0,1,1,0
41,1,88657.0,2,53.1,2,2,9,9,1,1.0,0,0,0
25,0,108008.0,2,67.1,2,2,2,3,1,3.0,1,0,0
26,0,107760.0,0,68.0,3,2,2,0,1,1.0,0,1,0
25,0,106968.0,2,28.7,1,3,3,8,0,3.0,1,0,0
66,1,85154.0,2,75.1,1,2,7,16,0,4.0,1,1,0
66,1,59491.0,2,10.6,1,2,5,16,1,5.0,0,0,0
67,0,59490.0,2,72.6,1,1,13,5,1,1.0,0,0,0
50,0,45346.0,1,20.6,2,1,7,6,1,4.0,1,0,0
37,1,69542.0,2,36.9,1,2,3,5,0,4.0,1,1,0
68,1,63627.0,2,32.3,4,2,8,4,0,5.0,1,1,0
53,0,72618.0,0,37.1,1,2,0,1,1,4.0,0,0,0
36,0,152046.0,2,37.2,2,3,5,16,0,2.0,1,0,0
56,1,114362.0,2,26.9,2,1,12,17,1,4.0,1,0,0
32,0,90510.0,1,22.8,1,2,4,3,1,2.0,1,0,0
44,0,140708.0,0,20.5,4,1,1,1,1,1.0,0,0,0
54,1,96996.0,2,26.6,1,0,2,12,0,4.0,0,1,0
69,0,142610.0,1,27.5,1,1,4,5,1,1.0,0,0,0
35,0,75252.0,1,5.0,3,2,3,3,1,2.0,0,0,0
55,1,85581.0,2,76.9,1,1,2,15,0,1.0,1,0,0
56,1,149380.0,1,15.7,3,2,6,5,1,1.0,1,0,0
31,1,52366.0,1,23.0,2,1,1,8,1,1.0,1,0,0
64,0,134208.0,1,5.0,1,1,1,7,1,4.0,1,0,1
44,1,60403.0,1,63.8,1,0,4,5,1,1.0,0,0,0
57,1,101422.0,1,9.5,2,1,4,7,0,2.0,0,0,0
53,0,115488.0,1,76.4,2,2,6,7,0,3.0,0,2,0
63,0,72390.0,1,5.0,2,1,3,9,1,4.0,1,0,0
68,1,102546.0,2,45.9,3,0,6,17,0,1.0,1,0,0
44,1,121246.0,1,75.7,1,1,0,6,1,1.0,1,1,0
68,1,93887.0,0,7.6,2,2,1,2,1,4.0,1,0,0
61,0,40656.0,2,5.0,2,1,8,18,0,4.0,1,0,1
44,0,105233.0,2,57.9,4,2,3,16,0,2.0,1,0,0
52,1,73888.0,2,32.4,1,2,13,19,0,1.0,1,0,0
51,1,43705.0,2,44.2,2,1,2,19,1,2.0,1,0,0
62,2,166935.0,1,24.9,3,1,4,3,1,4.0,0,0,0
34,1,115495.0,2,24.2,2,2,5,15,1,3.0,1,0,1
30,1,67628.0,2,40.9,2,2,7,16,1,3.0,0,0,0
32,0,30000.0,2,5.0,1,2,7,14,1,5.0,1,0,0
50,1,77271.0,1,5.0,2,2,2,7,1,1.0,1,0,0
47,1,155365.0,2,42.2,1,3,12,10,0,4.0,1,0,0
62,1,92706.0,2,20.1,2,1,3,3,1,3.0,1,0,0
31,0,47841.0,2,5.0,4,1,12,10,0,1.0,0,0,0
34,1,76180.0,0,36.2,3,1,2,2,1,1.0,1,0,0
61,1,113784.0,2,41.05,1,2,11,3,0,2.0,1,0,0
41,0,45612.0,2,45.0,1,3,5,13,1,3.0,0,0,0
69,1,70890.0,0,19.4,3,2,0,0,1,5.0,0,0,0
40,1,89138.0,2,42.6,2,1,7,16,0,5.0,0,0,0
48,0,46447.0,1,86.0,1,0,2,3,1,2.0,1,0,0
53,0,108181.0,1,51.7,3,0,5,9,1,4.0,0,0,0
45,1,81516.0,2,71.2,2,1,9,14,0,4.0,1,1,0
33,1,96382.0,0,45.9,4,0,2,3,1,1.0,1,0,0
62,0,98131.0,2,5.0,1,1,11,7,0,1.0,1,0,0
53,1,87444.0,1,70.9,2,2,3,1,1,3.0,0,0,0
32,1,105318.0,0,27.4,3,1,1,3,1,5.0,0,0,0
50,0,109655.0,0,44.8,2,0,1,1,1,1.0,1,0,0
30,0,116147.0,1,82.3,1,0,6,9,1,4.0,1,0,1
57,1,71295.0,1,33.8,1,2,5,8,1,4.0,0,0,0
66,0,56009.0,1,69.9,1,1,4,6,1,3.0,1,0,0
56,1,106998.0,0,18.0,2,2,1,2,0,1.0,0,0,0
54,0,146967.0,2,20.4,3,1,4,8,1,2.0,1,0,1
64,1,65409.0,2,5.0,2,1,12,6,1,3.0,0,0,0
32,1,118673.0,1,29.7,1,1,7,7,1,2.0,1,0,0
38,0,73758.0,1,5.0,1,2,5,8,1,1.0,1,0,0
53,0,134111.0,0,6.9,2,0,1,0,1,2.0,1,0,1
39,0,40109.0,2,46.8,2,1,10,6,0,5.0,1,0,1
63,0,100006.0,1,45.2,3,2,4,9,1,2.0,1,0,0
26,1,42346.0,2,49.2,2,2,13,12,0,4.0,0,0,0
48,0,59406.0,1,60.2,1,2,5,6,1,1.0,1,0,0
46,0,129709.0,2,40.1,3,2,11,3,0,4.0,1,1,1
44,0,82196.0,2,39.4,3,2,12,5,1,4.0,1,0,1
32,1,91597.0,1,11.2,1,0,6,7,1,4.0,0,0,0
50,0,77147.0,2,5.0,3,2,10,3,0,1.0,1,1,0
36,1,62010.0,2,20.4,1,0,10,17,0,5.0,1,0,0
69,0,35695.0,2,14.3,3,1,7,4,0,3.0,1,1,0
54,0,67954.0,1,70.2,2,1,3,6,0,4.0,1,1,0
47,1,84057.0,0,23.2,2,1,1,0,1,3.0,1,0,0
55,1,53521.0,1,34.7,2,1,5,6,1,1.0,0,0,0
45,0,100537.0,1,70.6,2,3,5,3,1,2.0,0,0,0
27,0,132273.0,1,53.7,3,2,1,7,0,1.0,0,1,0
32,0,109871.0,1,5.0,1,3,2,8,1,3.0,1,0,0
52,1,100622.0,2,69.4,2,0,2,16,1,1.0,1,0,0
50,1,78965.0,1,69.0,2,3,1,9,0,3.0,0,1,0
39,0,144060.0,1,21.0,1,1,4,9,1,3.0,1,0,1
62,0,30000.0,2,39.7,2,1,2,16,0,1.0,1,1,0
52,0,133552.0,0,58.4,2,1,2,1,1,4.0,1,0,0
45,0,58183.0,2,79.0,3,1,8,16,1,3.0,1,0,0
50,1,50855.0,1,5.0,1,1,3,9,1,3.0,1,0,0
69,1,96483.0,1,61.9,4,2,5,6,1,5.0,1,0,0
28,0,125396.0,2,5.0,3,1,12,16,1,5.0,0,0,1
43,1,84906.0,2,5.0,3,3,10,11,0,5.0,1,0,1
62,0,84758.0,2,58.0,1,1,9,3,0,3.0,1,1,0
69,1,87460.0,1,57.8,2,1,4,2,0,2.0,0,0,0
51,0,35573.0,1,5.0,2,3,1,7,1,2.0,1,0,0
45,1,97741.0,1,58.0,3,3,3,9,1,2.0,0,0,0
45,1,30000.0,1,68.8,1,2,2,2,1,5.0,0,0,0
57,1,87225.0,2,32.4,3,3,9,18,0,3.0,1,0,0
39,0,85878.0,0,55.4,2,1,1,2,1,5.0,0,0,0
56,1,41341.0,2,41.5,3,2,12,15,1,1.0,1,0,0
47,1,93818.0,2,53.8,4,1,10,12,0,3.0,1,1,0
47,1,122071.0,0,5.0,1,2,0,2,1,4.0,1,0,0
57,1,131472.0,2,35.5,3,1,9,7,0,2.0,1,1,0
54,0,81470.0,0,50.4,2,1,1,0,1,4.0,0,0,0
40,0,87215.0,2,83.8,3,0,13,5,1,5.0,0,0,0
42,0,97567.0,1,27.8,1,3,0,8,1,2.0,0,0,0
57,1,64334.0,1,37.2,1,2,6,5,1,1.0,1,0,0
63,1,69093.0,2,30.4,2,1,4,8,0,1.0,1,1,0
46,1,41928.0,2,36.5,2,1,12,11,0,1.0,1,1,0
32,1,77323.0,1,51.8,2,1,2,6,0,4.0,0,1,0
54,1,92256.0,1,5.0,1,2,1,7,1,5.0,1,0,1
63,1,69836.0,0,14.2,2,1,2,2,1,3.0,0,0,0
40,0,91377.0,1,52.6,2,0,5,5,1,1.0,0,0,0
54,0,101027.0,2,5.0,3,1,13,16,0,4.0,1,0,1
64,1,125759.0,0,48.5,1,1,2,2,1,1.0,0,0,0
57,0,35561.0,1,58.8,2,1,4,3,1,4.0,1,0,1
35,1,101547.0,1,63.3,2,2,2,2,1,1.0,0,0,0
39,1,83745.0,2,38.3,2,1,8,5,1,5.0,1,0,0
35,0,104070.0,1,5.0,2,1,3,7,0,5.0,1,0,0
67,0,111682.0,2,39.6,1,2,14,8,1,2.0,1,0,1
35,0,71095.0,2,34.5,2,0,2,6,1,3.0,1,0,0
30,0,85367.0,2,23.1,2,0,14,15,0,4.0,1,0,0
49,1,80931.0,2,28.0,1,1,13,8,0,1.0,0,0,0
62,1,149261.0,2,54.4,2,1,9,17,1,2.0,1,0,0
49,0,110226.0,1,23.0,1,3,1,8,1,3.0,0,0,0
63,1,40838.0,1,34.1,1,1,3,9,1,1.0,1,0,0
61,1,84287.0,2,40.2,2,2,3,18,0,2.0,1,0,0
51,1,95468.0,1,43.6,2,3,6,8,1,1.0,0,0,0
55,0,30000.0,2,34.1,2,3,14,14,0,4.0,0,0,0
34,0,91675.0,2,10.5,2,3,14,11,0,1.0,1,0,0
59,1,137930.0,1,79.8,2,2,7,1,1,1.0,1,0,0
63,0,80045.0,1,34.2,2,1,5,7,1,3.0,1,0,0
42,0,111181.0,2,85.2,2,2,13,9,0,3.0,1,0,1
53,0,104378.0,2,55.8,3,2,12,16,0,4.0,1,0,1
43,1,115696.0,2,32.5,2,1,12,10,1,3.0,1,0,0
40,0,154081.0,0,5.0,2,2,1,2,1,1.0,0,0,0
27,0,61411.0,2,92.0,2,0,3,7,0,3.0,0,1,0
49,0,95665.0,0,56.5,2,1,0,2,1,3.0,1,0,1
68,1,154158.0,2,21.3,1,2,12,6,1,3.0,1,0,1
26,0,113743.0,1,51.9,1,2,1,1,0,4.0,1,2,0
68,0,67541.0,2,57.2,1,1,14,15,0,4.0,0,0,0
25,1,105868.0,1,11.6,1,2,6,8,1,3.0,1,0,0
36,1,82301.0,2,11.0,1,1,2,19,0,2.0,1,0,0
53,1,42937.0,2,36.4,3,2,3,10,1,4.0,0,0,0
33,1,30000.0,2,52.5,2,2,10,15,0,1.0,1,0,0
57,0,92482.0,1,6.3,4,3,7,9,1,3.0,1,0,1
53,1,68077.0,0,68.0,1,2,2,3,1,1.0,0,0,0
43,1,111718.0,2,5.0,2,1,11,17,1,3.0,1,0,0
37,1,112843.0,1,46.1,3,1,1,1,1,5.0,1,0,1
53,0,79575.0,1,41.8,2,1,5,4,1,5.0,1,0,1
54,1,75963.0,1,45.3,3,3,3,8,0,5.0,1,1,0
41,1,77383.0,1,58.6,2,2,4,8,1,4.0,1,0,0
25,0,101290.0,0,17.8,3,2,0,2,1,4.0,1,0,0
30,2,38649.0,1,27.0,2,1,5,7,1,4.0,1,0,0
32,0,84774.0,2,29.1,1,1,10,11,0,2.0,1,0,0
38,0,113354.0,2,17.4,1,3,5,11,1,3.0,1,0,0
60,0,66710.0,1,67.6,2,1,3,7,1,1.0,1,0,0
30,0,95585.0,2,61.8,2,3,11,14,1,2.0,0,0,0
26,1,83397.0,1,67.1,2,1,7,1,1,1.0,1,0,0
41,1,58728.0,1,8.9,3,2,2,7,1,5.0,1,0,0
49,1,46440.0,0,47.4,4,2,0,2,1,5.0,1,0,0
48,1,50482.0,2,5.0,1,2,6,9,0,4.0,1,0,1
35,1,94574.0,2,43.6,2,1,13,15,1,3.0,1,0,0
49,0,140687.0,2,66.8,2,2,14,8,0,5.0,0,0,0
49,0,79677.0,2,52.3,3,1,9,15,0,4.0,0,0,0
41,1,114353.0,2,51.0,1,1,6,5,0,4.0,1,1,0
32,1,30000.0,2,23.5,4,2,6,7,1,4.0,1,0,0
69,0,123669.0,1,53.8,1,1,3,3,1,3.0,0,0,0
57,1,69772.0,2,47.7,1,1,3,9,0,3.0,0,1,0
65,0,130933.0,1,79.3,4,2,4,7,1,5.0,1,0,1
55,1,89023.0,0,30.3,1,1,0,2,1,3.0,0,0,0
46,1,45926.0,1,52.0,1,1,5,3,1,5.0,0,0,0
54,1,72664.0,2,5.0,3,2,12,5,1,5.0,1,0,1
68,2,72866.0,1,37.7,2,1,5,9,1,2.0,1,0,0
68,1,101134.0,0,43.5,1,2,1,2,1,1.0,1,0,0
49,1,170537.0,1,64.9,2,2,0,8,1,4.0,0,0,0
35,0,109605.0,2,50.4,3,0,14,11,0,4.0,0,0,0
35,1,144194.0,2,40.5,1,1,5,16,1,4.0,1,0,1
58,2,30000.0,2,39.0,1,1,11,13,0,2.0,0,0,0
45,1,57208.0,1,75.1,2,0,3,1,1,1.0,0,0,0
51,0,97408.0,2,30.3,1,2,5,19,0,4.0,1,0,0
47,0,63712.0,1,21.0,2,1,0,3,1,1.0,1,0,0
54,1,72716.0,2,33.5,1,0,6,12,1,3.0,1,0,0
34,1,84287.0,0,63.6,2,2,1,3,1,4.0,0,0,0
53,0,84530.0,0,56.9,1,1,1,0,1,1.0,1,0,0
40,1,74947.0,2,15.4,2,2,10,9,0,1.0,1,0,0
53,1,69340.0,1,24.4,1,3,5,8,1,4.0,1,0,0
54,1,77532.0,1,48.5,1,1,4,4,1,3.0,0,0,0
59,0,107352.0,1,50.9,2,2,3,5,1,3.0,1,0,0
26,1,42717.0,2,68.7,3,2,14,14,1,4.0,0,0,0
36,1,97895.0,1,38.3,2,3,6,3,1,2.0,1,0,0
45,1,30000.0,1,17.4,4,1,4,5,1,4.0,1,0,0
39,0,67986.0,0,61.8,3,1,2,0,1,4.0,1,0,0
48,1,82500.0,2,75.0,1,0,11,12,1,2.0,0,0,0
31,0,87630.0,1,70.3,1,2,0,6,1,1.0,0,0,0
44,0,31034.0,0,6.0,1,2,2,0,1,2.0,1,0,0
50,0,30000.0,2,43.2,1,2,5,15,1,2.0,0,0,0
60,0,47055.0,1,20.3,2,2,4,7,1,5.0,0,0,0
40,1,77960.0,1,44.5,1,1,4,5,1,1.0,1,0,0
39,1,107481.0,2,41.7,1,1,3,11,0,5.0,1,1,0
41,0,107551.0,2,33.0,2,1,6,15,0,4.0,0,0,0
31,1,116019.0,2,76.3,1,2,13,12,0,1.0,1,0,0
30,1,87750.0,1,15.9,1,1,6,5,1,2.0,1,0,0
63,0,92798.0,1,40.7,1,2,3,7,1,1.0,1,0,0
28,0,30190.0,1,76.8,2,0,1,3,1,5.0,0,0,0
50,1,69205.0,1,5.0,1,0,4,4,1,5.0,1,0,0
34,1,106221.0,1,31.4,2,2,2,3,1,1.0,1,0,0
43,1,71926.0,2,42.9,1,2,11,4,1,4.0,1,0,0
66,0,84906.0,1,52.5,3,2,0,7,1,5.0,0,0,0
40,1,112419.0,1,30.9,2,2,5,1,1,1.0,1,0,0
61,1,170891.0,2,56.4,2,1,5,14,0,1.0,1,0,0
39,1,119424.0,1,5.0,2,0,0,4,1,1.0,1,0,0
36,1,78738.0,1,46.6,1,2,5,9,1,3.0,1,0,0
36,0,112446.0,2,61.1,2,2,2,16,0,3.0,1,0,1
53,1,96787.0,2,66.7,1,2,2,13,1,3.0,0,0,0
45,0,121294.0,1,72.5,2,1,2,8,1,1.0,0,0,0
65,0,80740.0,0,33.0,1,0,0,1,1,4.0,1,0,0
50,0,77831.0,0,42.3,1,3,0,1,1,3.0,0,0,0
58,0,31098.0,2,64.7,2,1,4,9,0,3.0,0,0,0
50,0,58963.0,1,5.0,2,1,4,2,0,2.0,1,1,0
41,0,104555.0,1,94.9,1,1,7,8,1,1.0,0,0,0
66,1,52201.0,1,5.0,3,2,5,6,1,5.0,0,0,0
29,1,112607.0,0,16.3,2,0,2,1,1,3.0,1,0,0
50,0,75101.0,1,36.3,2,1,7,9,0,1.0,1,0,0
58,0,47043.0,2,34.7,3,0,14,16,0,3.0,1,0,0
55,0,84310.0,2,40.4,1,1,12,14,1,4.0,1,0,0
47,1,49900.0,2,52.2,2,1,12,8,1,2.0,0,0,0
59,1,86290.0,1,25.2,3,1,1,3,0,1.0,1,1,0
60,1,94280.0,2,17.8,1,3,7,14,0,5.0,1,1,0
33,1,138319.0,2,42.6,3,0,8,14,1,2.0,0,0,0
31,0,57207.0,1,66.3,1,2,4,5,1,2.0,1,0,0
55,0,87203.0,0,14.7,1,3,1,0,0,2.0,1,1,0
48,1,124938.0,0,21.9,2,2,1,0,1,1.0,1,0,0
64,1,86183.0,2,40.9,2,1,4,8,0,5.0,1,0,1
38,1,97368.0,2,72.5,2,0,8,7,1,4.0,1,0,0
40,1,93232.0,0,70.6,1,3,2,1,1,4.0,1,0,0
62,1,52150.0,2,49.9,1,2,3,16,0,3.0,1,1,0
41,1,61083.0,1,41.2,2,2,4,4,1,2.0,0,0,0
53,0,114302.0,1,54.7,1,2,0,5,1,2.0,1,0,0
44,1,91578.0,0,5.0,1,2,1,1,1,1.0,0,1,0
56,1,104021.0,0,75.6,1,0,0,1,1,1.0,1,0,0
35,0,115518.0,1,34.5,2,0,2,6,1,3.0,0,0,0
49,0,69328.0,1,23.4,3,0,2,9,1,1.0,0,0,0
38,1,35736.0,2,33.0,1,1,12,16,0,1.0,0,0,0
34,1,63137.0,2,61.9,3,3,2,19,0,2.0,0,0,0
48,0,95793.0,2,27.8,3,2,3,10,1,4.0,1,0,1
54,1,76536.0,0,89.6,2,0,0,0,0,4.0,1,2,0
60,2,100997.0,2,50.4,2,2,5,18,0,1.0,0,0,0
32,1,101476.0,2,48.7,2,1,7,4,1,3.0,1,0,0
52,0,92106.0,2,45.4,2,2,12,8,0,2.0,0,1,0
51,0,77048.0,2,16.8,1,0,3,6,0,1.0,0,2,0
43,1,91807.0,1,5.0,1,1,5,5,1,1.0,1,0,1
55,1,94058.0,1,39.3,1,1,2,1,1,2.0,1,0,0
38,1,59362.0,0,40.849999999999994,1,2,1,0,1,1.0,1,0,0
49,0,57534.0,2,25.0,1,0,5,5,1,4.0,1,0,0
34,1,79857.0,2,45.7,1,3,9,5,1,5.0,1,0,1
46,1,174000.0,1,60.7,1,2,4,7,1,1.0,1,0,0
55,1,119692.0,1,66.1,1,2,5,4,1,3.0,1,0,1
47,1,92831.0,1,19.2,1,2,5,4,1,5.0,1,0,1
40,0,81899.0,0,39.6,2,2,1,3,1,3.0,1,0,0
26,2,97864.0,2,43.2,2,1,7,10,0,4.0,1,0,0
37,1,80378.0,2,40.45,1,1,14,3,0,4.0,0,1,0
65,1,64953.0,2,33.2,1,2,11,7,0,1.0,1,1,0
27,0,173388.0,0,26.6,2,0,2,0,1,2.0,1,0,0
29,1,30000.0,2,30.5,2,2,5,14,1,3.0,1,0,0
47,1,77148.0,2,22.2,1,0,14,7,1,5.0,0,0,0
58,0,55046.0,1,77.1,1,1,2,8,1,4.0,0,0,0
43,1,100154.0,2,74.3,3,2,3,3,1,4.0,1,0,1
56,0,80797.0,1,71.4,4,2,2,6,1,2.0,1,0,0
60,0,92392.0,1,56.7,1,2,7,1,1,4.0,1,0,0
60,0,142960.0,2,79.8,1,2,9,9,0,2.0,1,1,0
65,0,90557.0,2,63.1,1,3,13,10,1,1.0,0,0,0
42,1,30000.0,2,56.7,1,0,5,18,0,1.0,1,0,0
48,0,111703.0,2,40.5,1,0,13,17,1,3.0,1,0,0
33,0,112429.0,1,49.3,2,2,2,4,0,4.0,1,1,0
52,0,104205.0,2,25.7,4,2,2,7,0,2.0,1,0,0
60,0,84376.0,0,74.9,1,2,2,1,1,2.0,1,0,0
32,1,93477.0,1,9.2,1,1,1,5,1,2.0,1,0,0
29,0,99281.0,2,31.8,2,1,10,10,0,5.0,1,0,1
33,1,82115.0,0,92.2,1,0,1,3,1,3.0,0,0,0
53,1,30000.0,2,9.5,3,2,12,7,0,5.0,1,0,0
33,1,87715.0,1,31.9,2,2,2,8,1,4.0,1,0,1
28,1,91056.0,1,16.6,2,3,0,3,1,4.0,0,0,0
49,0,94850.0,1,12.5,1,2,1,4,1,4.0,1,0,1
59,0,70384.0,1,59.8,1,2,0,9,0,2.0,0,1,0
46,0,67229.0,0,58.5,2,2,0,2,0,2.0,0,2,0
37,1,118533.0,2,45.1,1,2,6,8,1,4.0,0,0,0
40,1,72816.0,1,10.9,1,2,6,3,0,4.0,1,1,0
31,0,85451.0,2,16.9,4,1,7,19,0,1.0,0,0,0
52,0,134327.0,2,20.5,3,0,12,4,0,2.0,1,0,1
61,1,126681.0,0,16.7,2,1,1,3,1,1.0,0,0,0
67,1,93073.0,1,32.5,1,1,3,6,0,1.0,0,1,0
25,0,88001.0,0,48.5,3,0,1,3,1,1.0,1,0,0
33,0,109274.0,1,26.3,1,1,7,1,0,5.0,0,0,0
35,1,174000.0,1,24.1,3,2,3,9,1,5.0,1,0,1
67,1,45939.0,1,28.0,2,1,7,3,0,4.0,0,1,0
68,1,30013.0,1,5.0,2,0,3,2,1,2.0,1,0,0
68,1,48779.0,2,30.1,3,2,8,7,0,5.0,1,0,0
39,0,87418.0,1,52.7,3,0,0,8,1,3.0,0,0,0
64,1,139660.0,2,46.8,2,3,2,11,1,2.0,0,0,0
52,0,74694.0,1,7.5,2,3,6,8,1,2.0,0,0,0
52,1,80622.0,2,31.6,2,0,14,19,0,5.0,1,0,0
38,1,73963.0,2,80.4,2,1,11,10,0,5.0,0,0,0
50,1,30000.0,1,51.4,2,2,1,2,0,2.0,1,1,0
42,1,131482.0,2,59.0,1,0,8,14,1,3.0,1,0,1
36,1,95351.0,1,27.5,2,2,3,7,0,5.0,0,0,0
27,0,99468.0,1,54.4,2,2,6,1,1,1.0,1,0,0
51,1,54392.0,1,102.9,1,1,6,7,1,3.0,1,0,0
47,1,30000.0,2,72.6,2,2,2,4,0,2.0,1,1,0
44,0,94015.0,2,5.0,3,1,7,8,0,2.0,0,0,0
61,1,82116.0,2,57.7,1,0,14,4,0,2.0,0,0,0
37,0,65262.0,2,54.6,1,3,12,13,1,3.0,0,0,0
62,0,84758.0,1,68.0,1,1,3,6,1,1.0,0,0,0
54,0,54119.0,2,18.6,2,2,10,18,0,1.0,0,0,0
41,0,51808.0,1,58.0,1,2,0,2,1,5.0,1,0,0
61,0,158190.0,2,64.0,4,2,4,19,0,2.0,0,0,0
65,0,30000.0,2,42.7,1,1,3,4,0,4.0,1,1,0
47,1,51035.0,2,5.0,1,2,7,4,0,2.0,1,0,0
44,1,86595.0,1,24.1,2,1,6,8,1,2.0,0,0,0
30,2,68132.0,1,19.7,2,2,0,6,0,4.0,1,1,0
66,0,111466.0,0,70.5,1,2,0,3,1,1.0,1,0,0
38,0,47252.0,0,71.6,1,1,2,3,1,5.0,1,0,0
57,1,58818.0,0,12.9,3,1,2,2,1,4.0,0,0,0
65,1,58418.0,1,61.5,1,1,6,9,1,4.0,0,0,0
52,0,64545.0,1,20.6,3,0,7,7,1,2.0,1,0,0
32,0,43196.0,2,55.1,1,1,2,6,0,3.0,1,2,0
39,0,92580.0,1,50.5,1,1,4,9,1,4.0,1,0,1
43,0,105569.0,1,17.2,2,1,4,8,1,1.0,1,0,0
55,0,49119.0,2,36.9,2,1,9,11,1,3.0,1,0,0
46,1,127784.0,2,51.8,1,0,9,3,1,2.0,0,0,0
43,2,55562.0,0,26.4,2,1,2,3,1,4.0,1,0,1
29,0,40972.0,1,37.9,3,0,5,1,1,5.0,0,0,0
63,0,123434.0,1,63.0,1,2,7,3,0,1.0,1,1,0
59,0,63242.0,2,81.7,3,3,13,18,1,3.0,0,0,0
34,1,101525.0,1,59.7,2,2,1,4,1,5.0,1,0,1
68,1,67091.0,1,39.9,3,3,4,7,0,3.0,0,1,0
49,1,127430.0,1,5.0,2,0,3,4,0,3.0,1,0,0
49,1,131840.0,1,21.3,2,1,0,7,1,1.0,0,0,0
47,0,81815.0,1,62.8,3,1,0,8,1,4.0,1,0,1
61,0,78407.0,1,5.0,2,2,2,1,1,1.0,1,0,0
33,0,30000.0,1,5.0,1,1,4,5,1,3.0,0,0,0
36,0,58145.0,2,49.3,4,2,5,16,1,3.0,0,0,0
46,1,47071.0,1,30.6,1,3,6,5,1,5.0,0,0,0
55,0,30000.0,2,31.5,3,2,2,12,1,4.0,0,0,0
66,1,77016.0,0,65.6,1,1,1,3,1,3.0,1,0,0
33,1,30000.0,2,13.8,2,2,3,17,1,5.0,1,0,0
45,0,54258.0,1,31.7,1,1,0,6,1,1.0,1,0,0
43,1,80442.0,2,24.5,3,2,5,8,0,2.0,1,0,1
29,1,99878.0,2,40.6,1,1,14,17,1,3.0,1,0,0
36,0,95663.0,1,53.0,3,1,0,1,1,1.0,1,0,0
66,1,69336.0,0,42.0,1,2,2,2,1,5.0,0,0,0
39,1,112668.0,1,50.9,2,2,4,1,1,1.0,0,0,0
31,1,62943.0,1,40.1,2,0,0,2,1,3.0,1,0,0
59,1,125313.0,0,29.9,2,3,0,3,1,1.0,0,0,0
64,1,70260.0,1,8.0,4,1,4,3,1,5.0,0,0,0
41,0,91466.0,2,5.0,3,1,7,8,1,1.0,1,0,0
32,0,34599.0,2,35.0,1,0,7,9,0,4.0,1,0,0
62,0,88062.0,1,32.0,3,1,5,5,1,2.0,1,0,0
33,1,84726.0,2,71.2,2,2,10,9,0,3.0,1,0,1
28,1,84906.0,2,35.0,3,3,3,4,1,1.0,1,0,0
50,0,111262.0,1,36.1,2,3,2,5,1,4.0,1,0,1
27,0,44989.0,1,46.1,2,2,0,4,0,1.0,0,2,0
39,1,67986.0,0,20.7,1,1,1,2,1,3.0,1,0,0
33,1,30000.0,1,6.9,2,2,4,9,1,2.0,1,0,0
49,1,45680.0,1,76.7,2,2,1,9,1,3.0,1,0,0
65,0,68669.0,2,52.0,2,1,9,4,0,4.0,1,0,1
35,0,45280.0,2,28.4,2,1,9,4,1,4.0,0,0,0
30,0,70265.0,0,40.9,2,2,0,2,1,5.0,1,0,0
62,0,115912.0,2,27.4,2,3,11,3,1,3.0,0,0,0
35,1,102347.0,1,22.6,1,2,5,3,0,3.0,1,0,0
54,1,47083.0,1,90.4,2,1,7,5,1,5.0,0,0,0
61,0,103998.0,0,33.0,1,0,1,2,1,2.0,1,0,0
43,1,122945.0,2,61.1,2,0,14,13,0,4.0,1,0,1
64,0,80998.0,2,40.5,2,0,4,19,1,3.0,1,0,0
53,0,105640.0,2,78.0,3,2,4,6,0,4.0,1,1,1
36,0,50180.0,0,35.3,3,0,1,0,1,3.0,1,0,1
50,1,44931.0,1,8.4,2,2,7,6,1,3.0,0,0,0
61,0,81014.0,0,80.0,1,1,0,2,1,4.0,1,0,0
68,1,56065.0,1,39.9,2,2,3,7,1,5.0,1,0,0
63,1,151392.0,1,73.7,2,2,3,8,1,1.0,0,0,0
49,0,71722.0,2,61.7,3,2,7,6,0,5.0,1,0,0
64,1,80777.0,2,47.9,1,0,12,19,0,5.0,1,0,0
42,0,53707.0,1,38.9,2,2,1,7,1,3.0,1,0,1
69,1,133967.0,2,62.1,2,2,4,14,1,2.0,0,0,0
47,1,53600.0,1,5.0,2,3,3,8,1,4.0,0,0,0
68,1,81705.0,1,5.0,1,1,1,9,1,5.0,0,0,0
55,0,48168.0,2,38.3,1,2,8,7,0,1.0,1,1,0
50,1,128259.0,1,53.9,1,2,6,5,1,2.0,0,0,0
47,0,41522.0,2,25.8,1,2,7,5,0,4.0,1,1,1
45,1,41797.0,2,71.6,2,2,13,8,1,5.0,0,0,0
31,1,76795.0,2,6.9,3,2,7,6,0,5.0,0,0,0
35,0,128759.0,1,41.8,1,2,0,9,0,5.0,1,1,1
46,0,169626.0,1,23.7,2,3,6,2,1,1.0,1,0,0
42,0,69156.0,1,48.3,2,1,3,7,1,4.0,0,0,0
46,0,88106.0,1,5.0,3,1,6,5,0,2.0,1,0,0
43,0,81173.0,2,62.3,1,1,5,7,1,5.0,0,0,0
27,1,105716.0,2,83.7,1,2,8,10,1,1.0,1,0,0
34,0,60063.0,2,37.6,1,1,14,7,0,5.0,0,0,1
54,1,105410.0,2,63.6,2,1,14,11,0,3.0,0,0,0
38,0,84758.0,0,78.7,1,1,2,2,1,2.0,1,0,0
38,1,119478.0,2,46.4,1,1,3,5,1,1.0,1,0,0
64,0,58964.0,1,43.5,1,2,0,6,1,3.0,1,0,0
37,1,85217.0,2,78.8,1,2,5,13,1,2.0,1,0,0
35,1,162276.0,2,5.0,2,2,7,13,0,2.0,0,0,0
65,1,111580.0,1,14.7,1,1,2,3,1,5.0,0,0,1
68,1,78237.0,1,49.5,2,1,3,6,1,5.0,0,0,0
68,1,30000.0,0,45.2,2,3,1,2,0,1.0,1,2,0
36,1,85111.0,2,28.4,3,3,4,5,0,2.0,1,1,0
60,0,145453.0,1,10.1,3,2,2,4,1,3.0,0,0,0
26,0,62351.0,0,49.4,1,0,0,3,1,5.0,1,0,1
34,0,135192.0,2,56.3,2,1,9,16,0,2.0,1,0,0
31,0,112098.0,1,23.7,2,0,6,9,1,5.0,1,0,0
45,0,109135.0,2,93.8,2,2,4,6,1,5.0,0,0,0
55,1,137353.0,1,51.8,1,3,6,2,0,2.0,1,1,0
34,1,59688.0,1,31.5,3,2,7,3,0,3.0,1,1,0
69,1,76327.0,0,19.6,1,0,2,0,1,4.0,1,0,0
65,0,145880.0,0,19.4,1,2,1,0,1,4.0,1,0,0
51,0,32217.0,1,24.5,2,1,5,4,1,3.0,0,0,0
43,0,76894.0,0,27.9,4,2,0,2,1,1.0,1,0,0
49,1,62300.0,2,21.1,2,0,12,4,0,2.0,1,1,0
39,0,91800.0,2,29.7,2,0,9,15,0,3.0,1,0,0
47,1,119527.0,2,70.4,1,1,14,19,1,3.0,0,0,0
47,0,154464.0,1,86.9,2,1,4,6,1,2.0,1,0,0
29,0,64514.0,1,33.0,1,2,4,8,1,2.0,1,0,0
34,0,80526.0,1,61.4,3,1,0,9,1,3.0,1,0,0
63,0,114110.0,1,60.5,2,2,5,9,1,1.0,1,0,0
69,0,39863.0,1,12.1,2,1,1,9,1,3.0,1,0,0
52,0,97322.0,1,51.5,1,3,2,8,1,3.0,0,0,0
37,0,45567.0,2,32.9,2,0,8,14,0,1.0,0,1,0
27,1,61190.0,1,35.7,2,0,6,2,0,4.0,1,0,0
46,0,132710.0,2,86.5,2,2,2,14,1,3.0,0,0,0
64,1,129131.0,1,19.7,2,2,1,2,1,4.0,1,0,1
50,0,87634.0,2,5.0,2,1,11,13,1,4.0,0,0,0
26,1,111303.0,2,71.8,2,2,13,18,0,5.0,1,0,1
53,1,68159.0,1,31.8,2,2,1,8,1,3.0,1,0,1
37,0,103201.0,1,27.6,1,1,3,8,1,1.0,0,0,0
39,1,68249.0,2,17.9,1,1,12,6,0,3.0,1,0,0
36,1,30000.0,2,58.9,2,1,13,8,0,1.0,1,1,0
31,1,81120.0,1,62.1,2,2,5,2,1,3.0,0,0,0
67,1,55252.0,0,8.6,2,2,1,3,1,5.0,1,0,0
28,0,90735.0,2,67.4,2,1,6,9,1,1.0,0,0,0
63,1,74830.0,2,5.0,1,1,11,7,1,4.0,1,0,1
33,0,44909.0,0,6.1,2,0,0,0,1,1.0,0,0,0
39,1,98185.0,2,44.9,1,2,11,19,0,2.0,1,1,0
42,1,96739.0,1,5.0,2,1,1,4,1,1.0,1,0,0
50,1,82977.0,2,25.6,1,2,14,17,0,4.0,1,0,1
30,1,130279.0,0,47.4,1,0,1,1,1,3.0,0,0,0
58,0,97486.0,0,49.7,2,1,0,0,0,3.0,1,2,0
35,0,64472.0,1,85.2,1,1,5,6,0,5.0,1,1,0
60,1,81082.0,1,10.5,3,0,7,7,1,2.0,1,0,0
44,1,75342.0,1,25.5,2,1,0,8,1,5.0,0,0,1
56,0,118797.0,1,48.8,1,1,0,7,1,5.0,1,0,1
49,0,63538.0,2,82.1,1,1,14,16,0,1.0,1,0,0
68,1,90465.0,2,55.4,1,2,3,5,1,5.0,0,0,0
62,0,49710.0,1,5.0,1,1,6,8,1,5.0,1,0,1
63,0,43405.0,1,54.4,2,1,0,8,1,4.0,1,0,0
25,0,69005.0,1,39.15,3,1,5,5,1,1.0,1,0,0
46,0,106831.0,2,37.6,1,2,2,15,0,4.0,1,0,1
29,1,41887.0,2,49.1,1,3,12,10,1,5.0,0,0,0
42,0,60470.0,2,40.4,3,2,9,6,0,1.0,1,1,0
48,0,94443.0,2,5.6,3,2,8,18,1,2.0,0,0,0
36,1,99776.0,1,27.5,3,1,2,3,0,3.0,1,1,0
33,1,62378.0,2,14.2,2,1,8,18,1,5.0,1,0,1
53,1,40228.0,1,39.2,1,1,6,6,1,3.0,1,0,0
63,1,47210.0,1,65.6,2,0,7,2,0,4.0,1,1,0
29,0,110680.0,2,64.7,2,0,5,6,1,2.0,1,0,0
60,0,67338.0,1,49.5,1,1,5,3,1,5.0,0,0,0
51,0,77447.0,1,66.4,1,0,7,4,1,2.0,1,0,0
65,0,50874.0,1,20.7,1,1,1,4,1,5.0,1,0,1
36,1,95395.0,1,33.0,3,1,7,9,1,2.0,1,0,0
27,0,126580.0,2,44.8,1,0,12,19,1,2.0,0,0,0
58,0,108101.0,0,89.7,1,0,1,3,1,5.0,0,0,1
44,1,87242.0,2,13.1,4,0,10,14,0,2.0,1,0,0
31,0,82450.0,2,5.0,4,0,7,7,0,3.0,1,0,0
51,1,57132.0,1,30.5,1,0,3,4,1,1.0,1,0,0
60,1,30000.0,1,5.0,2,3,7,9,0,1.0,0,0,0
64,1,99081.0,1,64.3,1,1,1,8,0,3.0,1,2,0
27,0,58079.0,1,44.9,1,2,1,7,1,3.0,0,0,0
62,0,51545.0,1,42.0,2,2,0,3,1,4.0,1,0,0
31,1,84758.0,2,64.5,1,1,9,17,0,2.0,1,0,1
40,1,56696.0,2,100.6,2,2,14,18,1,1.0,1,0,0
31,1,52599.0,1,79.3,1,2,1,8,1,1.0,0,0,0
39,2,83448.0,1,48.1,1,1,4,3,1,3.0,1,0,1
49,0,36682.0,1,9.8,2,2,5,6,1,2.0,0,0,0
33,0,101896.0,1,49.1,2,1,7,9,1,3.0,0,0,0
57,0,113858.0,0,52.3,3,2,2,1,1,1.0,0,0,0
43,0,61567.0,1,17.1,2,3,2,8,1,5.0,0,0,0
58,1,124644.0,1,46.5,2,2,2,2,1,4.0,1,0,1
42,0,107104.0,0,52.3,2,1,2,3,1,3.0,1,0,0
50,0,142419.0,2,50.3,1,0,12,17,1,3.0,1,0,1
46,1,91436.0,2,37.2,2,2,14,17,0,1.0,1,0,0
31,2,61548.0,1,36.7,1,0,1,5,1,3.0,1,0,0
50,1,30000.0,2,48.9,1,2,6,4,1,1.0,1,0,0
68,0,49340.0,2,32.7,2,0,8,4,0,1.0,0,1,0
67,0,147696.0,2,8.6,2,2,2,11,0,3.0,1,0,1
66,0,119608.0,1,15.4,2,3,0,1,1,2.0,0,0,0
37,0,150597.0,2,54.1,2,1,13,5,1,1.0,0,0,0
32,1,73566.0,1,77.0,2,1,5,8,1,1.0,1,0,0
33,0,130431.0,1,5.0,2,2,6,4,1,4.0,1,0,1
60,1,84287.0,2,54.3,2,1,9,19,0,4.0,0,0,1
45,1,66492.0,2,45.2,2,1,2,3,0,2.0,1,1,0
37,1,41416.0,0,66.9,1,2,0,0,1,2.0,1,0,0
53,0,133448.0,1,100.2,1,2,7,1,1,4.0,1,0,0
26,0,68530.0,2,13.9,3,1,8,5,1,4.0,1,0,1
66,0,124653.0,2,43.4,2,2,14,8,1,5.0,0,0,0
36,0,93973.0,2,47.6,2,1,11,16,0,5.0,1,1,1
27,1,57194.0,1,24.8,2,3,3,3,1,2.0,1,0,0
27,1,109131.0,2,49.6,1,1,10,6,1,5.0,0,0,0
69,1,49729.0,2,44.0,2,1,13,18,0,4.0,0,0,0
36,1,58590.0,2,48.2,1,1,13,4,0,3.0,1,0,0
53,0,70039.0,2,79.8,1,2,13,15,0,3.0,1,1,0
40,1,112534.0,1,55.6,2,2,2,2,1,5.0,1,0,1
49,1,61596.0,2,32.1,4,2,4,9,0,1.0,0,1,0
43,1,140380.0,1,11.1,2,2,4,9,1,3.0,1,0,1
31,0,69961.0,0,43.6,1,1,0,2,1,5.0,0,0,0
25,1,115356.0,1,53.3,2,2,1,8,1,4.0,0,0,0
63,1,84758.0,2,71.7,1,2,6,15,1,4.0,1,0,1
43,0,41595.0,2,34.7,1,2,5,18,0,3.0,0,0,0
46,1,77805.0,2,39.9,2,3,6,9,1,5.0,1,0,1
44,1,60644.0,1,5.0,1,3,0,3,0,5.0,0,1,0
45,0,53605.0,2,35.6,1,2,14,3,1,2.0,0,0,0
39,1,97580.0,1,5.0,1,3,0,7,1,3.0,1,0,0
62,1,108057.0,2,5.0,1,1,2,18,0,2.0,1,0,0
64,0,83755.0,2,64.5,3,3,4,14,0,1.0,1,1,0
49,0,86909.0,1,23.0,1,0,0,2,1,1.0,1,0,0
50,0,84287.0,1,76.8,2,2,6,5,1,1.0,1,0,0
37,1,78911.0,0,5.0,1,2,1,3,1,4.0,1,0,0
26,0,119654.0,2,48.0,2,2,3,19,1,3.0,1,0,0
41,0,123053.0,0,40.8,3,1,0,3,1,2.0,0,0,0
52,1,109504.0,1,25.3,1,1,1,8,1,3.0,1,0,1
50,2,54284.0,1,74.5,1,1,2,7,1,2.0,1,0,0
65,0,104694.0,2,69.8,2,2,3,16,0,3.0,0,0,0
45,0,60304.0,0,9.4,1,2,1,0,1,3.0,1,0,0
52,0,111447.0,1,96.9,2,1,7,3,1,5.0,1,0,1
29,0,67278.0,0,28.2,3,1,1,3,1,2.0,0,0,0
64,1,52260.0,0,70.1,1,2,1,1,1,4.0,1,0,0
30,1,73129.0,1,65.4,2,0,6,8,1,4.0,0,0,0
35,0,78769.0,2,63.4,3,1,14,10,0,3.0,0,0,0
26,1,88474.0,2,38.5,2,2,13,4,0,1.0,0,0,0
65,0,77743.0,1,13.5,3,2,3,2,1,5.0,1,0,0
66,0,96526.0,0,50.5,1,2,1,2,1,3.0,0,0,0
32,0,147949.0,2,42.3,2,2,12,9,1,5.0,1,0,0
26,1,55300.0,1,67.3,2,2,7,1,1,3.0,1,0,0
32,1,47656.0,1,5.0,2,0,7,2,1,5.0,1,0,1
37,0,101581.0,0,21.0,2,1,1,3,1,4.0,1,0,0
55,0,95550.0,2,5.4,2,2,9,10,0,3.0,1,0,0
58,1,30000.0,1,63.6,2,1,6,1,1,5.0,1,0,0
26,0,34141.0,2,15.0,2,1,9,14,0,5.0,0,0,0
67,1,121907.0,1,12.4,1,2,0,7,1,1.0,0,0,0
57,0,105096.0,1,87.2,2,1,4,8,1,2.0,1,0,0
56,1,89354.0,2,59.7,3,1,10,15,0,3.0,1,1,0
32,1,73384.0,2,67.1,2,2,5,10,1,3.0,1,0,1
56,0,64728.0,2,38.0,2,3,4,14,1,1.0,1,0,0
32,0,90967.0,2,76.4,1,3,3,10,0,3.0,1,0,0
68,1,144649.0,2,60.4,1,2,2,5,1,1.0,1,0,0
50,0,61481.0,2,43.7,2,1,2,7,1,3.0,0,0,0
40,1,94167.0,1,65.2,1,2,3,4,1,4.0,1,0,1
62,1,106347.0,2,44.0,2,3,7,11,1,3.0,1,0,0
55,1,100863.0,2,74.6,3,2,12,5,0,2.0,0,0,0
45,0,82436.0,2,41.9,1,1,2,7,0,2.0,1,1,0
49,0,83604.0,1,27.0,2,2,2,7,1,1.0,0,0,0
37,0,91209.0,0,21.6,2,2,1,0,1,4.0,1,0,0
54,0,70196.0,2,62.9,2,2,7,15,0,2.0,1,0,0
29,0,63787.0,2,65.6,1,1,13,15,0,2.0,1,0,0
47,0,119463.0,2,13.6,1,2,6,11,0,1.0,1,0,0
35,0,50045.0,1,5.0,1,2,6,8,1,4.0,1,0,0
67,0,40465.0,2,70.2,1,2,7,8,0,2.0,1,1,0
44,0,80795.0,1,40.4,1,2,6,4,1,4.0,0,0,0
59,1,115395.0,1,33.3,1,1,0,5,0,1.0,0,0,0
46,0,56025.0,2,12.1,1,1,9,14,0,1.0,0,0,0
54,0,93280.0,2,51.2,2,0,7,14,0,3.0,1,0,0
68,1,89296.0,1,81.0,1,3,0,5,1,1.0,0,0,0
36,0,41902.0,2,86.2,2,0,7,3,0,5.0,0,2,0
26,1,80731.0,2,6.9,3,3,12,13,0,4.0,0,0,0
62,1,165055.0,1,5.0,3,1,2,3,1,3.0,0,0,0
62,0,75313.0,1,22.9,2,1,7,8,1,2.0,1,0,0
25,0,50824.0,1,28.7,1,0,6,9,1,3.0,0,0,0
58,0,105605.0,0,28.8,2,2,0,3,1,2.0,0,0,0
31,0,108549.0,1,48.1,2,0,0,6,1,1.0,1,0,0
33,1,106094.0,2,38.6,1,3,10,4,0,2.0,1,0,0
45,0,153792.0,1,44.0,1,2,1,9,1,3.0,0,0,0
52,0,36172.0,2,55.1,1,2,3,15,1,1.0,0,0,0
54,0,62431.0,0,27.3,2,1,2,2,1,1.0,1,0,0
31,0,71803.0,2,16.0,3,2,5,9,0,3.0,1,0,0
60,1,156516.0,0,5.0,4,2,2,2,1,2.0,1,0,0
37,2,83204.0,1,35.1,2,0,1,4,0,4.0,0,1,0
55,0,117576.0,1,25.2,1,0,7,3,1,1.0,1,0,0
32,1,32243.0,2,56.7,2,0,13,8,1,4.0,1,0,0
35,1,91015.0,0,15.8,2,2,0,0,1,2.0,1,0,0
44,1,30000.0,2,15.0,1,2,4,11,1,4.0,1,0,1
27,1,87779.0,2,22.0,3,2,3,11,0,3.0,1,0,0
47,0,100943.0,2,51.7,1,2,5,9,1,3.0,0,0,0
27,0,170710.0,2,90.2,3,1,4,17,0,5.0,0,1,0
66,1,70293.0,2,10.4,1,2,8,16,1,5.0,1,0,1
52,0,93023.0,2,41.6,2,1,13,18,0,4.0,1,0,1
52,0,49131.0,2,56.7,3,1,7,6,1,2.0,1,0,0
25,0,41933.0,1,36.4,3,2,2,1,1,3.0,1,0,0
41,1,32999.0,2,5.0,1,2,7,13,1,3.0,1,0,0
40,0,47610.0,0,69.9,3,1,0,0,1,5.0,1,0,1
52,0,75634.0,2,44.5,2,2,12,16,1,5.0,1,0,1
29,1,126087.0,2,16.5,2,1,2,6,0,1.0,1,0,0
39,1,96214.0,2,54.2,4,2,12,11,0,5.0,0,0,0
51,0,90957.0,1,16.2,4,1,1,9,1,1.0,1,0,0
43,1,81483.0,1,21.2,3,1,5,2,1,5.0,1,0,0
55,0,50490.0,0,48.1,2,0,2,2,1,3.0,1,0,0
55,1,74981.0,1,33.5,3,1,3,8,1,2.0,1,0,0
30,0,72965.0,2,54.3,1,2,5,13,0,1.0,1,0,0
56,0,150274.0,2,34.5,2,1,14,13,1,4.0,1,0,0
37,0,91987.0,1,45.5,3,0,0,2,1,4.0,1,0,1
42,1,88383.0,1,29.9,1,0,3,5,0,1.0,0,2,0
43,1,155916.0,0,47.1,4,1,0,0,0,5.0,1,2,0
35,1,89240.0,1,17.8,1,0,7,1,1,2.0,0,0,0
38,0,87085.0,2,51.9,2,1,7,9,0,5.0,1,0,1
57,0,32910.0,2,15.9,2,3,5,14,1,3.0,1,0,0
69,0,89598.0,0,26.9,1,0,1,3,0,2.0,1,1,0
63,0,119237.0,2,27.0,2,1,10,15,1,3.0,1,0,0
69,0,85629.0,1,25.7,2,1,7,1,1,5.0,0,0,0
40,0,59971.0,2,81.0,2,2,5,5,1,2.0,0,0,0
38,0,84758.0,2,45.1,1,1,8,6,0,3.0,0,1,0
56,1,96468.0,2,54.5,2,1,4,17,1,5.0,0,0,0
69,0,68592.0,2,78.5,1,1,10,10,0,3.0,1,0,0
62,1,57228.0,2,89.5,2,2,4,10,1,2.0,0,0,0
36,1,30000.0,1,66.5,2,3,0,7,1,4.0,1,1,0
59,1,86236.0,1,57.6,2,2,4,3,1,3.0,0,0,0
39,1,99451.0,2,69.4,1,3,8,11,1,2.0,1,0,0
25,1,110554.0,1,60.6,1,1,4,9,1,1.0,1,0,0
68,0,114428.0,1,5.0,1,1,0,3,1,1.0,1,0,0
31,1,112032.0,0,27.9,1,1,2,2,1,3.0,1,0,1
58,0,47215.0,2,53.2,1,2,10,8,0,4.0,0,0,0
59,0,69821.0,1,56.9,2,1,5,5,1,1.0,0,0,0
44,0,83038.0,2,39.8,3,0,11,19,0,4.0,0,0,0
52,1,146300.0,2,36.6,3,1,6,15,1,5.0,0,0,0
44,1,78202.0,2,17.3,2,0,9,6,0,5.0,0,0,0
52,0,108093.0,2,31.4,2,1,10,11,1,3.0,1,0,0
31,0,94699.0,0,53.5,1,1,0,0,1,5.0,0,0,0
37,0,83973.0,0,5.0,2,0,0,0,1,1.0,1,0,0
65,0,70063.0,0,48.4,2,2,0,0,1,2.0,0,0,0
33,1,88503.0,2,36.4,1,1,10,10,1,2.0,0,0,0
51,2,90912.0,1,36.6,1,0,0,2,0,3.0,1,1,0
42,1,96862.0,2,22.0,1,3,12,19,1,5.0,1,0,0
54,1,30000.0,2,59.9,1,2,3,13,0,2.0,1,1,0
66,0,100866.0,2,81.1,2,1,5,10,0,5.0,0,0,1
31,1,87801.0,1,60.6,2,3,3,7,0,2.0,0,0,0
58,1,45115.0,0,20.7,2,2,1,2,0,4.0,1,1,0
53,0,93998.0,1,69.9,1,0,4,7,1,3.0,0,0,0
26,0,69434.0,2,106.0,1,1,13,4,1,3.0,0,0,0
43,1,135776.0,1,76.0,3,1,3,9,1,2.0,1,0,0
49,1,35982.0,1,51.6,1,1,5,9,1,4.0,1,0,1
32,1,104236.0,0,18.6,1,2,2,0,1,2.0,0,0,0
53,1,106654.0,2,37.6,2,1,8,15,1,1.0,1,0,0
69,1,58813.0,2,5.5,1,1,11,6,1,4.0,1,0,0
36,0,102156.0,2,26.6,1,2,3,18,1,4.0,0,0,0
48,1,59901.0,2,52.5,2,2,14,13,0,4.0,1,0,0
67,1,63017.0,1,49.3,1,2,7,3,1,5.0,1,0,0
28,1,100105.0,0,5.0,1,0,0,0,1,1.0,1,0,0
59,1,88097.0,0,49.4,1,1,0,2,0,4.0,1,1,0
57,1,63002.0,0,63.7,2,2,1,3,1,1.0,0,0,0
32,1,119892.0,1,57.2,1,2,1,7,1,5.0,0,0,0
50,1,94415.0,1,35.8,2,2,7,8,1,2.0,0,0,0
46,0,128766.0,0,14.1,1,2,1,1,1,5.0,1,0,0
29,1,74739.0,2,52.6,2,2,8,10,0,5.0,1,0,1
39,0,127307.0,2,11.0,2,1,7,11,0,3.0,0,0,0
25,0,112812.0,0,58.2,2,1,2,0,1,2.0,1,1,0
69,0,57390.0,1,5.0,2,0,2,7,1,3.0,1,0,0
36,0,101084.0,0,76.9,2,3,2,2,1,1.0,0,0,0
67,0,56882.0,2,8.2,1,2,3,16,0,2.0,1,0,0
47,1,76943.0,0,33.4,3,2,2,2,0,2.0,0,1,0
67,1,43147.0,1,57.4,1,2,5,8,0,1.0,1,0,0
32,0,90355.0,2,20.8,2,1,2,18,0,4.0,0,1,0
37,1,99800.0,2,40.45,2,3,4,10,0,5.0,1,1,0
53,0,103364.0,2,16.3,2,2,2,16,1,2.0,1,0,0
39,1,99089.0,2,6.0,1,1,13,10,1,2.0,0,0,0
26,0,174000.0,1,69.2,1,1,5,5,1,4.0,1,0,1
40,1,86831.0,2,41.1,1,1,5,19,1,2.0,1,0,0
38,2,30000.0,2,40.8,1,1,14,12,1,1.0,0,0,0
55,1,71395.0,1,5.0,2,1,0,4,1,1.0,1,0,0
69,1,70869.0,2,26.6,2,1,11,18,0,2.0,1,1,0
48,0,49645.0,2,19.8,1,2,3,10,0,4.0,1,0,0
35,0,78612.0,2,16.7,2,0,10,18,1,5.0,1,0,1
59,1,80846.0,1,47.4,1,2,2,2,1,4.0,1,0,0
34,1,93021.0,2,36.7,1,1,2,18,0,4.0,0,0,0
38,0,34901.0,1,33.5,1,2,2,4,1,3.0,1,0,0
48,0,54816.0,1,30.3,2,2,4,9,1,5.0,1,0,1
54,1,94619.0,1,31.8,1,0,4,8,1,5.0,1,0,1
51,0,125033.0,2,45.1,1,1,7,12,1,1.0,1,0,0
60,1,81922.0,2,20.9,2,2,11,12,0,3.0,1,0,0
56,0,124479.0,2,50.0,2,1,11,11,0,3.0,1,0,1
58,1,84012.0,1,26.0,2,1,7,5,1,4.0,0,0,0
59,0,30000.0,2,18.1,2,1,6,17,0,4.0,1,0,0
28,1,143857.0,2,67.1,1,1,8,10,1,1.0,1,0,0
65,1,94424.0,1,35.8,1,1,4,1,1,5.0,0,0,0
44,1,77040.0,2,65.5,2,1,5,18,0,4.0,1,1,0
37,1,81324.0,2,37.2,1,0,6,17,0,5.0,1,0,0
39,1,33636.0,2,67.1,2,1,3,5,1,2.0,0,0,0
67,1,53433.0,2,70.9,3,2,9,10,0,3.0,1,1,0
27,1,82257.0,1,33.1,2,0,6,4,1,3.0,1,0,0
44,1,103445.0,2,88.5,1,1,13,7,0,1.0,1,1,0
53,0,62623.0,0,55.0,2,1,2,0,1,1.0,0,0,0
39,0,84758.0,2,44.1,1,1,10,3,1,2.0,0,0,0
64,1,54362.0,0,5.0,2,0,0,1,1,2.0,0,0,0
40,0,116662.0,2,17.1,2,1,4,12,1,1.0,1,0,0
30,0,80075.0,2,62.9,1,3,6,18,1,2.0,0,0,0
28,1,63818.0,2,5.0,2,1,7,18,0,5.0,1,0,1
34,1,89700.0,1,31.3,1,2,2,8,1,5.0,1,0,0
58,1,83393.0,0,5.0,1,3,1,0,1,3.0,1,0,0
30,1,41307.0,2,26.9,2,2,11,19,1,5.0,1,0,0
25,1,91418.0,1,9.9,1,1,6,3,1,3.0,0,0,0
46,1,119816.0,0,19.5,1,2,2,2,1,4.0,1,0,1
67,0,53871.0,2,43.7,1,0,14,17,0,5.0,1,0,1
44,2,41872.0,2,31.9,1,1,3,5,0,5.0,1,0,0
48,1,131285.0,1,71.1,2,1,7,9,1,3.0,1,0,0
42,1,98063.0,1,69.0,1,2,5,2,1,2.0,1,0,0
25,1,70895.0,0,5.0,1,0,1,1,1,4.0,1,0,0
30,0,71834.0,2,82.9,2,1,14,10,0,1.0,1,0,0
55,1,103752.0,0,64.1,1,1,0,3,1,4.0,1,0,0
61,0,73420.0,2,51.2,1,3,9,16,0,2.0,0,1,0
60,0,47631.0,2,87.4,2,2,9,18,0,2.0,1,1,0
62,0,30000.0,2,66.0,2,2,9,8,0,1.0,1,1,0
38,1,80477.0,2,48.5,1,2,5,10,1,3.0,1,0,0
41,0,151070.0,1,32.0,1,1,1,8,0,4.0,0,1,0
37,1,30000.0,0,45.9,2,2,0,3,1,1.0,1,0,0
56,0,117198.0,2,57.1,2,2,10,10,0,5.0,0,0,0
64,0,93536.0,2,50.7,2,2,5,4,1,2.0,1,0,0
60,1,90251.0,2,35.3,1,1,5,16,1,5.0,1,0,0
58,1,91112.0,2,57.9,1,1,12,5,0,1.0,1,1,0
40,0,126537.0,0,5.0,2,2,1,3,0,4.0,0,1,0
48,0,30000.0,0,41.8,1,3,0,0,1,1.0,1,0,0
28,0,57035.0,1,41.6,1,2,3,8,1,5.0,1,0,0
44,1,66667.0,1,50.0,2,2,6,6,1,4.0,1,0,0
66,0,114918.0,0,76.9,1,2,1,2,1,4.0,0,0,0
51,1,61910.0,2,63.9,1,1,3,7,1,5.0,1,0,0
43,1,141115.0,1,18.5,2,2,1,6,0,4.0,0,1,0
65,1,30000.0,0,100.8,3,2,1,2,1,4.0,0,1,0
30,0,61233.0,2,28.4,3,2,3,5,0,2.0,1,0,0
28,1,89387.0,0,66.6,3,2,2,1,1,2.0,1,0,0
39,1,64575.0,2,49.0,3,0,9,3,1,5.0,1,0,0
41,0,94328.0,2,8.9,2,2,5,8,0,5.0,1,1,0
64,1,51498.0,0,24.8,1,2,1,2,1,4.0,0,0,0
32,0,73949.0,1,68.3,4,1,5,3,1,5.0,0,0,0
55,1,108742.0,1,5.0,2,1,2,6,1,4.0,1,0,0
35,1,56845.0,2,12.7,4,1,7,17,0,2.0,1,0,0
50,1,57348.0,2,8.6,4,2,14,16,1,2.0,1,0,0
64,0,79094.0,1,31.5,4,2,4,7,1,2.0,0,0,0
66,0,30000.0,1,58.4,3,2,2,8,0,3.0,1,1,0
35,0,86029.0,1,67.5,4,0,3,1,1,1.0,1,0,0
54,1,47017.0,1,29.5,2,1,3,3,1,4.0,1,0,0
36,1,111523.0,2,64.0,2,1,11,9,0,1.0,1,0,0
61,1,123870.0,2,17.2,2,1,5,7,0,5.0,1,0,0
62,1,130879.0,2,34.3,1,1,4,11,1,5.0,1,0,1
68,1,50358.0,2,31.6,3,1,11,4,0,1.0,0,1,0
60,1,46779.0,2,44.5,1,2,7,13,0,4.0,1,1,0
54,0,71295.0,2,22.0,1,2,2,5,1,1.0,1,0,0
37,0,120035.0,1,20.3,2,2,5,6,0,5.0,0,0,0
30,0,123484.0,1,10.0,2,1,6,1,1,2.0,0,0,0
52,0,102281.0,1,12.1,2,2,3,3,0,3.0,1,0,0
60,0,82386.0,2,67.7,2,1,3,10,0,2.0,0,1,0
36,1,119346.0,2,36.9,1,1,9,8,0,2.0,0,0,0
53,0,90050.0,2,38.1,2,2,4,5,1,2.0,0,0,0
31,1,90739.0,2,73.4,1,1,7,19,1,3.0,1,0,1
35,1,51279.0,1,60.0,4,2,7,1,1,4.0,1,0,0
59,0,35341.0,2,73.4,1,2,13,5,1,1.0,1,0,0
68,1,133823.0,1,55.9,2,0,0,5,1,5.0,0,0,0
55,1,30000.0,2,58.0,2,1,14,8,1,2.0,0,0,0
33,0,94701.0,2,59.4,1,0,9,11,1,1.0,1,0,0
32,0,98265.0,2,58.6,1,1,2,10,0,5.0,0,0,0
48,1,112804.0,2,34.8,1,1,11,16,0,3.0,1,0,0
41,1,77274.0,2,30.3,2,1,3,15,0,4.0,1,0,0
50,0,85174.0,1,80.5,3,2,4,5,1,1.0,0,0,0
65,1,72429.0,2,93.9,1,2,5,8,0,3.0,0,1,0
47,1,58577.0,2,59.0,2,3,10,6,1,1.0,1,0,0
67,1,101229.0,2,35.6,1,0,12,18,1,5.0,0,0,0
33,1,93183.0,2,70.7,2,2,9,17,1,3.0,1,0,1
66,1,58652.0,1,60.5,1,0,1,6,1,4.0,1,0,1
38,0,72760.0,1,55.9,2,2,0,6,1,1.0,0,0,0
58,0,74313.0,1,19.2,1,2,0,1,0,2.0,0,0,0
58,1,50345.0,1,5.0,1,1,7,6,0,3.0,1,1,0
56,1,77582.0,1,16.0,1,1,7,6,1,3.0,1,0,0
65,1,174000.0,1,32.2,1,2,6,8,0,1.0,1,1,0
48,0,92813.0,2,41.9,1,2,9,11,1,1.0,1,0,0
51,0,110085.0,2,55.2,2,2,3,12,0,3.0,0,0,0
31,0,43860.0,1,20.8,1,2,1,3,1,2.0,1,0,0
57,1,65607.0,0,16.3,2,3,2,2,1,3.0,0,0,0
69,0,109320.0,2,5.0,2,2,9,4,0,3.0,1,0,1
49,1,73132.0,1,53.1,4,1,0,8,1,4.0,0,0,0
64,1,113067.0,0,30.9,1,2,0,3,1,1.0,1,0,1
52,0,42131.0,0,28.9,2,1,0,1,1,4.0,0,0,0
41,1,31365.0,1,40.0,2,2,3,1,1,3.0,1,0,0
48,1,53327.0,2,49.6,3,0,14,16,1,3.0,1,0,1
36,1,61380.0,1,27.2,4,2,3,2,1,3.0,1,0,0
56,0,46538.0,0,27.2,1,2,2,3,1,5.0,1,0,1
25,0,69322.0,0,49.8,2,2,1,2,1,1.0,0,0,0
62,0,96468.0,1,23.6,1,2,5,8,1,3.0,1,0,0
32,0,75165.0,1,30.3,3,2,5,8,1,4.0,1,0,1
68,1,78093.0,2,7.6,1,1,10,18,0,2.0,0,0,0
51,1,137005.0,2,39.5,2,3,10,12,0,3.0,1,1,0
51,1,106065.0,2,11.1,1,2,2,17,1,5.0,1,0,1
26,1,99622.0,2,57.5,2,1,14,11,0,4.0,1,0,0
58,0,66506.0,1,20.6,2,2,0,9,0,3.0,1,1,0
30,1,76543.0,2,45.3,1,2,14,14,0,3.0,0,0,0
25,1,86720.0,0,21.7,1,0,1,3,1,4.0,1,0,1
41,1,71164.0,2,14.2,3,2,6,15,1,5.0,0,0,0
35,0,91607.0,1,82.0,2,1,4,5,1,3.0,0,0,1
39,1,115509.0,1,38.1,1,2,0,4,0,5.0,1,0,1
38,1,144806.0,2,5.0,3,1,14,15,0,1.0,1,0,1
50,1,84758.0,2,62.3,1,0,12,12,0,1.0,1,0,0
31,1,128555.0,1,10.8,1,1,0,8,0,1.0,0,1,0
36,0,33596.0,2,36.4,1,2,3,13,1,4.0,0,0,0
27,0,96912.0,2,26.6,1,0,11,11,1,4.0,0,0,0
59,1,94341.0,1,70.0,4,1,6,2,0,1.0,1,0,0
50,1,115275.0,1,5.0,2,2,6,8,1,2.0,0,0,0
53,0,106442.0,1,59.3,2,2,5,9,0,1.0,0,0,0
61,0,92882.0,2,32.7,2,2,3,11,0,3.0,0,1,0
51,0,91518.0,0,63.0,2,2,0,1,1,5.0,0,1,0
67,0,119154.0,2,34.4,1,2,5,6,0,5.0,0,1,0
32,0,53996.0,1,45.3,3,2,6,8,0,4.0,1,0,1
32,1,86270.0,2,99.2,1,0,5,6,1,2.0,1,0,0
39,0,83307.0,0,5.0,2,2,1,2,1,1.0,1,0,0
65,0,101766.0,2,13.2,3,2,13,4,1,5.0,1,0,0
57,0,107268.0,1,10.3,1,0,5,2,1,5.0,0,0,0
45,1,53972.0,2,48.0,2,2,2,10,0,1.0,0,0,0
27,1,105130.0,0,14.7,4,2,1,3,1,3.0,1,0,0
53,0,116400.0,0,84.3,1,2,1,0,1,2.0,0,0,0
66,0,86991.0,2,12.4,1,2,11,6,0,5.0,1,0,1
28,1,174000.0,2,12.4,2,1,4,6,0,5.0,0,1,0
48,1,43858.0,2,37.0,3,0,2,10,0,2.0,0,1,0
33,0,95708.0,0,24.3,2,2,0,3,1,1.0,0,0,0
55,0,112562.0,0,84.0,1,3,1,1,0,3.0,1,2,0
34,1,52506.0,1,34.5,4,1,7,2,0,3.0,1,2,0
43,0,122349.0,0,21.3,2,2,0,1,1,1.0,1,0,0
40,0,108220.0,1,62.0,2,1,1,4,0,3.0,1,2,0
26,1,96477.0,2,20.3,3,2,11,12,1,3.0,1,0,1
65,1,99905.0,1,19.9,2,2,7,9,1,3.0,1,0,0
50,0,116532.0,1,6.8,2,1,2,9,1,2.0,1,0,0
49,2,70125.0,2,31.1,4,2,8,3,0,2.0,1,0,0
42,1,54399.0,2,20.5,1,2,14,17,0,5.0,1,0,0
36,1,90140.0,1,51.8,2,2,2,1,1,4.0,1,0,0
36,0,90557.0,2,59.1,2,0,4,11,1,4.0,0,0,0
31,1,84906.0,2,37.6,3,1,3,19,0,5.0,0,0,0
52,1,88513.0,1,52.0,1,2,3,1,1,5.0,1,0,1
34,1,85982.0,2,33.3,1,0,9,12,0,2.0,0,0,0
56,1,30000.0,2,43.9,2,3,12,12,0,2.0,1,0,0
37,0,63178.0,2,41.6,1,2,7,6,1,1.0,0,0,0
26,1,67725.0,2,43.4,4,0,6,16,1,2.0,1,0,0
66,0,55836.0,2,61.1,1,2,7,17,1,5.0,1,0,0
63,0,113337.0,0,73.9,4,1,2,3,1,5.0,1,0,1
44,1,33796.0,1,27.1,1,2,1,2,1,5.0,1,0,1
33,0,53862.0,2,24.0,1,2,8,4,0,3.0,1,1,0
26,1,91202.0,2,5.0,2,0,11,5,0,3.0,0,0,0
50,1,61279.0,2,71.4,1,2,8,3,0,3.0,1,1,0
34,1,108208.0,2,48.0,2,0,9,7,0,5.0,0,0,0
60,0,97743.0,2,9.0,2,2,10,3,0,5.0,1,0,0
31,0,103628.0,2,81.8,2,1,10,10,1,1.0,1,0,0
64,2,59052.0,1,24.0,2,0,1,9,1,5.0,1,0,0
